ply
format ascii 1.0
comment Generated from Goxel 0.15.1
element vertex 5470
property float x
property float y
property float z
property float red
property float green
property float blue
element face 5268
property list uchar int vertex_indices
end_header
-11 19 11 1.000000 1.000000 1.000000
-10 19 11 1.000000 1.000000 1.000000
-10 20 11 1.000000 1.000000 1.000000
-11 20 11 1.000000 1.000000 1.000000
-11 19 10 1.000000 1.000000 1.000000
-10 19 10 1.000000 1.000000 1.000000
-11 20 10 1.000000 1.000000 1.000000
-9 19 11 1.000000 1.000000 1.000000
-9 20 11 1.000000 1.000000 1.000000
-9 19 10 1.000000 1.000000 1.000000
-8 19 11 1.000000 1.000000 1.000000
-8 20 11 1.000000 1.000000 1.000000
-8 19 10 1.000000 1.000000 1.000000
-7 19 11 1.000000 1.000000 1.000000
-7 20 11 1.000000 1.000000 1.000000
-7 19 10 1.000000 1.000000 1.000000
-6 19 11 1.000000 1.000000 1.000000
-6 20 11 1.000000 1.000000 1.000000
-6 19 10 1.000000 1.000000 1.000000
-5 19 11 1.000000 1.000000 1.000000
-5 20 11 1.000000 1.000000 1.000000
-5 19 10 1.000000 1.000000 1.000000
-4 19 11 1.000000 1.000000 1.000000
-4 20 11 1.000000 1.000000 1.000000
-4 19 10 1.000000 1.000000 1.000000
-3 19 11 1.000000 1.000000 1.000000
-3 20 11 1.000000 1.000000 1.000000
-3 19 10 1.000000 1.000000 1.000000
-2 19 11 1.000000 1.000000 1.000000
-2 20 11 1.000000 1.000000 1.000000
-2 19 10 1.000000 1.000000 1.000000
-1 19 11 1.000000 1.000000 1.000000
-1 20 11 1.000000 1.000000 1.000000
-1 19 10 1.000000 1.000000 1.000000
0 19 11 1.000000 1.000000 1.000000
0 20 11 1.000000 1.000000 1.000000
0 19 10 1.000000 1.000000 1.000000
-11 19 9 1.000000 1.000000 1.000000
-10 19 9 1.000000 1.000000 1.000000
-11 20 9 1.000000 1.000000 1.000000
-9 19 9 1.000000 1.000000 1.000000
-9 20 10 1.000000 1.000000 1.000000
-9 20 9 1.000000 1.000000 1.000000
-10 20 9 1.000000 1.000000 1.000000
-10 20 10 1.000000 1.000000 1.000000
-8 19 9 1.000000 1.000000 1.000000
-8 20 10 1.000000 1.000000 1.000000
-8 20 9 1.000000 1.000000 1.000000
-7 19 9 1.000000 1.000000 1.000000
-7 20 10 1.000000 1.000000 1.000000
-7 20 9 1.000000 1.000000 1.000000
-6 19 9 1.000000 1.000000 1.000000
-6 20 10 1.000000 1.000000 1.000000
-6 20 9 1.000000 1.000000 1.000000
-5 19 9 1.000000 1.000000 1.000000
-5 20 10 1.000000 1.000000 1.000000
-5 20 9 1.000000 1.000000 1.000000
-4 19 9 1.000000 1.000000 1.000000
-4 20 10 1.000000 1.000000 1.000000
-4 20 9 1.000000 1.000000 1.000000
-3 19 9 1.000000 1.000000 1.000000
-3 20 10 1.000000 1.000000 1.000000
-3 20 9 1.000000 1.000000 1.000000
-2 19 9 1.000000 1.000000 1.000000
-2 20 10 1.000000 1.000000 1.000000
-2 20 9 1.000000 1.000000 1.000000
-1 19 9 1.000000 1.000000 1.000000
-1 20 10 1.000000 1.000000 1.000000
-1 20 9 1.000000 1.000000 1.000000
0 19 9 1.000000 1.000000 1.000000
0 20 10 1.000000 1.000000 1.000000
0 20 9 1.000000 1.000000 1.000000
-11 19 8 1.000000 1.000000 1.000000
-10 19 8 1.000000 1.000000 1.000000
-11 20 8 1.000000 1.000000 1.000000
-9 19 8 1.000000 1.000000 1.000000
-9 20 8 1.000000 1.000000 1.000000
-10 20 8 1.000000 1.000000 1.000000
-8 19 8 1.000000 1.000000 1.000000
-8 20 8 1.000000 1.000000 1.000000
-7 19 8 1.000000 1.000000 1.000000
-7 20 8 1.000000 1.000000 1.000000
-6 19 8 1.000000 1.000000 1.000000
-6 20 8 1.000000 1.000000 1.000000
-5 19 8 1.000000 1.000000 1.000000
-5 20 8 1.000000 1.000000 1.000000
-4 19 8 1.000000 1.000000 1.000000
-4 20 8 1.000000 1.000000 1.000000
-3 19 8 1.000000 1.000000 1.000000
-3 20 8 1.000000 1.000000 1.000000
-2 19 8 1.000000 1.000000 1.000000
-2 20 8 1.000000 1.000000 1.000000
-1 19 8 1.000000 1.000000 1.000000
-1 20 8 1.000000 1.000000 1.000000
0 19 8 1.000000 1.000000 1.000000
0 20 8 1.000000 1.000000 1.000000
-11 19 7 1.000000 1.000000 1.000000
-10 19 7 1.000000 1.000000 1.000000
-11 20 7 1.000000 1.000000 1.000000
-9 19 7 1.000000 1.000000 1.000000
-9 20 7 1.000000 1.000000 1.000000
-10 20 7 1.000000 1.000000 1.000000
-8 19 7 1.000000 1.000000 1.000000
-8 20 7 1.000000 1.000000 1.000000
-7 19 7 1.000000 1.000000 1.000000
-7 20 7 1.000000 1.000000 1.000000
-6 19 7 1.000000 1.000000 1.000000
-6 20 7 1.000000 1.000000 1.000000
-5 19 7 1.000000 1.000000 1.000000
-5 20 7 1.000000 1.000000 1.000000
-4 19 7 1.000000 1.000000 1.000000
-4 20 7 1.000000 1.000000 1.000000
-3 19 7 1.000000 1.000000 1.000000
-3 20 7 1.000000 1.000000 1.000000
-2 19 7 1.000000 1.000000 1.000000
-2 20 7 1.000000 1.000000 1.000000
-1 19 7 1.000000 1.000000 1.000000
-1 20 7 1.000000 1.000000 1.000000
0 19 7 1.000000 1.000000 1.000000
0 20 7 1.000000 1.000000 1.000000
-11 19 6 1.000000 1.000000 1.000000
-10 19 6 1.000000 1.000000 1.000000
-11 20 6 1.000000 1.000000 1.000000
-9 19 6 1.000000 1.000000 1.000000
-9 20 6 1.000000 1.000000 1.000000
-10 20 6 1.000000 1.000000 1.000000
-8 19 6 1.000000 1.000000 1.000000
-8 20 6 1.000000 1.000000 1.000000
-7 19 6 1.000000 1.000000 1.000000
-7 20 6 1.000000 1.000000 1.000000
-6 19 6 1.000000 1.000000 1.000000
-6 20 6 1.000000 1.000000 1.000000
-5 19 6 1.000000 1.000000 1.000000
-5 20 6 1.000000 1.000000 1.000000
-4 19 6 1.000000 1.000000 1.000000
-4 20 6 1.000000 1.000000 1.000000
-3 19 6 1.000000 1.000000 1.000000
-3 20 6 1.000000 1.000000 1.000000
-2 19 6 1.000000 1.000000 1.000000
-2 20 6 1.000000 1.000000 1.000000
-1 19 6 1.000000 1.000000 1.000000
-1 20 6 1.000000 1.000000 1.000000
0 19 6 1.000000 1.000000 1.000000
0 20 6 1.000000 1.000000 1.000000
-11 19 5 1.000000 1.000000 1.000000
-10 19 5 1.000000 1.000000 1.000000
-11 20 5 1.000000 1.000000 1.000000
-9 19 5 1.000000 1.000000 1.000000
-9 20 5 1.000000 1.000000 1.000000
-10 20 5 1.000000 1.000000 1.000000
-8 19 5 1.000000 1.000000 1.000000
-8 20 5 1.000000 1.000000 1.000000
-7 19 5 1.000000 1.000000 1.000000
-7 20 5 1.000000 1.000000 1.000000
-6 19 5 1.000000 1.000000 1.000000
-6 20 5 1.000000 1.000000 1.000000
-5 19 5 1.000000 1.000000 1.000000
-5 20 5 1.000000 1.000000 1.000000
-4 19 5 1.000000 1.000000 1.000000
-4 20 5 1.000000 1.000000 1.000000
-3 19 5 1.000000 1.000000 1.000000
-3 20 5 1.000000 1.000000 1.000000
-2 19 5 1.000000 1.000000 1.000000
-2 20 5 1.000000 1.000000 1.000000
-1 19 5 1.000000 1.000000 1.000000
-1 20 5 1.000000 1.000000 1.000000
0 19 5 1.000000 1.000000 1.000000
0 20 5 1.000000 1.000000 1.000000
-11 19 4 1.000000 1.000000 1.000000
-10 19 4 1.000000 1.000000 1.000000
-11 20 4 1.000000 1.000000 1.000000
-9 19 4 1.000000 1.000000 1.000000
-9 20 4 1.000000 1.000000 1.000000
-10 20 4 1.000000 1.000000 1.000000
-8 19 4 1.000000 1.000000 1.000000
-8 20 4 1.000000 1.000000 1.000000
-7 19 4 1.000000 1.000000 1.000000
-7 20 4 1.000000 1.000000 1.000000
-6 19 4 1.000000 1.000000 1.000000
-6 20 4 1.000000 1.000000 1.000000
-5 19 4 1.000000 1.000000 1.000000
-5 20 4 1.000000 1.000000 1.000000
-4 19 4 1.000000 1.000000 1.000000
-4 20 4 1.000000 1.000000 1.000000
-3 19 4 1.000000 1.000000 1.000000
-3 20 4 1.000000 1.000000 1.000000
-2 19 4 1.000000 1.000000 1.000000
-2 20 4 1.000000 1.000000 1.000000
-1 19 4 1.000000 1.000000 1.000000
-1 20 4 1.000000 1.000000 1.000000
0 19 4 1.000000 1.000000 1.000000
0 20 4 1.000000 1.000000 1.000000
-11 19 3 1.000000 1.000000 1.000000
-10 19 3 1.000000 1.000000 1.000000
-11 20 3 1.000000 1.000000 1.000000
-9 19 3 1.000000 1.000000 1.000000
-9 20 3 1.000000 1.000000 1.000000
-10 20 3 1.000000 1.000000 1.000000
-8 19 3 1.000000 1.000000 1.000000
-8 20 3 1.000000 1.000000 1.000000
-7 19 3 1.000000 1.000000 1.000000
-7 20 3 1.000000 1.000000 1.000000
-6 19 3 1.000000 1.000000 1.000000
-6 20 3 1.000000 1.000000 1.000000
-5 19 3 1.000000 1.000000 1.000000
-5 20 3 1.000000 1.000000 1.000000
-4 19 3 1.000000 1.000000 1.000000
-4 20 3 1.000000 1.000000 1.000000
-3 19 3 1.000000 1.000000 1.000000
-3 20 3 1.000000 1.000000 1.000000
-2 19 3 1.000000 1.000000 1.000000
-2 20 3 1.000000 1.000000 1.000000
-1 19 3 1.000000 1.000000 1.000000
-1 20 3 1.000000 1.000000 1.000000
0 19 3 1.000000 1.000000 1.000000
0 20 3 1.000000 1.000000 1.000000
-11 19 2 1.000000 1.000000 1.000000
-10 19 2 1.000000 1.000000 1.000000
-11 20 2 1.000000 1.000000 1.000000
-9 19 2 1.000000 1.000000 1.000000
-9 20 2 1.000000 1.000000 1.000000
-10 20 2 1.000000 1.000000 1.000000
-8 19 2 1.000000 1.000000 1.000000
-8 20 2 1.000000 1.000000 1.000000
-7 19 2 1.000000 1.000000 1.000000
-7 20 2 1.000000 1.000000 1.000000
-6 19 2 1.000000 1.000000 1.000000
-6 20 2 1.000000 1.000000 1.000000
-5 19 2 1.000000 1.000000 1.000000
-5 20 2 1.000000 1.000000 1.000000
-4 19 2 1.000000 1.000000 1.000000
-4 20 2 1.000000 1.000000 1.000000
-3 19 2 1.000000 1.000000 1.000000
-3 20 2 1.000000 1.000000 1.000000
-2 19 2 1.000000 1.000000 1.000000
-2 20 2 1.000000 1.000000 1.000000
-1 19 2 1.000000 1.000000 1.000000
-1 20 2 1.000000 1.000000 1.000000
0 19 2 1.000000 1.000000 1.000000
0 20 2 1.000000 1.000000 1.000000
-11 19 1 1.000000 1.000000 1.000000
-10 19 1 1.000000 1.000000 1.000000
-11 20 1 1.000000 1.000000 1.000000
-9 19 1 1.000000 1.000000 1.000000
-9 20 1 1.000000 1.000000 1.000000
-10 20 1 1.000000 1.000000 1.000000
-8 19 1 1.000000 1.000000 1.000000
-8 20 1 1.000000 1.000000 1.000000
-7 19 1 1.000000 1.000000 1.000000
-7 20 1 1.000000 1.000000 1.000000
-6 19 1 1.000000 1.000000 1.000000
-6 20 1 1.000000 1.000000 1.000000
-5 19 1 1.000000 1.000000 1.000000
-5 20 1 1.000000 1.000000 1.000000
-4 19 1 1.000000 1.000000 1.000000
-4 20 1 1.000000 1.000000 1.000000
-3 19 1 1.000000 1.000000 1.000000
-3 20 1 1.000000 1.000000 1.000000
-2 19 1 1.000000 1.000000 1.000000
-2 20 1 1.000000 1.000000 1.000000
-1 19 1 1.000000 1.000000 1.000000
-1 20 1 1.000000 1.000000 1.000000
0 19 1 1.000000 1.000000 1.000000
0 20 1 1.000000 1.000000 1.000000
-11 19 0 1.000000 1.000000 1.000000
-10 19 0 1.000000 1.000000 1.000000
-11 20 0 1.000000 1.000000 1.000000
-9 19 0 1.000000 1.000000 1.000000
-9 20 0 1.000000 1.000000 1.000000
-10 20 0 1.000000 1.000000 1.000000
-8 19 0 1.000000 1.000000 1.000000
-8 20 0 1.000000 1.000000 1.000000
-7 19 0 1.000000 1.000000 1.000000
-7 20 0 1.000000 1.000000 1.000000
-6 19 0 1.000000 1.000000 1.000000
-6 20 0 1.000000 1.000000 1.000000
-5 19 0 1.000000 1.000000 1.000000
-5 20 0 1.000000 1.000000 1.000000
-4 19 0 1.000000 1.000000 1.000000
-4 20 0 1.000000 1.000000 1.000000
-3 19 0 1.000000 1.000000 1.000000
-3 20 0 1.000000 1.000000 1.000000
-2 19 0 1.000000 1.000000 1.000000
-2 20 0 1.000000 1.000000 1.000000
-1 19 0 1.000000 1.000000 1.000000
-1 20 0 1.000000 1.000000 1.000000
0 19 0 1.000000 1.000000 1.000000
0 20 0 1.000000 1.000000 1.000000
-10 21 11 1.000000 1.000000 1.000000
-11 21 11 1.000000 1.000000 1.000000
-11 21 10 1.000000 1.000000 1.000000
-9 21 11 1.000000 1.000000 1.000000
-10 21 10 1.000000 1.000000 1.000000
-9 21 10 1.000000 1.000000 1.000000
-8 21 11 1.000000 1.000000 1.000000
-8 21 10 1.000000 1.000000 1.000000
-7 21 11 1.000000 1.000000 1.000000
-7 21 10 1.000000 1.000000 1.000000
-6 21 11 1.000000 1.000000 1.000000
-6 21 10 1.000000 1.000000 1.000000
-5 21 11 1.000000 1.000000 1.000000
-5 21 10 1.000000 1.000000 1.000000
-4 21 11 1.000000 1.000000 1.000000
-4 21 10 1.000000 1.000000 1.000000
-3 21 11 1.000000 1.000000 1.000000
-3 21 10 1.000000 1.000000 1.000000
-2 21 11 1.000000 1.000000 1.000000
-2 21 10 1.000000 1.000000 1.000000
-1 21 11 1.000000 1.000000 1.000000
-1 21 10 1.000000 1.000000 1.000000
0 21 11 1.000000 1.000000 1.000000
0 21 10 1.000000 1.000000 1.000000
-10 21 9 1.000000 1.000000 1.000000
-11 21 9 1.000000 1.000000 1.000000
-10 21 8 1.000000 1.000000 1.000000
-11 21 8 1.000000 1.000000 1.000000
-10 21 7 1.000000 1.000000 1.000000
-11 21 7 1.000000 1.000000 1.000000
-10 21 6 1.000000 1.000000 1.000000
-11 21 6 1.000000 1.000000 1.000000
-10 21 5 1.000000 1.000000 1.000000
-11 21 5 1.000000 1.000000 1.000000
-10 21 4 1.000000 1.000000 1.000000
-11 21 4 1.000000 1.000000 1.000000
-10 21 3 1.000000 1.000000 1.000000
-11 21 3 1.000000 1.000000 1.000000
-10 21 2 1.000000 1.000000 1.000000
-11 21 2 1.000000 1.000000 1.000000
-10 21 1 1.000000 1.000000 1.000000
-11 21 1 1.000000 1.000000 1.000000
-10 21 0 1.000000 1.000000 1.000000
-11 21 0 1.000000 1.000000 1.000000
-10 22 11 1.000000 1.000000 1.000000
-11 22 11 1.000000 1.000000 1.000000
-11 22 10 1.000000 1.000000 1.000000
-9 22 11 1.000000 1.000000 1.000000
-10 22 10 1.000000 1.000000 1.000000
-9 22 10 1.000000 1.000000 1.000000
-8 22 11 1.000000 1.000000 1.000000
-8 22 10 1.000000 1.000000 1.000000
-7 22 11 1.000000 1.000000 1.000000
-7 22 10 1.000000 1.000000 1.000000
-6 22 11 1.000000 1.000000 1.000000
-6 22 10 1.000000 1.000000 1.000000
-5 22 11 1.000000 1.000000 1.000000
-5 22 10 1.000000 1.000000 1.000000
-4 22 11 1.000000 1.000000 1.000000
-4 22 10 1.000000 1.000000 1.000000
-3 22 11 1.000000 1.000000 1.000000
-3 22 10 1.000000 1.000000 1.000000
-2 22 11 1.000000 1.000000 1.000000
-2 22 10 1.000000 1.000000 1.000000
-1 22 11 1.000000 1.000000 1.000000
-1 22 10 1.000000 1.000000 1.000000
0 22 11 1.000000 1.000000 1.000000
0 22 10 1.000000 1.000000 1.000000
-10 22 9 1.000000 1.000000 1.000000
-11 22 9 1.000000 1.000000 1.000000
-10 22 8 1.000000 1.000000 1.000000
-11 22 8 1.000000 1.000000 1.000000
-10 22 7 1.000000 1.000000 1.000000
-11 22 7 1.000000 1.000000 1.000000
-10 22 6 1.000000 1.000000 1.000000
-11 22 6 1.000000 1.000000 1.000000
-10 22 5 1.000000 1.000000 1.000000
-11 22 5 1.000000 1.000000 1.000000
-10 22 4 1.000000 1.000000 1.000000
-11 22 4 1.000000 1.000000 1.000000
-10 22 3 1.000000 1.000000 1.000000
-11 22 3 1.000000 1.000000 1.000000
-10 22 2 1.000000 1.000000 1.000000
-11 22 2 1.000000 1.000000 1.000000
-10 22 1 1.000000 1.000000 1.000000
-11 22 1 1.000000 1.000000 1.000000
-10 22 0 1.000000 1.000000 1.000000
-11 22 0 1.000000 1.000000 1.000000
-10 23 11 1.000000 1.000000 1.000000
-11 23 11 1.000000 1.000000 1.000000
-11 23 10 1.000000 1.000000 1.000000
-9 23 11 1.000000 1.000000 1.000000
-10 23 10 1.000000 1.000000 1.000000
-9 23 10 1.000000 1.000000 1.000000
-8 23 11 1.000000 1.000000 1.000000
-8 23 10 1.000000 1.000000 1.000000
-7 23 11 1.000000 1.000000 1.000000
-7 23 10 1.000000 1.000000 1.000000
-6 23 11 1.000000 1.000000 1.000000
-6 23 10 1.000000 1.000000 1.000000
-5 23 11 1.000000 1.000000 1.000000
-5 23 10 1.000000 1.000000 1.000000
-4 23 11 1.000000 1.000000 1.000000
-4 23 10 1.000000 1.000000 1.000000
-3 23 11 1.000000 1.000000 1.000000
-3 23 10 1.000000 1.000000 1.000000
-2 23 11 1.000000 1.000000 1.000000
-2 23 10 1.000000 1.000000 1.000000
-1 23 11 1.000000 1.000000 1.000000
-1 23 10 1.000000 1.000000 1.000000
0 23 11 1.000000 1.000000 1.000000
0 23 10 1.000000 1.000000 1.000000
-10 23 9 1.000000 1.000000 1.000000
-11 23 9 1.000000 1.000000 1.000000
-10 23 8 1.000000 1.000000 1.000000
-11 23 8 1.000000 1.000000 1.000000
-10 23 7 1.000000 1.000000 1.000000
-11 23 7 1.000000 1.000000 1.000000
-10 23 6 1.000000 1.000000 1.000000
-11 23 6 1.000000 1.000000 1.000000
-10 23 5 1.000000 1.000000 1.000000
-11 23 5 1.000000 1.000000 1.000000
-10 23 4 1.000000 1.000000 1.000000
-11 23 4 1.000000 1.000000 1.000000
-10 23 3 1.000000 1.000000 1.000000
-11 23 3 1.000000 1.000000 1.000000
-10 23 2 1.000000 1.000000 1.000000
-11 23 2 1.000000 1.000000 1.000000
-10 23 1 1.000000 1.000000 1.000000
-11 23 1 1.000000 1.000000 1.000000
-10 23 0 1.000000 1.000000 1.000000
-11 23 0 1.000000 1.000000 1.000000
-10 24 11 1.000000 1.000000 1.000000
-11 24 11 1.000000 1.000000 1.000000
-11 24 10 1.000000 1.000000 1.000000
-9 24 11 1.000000 1.000000 1.000000
-10 24 10 1.000000 1.000000 1.000000
-9 24 10 1.000000 1.000000 1.000000
-8 24 11 1.000000 1.000000 1.000000
-8 24 10 1.000000 1.000000 1.000000
-7 24 11 1.000000 1.000000 1.000000
-7 24 10 1.000000 1.000000 1.000000
-6 24 11 1.000000 1.000000 1.000000
-6 24 10 1.000000 1.000000 1.000000
-5 24 11 1.000000 1.000000 1.000000
-5 24 10 1.000000 1.000000 1.000000
-4 24 11 1.000000 1.000000 1.000000
-4 24 10 1.000000 1.000000 1.000000
-3 24 11 1.000000 1.000000 1.000000
-3 24 10 1.000000 1.000000 1.000000
-2 24 11 1.000000 1.000000 1.000000
-2 24 10 1.000000 1.000000 1.000000
-1 24 11 1.000000 1.000000 1.000000
-1 24 10 1.000000 1.000000 1.000000
0 24 11 1.000000 1.000000 1.000000
0 24 10 1.000000 1.000000 1.000000
-10 24 9 1.000000 1.000000 1.000000
-11 24 9 1.000000 1.000000 1.000000
-10 24 8 1.000000 1.000000 1.000000
-11 24 8 1.000000 1.000000 1.000000
-10 24 7 1.000000 1.000000 1.000000
-11 24 7 1.000000 1.000000 1.000000
-10 24 6 1.000000 1.000000 1.000000
-11 24 6 1.000000 1.000000 1.000000
-10 24 5 1.000000 1.000000 1.000000
-11 24 5 1.000000 1.000000 1.000000
-10 24 4 1.000000 1.000000 1.000000
-11 24 4 1.000000 1.000000 1.000000
-10 24 3 1.000000 1.000000 1.000000
-11 24 3 1.000000 1.000000 1.000000
-10 24 2 1.000000 1.000000 1.000000
-11 24 2 1.000000 1.000000 1.000000
-10 24 1 1.000000 1.000000 1.000000
-11 24 1 1.000000 1.000000 1.000000
-10 24 0 1.000000 1.000000 1.000000
-11 24 0 1.000000 1.000000 1.000000
-10 25 11 1.000000 1.000000 1.000000
-11 25 11 1.000000 1.000000 1.000000
-11 25 10 1.000000 1.000000 1.000000
-9 25 11 1.000000 1.000000 1.000000
-10 25 10 1.000000 1.000000 1.000000
-9 25 10 1.000000 1.000000 1.000000
-8 25 11 1.000000 1.000000 1.000000
-8 25 10 1.000000 1.000000 1.000000
-7 25 11 1.000000 1.000000 1.000000
-7 25 10 1.000000 1.000000 1.000000
-6 25 11 1.000000 1.000000 1.000000
-6 25 10 1.000000 1.000000 1.000000
-5 25 11 1.000000 1.000000 1.000000
-5 25 10 1.000000 1.000000 1.000000
-4 25 11 1.000000 1.000000 1.000000
-4 25 10 1.000000 1.000000 1.000000
-3 25 11 1.000000 1.000000 1.000000
-3 25 10 1.000000 1.000000 1.000000
-2 25 11 1.000000 1.000000 1.000000
-2 25 10 1.000000 1.000000 1.000000
-1 25 11 1.000000 1.000000 1.000000
-1 25 10 1.000000 1.000000 1.000000
0 25 11 1.000000 1.000000 1.000000
0 25 10 1.000000 1.000000 1.000000
-10 25 9 1.000000 1.000000 1.000000
-11 25 9 1.000000 1.000000 1.000000
-10 25 8 1.000000 1.000000 1.000000
-11 25 8 1.000000 1.000000 1.000000
-10 25 7 1.000000 1.000000 1.000000
-11 25 7 1.000000 1.000000 1.000000
-10 25 6 1.000000 1.000000 1.000000
-11 25 6 1.000000 1.000000 1.000000
-10 25 5 1.000000 1.000000 1.000000
-11 25 5 1.000000 1.000000 1.000000
-10 25 4 1.000000 1.000000 1.000000
-11 25 4 1.000000 1.000000 1.000000
-10 25 3 1.000000 1.000000 1.000000
-11 25 3 1.000000 1.000000 1.000000
-10 25 2 1.000000 1.000000 1.000000
-11 25 2 1.000000 1.000000 1.000000
-10 25 1 1.000000 1.000000 1.000000
-11 25 1 1.000000 1.000000 1.000000
-10 25 0 1.000000 1.000000 1.000000
-11 25 0 1.000000 1.000000 1.000000
-10 26 11 1.000000 1.000000 1.000000
-11 26 11 1.000000 1.000000 1.000000
-11 26 10 1.000000 1.000000 1.000000
-9 26 11 1.000000 1.000000 1.000000
-10 26 10 1.000000 1.000000 1.000000
-9 26 10 1.000000 1.000000 1.000000
-8 26 11 1.000000 1.000000 1.000000
-8 26 10 1.000000 1.000000 1.000000
-7 26 11 1.000000 1.000000 1.000000
-7 26 10 1.000000 1.000000 1.000000
-6 26 11 1.000000 1.000000 1.000000
-6 26 10 1.000000 1.000000 1.000000
-5 26 11 1.000000 1.000000 1.000000
-5 26 10 1.000000 1.000000 1.000000
-4 26 11 1.000000 1.000000 1.000000
-4 26 10 1.000000 1.000000 1.000000
-3 26 11 1.000000 1.000000 1.000000
-3 26 10 1.000000 1.000000 1.000000
-2 26 11 1.000000 1.000000 1.000000
-2 26 10 1.000000 1.000000 1.000000
-1 26 11 1.000000 1.000000 1.000000
-1 26 10 1.000000 1.000000 1.000000
0 26 11 1.000000 1.000000 1.000000
0 26 10 1.000000 1.000000 1.000000
-10 26 9 1.000000 1.000000 1.000000
-11 26 9 1.000000 1.000000 1.000000
-10 26 8 1.000000 1.000000 1.000000
-11 26 8 1.000000 1.000000 1.000000
-10 26 7 1.000000 1.000000 1.000000
-11 26 7 1.000000 1.000000 1.000000
-10 26 6 1.000000 1.000000 1.000000
-11 26 6 1.000000 1.000000 1.000000
-10 26 5 1.000000 1.000000 1.000000
-11 26 5 1.000000 1.000000 1.000000
-10 26 4 1.000000 1.000000 1.000000
-11 26 4 1.000000 1.000000 1.000000
-10 26 3 1.000000 1.000000 1.000000
-11 26 3 1.000000 1.000000 1.000000
-10 26 2 1.000000 1.000000 1.000000
-11 26 2 1.000000 1.000000 1.000000
-10 26 1 1.000000 1.000000 1.000000
-11 26 1 1.000000 1.000000 1.000000
-10 26 0 1.000000 1.000000 1.000000
-11 26 0 1.000000 1.000000 1.000000
-10 27 11 1.000000 1.000000 1.000000
-11 27 11 1.000000 1.000000 1.000000
-10 27 10 1.000000 1.000000 1.000000
-11 27 10 1.000000 1.000000 1.000000
-9 27 11 1.000000 1.000000 1.000000
-9 27 10 1.000000 1.000000 1.000000
-8 27 11 1.000000 1.000000 1.000000
-8 27 10 1.000000 1.000000 1.000000
-7 27 11 1.000000 1.000000 1.000000
-7 27 10 1.000000 1.000000 1.000000
-6 27 11 1.000000 1.000000 1.000000
-6 27 10 1.000000 1.000000 1.000000
-5 27 11 1.000000 1.000000 1.000000
-5 27 10 1.000000 1.000000 1.000000
-4 27 11 1.000000 1.000000 1.000000
-4 27 10 1.000000 1.000000 1.000000
-3 27 11 1.000000 1.000000 1.000000
-3 27 10 1.000000 1.000000 1.000000
-2 27 11 1.000000 1.000000 1.000000
-2 27 10 1.000000 1.000000 1.000000
-1 27 11 1.000000 1.000000 1.000000
-1 27 10 1.000000 1.000000 1.000000
0 27 11 1.000000 1.000000 1.000000
0 27 10 1.000000 1.000000 1.000000
-10 27 9 1.000000 1.000000 1.000000
-11 27 9 1.000000 1.000000 1.000000
-10 27 8 1.000000 1.000000 1.000000
-11 27 8 1.000000 1.000000 1.000000
-10 27 7 1.000000 1.000000 1.000000
-11 27 7 1.000000 1.000000 1.000000
-10 27 6 1.000000 1.000000 1.000000
-11 27 6 1.000000 1.000000 1.000000
-10 27 5 1.000000 1.000000 1.000000
-11 27 5 1.000000 1.000000 1.000000
-10 27 4 1.000000 1.000000 1.000000
-11 27 4 1.000000 1.000000 1.000000
-10 27 3 1.000000 1.000000 1.000000
-11 27 3 1.000000 1.000000 1.000000
-10 27 2 1.000000 1.000000 1.000000
-11 27 2 1.000000 1.000000 1.000000
-10 27 1 1.000000 1.000000 1.000000
-11 27 1 1.000000 1.000000 1.000000
-10 27 0 1.000000 1.000000 1.000000
-11 27 0 1.000000 1.000000 1.000000
-11 19 -1 1.000000 1.000000 1.000000
-10 19 -1 1.000000 1.000000 1.000000
-11 20 -1 1.000000 1.000000 1.000000
-9 19 -1 1.000000 1.000000 1.000000
-9 20 -1 1.000000 1.000000 1.000000
-10 20 -1 1.000000 1.000000 1.000000
-8 19 -1 1.000000 1.000000 1.000000
-8 20 -1 1.000000 1.000000 1.000000
-7 19 -1 1.000000 1.000000 1.000000
-7 20 -1 1.000000 1.000000 1.000000
-6 19 -1 1.000000 1.000000 1.000000
-6 20 -1 1.000000 1.000000 1.000000
-5 19 -1 1.000000 1.000000 1.000000
-5 20 -1 1.000000 1.000000 1.000000
-4 19 -1 1.000000 1.000000 1.000000
-4 20 -1 1.000000 1.000000 1.000000
-3 19 -1 1.000000 1.000000 1.000000
-3 20 -1 1.000000 1.000000 1.000000
-2 19 -1 1.000000 1.000000 1.000000
-2 20 -1 1.000000 1.000000 1.000000
-1 19 -1 1.000000 1.000000 1.000000
-1 20 -1 1.000000 1.000000 1.000000
0 19 -1 1.000000 1.000000 1.000000
0 20 -1 1.000000 1.000000 1.000000
-11 19 -2 1.000000 1.000000 1.000000
-10 19 -2 1.000000 1.000000 1.000000
-11 20 -2 1.000000 1.000000 1.000000
-9 19 -2 1.000000 1.000000 1.000000
-9 20 -2 1.000000 1.000000 1.000000
-10 20 -2 1.000000 1.000000 1.000000
-8 19 -2 1.000000 1.000000 1.000000
-8 20 -2 1.000000 1.000000 1.000000
-7 19 -2 1.000000 1.000000 1.000000
-7 20 -2 1.000000 1.000000 1.000000
-6 19 -2 1.000000 1.000000 1.000000
-6 20 -2 1.000000 1.000000 1.000000
-5 19 -2 1.000000 1.000000 1.000000
-5 20 -2 1.000000 1.000000 1.000000
-4 19 -2 1.000000 1.000000 1.000000
-4 20 -2 1.000000 1.000000 1.000000
-3 19 -2 1.000000 1.000000 1.000000
-3 20 -2 1.000000 1.000000 1.000000
-2 19 -2 1.000000 1.000000 1.000000
-2 20 -2 1.000000 1.000000 1.000000
-1 19 -2 1.000000 1.000000 1.000000
-1 20 -2 1.000000 1.000000 1.000000
0 19 -2 1.000000 1.000000 1.000000
0 20 -2 1.000000 1.000000 1.000000
-11 19 -3 1.000000 1.000000 1.000000
-10 19 -3 1.000000 1.000000 1.000000
-11 20 -3 1.000000 1.000000 1.000000
-9 19 -3 1.000000 1.000000 1.000000
-9 20 -3 1.000000 1.000000 1.000000
-10 20 -3 1.000000 1.000000 1.000000
-8 19 -3 1.000000 1.000000 1.000000
-8 20 -3 1.000000 1.000000 1.000000
-7 19 -3 1.000000 1.000000 1.000000
-7 20 -3 1.000000 1.000000 1.000000
-6 19 -3 1.000000 1.000000 1.000000
-6 20 -3 1.000000 1.000000 1.000000
-5 19 -3 1.000000 1.000000 1.000000
-5 20 -3 1.000000 1.000000 1.000000
-4 19 -3 1.000000 1.000000 1.000000
-4 20 -3 1.000000 1.000000 1.000000
-3 19 -3 1.000000 1.000000 1.000000
-3 20 -3 1.000000 1.000000 1.000000
-2 19 -3 1.000000 1.000000 1.000000
-2 20 -3 1.000000 1.000000 1.000000
-1 19 -3 1.000000 1.000000 1.000000
-1 20 -3 1.000000 1.000000 1.000000
0 19 -3 1.000000 1.000000 1.000000
0 20 -3 1.000000 1.000000 1.000000
-10 19 -4 1.000000 1.000000 1.000000
-11 19 -4 1.000000 1.000000 1.000000
-11 20 -4 1.000000 1.000000 1.000000
-10 20 -4 1.000000 1.000000 1.000000
-9 19 -4 1.000000 1.000000 1.000000
-9 20 -4 1.000000 1.000000 1.000000
-8 19 -4 1.000000 1.000000 1.000000
-8 20 -4 1.000000 1.000000 1.000000
-7 19 -4 1.000000 1.000000 1.000000
-7 20 -4 1.000000 1.000000 1.000000
-6 19 -4 1.000000 1.000000 1.000000
-6 20 -4 1.000000 1.000000 1.000000
-5 19 -4 1.000000 1.000000 1.000000
-5 20 -4 1.000000 1.000000 1.000000
-4 19 -4 1.000000 1.000000 1.000000
-4 20 -4 1.000000 1.000000 1.000000
-3 19 -4 1.000000 1.000000 1.000000
-3 20 -4 1.000000 1.000000 1.000000
-2 19 -4 1.000000 1.000000 1.000000
-2 20 -4 1.000000 1.000000 1.000000
-1 19 -4 1.000000 1.000000 1.000000
-1 20 -4 1.000000 1.000000 1.000000
0 19 -4 1.000000 1.000000 1.000000
0 20 -4 1.000000 1.000000 1.000000
-10 21 -1 1.000000 1.000000 1.000000
-11 21 -1 1.000000 1.000000 1.000000
-10 21 -2 1.000000 1.000000 1.000000
-11 21 -2 1.000000 1.000000 1.000000
-10 21 -3 1.000000 1.000000 1.000000
-11 21 -3 1.000000 1.000000 1.000000
-11 21 -4 1.000000 1.000000 1.000000
-10 21 -4 1.000000 1.000000 1.000000
-9 21 -3 1.000000 1.000000 1.000000
-9 21 -4 1.000000 1.000000 1.000000
-8 21 -3 1.000000 1.000000 1.000000
-8 21 -4 1.000000 1.000000 1.000000
-7 21 -3 1.000000 1.000000 1.000000
-7 21 -4 1.000000 1.000000 1.000000
-6 21 -3 1.000000 1.000000 1.000000
-6 21 -4 1.000000 1.000000 1.000000
-5 21 -3 1.000000 1.000000 1.000000
-5 21 -4 1.000000 1.000000 1.000000
-4 21 -3 1.000000 1.000000 1.000000
-4 21 -4 1.000000 1.000000 1.000000
-3 21 -3 1.000000 1.000000 1.000000
-3 21 -4 1.000000 1.000000 1.000000
-2 21 -3 1.000000 1.000000 1.000000
-2 21 -4 1.000000 1.000000 1.000000
-1 21 -3 1.000000 1.000000 1.000000
-1 21 -4 1.000000 1.000000 1.000000
0 21 -3 1.000000 1.000000 1.000000
0 21 -4 1.000000 1.000000 1.000000
-10 22 -1 1.000000 1.000000 1.000000
-11 22 -1 1.000000 1.000000 1.000000
-10 22 -2 1.000000 1.000000 1.000000
-11 22 -2 1.000000 1.000000 1.000000
-10 22 -3 1.000000 1.000000 1.000000
-11 22 -3 1.000000 1.000000 1.000000
-11 22 -4 1.000000 1.000000 1.000000
-10 22 -4 1.000000 1.000000 1.000000
-9 22 -3 1.000000 1.000000 1.000000
-9 22 -4 1.000000 1.000000 1.000000
-8 22 -3 1.000000 1.000000 1.000000
-8 22 -4 1.000000 1.000000 1.000000
-7 22 -3 1.000000 1.000000 1.000000
-7 22 -4 1.000000 1.000000 1.000000
-6 22 -3 1.000000 1.000000 1.000000
-6 22 -4 1.000000 1.000000 1.000000
-5 22 -3 1.000000 1.000000 1.000000
-5 22 -4 1.000000 1.000000 1.000000
-4 22 -3 1.000000 1.000000 1.000000
-4 22 -4 1.000000 1.000000 1.000000
-3 22 -3 1.000000 1.000000 1.000000
-3 22 -4 1.000000 1.000000 1.000000
-2 22 -3 1.000000 1.000000 1.000000
-2 22 -4 1.000000 1.000000 1.000000
-1 22 -3 1.000000 1.000000 1.000000
-1 22 -4 1.000000 1.000000 1.000000
0 22 -3 1.000000 1.000000 1.000000
0 22 -4 1.000000 1.000000 1.000000
-10 23 -1 1.000000 1.000000 1.000000
-11 23 -1 1.000000 1.000000 1.000000
-10 23 -2 1.000000 1.000000 1.000000
-11 23 -2 1.000000 1.000000 1.000000
-10 23 -3 1.000000 1.000000 1.000000
-11 23 -3 1.000000 1.000000 1.000000
-11 23 -4 1.000000 1.000000 1.000000
-10 23 -4 1.000000 1.000000 1.000000
-9 23 -3 1.000000 1.000000 1.000000
-9 23 -4 1.000000 1.000000 1.000000
-8 23 -3 1.000000 1.000000 1.000000
-8 23 -4 1.000000 1.000000 1.000000
-7 23 -3 1.000000 1.000000 1.000000
-7 23 -4 1.000000 1.000000 1.000000
-6 23 -3 1.000000 1.000000 1.000000
-6 23 -4 1.000000 1.000000 1.000000
-5 23 -3 1.000000 1.000000 1.000000
-5 23 -4 1.000000 1.000000 1.000000
-4 23 -3 1.000000 1.000000 1.000000
-4 23 -4 1.000000 1.000000 1.000000
-3 23 -3 1.000000 1.000000 1.000000
-3 23 -4 1.000000 1.000000 1.000000
-2 23 -3 1.000000 1.000000 1.000000
-2 23 -4 1.000000 1.000000 1.000000
-1 23 -3 1.000000 1.000000 1.000000
-1 23 -4 1.000000 1.000000 1.000000
0 23 -3 1.000000 1.000000 1.000000
0 23 -4 1.000000 1.000000 1.000000
-10 24 -1 1.000000 1.000000 1.000000
-11 24 -1 1.000000 1.000000 1.000000
-10 24 -2 1.000000 1.000000 1.000000
-11 24 -2 1.000000 1.000000 1.000000
-10 24 -3 1.000000 1.000000 1.000000
-11 24 -3 1.000000 1.000000 1.000000
-11 24 -4 1.000000 1.000000 1.000000
-10 24 -4 1.000000 1.000000 1.000000
-9 24 -3 1.000000 1.000000 1.000000
-9 24 -4 1.000000 1.000000 1.000000
-8 24 -3 1.000000 1.000000 1.000000
-8 24 -4 1.000000 1.000000 1.000000
-7 24 -3 1.000000 1.000000 1.000000
-7 24 -4 1.000000 1.000000 1.000000
-6 24 -3 1.000000 1.000000 1.000000
-6 24 -4 1.000000 1.000000 1.000000
-5 24 -3 1.000000 1.000000 1.000000
-5 24 -4 1.000000 1.000000 1.000000
-4 24 -3 1.000000 1.000000 1.000000
-4 24 -4 1.000000 1.000000 1.000000
-3 24 -3 1.000000 1.000000 1.000000
-3 24 -4 1.000000 1.000000 1.000000
-2 24 -3 1.000000 1.000000 1.000000
-2 24 -4 1.000000 1.000000 1.000000
-1 24 -3 1.000000 1.000000 1.000000
-1 24 -4 1.000000 1.000000 1.000000
0 24 -3 1.000000 1.000000 1.000000
0 24 -4 1.000000 1.000000 1.000000
-10 25 -1 1.000000 1.000000 1.000000
-11 25 -1 1.000000 1.000000 1.000000
-10 25 -2 1.000000 1.000000 1.000000
-11 25 -2 1.000000 1.000000 1.000000
-10 25 -3 1.000000 1.000000 1.000000
-11 25 -3 1.000000 1.000000 1.000000
-11 25 -4 1.000000 1.000000 1.000000
-10 25 -4 1.000000 1.000000 1.000000
-9 25 -3 1.000000 1.000000 1.000000
-9 25 -4 1.000000 1.000000 1.000000
-8 25 -3 1.000000 1.000000 1.000000
-8 25 -4 1.000000 1.000000 1.000000
-7 25 -3 1.000000 1.000000 1.000000
-7 25 -4 1.000000 1.000000 1.000000
-6 25 -3 1.000000 1.000000 1.000000
-6 25 -4 1.000000 1.000000 1.000000
-5 25 -3 1.000000 1.000000 1.000000
-5 25 -4 1.000000 1.000000 1.000000
-4 25 -3 1.000000 1.000000 1.000000
-4 25 -4 1.000000 1.000000 1.000000
-3 25 -3 1.000000 1.000000 1.000000
-3 25 -4 1.000000 1.000000 1.000000
-2 25 -3 1.000000 1.000000 1.000000
-2 25 -4 1.000000 1.000000 1.000000
-1 25 -3 1.000000 1.000000 1.000000
-1 25 -4 1.000000 1.000000 1.000000
0 25 -3 1.000000 1.000000 1.000000
0 25 -4 1.000000 1.000000 1.000000
-10 26 -1 1.000000 1.000000 1.000000
-11 26 -1 1.000000 1.000000 1.000000
-10 26 -2 1.000000 1.000000 1.000000
-11 26 -2 1.000000 1.000000 1.000000
-10 26 -3 1.000000 1.000000 1.000000
-11 26 -3 1.000000 1.000000 1.000000
-11 26 -4 1.000000 1.000000 1.000000
-10 26 -4 1.000000 1.000000 1.000000
-9 26 -3 1.000000 1.000000 1.000000
-9 26 -4 1.000000 1.000000 1.000000
-8 26 -3 1.000000 1.000000 1.000000
-8 26 -4 1.000000 1.000000 1.000000
-7 26 -3 1.000000 1.000000 1.000000
-7 26 -4 1.000000 1.000000 1.000000
-6 26 -3 1.000000 1.000000 1.000000
-6 26 -4 1.000000 1.000000 1.000000
-5 26 -3 1.000000 1.000000 1.000000
-5 26 -4 1.000000 1.000000 1.000000
-4 26 -3 1.000000 1.000000 1.000000
-4 26 -4 1.000000 1.000000 1.000000
-3 26 -3 1.000000 1.000000 1.000000
-3 26 -4 1.000000 1.000000 1.000000
-2 26 -3 1.000000 1.000000 1.000000
-2 26 -4 1.000000 1.000000 1.000000
-1 26 -3 1.000000 1.000000 1.000000
-1 26 -4 1.000000 1.000000 1.000000
0 26 -3 1.000000 1.000000 1.000000
0 26 -4 1.000000 1.000000 1.000000
-10 27 -1 1.000000 1.000000 1.000000
-11 27 -1 1.000000 1.000000 1.000000
-10 27 -2 1.000000 1.000000 1.000000
-11 27 -2 1.000000 1.000000 1.000000
-10 27 -3 1.000000 1.000000 1.000000
-11 27 -3 1.000000 1.000000 1.000000
-11 27 -4 1.000000 1.000000 1.000000
-10 27 -4 1.000000 1.000000 1.000000
-9 27 -3 1.000000 1.000000 1.000000
-9 27 -4 1.000000 1.000000 1.000000
-8 27 -3 1.000000 1.000000 1.000000
-8 27 -4 1.000000 1.000000 1.000000
-7 27 -3 1.000000 1.000000 1.000000
-7 27 -4 1.000000 1.000000 1.000000
-6 27 -3 1.000000 1.000000 1.000000
-6 27 -4 1.000000 1.000000 1.000000
-5 27 -3 1.000000 1.000000 1.000000
-5 27 -4 1.000000 1.000000 1.000000
-4 27 -3 1.000000 1.000000 1.000000
-4 27 -4 1.000000 1.000000 1.000000
-3 27 -3 1.000000 1.000000 1.000000
-3 27 -4 1.000000 1.000000 1.000000
-2 27 -3 1.000000 1.000000 1.000000
-2 27 -4 1.000000 1.000000 1.000000
-1 27 -3 1.000000 1.000000 1.000000
-1 27 -4 1.000000 1.000000 1.000000
0 27 -3 1.000000 1.000000 1.000000
0 27 -4 1.000000 1.000000 1.000000
1 19 -1 1.000000 1.000000 1.000000
1 19 0 1.000000 1.000000 1.000000
1 20 0 1.000000 1.000000 1.000000
1 20 -1 1.000000 1.000000 1.000000
2 19 -1 1.000000 1.000000 1.000000
2 19 0 1.000000 1.000000 1.000000
2 20 0 1.000000 1.000000 1.000000
2 20 -1 1.000000 1.000000 1.000000
3 19 -1 1.000000 1.000000 1.000000
3 19 0 1.000000 1.000000 1.000000
3 20 0 1.000000 1.000000 1.000000
3 20 -1 1.000000 1.000000 1.000000
4 19 -1 1.000000 1.000000 1.000000
4 19 0 1.000000 1.000000 1.000000
4 20 0 1.000000 1.000000 1.000000
4 20 -1 1.000000 1.000000 1.000000
5 19 -1 1.000000 1.000000 1.000000
5 19 0 1.000000 1.000000 1.000000
5 20 0 1.000000 1.000000 1.000000
5 20 -1 1.000000 1.000000 1.000000
6 19 -1 1.000000 1.000000 1.000000
6 19 0 1.000000 1.000000 1.000000
6 20 0 1.000000 1.000000 1.000000
6 20 -1 1.000000 1.000000 1.000000
7 19 -1 1.000000 1.000000 1.000000
7 19 0 1.000000 1.000000 1.000000
7 20 0 1.000000 1.000000 1.000000
7 20 -1 1.000000 1.000000 1.000000
8 19 -1 1.000000 1.000000 1.000000
8 19 0 1.000000 1.000000 1.000000
8 20 0 1.000000 1.000000 1.000000
8 20 -1 1.000000 1.000000 1.000000
9 19 -1 1.000000 1.000000 1.000000
9 19 0 1.000000 1.000000 1.000000
9 20 0 1.000000 1.000000 1.000000
9 20 -1 1.000000 1.000000 1.000000
10 19 -1 1.000000 1.000000 1.000000
10 19 0 1.000000 1.000000 1.000000
10 20 0 1.000000 1.000000 1.000000
10 20 -1 1.000000 1.000000 1.000000
11 19 -1 1.000000 1.000000 1.000000
11 19 0 1.000000 1.000000 1.000000
11 20 0 1.000000 1.000000 1.000000
11 20 -1 1.000000 1.000000 1.000000
12 19 -1 1.000000 1.000000 1.000000
12 19 0 1.000000 1.000000 1.000000
12 20 0 1.000000 1.000000 1.000000
12 20 -1 1.000000 1.000000 1.000000
13 19 -1 1.000000 1.000000 1.000000
13 19 0 1.000000 1.000000 1.000000
13 20 0 1.000000 1.000000 1.000000
13 20 -1 1.000000 1.000000 1.000000
14 19 -1 1.000000 1.000000 1.000000
14 19 0 1.000000 1.000000 1.000000
14 20 0 1.000000 1.000000 1.000000
14 20 -1 1.000000 1.000000 1.000000
15 19 -1 1.000000 1.000000 1.000000
15 19 0 1.000000 1.000000 1.000000
15 20 0 1.000000 1.000000 1.000000
15 20 -1 1.000000 1.000000 1.000000
16 19 -1 1.000000 1.000000 1.000000
16 19 0 1.000000 1.000000 1.000000
16 20 0 1.000000 1.000000 1.000000
16 20 -1 1.000000 1.000000 1.000000
1 19 -2 1.000000 1.000000 1.000000
1 20 -2 1.000000 1.000000 1.000000
2 19 -2 1.000000 1.000000 1.000000
2 20 -2 1.000000 1.000000 1.000000
3 19 -2 1.000000 1.000000 1.000000
3 20 -2 1.000000 1.000000 1.000000
4 19 -2 1.000000 1.000000 1.000000
4 20 -2 1.000000 1.000000 1.000000
5 19 -2 1.000000 1.000000 1.000000
5 20 -2 1.000000 1.000000 1.000000
6 19 -2 1.000000 1.000000 1.000000
6 20 -2 1.000000 1.000000 1.000000
7 19 -2 1.000000 1.000000 1.000000
7 20 -2 1.000000 1.000000 1.000000
8 19 -2 1.000000 1.000000 1.000000
8 20 -2 1.000000 1.000000 1.000000
9 19 -2 1.000000 1.000000 1.000000
9 20 -2 1.000000 1.000000 1.000000
10 19 -2 1.000000 1.000000 1.000000
10 20 -2 1.000000 1.000000 1.000000
11 19 -2 1.000000 1.000000 1.000000
11 20 -2 1.000000 1.000000 1.000000
12 19 -2 1.000000 1.000000 1.000000
12 20 -2 1.000000 1.000000 1.000000
13 19 -2 1.000000 1.000000 1.000000
13 20 -2 1.000000 1.000000 1.000000
14 19 -2 1.000000 1.000000 1.000000
14 20 -2 1.000000 1.000000 1.000000
15 19 -2 1.000000 1.000000 1.000000
15 20 -2 1.000000 1.000000 1.000000
16 19 -2 1.000000 1.000000 1.000000
16 20 -2 1.000000 1.000000 1.000000
1 19 -3 1.000000 1.000000 1.000000
1 20 -3 1.000000 1.000000 1.000000
2 19 -3 1.000000 1.000000 1.000000
2 20 -3 1.000000 1.000000 1.000000
3 19 -3 1.000000 1.000000 1.000000
3 20 -3 1.000000 1.000000 1.000000
4 19 -3 1.000000 1.000000 1.000000
4 20 -3 1.000000 1.000000 1.000000
5 19 -3 1.000000 1.000000 1.000000
5 20 -3 1.000000 1.000000 1.000000
6 19 -3 1.000000 1.000000 1.000000
6 20 -3 1.000000 1.000000 1.000000
7 19 -3 1.000000 1.000000 1.000000
7 20 -3 1.000000 1.000000 1.000000
8 19 -3 1.000000 1.000000 1.000000
8 20 -3 1.000000 1.000000 1.000000
9 19 -3 1.000000 1.000000 1.000000
9 20 -3 1.000000 1.000000 1.000000
10 19 -3 1.000000 1.000000 1.000000
10 20 -3 1.000000 1.000000 1.000000
11 19 -3 1.000000 1.000000 1.000000
11 20 -3 1.000000 1.000000 1.000000
12 19 -3 1.000000 1.000000 1.000000
12 20 -3 1.000000 1.000000 1.000000
13 19 -3 1.000000 1.000000 1.000000
13 20 -3 1.000000 1.000000 1.000000
14 19 -3 1.000000 1.000000 1.000000
14 20 -3 1.000000 1.000000 1.000000
15 19 -3 1.000000 1.000000 1.000000
15 20 -3 1.000000 1.000000 1.000000
16 19 -3 1.000000 1.000000 1.000000
16 20 -3 1.000000 1.000000 1.000000
1 19 -4 1.000000 1.000000 1.000000
1 20 -4 1.000000 1.000000 1.000000
2 19 -4 1.000000 1.000000 1.000000
2 20 -4 1.000000 1.000000 1.000000
3 19 -4 1.000000 1.000000 1.000000
3 20 -4 1.000000 1.000000 1.000000
4 19 -4 1.000000 1.000000 1.000000
4 20 -4 1.000000 1.000000 1.000000
5 19 -4 1.000000 1.000000 1.000000
5 20 -4 1.000000 1.000000 1.000000
6 19 -4 1.000000 1.000000 1.000000
6 20 -4 1.000000 1.000000 1.000000
7 19 -4 1.000000 1.000000 1.000000
7 20 -4 1.000000 1.000000 1.000000
8 19 -4 1.000000 1.000000 1.000000
8 20 -4 1.000000 1.000000 1.000000
9 19 -4 1.000000 1.000000 1.000000
9 20 -4 1.000000 1.000000 1.000000
10 19 -4 1.000000 1.000000 1.000000
10 20 -4 1.000000 1.000000 1.000000
11 19 -4 1.000000 1.000000 1.000000
11 20 -4 1.000000 1.000000 1.000000
12 19 -4 1.000000 1.000000 1.000000
12 20 -4 1.000000 1.000000 1.000000
13 19 -4 1.000000 1.000000 1.000000
13 20 -4 1.000000 1.000000 1.000000
14 19 -4 1.000000 1.000000 1.000000
14 20 -4 1.000000 1.000000 1.000000
15 19 -4 1.000000 1.000000 1.000000
15 20 -4 1.000000 1.000000 1.000000
16 19 -4 1.000000 1.000000 1.000000
16 20 -4 1.000000 1.000000 1.000000
1 21 -3 1.000000 1.000000 1.000000
1 21 -4 1.000000 1.000000 1.000000
2 21 -3 1.000000 1.000000 1.000000
2 21 -4 1.000000 1.000000 1.000000
3 21 -3 1.000000 1.000000 1.000000
3 21 -4 1.000000 1.000000 1.000000
4 21 -3 1.000000 1.000000 1.000000
4 21 -4 1.000000 1.000000 1.000000
5 21 -3 1.000000 1.000000 1.000000
5 21 -4 1.000000 1.000000 1.000000
6 21 -3 1.000000 1.000000 1.000000
6 21 -4 1.000000 1.000000 1.000000
7 21 -3 1.000000 1.000000 1.000000
7 21 -4 1.000000 1.000000 1.000000
8 21 -3 1.000000 1.000000 1.000000
8 21 -4 1.000000 1.000000 1.000000
9 21 -3 1.000000 1.000000 1.000000
9 21 -4 1.000000 1.000000 1.000000
10 21 -3 1.000000 1.000000 1.000000
10 21 -4 1.000000 1.000000 1.000000
11 21 -3 1.000000 1.000000 1.000000
11 21 -4 1.000000 1.000000 1.000000
12 21 -3 1.000000 1.000000 1.000000
12 21 -4 1.000000 1.000000 1.000000
13 21 -3 1.000000 1.000000 1.000000
13 21 -4 1.000000 1.000000 1.000000
14 21 -3 1.000000 1.000000 1.000000
14 21 -4 1.000000 1.000000 1.000000
15 21 -3 1.000000 1.000000 1.000000
15 21 -4 1.000000 1.000000 1.000000
16 21 -3 1.000000 1.000000 1.000000
16 21 -4 1.000000 1.000000 1.000000
1 22 -3 1.000000 1.000000 1.000000
1 22 -4 1.000000 1.000000 1.000000
2 22 -3 1.000000 1.000000 1.000000
2 22 -4 1.000000 1.000000 1.000000
3 22 -3 1.000000 1.000000 1.000000
3 22 -4 1.000000 1.000000 1.000000
4 22 -3 1.000000 1.000000 1.000000
4 22 -4 1.000000 1.000000 1.000000
5 22 -3 1.000000 1.000000 1.000000
5 22 -4 1.000000 1.000000 1.000000
6 22 -3 1.000000 1.000000 1.000000
6 22 -4 1.000000 1.000000 1.000000
7 22 -3 1.000000 1.000000 1.000000
7 22 -4 1.000000 1.000000 1.000000
8 22 -3 1.000000 1.000000 1.000000
8 22 -4 1.000000 1.000000 1.000000
9 22 -3 1.000000 1.000000 1.000000
9 22 -4 1.000000 1.000000 1.000000
10 22 -3 1.000000 1.000000 1.000000
10 22 -4 1.000000 1.000000 1.000000
11 22 -3 1.000000 1.000000 1.000000
11 22 -4 1.000000 1.000000 1.000000
12 22 -3 1.000000 1.000000 1.000000
12 22 -4 1.000000 1.000000 1.000000
13 22 -3 1.000000 1.000000 1.000000
13 22 -4 1.000000 1.000000 1.000000
14 22 -3 1.000000 1.000000 1.000000
14 22 -4 1.000000 1.000000 1.000000
15 22 -3 1.000000 1.000000 1.000000
15 22 -4 1.000000 1.000000 1.000000
16 22 -3 1.000000 1.000000 1.000000
16 22 -4 1.000000 1.000000 1.000000
1 23 -3 1.000000 1.000000 1.000000
1 23 -4 1.000000 1.000000 1.000000
2 23 -3 1.000000 1.000000 1.000000
2 23 -4 1.000000 1.000000 1.000000
3 23 -3 1.000000 1.000000 1.000000
3 23 -4 1.000000 1.000000 1.000000
4 23 -3 1.000000 1.000000 1.000000
4 23 -4 1.000000 1.000000 1.000000
5 23 -3 1.000000 1.000000 1.000000
5 23 -4 1.000000 1.000000 1.000000
6 23 -3 1.000000 1.000000 1.000000
6 23 -4 1.000000 1.000000 1.000000
7 23 -3 1.000000 1.000000 1.000000
7 23 -4 1.000000 1.000000 1.000000
8 23 -3 1.000000 1.000000 1.000000
8 23 -4 1.000000 1.000000 1.000000
9 23 -3 1.000000 1.000000 1.000000
9 23 -4 1.000000 1.000000 1.000000
10 23 -3 1.000000 1.000000 1.000000
10 23 -4 1.000000 1.000000 1.000000
11 23 -3 1.000000 1.000000 1.000000
11 23 -4 1.000000 1.000000 1.000000
12 23 -3 1.000000 1.000000 1.000000
12 23 -4 1.000000 1.000000 1.000000
13 23 -3 1.000000 1.000000 1.000000
13 23 -4 1.000000 1.000000 1.000000
14 23 -3 1.000000 1.000000 1.000000
14 23 -4 1.000000 1.000000 1.000000
15 23 -3 1.000000 1.000000 1.000000
15 23 -4 1.000000 1.000000 1.000000
16 23 -3 1.000000 1.000000 1.000000
16 23 -4 1.000000 1.000000 1.000000
1 24 -3 1.000000 1.000000 1.000000
1 24 -4 1.000000 1.000000 1.000000
2 24 -3 1.000000 1.000000 1.000000
2 24 -4 1.000000 1.000000 1.000000
3 24 -3 1.000000 1.000000 1.000000
3 24 -4 1.000000 1.000000 1.000000
4 24 -3 1.000000 1.000000 1.000000
4 24 -4 1.000000 1.000000 1.000000
5 24 -3 1.000000 1.000000 1.000000
5 24 -4 1.000000 1.000000 1.000000
6 24 -3 1.000000 1.000000 1.000000
6 24 -4 1.000000 1.000000 1.000000
7 24 -3 1.000000 1.000000 1.000000
7 24 -4 1.000000 1.000000 1.000000
8 24 -3 1.000000 1.000000 1.000000
8 24 -4 1.000000 1.000000 1.000000
9 24 -3 1.000000 1.000000 1.000000
9 24 -4 1.000000 1.000000 1.000000
10 24 -3 1.000000 1.000000 1.000000
10 24 -4 1.000000 1.000000 1.000000
11 24 -3 1.000000 1.000000 1.000000
11 24 -4 1.000000 1.000000 1.000000
12 24 -3 1.000000 1.000000 1.000000
12 24 -4 1.000000 1.000000 1.000000
13 24 -3 1.000000 1.000000 1.000000
13 24 -4 1.000000 1.000000 1.000000
14 24 -3 1.000000 1.000000 1.000000
14 24 -4 1.000000 1.000000 1.000000
15 24 -3 1.000000 1.000000 1.000000
15 24 -4 1.000000 1.000000 1.000000
16 24 -3 1.000000 1.000000 1.000000
16 24 -4 1.000000 1.000000 1.000000
1 25 -3 1.000000 1.000000 1.000000
1 25 -4 1.000000 1.000000 1.000000
2 25 -3 1.000000 1.000000 1.000000
2 25 -4 1.000000 1.000000 1.000000
3 25 -3 1.000000 1.000000 1.000000
3 25 -4 1.000000 1.000000 1.000000
4 25 -3 1.000000 1.000000 1.000000
4 25 -4 1.000000 1.000000 1.000000
5 25 -3 1.000000 1.000000 1.000000
5 25 -4 1.000000 1.000000 1.000000
6 25 -3 1.000000 1.000000 1.000000
6 25 -4 1.000000 1.000000 1.000000
7 25 -3 1.000000 1.000000 1.000000
7 25 -4 1.000000 1.000000 1.000000
8 25 -3 1.000000 1.000000 1.000000
8 25 -4 1.000000 1.000000 1.000000
9 25 -3 1.000000 1.000000 1.000000
9 25 -4 1.000000 1.000000 1.000000
10 25 -3 1.000000 1.000000 1.000000
10 25 -4 1.000000 1.000000 1.000000
11 25 -3 1.000000 1.000000 1.000000
11 25 -4 1.000000 1.000000 1.000000
12 25 -3 1.000000 1.000000 1.000000
12 25 -4 1.000000 1.000000 1.000000
13 25 -3 1.000000 1.000000 1.000000
13 25 -4 1.000000 1.000000 1.000000
14 25 -3 1.000000 1.000000 1.000000
14 25 -4 1.000000 1.000000 1.000000
15 25 -3 1.000000 1.000000 1.000000
15 25 -4 1.000000 1.000000 1.000000
16 25 -3 1.000000 1.000000 1.000000
16 25 -4 1.000000 1.000000 1.000000
1 26 -3 1.000000 1.000000 1.000000
1 26 -4 1.000000 1.000000 1.000000
2 26 -3 1.000000 1.000000 1.000000
2 26 -4 1.000000 1.000000 1.000000
3 26 -3 1.000000 1.000000 1.000000
3 26 -4 1.000000 1.000000 1.000000
4 26 -3 1.000000 1.000000 1.000000
4 26 -4 1.000000 1.000000 1.000000
5 26 -3 1.000000 1.000000 1.000000
5 26 -4 1.000000 1.000000 1.000000
6 26 -3 1.000000 1.000000 1.000000
6 26 -4 1.000000 1.000000 1.000000
7 26 -3 1.000000 1.000000 1.000000
7 26 -4 1.000000 1.000000 1.000000
8 26 -3 1.000000 1.000000 1.000000
8 26 -4 1.000000 1.000000 1.000000
9 26 -3 1.000000 1.000000 1.000000
9 26 -4 1.000000 1.000000 1.000000
10 26 -3 1.000000 1.000000 1.000000
10 26 -4 1.000000 1.000000 1.000000
11 26 -3 1.000000 1.000000 1.000000
11 26 -4 1.000000 1.000000 1.000000
12 26 -3 1.000000 1.000000 1.000000
12 26 -4 1.000000 1.000000 1.000000
13 26 -3 1.000000 1.000000 1.000000
13 26 -4 1.000000 1.000000 1.000000
14 26 -3 1.000000 1.000000 1.000000
14 26 -4 1.000000 1.000000 1.000000
15 26 -3 1.000000 1.000000 1.000000
15 26 -4 1.000000 1.000000 1.000000
16 26 -3 1.000000 1.000000 1.000000
16 26 -4 1.000000 1.000000 1.000000
1 27 -3 1.000000 1.000000 1.000000
1 27 -4 1.000000 1.000000 1.000000
2 27 -3 1.000000 1.000000 1.000000
2 27 -4 1.000000 1.000000 1.000000
3 27 -3 1.000000 1.000000 1.000000
3 27 -4 1.000000 1.000000 1.000000
4 27 -3 1.000000 1.000000 1.000000
4 27 -4 1.000000 1.000000 1.000000
5 27 -3 1.000000 1.000000 1.000000
5 27 -4 1.000000 1.000000 1.000000
6 27 -3 1.000000 1.000000 1.000000
6 27 -4 1.000000 1.000000 1.000000
7 27 -3 1.000000 1.000000 1.000000
7 27 -4 1.000000 1.000000 1.000000
8 27 -3 1.000000 1.000000 1.000000
8 27 -4 1.000000 1.000000 1.000000
9 27 -3 1.000000 1.000000 1.000000
9 27 -4 1.000000 1.000000 1.000000
10 27 -3 1.000000 1.000000 1.000000
10 27 -4 1.000000 1.000000 1.000000
11 27 -3 1.000000 1.000000 1.000000
11 27 -4 1.000000 1.000000 1.000000
12 27 -3 1.000000 1.000000 1.000000
12 27 -4 1.000000 1.000000 1.000000
13 27 -3 1.000000 1.000000 1.000000
13 27 -4 1.000000 1.000000 1.000000
14 27 -3 1.000000 1.000000 1.000000
14 27 -4 1.000000 1.000000 1.000000
15 27 -3 1.000000 1.000000 1.000000
15 27 -4 1.000000 1.000000 1.000000
16 27 -3 1.000000 1.000000 1.000000
16 27 -4 1.000000 1.000000 1.000000
17 19 -1 1.000000 1.000000 1.000000
17 19 0 1.000000 1.000000 1.000000
17 20 0 1.000000 1.000000 1.000000
17 20 -1 1.000000 1.000000 1.000000
18 19 -1 1.000000 1.000000 1.000000
18 19 0 1.000000 1.000000 1.000000
18 20 0 1.000000 1.000000 1.000000
18 20 -1 1.000000 1.000000 1.000000
19 19 -1 1.000000 1.000000 1.000000
19 19 0 1.000000 1.000000 1.000000
19 20 0 1.000000 1.000000 1.000000
19 20 -1 1.000000 1.000000 1.000000
20 19 -1 1.000000 1.000000 1.000000
20 19 0 1.000000 1.000000 1.000000
20 20 0 1.000000 1.000000 1.000000
20 20 -1 1.000000 1.000000 1.000000
21 19 -1 1.000000 1.000000 1.000000
21 19 0 1.000000 1.000000 1.000000
21 20 0 1.000000 1.000000 1.000000
21 20 -1 1.000000 1.000000 1.000000
22 19 -1 1.000000 1.000000 1.000000
22 19 0 1.000000 1.000000 1.000000
22 20 0 1.000000 1.000000 1.000000
22 20 -1 1.000000 1.000000 1.000000
23 19 -1 1.000000 1.000000 1.000000
23 19 0 1.000000 1.000000 1.000000
23 20 0 1.000000 1.000000 1.000000
23 20 -1 1.000000 1.000000 1.000000
24 19 -1 1.000000 1.000000 1.000000
24 19 0 1.000000 1.000000 1.000000
24 20 0 1.000000 1.000000 1.000000
24 20 -1 1.000000 1.000000 1.000000
25 19 -1 1.000000 1.000000 1.000000
25 19 0 1.000000 1.000000 1.000000
25 20 0 1.000000 1.000000 1.000000
25 20 -1 1.000000 1.000000 1.000000
26 19 -1 1.000000 1.000000 1.000000
26 19 0 1.000000 1.000000 1.000000
26 20 0 1.000000 1.000000 1.000000
26 20 -1 1.000000 1.000000 1.000000
27 19 -1 1.000000 1.000000 1.000000
27 19 0 1.000000 1.000000 1.000000
27 20 0 1.000000 1.000000 1.000000
27 20 -1 1.000000 1.000000 1.000000
28 19 -1 1.000000 1.000000 1.000000
28 19 0 1.000000 1.000000 1.000000
28 20 0 1.000000 1.000000 1.000000
28 20 -1 1.000000 1.000000 1.000000
29 19 -1 1.000000 1.000000 1.000000
29 19 0 1.000000 1.000000 1.000000
29 20 0 1.000000 1.000000 1.000000
29 20 -1 1.000000 1.000000 1.000000
30 19 -1 1.000000 1.000000 1.000000
30 19 0 1.000000 1.000000 1.000000
30 20 0 1.000000 1.000000 1.000000
30 20 -1 1.000000 1.000000 1.000000
31 19 -1 1.000000 1.000000 1.000000
31 19 0 1.000000 1.000000 1.000000
31 20 0 1.000000 1.000000 1.000000
31 20 -1 1.000000 1.000000 1.000000
32 19 -1 1.000000 1.000000 1.000000
32 19 0 1.000000 1.000000 1.000000
32 20 0 1.000000 1.000000 1.000000
32 20 -1 1.000000 1.000000 1.000000
17 19 -2 1.000000 1.000000 1.000000
17 20 -2 1.000000 1.000000 1.000000
18 19 -2 1.000000 1.000000 1.000000
18 20 -2 1.000000 1.000000 1.000000
19 19 -2 1.000000 1.000000 1.000000
19 20 -2 1.000000 1.000000 1.000000
20 19 -2 1.000000 1.000000 1.000000
20 20 -2 1.000000 1.000000 1.000000
21 19 -2 1.000000 1.000000 1.000000
21 20 -2 1.000000 1.000000 1.000000
22 19 -2 1.000000 1.000000 1.000000
22 20 -2 1.000000 1.000000 1.000000
23 19 -2 1.000000 1.000000 1.000000
23 20 -2 1.000000 1.000000 1.000000
24 19 -2 1.000000 1.000000 1.000000
24 20 -2 1.000000 1.000000 1.000000
25 19 -2 1.000000 1.000000 1.000000
25 20 -2 1.000000 1.000000 1.000000
26 19 -2 1.000000 1.000000 1.000000
26 20 -2 1.000000 1.000000 1.000000
27 19 -2 1.000000 1.000000 1.000000
27 20 -2 1.000000 1.000000 1.000000
28 19 -2 1.000000 1.000000 1.000000
28 20 -2 1.000000 1.000000 1.000000
29 19 -2 1.000000 1.000000 1.000000
29 20 -2 1.000000 1.000000 1.000000
30 19 -2 1.000000 1.000000 1.000000
30 20 -2 1.000000 1.000000 1.000000
31 19 -2 1.000000 1.000000 1.000000
31 20 -2 1.000000 1.000000 1.000000
32 19 -2 1.000000 1.000000 1.000000
32 20 -2 1.000000 1.000000 1.000000
17 19 -3 1.000000 1.000000 1.000000
17 20 -3 1.000000 1.000000 1.000000
18 19 -3 1.000000 1.000000 1.000000
18 20 -3 1.000000 1.000000 1.000000
19 19 -3 1.000000 1.000000 1.000000
19 20 -3 1.000000 1.000000 1.000000
20 19 -3 1.000000 1.000000 1.000000
20 20 -3 1.000000 1.000000 1.000000
21 19 -3 1.000000 1.000000 1.000000
21 20 -3 1.000000 1.000000 1.000000
22 19 -3 1.000000 1.000000 1.000000
22 20 -3 1.000000 1.000000 1.000000
23 19 -3 1.000000 1.000000 1.000000
23 20 -3 1.000000 1.000000 1.000000
24 19 -3 1.000000 1.000000 1.000000
24 20 -3 1.000000 1.000000 1.000000
25 19 -3 1.000000 1.000000 1.000000
25 20 -3 1.000000 1.000000 1.000000
26 19 -3 1.000000 1.000000 1.000000
26 20 -3 1.000000 1.000000 1.000000
27 19 -3 1.000000 1.000000 1.000000
27 20 -3 1.000000 1.000000 1.000000
28 19 -3 1.000000 1.000000 1.000000
28 20 -3 1.000000 1.000000 1.000000
29 19 -3 1.000000 1.000000 1.000000
29 20 -3 1.000000 1.000000 1.000000
30 19 -3 1.000000 1.000000 1.000000
30 20 -3 1.000000 1.000000 1.000000
31 19 -3 1.000000 1.000000 1.000000
31 20 -3 1.000000 1.000000 1.000000
32 19 -3 1.000000 1.000000 1.000000
32 20 -3 1.000000 1.000000 1.000000
17 19 -4 1.000000 1.000000 1.000000
17 20 -4 1.000000 1.000000 1.000000
18 19 -4 1.000000 1.000000 1.000000
18 20 -4 1.000000 1.000000 1.000000
19 19 -4 1.000000 1.000000 1.000000
19 20 -4 1.000000 1.000000 1.000000
20 19 -4 1.000000 1.000000 1.000000
20 20 -4 1.000000 1.000000 1.000000
21 19 -4 1.000000 1.000000 1.000000
21 20 -4 1.000000 1.000000 1.000000
22 19 -4 1.000000 1.000000 1.000000
22 20 -4 1.000000 1.000000 1.000000
23 19 -4 1.000000 1.000000 1.000000
23 20 -4 1.000000 1.000000 1.000000
24 19 -4 1.000000 1.000000 1.000000
24 20 -4 1.000000 1.000000 1.000000
25 19 -4 1.000000 1.000000 1.000000
25 20 -4 1.000000 1.000000 1.000000
26 19 -4 1.000000 1.000000 1.000000
26 20 -4 1.000000 1.000000 1.000000
27 19 -4 1.000000 1.000000 1.000000
27 20 -4 1.000000 1.000000 1.000000
28 19 -4 1.000000 1.000000 1.000000
28 20 -4 1.000000 1.000000 1.000000
29 19 -4 1.000000 1.000000 1.000000
29 20 -4 1.000000 1.000000 1.000000
30 19 -4 1.000000 1.000000 1.000000
30 20 -4 1.000000 1.000000 1.000000
31 19 -4 1.000000 1.000000 1.000000
31 20 -4 1.000000 1.000000 1.000000
32 19 -4 1.000000 1.000000 1.000000
32 20 -4 1.000000 1.000000 1.000000
17 21 -3 1.000000 1.000000 1.000000
17 21 -4 1.000000 1.000000 1.000000
18 21 -3 1.000000 1.000000 1.000000
18 21 -4 1.000000 1.000000 1.000000
19 21 -3 1.000000 1.000000 1.000000
19 21 -4 1.000000 1.000000 1.000000
20 21 -3 1.000000 1.000000 1.000000
20 21 -4 1.000000 1.000000 1.000000
21 21 -3 1.000000 1.000000 1.000000
21 21 -4 1.000000 1.000000 1.000000
22 21 -3 1.000000 1.000000 1.000000
22 21 -4 1.000000 1.000000 1.000000
23 21 -3 1.000000 1.000000 1.000000
23 21 -4 1.000000 1.000000 1.000000
24 21 -3 1.000000 1.000000 1.000000
24 21 -4 1.000000 1.000000 1.000000
25 21 -3 1.000000 1.000000 1.000000
25 21 -4 1.000000 1.000000 1.000000
26 21 -3 1.000000 1.000000 1.000000
26 21 -4 1.000000 1.000000 1.000000
27 21 -3 1.000000 1.000000 1.000000
27 21 -4 1.000000 1.000000 1.000000
28 21 -3 1.000000 1.000000 1.000000
28 21 -4 1.000000 1.000000 1.000000
29 21 -3 1.000000 1.000000 1.000000
29 21 -4 1.000000 1.000000 1.000000
30 21 -3 1.000000 1.000000 1.000000
30 21 -4 1.000000 1.000000 1.000000
31 21 -3 1.000000 1.000000 1.000000
31 21 -4 1.000000 1.000000 1.000000
32 21 -3 1.000000 1.000000 1.000000
32 21 -4 1.000000 1.000000 1.000000
17 22 -3 1.000000 1.000000 1.000000
17 22 -4 1.000000 1.000000 1.000000
18 22 -3 1.000000 1.000000 1.000000
18 22 -4 1.000000 1.000000 1.000000
19 22 -3 1.000000 1.000000 1.000000
19 22 -4 1.000000 1.000000 1.000000
20 22 -3 1.000000 1.000000 1.000000
20 22 -4 1.000000 1.000000 1.000000
21 22 -3 1.000000 1.000000 1.000000
21 22 -4 1.000000 1.000000 1.000000
22 22 -3 1.000000 1.000000 1.000000
22 22 -4 1.000000 1.000000 1.000000
23 22 -3 1.000000 1.000000 1.000000
23 22 -4 1.000000 1.000000 1.000000
24 22 -3 1.000000 1.000000 1.000000
24 22 -4 1.000000 1.000000 1.000000
25 22 -3 1.000000 1.000000 1.000000
25 22 -4 1.000000 1.000000 1.000000
26 22 -3 1.000000 1.000000 1.000000
26 22 -4 1.000000 1.000000 1.000000
27 22 -3 1.000000 1.000000 1.000000
27 22 -4 1.000000 1.000000 1.000000
28 22 -3 1.000000 1.000000 1.000000
28 22 -4 1.000000 1.000000 1.000000
29 22 -3 1.000000 1.000000 1.000000
29 22 -4 1.000000 1.000000 1.000000
30 22 -3 1.000000 1.000000 1.000000
30 22 -4 1.000000 1.000000 1.000000
31 22 -3 1.000000 1.000000 1.000000
31 22 -4 1.000000 1.000000 1.000000
32 22 -3 1.000000 1.000000 1.000000
32 22 -4 1.000000 1.000000 1.000000
17 23 -3 1.000000 1.000000 1.000000
17 23 -4 1.000000 1.000000 1.000000
18 23 -3 1.000000 1.000000 1.000000
18 23 -4 1.000000 1.000000 1.000000
19 23 -3 1.000000 1.000000 1.000000
19 23 -4 1.000000 1.000000 1.000000
20 23 -3 1.000000 1.000000 1.000000
20 23 -4 1.000000 1.000000 1.000000
21 23 -3 1.000000 1.000000 1.000000
21 23 -4 1.000000 1.000000 1.000000
22 23 -3 1.000000 1.000000 1.000000
22 23 -4 1.000000 1.000000 1.000000
23 23 -3 1.000000 1.000000 1.000000
23 23 -4 1.000000 1.000000 1.000000
24 23 -3 1.000000 1.000000 1.000000
24 23 -4 1.000000 1.000000 1.000000
25 23 -3 1.000000 1.000000 1.000000
25 23 -4 1.000000 1.000000 1.000000
26 23 -3 1.000000 1.000000 1.000000
26 23 -4 1.000000 1.000000 1.000000
27 23 -3 1.000000 1.000000 1.000000
27 23 -4 1.000000 1.000000 1.000000
28 23 -3 1.000000 1.000000 1.000000
28 23 -4 1.000000 1.000000 1.000000
29 23 -3 1.000000 1.000000 1.000000
29 23 -4 1.000000 1.000000 1.000000
30 23 -3 1.000000 1.000000 1.000000
30 23 -4 1.000000 1.000000 1.000000
31 23 -3 1.000000 1.000000 1.000000
31 23 -4 1.000000 1.000000 1.000000
32 23 -3 1.000000 1.000000 1.000000
32 23 -4 1.000000 1.000000 1.000000
17 24 -3 1.000000 1.000000 1.000000
17 24 -4 1.000000 1.000000 1.000000
18 24 -3 1.000000 1.000000 1.000000
18 24 -4 1.000000 1.000000 1.000000
19 24 -3 1.000000 1.000000 1.000000
19 24 -4 1.000000 1.000000 1.000000
20 24 -3 1.000000 1.000000 1.000000
20 24 -4 1.000000 1.000000 1.000000
21 24 -3 1.000000 1.000000 1.000000
21 24 -4 1.000000 1.000000 1.000000
22 24 -3 1.000000 1.000000 1.000000
22 24 -4 1.000000 1.000000 1.000000
23 24 -3 1.000000 1.000000 1.000000
23 24 -4 1.000000 1.000000 1.000000
24 24 -3 1.000000 1.000000 1.000000
24 24 -4 1.000000 1.000000 1.000000
25 24 -3 1.000000 1.000000 1.000000
25 24 -4 1.000000 1.000000 1.000000
26 24 -3 1.000000 1.000000 1.000000
26 24 -4 1.000000 1.000000 1.000000
27 24 -3 1.000000 1.000000 1.000000
27 24 -4 1.000000 1.000000 1.000000
28 24 -3 1.000000 1.000000 1.000000
28 24 -4 1.000000 1.000000 1.000000
29 24 -3 1.000000 1.000000 1.000000
29 24 -4 1.000000 1.000000 1.000000
30 24 -3 1.000000 1.000000 1.000000
30 24 -4 1.000000 1.000000 1.000000
31 24 -3 1.000000 1.000000 1.000000
31 24 -4 1.000000 1.000000 1.000000
32 24 -3 1.000000 1.000000 1.000000
32 24 -4 1.000000 1.000000 1.000000
17 25 -3 1.000000 1.000000 1.000000
17 25 -4 1.000000 1.000000 1.000000
18 25 -3 1.000000 1.000000 1.000000
18 25 -4 1.000000 1.000000 1.000000
19 25 -3 1.000000 1.000000 1.000000
19 25 -4 1.000000 1.000000 1.000000
20 25 -3 1.000000 1.000000 1.000000
20 25 -4 1.000000 1.000000 1.000000
21 25 -3 1.000000 1.000000 1.000000
21 25 -4 1.000000 1.000000 1.000000
22 25 -3 1.000000 1.000000 1.000000
22 25 -4 1.000000 1.000000 1.000000
23 25 -3 1.000000 1.000000 1.000000
23 25 -4 1.000000 1.000000 1.000000
24 25 -3 1.000000 1.000000 1.000000
24 25 -4 1.000000 1.000000 1.000000
25 25 -3 1.000000 1.000000 1.000000
25 25 -4 1.000000 1.000000 1.000000
26 25 -3 1.000000 1.000000 1.000000
26 25 -4 1.000000 1.000000 1.000000
27 25 -3 1.000000 1.000000 1.000000
27 25 -4 1.000000 1.000000 1.000000
28 25 -3 1.000000 1.000000 1.000000
28 25 -4 1.000000 1.000000 1.000000
29 25 -3 1.000000 1.000000 1.000000
29 25 -4 1.000000 1.000000 1.000000
30 25 -3 1.000000 1.000000 1.000000
30 25 -4 1.000000 1.000000 1.000000
31 25 -3 1.000000 1.000000 1.000000
31 25 -4 1.000000 1.000000 1.000000
32 25 -3 1.000000 1.000000 1.000000
32 25 -4 1.000000 1.000000 1.000000
17 26 -3 1.000000 1.000000 1.000000
17 26 -4 1.000000 1.000000 1.000000
18 26 -3 1.000000 1.000000 1.000000
18 26 -4 1.000000 1.000000 1.000000
19 26 -3 1.000000 1.000000 1.000000
19 26 -4 1.000000 1.000000 1.000000
20 26 -3 1.000000 1.000000 1.000000
20 26 -4 1.000000 1.000000 1.000000
21 26 -3 1.000000 1.000000 1.000000
21 26 -4 1.000000 1.000000 1.000000
22 26 -3 1.000000 1.000000 1.000000
22 26 -4 1.000000 1.000000 1.000000
23 26 -3 1.000000 1.000000 1.000000
23 26 -4 1.000000 1.000000 1.000000
24 26 -3 1.000000 1.000000 1.000000
24 26 -4 1.000000 1.000000 1.000000
25 26 -3 1.000000 1.000000 1.000000
25 26 -4 1.000000 1.000000 1.000000
26 26 -3 1.000000 1.000000 1.000000
26 26 -4 1.000000 1.000000 1.000000
27 26 -3 1.000000 1.000000 1.000000
27 26 -4 1.000000 1.000000 1.000000
28 26 -3 1.000000 1.000000 1.000000
28 26 -4 1.000000 1.000000 1.000000
29 26 -3 1.000000 1.000000 1.000000
29 26 -4 1.000000 1.000000 1.000000
30 26 -3 1.000000 1.000000 1.000000
30 26 -4 1.000000 1.000000 1.000000
31 26 -3 1.000000 1.000000 1.000000
31 26 -4 1.000000 1.000000 1.000000
32 26 -3 1.000000 1.000000 1.000000
32 26 -4 1.000000 1.000000 1.000000
17 27 -3 1.000000 1.000000 1.000000
17 27 -4 1.000000 1.000000 1.000000
18 27 -3 1.000000 1.000000 1.000000
18 27 -4 1.000000 1.000000 1.000000
19 27 -3 1.000000 1.000000 1.000000
19 27 -4 1.000000 1.000000 1.000000
20 27 -3 1.000000 1.000000 1.000000
20 27 -4 1.000000 1.000000 1.000000
21 27 -3 1.000000 1.000000 1.000000
21 27 -4 1.000000 1.000000 1.000000
22 27 -3 1.000000 1.000000 1.000000
22 27 -4 1.000000 1.000000 1.000000
23 27 -3 1.000000 1.000000 1.000000
23 27 -4 1.000000 1.000000 1.000000
24 27 -3 1.000000 1.000000 1.000000
24 27 -4 1.000000 1.000000 1.000000
25 27 -3 1.000000 1.000000 1.000000
25 27 -4 1.000000 1.000000 1.000000
26 27 -3 1.000000 1.000000 1.000000
26 27 -4 1.000000 1.000000 1.000000
27 27 -3 1.000000 1.000000 1.000000
27 27 -4 1.000000 1.000000 1.000000
28 27 -3 1.000000 1.000000 1.000000
28 27 -4 1.000000 1.000000 1.000000
29 27 -3 1.000000 1.000000 1.000000
29 27 -4 1.000000 1.000000 1.000000
30 27 -3 1.000000 1.000000 1.000000
30 27 -4 1.000000 1.000000 1.000000
31 27 -3 1.000000 1.000000 1.000000
31 27 -4 1.000000 1.000000 1.000000
32 27 -3 1.000000 1.000000 1.000000
32 27 -4 1.000000 1.000000 1.000000
33 19 -1 1.000000 1.000000 1.000000
33 19 0 1.000000 1.000000 1.000000
33 20 0 1.000000 1.000000 1.000000
33 20 -1 1.000000 1.000000 1.000000
34 19 -1 1.000000 1.000000 1.000000
34 19 0 1.000000 1.000000 1.000000
34 20 0 1.000000 1.000000 1.000000
34 20 -1 1.000000 1.000000 1.000000
35 19 -1 1.000000 1.000000 1.000000
35 19 0 1.000000 1.000000 1.000000
35 20 0 1.000000 1.000000 1.000000
35 20 -1 1.000000 1.000000 1.000000
36 19 -1 1.000000 1.000000 1.000000
36 19 0 1.000000 1.000000 1.000000
36 20 0 1.000000 1.000000 1.000000
36 20 -1 1.000000 1.000000 1.000000
37 19 -1 1.000000 1.000000 1.000000
37 19 0 1.000000 1.000000 1.000000
37 20 0 1.000000 1.000000 1.000000
37 20 -1 1.000000 1.000000 1.000000
38 19 -1 1.000000 1.000000 1.000000
38 19 0 1.000000 1.000000 1.000000
38 20 0 1.000000 1.000000 1.000000
38 20 -1 1.000000 1.000000 1.000000
39 19 -1 1.000000 1.000000 1.000000
39 19 0 1.000000 1.000000 1.000000
39 20 0 1.000000 1.000000 1.000000
39 20 -1 1.000000 1.000000 1.000000
40 19 -1 1.000000 1.000000 1.000000
40 19 0 1.000000 1.000000 1.000000
40 20 0 1.000000 1.000000 1.000000
40 20 -1 1.000000 1.000000 1.000000
41 19 -1 1.000000 1.000000 1.000000
41 19 0 1.000000 1.000000 1.000000
41 20 0 1.000000 1.000000 1.000000
41 20 -1 1.000000 1.000000 1.000000
42 19 -1 1.000000 1.000000 1.000000
42 19 0 1.000000 1.000000 1.000000
42 20 0 1.000000 1.000000 1.000000
42 20 -1 1.000000 1.000000 1.000000
43 19 -1 1.000000 1.000000 1.000000
43 19 0 1.000000 1.000000 1.000000
43 20 0 1.000000 1.000000 1.000000
43 20 -1 1.000000 1.000000 1.000000
44 19 -1 1.000000 1.000000 1.000000
44 19 0 1.000000 1.000000 1.000000
44 20 0 1.000000 1.000000 1.000000
44 20 -1 1.000000 1.000000 1.000000
45 19 -1 1.000000 1.000000 1.000000
45 19 0 1.000000 1.000000 1.000000
45 20 0 1.000000 1.000000 1.000000
45 20 -1 1.000000 1.000000 1.000000
46 19 -1 1.000000 1.000000 1.000000
46 19 0 1.000000 1.000000 1.000000
46 20 0 1.000000 1.000000 1.000000
46 20 -1 1.000000 1.000000 1.000000
47 19 -1 1.000000 1.000000 1.000000
47 19 0 1.000000 1.000000 1.000000
47 20 0 1.000000 1.000000 1.000000
47 20 -1 1.000000 1.000000 1.000000
48 19 -1 1.000000 1.000000 1.000000
48 19 0 1.000000 1.000000 1.000000
48 20 0 1.000000 1.000000 1.000000
48 20 -1 1.000000 1.000000 1.000000
33 19 -2 1.000000 1.000000 1.000000
33 20 -2 1.000000 1.000000 1.000000
34 19 -2 1.000000 1.000000 1.000000
34 20 -2 1.000000 1.000000 1.000000
35 19 -2 1.000000 1.000000 1.000000
35 20 -2 1.000000 1.000000 1.000000
36 19 -2 1.000000 1.000000 1.000000
36 20 -2 1.000000 1.000000 1.000000
37 19 -2 1.000000 1.000000 1.000000
37 20 -2 1.000000 1.000000 1.000000
38 19 -2 1.000000 1.000000 1.000000
38 20 -2 1.000000 1.000000 1.000000
39 19 -2 1.000000 1.000000 1.000000
39 20 -2 1.000000 1.000000 1.000000
40 19 -2 1.000000 1.000000 1.000000
40 20 -2 1.000000 1.000000 1.000000
41 19 -2 1.000000 1.000000 1.000000
41 20 -2 1.000000 1.000000 1.000000
42 19 -2 1.000000 1.000000 1.000000
42 20 -2 1.000000 1.000000 1.000000
43 19 -2 1.000000 1.000000 1.000000
43 20 -2 1.000000 1.000000 1.000000
44 19 -2 1.000000 1.000000 1.000000
44 20 -2 1.000000 1.000000 1.000000
45 19 -2 1.000000 1.000000 1.000000
45 20 -2 1.000000 1.000000 1.000000
46 19 -2 1.000000 1.000000 1.000000
46 20 -2 1.000000 1.000000 1.000000
47 19 -2 1.000000 1.000000 1.000000
47 20 -2 1.000000 1.000000 1.000000
48 19 -2 1.000000 1.000000 1.000000
48 20 -2 1.000000 1.000000 1.000000
33 19 -3 1.000000 1.000000 1.000000
33 20 -3 1.000000 1.000000 1.000000
34 19 -3 1.000000 1.000000 1.000000
34 20 -3 1.000000 1.000000 1.000000
35 19 -3 1.000000 1.000000 1.000000
35 20 -3 1.000000 1.000000 1.000000
36 19 -3 1.000000 1.000000 1.000000
36 20 -3 1.000000 1.000000 1.000000
37 19 -3 1.000000 1.000000 1.000000
37 20 -3 1.000000 1.000000 1.000000
38 19 -3 1.000000 1.000000 1.000000
38 20 -3 1.000000 1.000000 1.000000
39 19 -3 1.000000 1.000000 1.000000
39 20 -3 1.000000 1.000000 1.000000
40 19 -3 1.000000 1.000000 1.000000
40 20 -3 1.000000 1.000000 1.000000
41 19 -3 1.000000 1.000000 1.000000
41 20 -3 1.000000 1.000000 1.000000
42 19 -3 1.000000 1.000000 1.000000
42 20 -3 1.000000 1.000000 1.000000
43 19 -3 1.000000 1.000000 1.000000
43 20 -3 1.000000 1.000000 1.000000
44 19 -3 1.000000 1.000000 1.000000
44 20 -3 1.000000 1.000000 1.000000
45 19 -3 1.000000 1.000000 1.000000
45 20 -3 1.000000 1.000000 1.000000
46 19 -3 1.000000 1.000000 1.000000
46 20 -3 1.000000 1.000000 1.000000
47 19 -3 1.000000 1.000000 1.000000
47 20 -3 1.000000 1.000000 1.000000
48 19 -3 1.000000 1.000000 1.000000
48 20 -3 1.000000 1.000000 1.000000
33 19 -4 1.000000 1.000000 1.000000
33 20 -4 1.000000 1.000000 1.000000
34 19 -4 1.000000 1.000000 1.000000
34 20 -4 1.000000 1.000000 1.000000
35 19 -4 1.000000 1.000000 1.000000
35 20 -4 1.000000 1.000000 1.000000
36 19 -4 1.000000 1.000000 1.000000
36 20 -4 1.000000 1.000000 1.000000
37 19 -4 1.000000 1.000000 1.000000
37 20 -4 1.000000 1.000000 1.000000
38 19 -4 1.000000 1.000000 1.000000
38 20 -4 1.000000 1.000000 1.000000
39 19 -4 1.000000 1.000000 1.000000
39 20 -4 1.000000 1.000000 1.000000
40 19 -4 1.000000 1.000000 1.000000
40 20 -4 1.000000 1.000000 1.000000
41 19 -4 1.000000 1.000000 1.000000
41 20 -4 1.000000 1.000000 1.000000
42 19 -4 1.000000 1.000000 1.000000
42 20 -4 1.000000 1.000000 1.000000
43 19 -4 1.000000 1.000000 1.000000
43 20 -4 1.000000 1.000000 1.000000
44 19 -4 1.000000 1.000000 1.000000
44 20 -4 1.000000 1.000000 1.000000
45 19 -4 1.000000 1.000000 1.000000
45 20 -4 1.000000 1.000000 1.000000
46 19 -4 1.000000 1.000000 1.000000
46 20 -4 1.000000 1.000000 1.000000
47 19 -4 1.000000 1.000000 1.000000
47 20 -4 1.000000 1.000000 1.000000
48 19 -4 1.000000 1.000000 1.000000
48 20 -4 1.000000 1.000000 1.000000
33 21 -3 1.000000 1.000000 1.000000
33 21 -4 1.000000 1.000000 1.000000
34 21 -3 1.000000 1.000000 1.000000
34 21 -4 1.000000 1.000000 1.000000
35 21 -3 1.000000 1.000000 1.000000
35 21 -4 1.000000 1.000000 1.000000
36 21 -3 1.000000 1.000000 1.000000
36 21 -4 1.000000 1.000000 1.000000
37 21 -3 1.000000 1.000000 1.000000
37 21 -4 1.000000 1.000000 1.000000
38 21 -3 1.000000 1.000000 1.000000
38 21 -4 1.000000 1.000000 1.000000
39 21 -3 1.000000 1.000000 1.000000
39 21 -4 1.000000 1.000000 1.000000
40 21 -3 1.000000 1.000000 1.000000
40 21 -4 1.000000 1.000000 1.000000
41 21 -3 1.000000 1.000000 1.000000
41 21 -4 1.000000 1.000000 1.000000
42 21 -3 1.000000 1.000000 1.000000
42 21 -4 1.000000 1.000000 1.000000
43 21 -3 1.000000 1.000000 1.000000
43 21 -4 1.000000 1.000000 1.000000
44 21 -3 1.000000 1.000000 1.000000
44 21 -4 1.000000 1.000000 1.000000
45 21 -3 1.000000 1.000000 1.000000
45 21 -4 1.000000 1.000000 1.000000
46 21 -3 1.000000 1.000000 1.000000
46 21 -4 1.000000 1.000000 1.000000
47 21 -3 1.000000 1.000000 1.000000
47 21 -4 1.000000 1.000000 1.000000
48 21 -3 1.000000 1.000000 1.000000
48 21 -4 1.000000 1.000000 1.000000
33 22 -3 1.000000 1.000000 1.000000
33 22 -4 1.000000 1.000000 1.000000
34 22 -3 1.000000 1.000000 1.000000
34 22 -4 1.000000 1.000000 1.000000
35 22 -3 1.000000 1.000000 1.000000
35 22 -4 1.000000 1.000000 1.000000
36 22 -3 1.000000 1.000000 1.000000
36 22 -4 1.000000 1.000000 1.000000
37 22 -3 1.000000 1.000000 1.000000
37 22 -4 1.000000 1.000000 1.000000
38 22 -3 1.000000 1.000000 1.000000
38 22 -4 1.000000 1.000000 1.000000
39 22 -3 1.000000 1.000000 1.000000
39 22 -4 1.000000 1.000000 1.000000
40 22 -3 1.000000 1.000000 1.000000
40 22 -4 1.000000 1.000000 1.000000
41 22 -3 1.000000 1.000000 1.000000
41 22 -4 1.000000 1.000000 1.000000
42 22 -3 1.000000 1.000000 1.000000
42 22 -4 1.000000 1.000000 1.000000
43 22 -3 1.000000 1.000000 1.000000
43 22 -4 1.000000 1.000000 1.000000
44 22 -3 1.000000 1.000000 1.000000
44 22 -4 1.000000 1.000000 1.000000
45 22 -3 1.000000 1.000000 1.000000
45 22 -4 1.000000 1.000000 1.000000
46 22 -3 1.000000 1.000000 1.000000
46 22 -4 1.000000 1.000000 1.000000
47 22 -3 1.000000 1.000000 1.000000
47 22 -4 1.000000 1.000000 1.000000
48 22 -3 1.000000 1.000000 1.000000
48 22 -4 1.000000 1.000000 1.000000
33 23 -3 1.000000 1.000000 1.000000
33 23 -4 1.000000 1.000000 1.000000
34 23 -3 1.000000 1.000000 1.000000
34 23 -4 1.000000 1.000000 1.000000
35 23 -3 1.000000 1.000000 1.000000
35 23 -4 1.000000 1.000000 1.000000
36 23 -3 1.000000 1.000000 1.000000
36 23 -4 1.000000 1.000000 1.000000
37 23 -3 1.000000 1.000000 1.000000
37 23 -4 1.000000 1.000000 1.000000
38 23 -3 1.000000 1.000000 1.000000
38 23 -4 1.000000 1.000000 1.000000
39 23 -3 1.000000 1.000000 1.000000
39 23 -4 1.000000 1.000000 1.000000
40 23 -3 1.000000 1.000000 1.000000
40 23 -4 1.000000 1.000000 1.000000
41 23 -3 1.000000 1.000000 1.000000
41 23 -4 1.000000 1.000000 1.000000
42 23 -3 1.000000 1.000000 1.000000
42 23 -4 1.000000 1.000000 1.000000
43 23 -3 1.000000 1.000000 1.000000
43 23 -4 1.000000 1.000000 1.000000
44 23 -3 1.000000 1.000000 1.000000
44 23 -4 1.000000 1.000000 1.000000
45 23 -3 1.000000 1.000000 1.000000
45 23 -4 1.000000 1.000000 1.000000
46 23 -3 1.000000 1.000000 1.000000
46 23 -4 1.000000 1.000000 1.000000
47 23 -3 1.000000 1.000000 1.000000
47 23 -4 1.000000 1.000000 1.000000
48 23 -3 1.000000 1.000000 1.000000
48 23 -4 1.000000 1.000000 1.000000
33 24 -3 1.000000 1.000000 1.000000
33 24 -4 1.000000 1.000000 1.000000
34 24 -3 1.000000 1.000000 1.000000
34 24 -4 1.000000 1.000000 1.000000
35 24 -3 1.000000 1.000000 1.000000
35 24 -4 1.000000 1.000000 1.000000
36 24 -3 1.000000 1.000000 1.000000
36 24 -4 1.000000 1.000000 1.000000
37 24 -3 1.000000 1.000000 1.000000
37 24 -4 1.000000 1.000000 1.000000
38 24 -3 1.000000 1.000000 1.000000
38 24 -4 1.000000 1.000000 1.000000
39 24 -3 1.000000 1.000000 1.000000
39 24 -4 1.000000 1.000000 1.000000
40 24 -3 1.000000 1.000000 1.000000
40 24 -4 1.000000 1.000000 1.000000
41 24 -3 1.000000 1.000000 1.000000
41 24 -4 1.000000 1.000000 1.000000
42 24 -3 1.000000 1.000000 1.000000
42 24 -4 1.000000 1.000000 1.000000
43 24 -3 1.000000 1.000000 1.000000
43 24 -4 1.000000 1.000000 1.000000
44 24 -3 1.000000 1.000000 1.000000
44 24 -4 1.000000 1.000000 1.000000
45 24 -3 1.000000 1.000000 1.000000
45 24 -4 1.000000 1.000000 1.000000
46 24 -3 1.000000 1.000000 1.000000
46 24 -4 1.000000 1.000000 1.000000
47 24 -3 1.000000 1.000000 1.000000
47 24 -4 1.000000 1.000000 1.000000
48 24 -3 1.000000 1.000000 1.000000
48 24 -4 1.000000 1.000000 1.000000
33 25 -3 1.000000 1.000000 1.000000
33 25 -4 1.000000 1.000000 1.000000
34 25 -3 1.000000 1.000000 1.000000
34 25 -4 1.000000 1.000000 1.000000
35 25 -3 1.000000 1.000000 1.000000
35 25 -4 1.000000 1.000000 1.000000
36 25 -3 1.000000 1.000000 1.000000
36 25 -4 1.000000 1.000000 1.000000
37 25 -3 1.000000 1.000000 1.000000
37 25 -4 1.000000 1.000000 1.000000
38 25 -3 1.000000 1.000000 1.000000
38 25 -4 1.000000 1.000000 1.000000
39 25 -3 1.000000 1.000000 1.000000
39 25 -4 1.000000 1.000000 1.000000
40 25 -3 1.000000 1.000000 1.000000
40 25 -4 1.000000 1.000000 1.000000
41 25 -3 1.000000 1.000000 1.000000
41 25 -4 1.000000 1.000000 1.000000
42 25 -3 1.000000 1.000000 1.000000
42 25 -4 1.000000 1.000000 1.000000
43 25 -3 1.000000 1.000000 1.000000
43 25 -4 1.000000 1.000000 1.000000
44 25 -3 1.000000 1.000000 1.000000
44 25 -4 1.000000 1.000000 1.000000
45 25 -3 1.000000 1.000000 1.000000
45 25 -4 1.000000 1.000000 1.000000
46 25 -3 1.000000 1.000000 1.000000
46 25 -4 1.000000 1.000000 1.000000
47 25 -3 1.000000 1.000000 1.000000
47 25 -4 1.000000 1.000000 1.000000
48 25 -3 1.000000 1.000000 1.000000
48 25 -4 1.000000 1.000000 1.000000
33 26 -3 1.000000 1.000000 1.000000
33 26 -4 1.000000 1.000000 1.000000
34 26 -3 1.000000 1.000000 1.000000
34 26 -4 1.000000 1.000000 1.000000
35 26 -3 1.000000 1.000000 1.000000
35 26 -4 1.000000 1.000000 1.000000
36 26 -3 1.000000 1.000000 1.000000
36 26 -4 1.000000 1.000000 1.000000
37 26 -3 1.000000 1.000000 1.000000
37 26 -4 1.000000 1.000000 1.000000
38 26 -3 1.000000 1.000000 1.000000
38 26 -4 1.000000 1.000000 1.000000
39 26 -3 1.000000 1.000000 1.000000
39 26 -4 1.000000 1.000000 1.000000
40 26 -3 1.000000 1.000000 1.000000
40 26 -4 1.000000 1.000000 1.000000
41 26 -3 1.000000 1.000000 1.000000
41 26 -4 1.000000 1.000000 1.000000
42 26 -3 1.000000 1.000000 1.000000
42 26 -4 1.000000 1.000000 1.000000
43 26 -3 1.000000 1.000000 1.000000
43 26 -4 1.000000 1.000000 1.000000
44 26 -3 1.000000 1.000000 1.000000
44 26 -4 1.000000 1.000000 1.000000
45 26 -3 1.000000 1.000000 1.000000
45 26 -4 1.000000 1.000000 1.000000
46 26 -3 1.000000 1.000000 1.000000
46 26 -4 1.000000 1.000000 1.000000
47 26 -3 1.000000 1.000000 1.000000
47 26 -4 1.000000 1.000000 1.000000
48 26 -3 1.000000 1.000000 1.000000
48 26 -4 1.000000 1.000000 1.000000
33 27 -3 1.000000 1.000000 1.000000
33 27 -4 1.000000 1.000000 1.000000
34 27 -3 1.000000 1.000000 1.000000
34 27 -4 1.000000 1.000000 1.000000
35 27 -3 1.000000 1.000000 1.000000
35 27 -4 1.000000 1.000000 1.000000
36 27 -3 1.000000 1.000000 1.000000
36 27 -4 1.000000 1.000000 1.000000
37 27 -3 1.000000 1.000000 1.000000
37 27 -4 1.000000 1.000000 1.000000
38 27 -3 1.000000 1.000000 1.000000
38 27 -4 1.000000 1.000000 1.000000
39 27 -3 1.000000 1.000000 1.000000
39 27 -4 1.000000 1.000000 1.000000
40 27 -3 1.000000 1.000000 1.000000
40 27 -4 1.000000 1.000000 1.000000
41 27 -3 1.000000 1.000000 1.000000
41 27 -4 1.000000 1.000000 1.000000
42 27 -3 1.000000 1.000000 1.000000
42 27 -4 1.000000 1.000000 1.000000
43 27 -3 1.000000 1.000000 1.000000
43 27 -4 1.000000 1.000000 1.000000
44 27 -3 1.000000 1.000000 1.000000
44 27 -4 1.000000 1.000000 1.000000
45 27 -3 1.000000 1.000000 1.000000
45 27 -4 1.000000 1.000000 1.000000
46 27 -3 1.000000 1.000000 1.000000
46 27 -4 1.000000 1.000000 1.000000
47 27 -3 1.000000 1.000000 1.000000
47 27 -4 1.000000 1.000000 1.000000
48 27 -3 1.000000 1.000000 1.000000
48 27 -4 1.000000 1.000000 1.000000
49 19 -1 1.000000 1.000000 1.000000
49 19 0 1.000000 1.000000 1.000000
49 20 0 1.000000 1.000000 1.000000
49 20 -1 1.000000 1.000000 1.000000
50 19 -1 1.000000 1.000000 1.000000
50 19 0 1.000000 1.000000 1.000000
50 20 0 1.000000 1.000000 1.000000
50 20 -1 1.000000 1.000000 1.000000
51 19 -1 1.000000 1.000000 1.000000
51 19 0 1.000000 1.000000 1.000000
51 20 0 1.000000 1.000000 1.000000
51 20 -1 1.000000 1.000000 1.000000
52 19 -1 1.000000 1.000000 1.000000
52 19 0 1.000000 1.000000 1.000000
52 20 0 1.000000 1.000000 1.000000
52 20 -1 1.000000 1.000000 1.000000
53 19 -1 1.000000 1.000000 1.000000
53 19 0 1.000000 1.000000 1.000000
53 20 0 1.000000 1.000000 1.000000
53 20 -1 1.000000 1.000000 1.000000
54 19 -1 1.000000 1.000000 1.000000
54 19 0 1.000000 1.000000 1.000000
54 20 0 1.000000 1.000000 1.000000
54 20 -1 1.000000 1.000000 1.000000
55 19 -1 1.000000 1.000000 1.000000
55 19 0 1.000000 1.000000 1.000000
55 20 0 1.000000 1.000000 1.000000
55 20 -1 1.000000 1.000000 1.000000
56 19 -1 1.000000 1.000000 1.000000
56 19 0 1.000000 1.000000 1.000000
56 20 0 1.000000 1.000000 1.000000
56 20 -1 1.000000 1.000000 1.000000
57 19 -1 1.000000 1.000000 1.000000
57 19 0 1.000000 1.000000 1.000000
57 20 0 1.000000 1.000000 1.000000
57 20 -1 1.000000 1.000000 1.000000
58 19 -1 1.000000 1.000000 1.000000
58 19 0 1.000000 1.000000 1.000000
58 20 0 1.000000 1.000000 1.000000
58 20 -1 1.000000 1.000000 1.000000
59 19 -1 1.000000 1.000000 1.000000
59 19 0 1.000000 1.000000 1.000000
59 20 0 1.000000 1.000000 1.000000
59 20 -1 1.000000 1.000000 1.000000
60 19 -1 1.000000 1.000000 1.000000
60 19 0 1.000000 1.000000 1.000000
60 20 0 1.000000 1.000000 1.000000
60 20 -1 1.000000 1.000000 1.000000
61 19 -1 1.000000 1.000000 1.000000
61 19 0 1.000000 1.000000 1.000000
61 20 0 1.000000 1.000000 1.000000
61 20 -1 1.000000 1.000000 1.000000
62 19 -1 1.000000 1.000000 1.000000
62 19 0 1.000000 1.000000 1.000000
62 20 0 1.000000 1.000000 1.000000
62 20 -1 1.000000 1.000000 1.000000
63 19 -1 1.000000 1.000000 1.000000
63 19 0 1.000000 1.000000 1.000000
63 20 0 1.000000 1.000000 1.000000
63 20 -1 1.000000 1.000000 1.000000
64 19 -1 1.000000 1.000000 1.000000
64 19 0 1.000000 1.000000 1.000000
64 20 0 1.000000 1.000000 1.000000
64 20 -1 1.000000 1.000000 1.000000
49 19 -2 1.000000 1.000000 1.000000
49 20 -2 1.000000 1.000000 1.000000
50 19 -2 1.000000 1.000000 1.000000
50 20 -2 1.000000 1.000000 1.000000
51 19 -2 1.000000 1.000000 1.000000
51 20 -2 1.000000 1.000000 1.000000
52 19 -2 1.000000 1.000000 1.000000
52 20 -2 1.000000 1.000000 1.000000
53 19 -2 1.000000 1.000000 1.000000
53 20 -2 1.000000 1.000000 1.000000
54 19 -2 1.000000 1.000000 1.000000
54 20 -2 1.000000 1.000000 1.000000
55 19 -2 1.000000 1.000000 1.000000
55 20 -2 1.000000 1.000000 1.000000
56 19 -2 1.000000 1.000000 1.000000
56 20 -2 1.000000 1.000000 1.000000
57 19 -2 1.000000 1.000000 1.000000
57 20 -2 1.000000 1.000000 1.000000
58 19 -2 1.000000 1.000000 1.000000
58 20 -2 1.000000 1.000000 1.000000
59 19 -2 1.000000 1.000000 1.000000
59 20 -2 1.000000 1.000000 1.000000
60 19 -2 1.000000 1.000000 1.000000
60 20 -2 1.000000 1.000000 1.000000
61 19 -2 1.000000 1.000000 1.000000
61 20 -2 1.000000 1.000000 1.000000
62 19 -2 1.000000 1.000000 1.000000
62 20 -2 1.000000 1.000000 1.000000
63 19 -2 1.000000 1.000000 1.000000
63 20 -2 1.000000 1.000000 1.000000
64 19 -2 1.000000 1.000000 1.000000
64 20 -2 1.000000 1.000000 1.000000
49 19 -3 1.000000 1.000000 1.000000
49 20 -3 1.000000 1.000000 1.000000
50 19 -3 1.000000 1.000000 1.000000
50 20 -3 1.000000 1.000000 1.000000
51 19 -3 1.000000 1.000000 1.000000
51 20 -3 1.000000 1.000000 1.000000
52 19 -3 1.000000 1.000000 1.000000
52 20 -3 1.000000 1.000000 1.000000
53 19 -3 1.000000 1.000000 1.000000
53 20 -3 1.000000 1.000000 1.000000
54 19 -3 1.000000 1.000000 1.000000
54 20 -3 1.000000 1.000000 1.000000
55 19 -3 1.000000 1.000000 1.000000
55 20 -3 1.000000 1.000000 1.000000
56 19 -3 1.000000 1.000000 1.000000
56 20 -3 1.000000 1.000000 1.000000
57 19 -3 1.000000 1.000000 1.000000
57 20 -3 1.000000 1.000000 1.000000
58 19 -3 1.000000 1.000000 1.000000
58 20 -3 1.000000 1.000000 1.000000
59 19 -3 1.000000 1.000000 1.000000
59 20 -3 1.000000 1.000000 1.000000
60 19 -3 1.000000 1.000000 1.000000
60 20 -3 1.000000 1.000000 1.000000
61 19 -3 1.000000 1.000000 1.000000
61 20 -3 1.000000 1.000000 1.000000
62 19 -3 1.000000 1.000000 1.000000
62 20 -3 1.000000 1.000000 1.000000
63 19 -3 1.000000 1.000000 1.000000
63 20 -3 1.000000 1.000000 1.000000
64 19 -3 1.000000 1.000000 1.000000
64 20 -3 1.000000 1.000000 1.000000
49 19 -4 1.000000 1.000000 1.000000
49 20 -4 1.000000 1.000000 1.000000
50 19 -4 1.000000 1.000000 1.000000
50 20 -4 1.000000 1.000000 1.000000
51 19 -4 1.000000 1.000000 1.000000
51 20 -4 1.000000 1.000000 1.000000
52 19 -4 1.000000 1.000000 1.000000
52 20 -4 1.000000 1.000000 1.000000
53 19 -4 1.000000 1.000000 1.000000
53 20 -4 1.000000 1.000000 1.000000
54 19 -4 1.000000 1.000000 1.000000
54 20 -4 1.000000 1.000000 1.000000
55 19 -4 1.000000 1.000000 1.000000
55 20 -4 1.000000 1.000000 1.000000
56 19 -4 1.000000 1.000000 1.000000
56 20 -4 1.000000 1.000000 1.000000
57 19 -4 1.000000 1.000000 1.000000
57 20 -4 1.000000 1.000000 1.000000
58 19 -4 1.000000 1.000000 1.000000
58 20 -4 1.000000 1.000000 1.000000
59 19 -4 1.000000 1.000000 1.000000
59 20 -4 1.000000 1.000000 1.000000
60 19 -4 1.000000 1.000000 1.000000
60 20 -4 1.000000 1.000000 1.000000
61 19 -4 1.000000 1.000000 1.000000
61 20 -4 1.000000 1.000000 1.000000
62 19 -4 1.000000 1.000000 1.000000
62 20 -4 1.000000 1.000000 1.000000
63 19 -4 1.000000 1.000000 1.000000
63 20 -4 1.000000 1.000000 1.000000
64 19 -4 1.000000 1.000000 1.000000
64 20 -4 1.000000 1.000000 1.000000
49 21 -3 1.000000 1.000000 1.000000
49 21 -4 1.000000 1.000000 1.000000
50 21 -3 1.000000 1.000000 1.000000
50 21 -4 1.000000 1.000000 1.000000
51 21 -3 1.000000 1.000000 1.000000
51 21 -4 1.000000 1.000000 1.000000
52 21 -3 1.000000 1.000000 1.000000
52 21 -4 1.000000 1.000000 1.000000
53 21 -3 1.000000 1.000000 1.000000
53 21 -4 1.000000 1.000000 1.000000
54 21 -3 1.000000 1.000000 1.000000
54 21 -4 1.000000 1.000000 1.000000
55 21 -3 1.000000 1.000000 1.000000
55 21 -4 1.000000 1.000000 1.000000
56 21 -3 1.000000 1.000000 1.000000
56 21 -4 1.000000 1.000000 1.000000
57 21 -3 1.000000 1.000000 1.000000
57 21 -4 1.000000 1.000000 1.000000
58 21 -3 1.000000 1.000000 1.000000
58 21 -4 1.000000 1.000000 1.000000
59 21 -3 1.000000 1.000000 1.000000
59 21 -4 1.000000 1.000000 1.000000
60 21 -3 1.000000 1.000000 1.000000
60 21 -4 1.000000 1.000000 1.000000
61 21 -3 1.000000 1.000000 1.000000
61 21 -4 1.000000 1.000000 1.000000
62 21 -3 1.000000 1.000000 1.000000
62 21 -4 1.000000 1.000000 1.000000
63 21 -3 1.000000 1.000000 1.000000
63 21 -4 1.000000 1.000000 1.000000
64 21 -3 1.000000 1.000000 1.000000
64 21 -4 1.000000 1.000000 1.000000
49 22 -3 1.000000 1.000000 1.000000
49 22 -4 1.000000 1.000000 1.000000
50 22 -3 1.000000 1.000000 1.000000
50 22 -4 1.000000 1.000000 1.000000
51 22 -3 1.000000 1.000000 1.000000
51 22 -4 1.000000 1.000000 1.000000
52 22 -3 1.000000 1.000000 1.000000
52 22 -4 1.000000 1.000000 1.000000
53 22 -3 1.000000 1.000000 1.000000
53 22 -4 1.000000 1.000000 1.000000
54 22 -3 1.000000 1.000000 1.000000
54 22 -4 1.000000 1.000000 1.000000
55 22 -3 1.000000 1.000000 1.000000
55 22 -4 1.000000 1.000000 1.000000
56 22 -3 1.000000 1.000000 1.000000
56 22 -4 1.000000 1.000000 1.000000
57 22 -3 1.000000 1.000000 1.000000
57 22 -4 1.000000 1.000000 1.000000
58 22 -3 1.000000 1.000000 1.000000
58 22 -4 1.000000 1.000000 1.000000
59 22 -3 1.000000 1.000000 1.000000
59 22 -4 1.000000 1.000000 1.000000
60 22 -3 1.000000 1.000000 1.000000
60 22 -4 1.000000 1.000000 1.000000
61 22 -3 1.000000 1.000000 1.000000
61 22 -4 1.000000 1.000000 1.000000
62 22 -3 1.000000 1.000000 1.000000
62 22 -4 1.000000 1.000000 1.000000
63 22 -3 1.000000 1.000000 1.000000
63 22 -4 1.000000 1.000000 1.000000
64 22 -3 1.000000 1.000000 1.000000
64 22 -4 1.000000 1.000000 1.000000
49 23 -3 1.000000 1.000000 1.000000
49 23 -4 1.000000 1.000000 1.000000
50 23 -3 1.000000 1.000000 1.000000
50 23 -4 1.000000 1.000000 1.000000
51 23 -3 1.000000 1.000000 1.000000
51 23 -4 1.000000 1.000000 1.000000
52 23 -3 1.000000 1.000000 1.000000
52 23 -4 1.000000 1.000000 1.000000
53 23 -3 1.000000 1.000000 1.000000
53 23 -4 1.000000 1.000000 1.000000
54 23 -3 1.000000 1.000000 1.000000
54 23 -4 1.000000 1.000000 1.000000
55 23 -3 1.000000 1.000000 1.000000
55 23 -4 1.000000 1.000000 1.000000
56 23 -3 1.000000 1.000000 1.000000
56 23 -4 1.000000 1.000000 1.000000
57 23 -3 1.000000 1.000000 1.000000
57 23 -4 1.000000 1.000000 1.000000
58 23 -3 1.000000 1.000000 1.000000
58 23 -4 1.000000 1.000000 1.000000
59 23 -3 1.000000 1.000000 1.000000
59 23 -4 1.000000 1.000000 1.000000
60 23 -3 1.000000 1.000000 1.000000
60 23 -4 1.000000 1.000000 1.000000
61 23 -3 1.000000 1.000000 1.000000
61 23 -4 1.000000 1.000000 1.000000
62 23 -3 1.000000 1.000000 1.000000
62 23 -4 1.000000 1.000000 1.000000
63 23 -3 1.000000 1.000000 1.000000
63 23 -4 1.000000 1.000000 1.000000
64 23 -3 1.000000 1.000000 1.000000
64 23 -4 1.000000 1.000000 1.000000
49 24 -3 1.000000 1.000000 1.000000
49 24 -4 1.000000 1.000000 1.000000
50 24 -3 1.000000 1.000000 1.000000
50 24 -4 1.000000 1.000000 1.000000
51 24 -3 1.000000 1.000000 1.000000
51 24 -4 1.000000 1.000000 1.000000
52 24 -3 1.000000 1.000000 1.000000
52 24 -4 1.000000 1.000000 1.000000
53 24 -3 1.000000 1.000000 1.000000
53 24 -4 1.000000 1.000000 1.000000
54 24 -3 1.000000 1.000000 1.000000
54 24 -4 1.000000 1.000000 1.000000
55 24 -3 1.000000 1.000000 1.000000
55 24 -4 1.000000 1.000000 1.000000
56 24 -3 1.000000 1.000000 1.000000
56 24 -4 1.000000 1.000000 1.000000
57 24 -3 1.000000 1.000000 1.000000
57 24 -4 1.000000 1.000000 1.000000
58 24 -3 1.000000 1.000000 1.000000
58 24 -4 1.000000 1.000000 1.000000
59 24 -3 1.000000 1.000000 1.000000
59 24 -4 1.000000 1.000000 1.000000
60 24 -3 1.000000 1.000000 1.000000
60 24 -4 1.000000 1.000000 1.000000
61 24 -3 1.000000 1.000000 1.000000
61 24 -4 1.000000 1.000000 1.000000
62 24 -3 1.000000 1.000000 1.000000
62 24 -4 1.000000 1.000000 1.000000
63 24 -3 1.000000 1.000000 1.000000
63 24 -4 1.000000 1.000000 1.000000
64 24 -3 1.000000 1.000000 1.000000
64 24 -4 1.000000 1.000000 1.000000
49 25 -3 1.000000 1.000000 1.000000
49 25 -4 1.000000 1.000000 1.000000
50 25 -3 1.000000 1.000000 1.000000
50 25 -4 1.000000 1.000000 1.000000
51 25 -3 1.000000 1.000000 1.000000
51 25 -4 1.000000 1.000000 1.000000
52 25 -3 1.000000 1.000000 1.000000
52 25 -4 1.000000 1.000000 1.000000
53 25 -3 1.000000 1.000000 1.000000
53 25 -4 1.000000 1.000000 1.000000
54 25 -3 1.000000 1.000000 1.000000
54 25 -4 1.000000 1.000000 1.000000
55 25 -3 1.000000 1.000000 1.000000
55 25 -4 1.000000 1.000000 1.000000
56 25 -3 1.000000 1.000000 1.000000
56 25 -4 1.000000 1.000000 1.000000
57 25 -3 1.000000 1.000000 1.000000
57 25 -4 1.000000 1.000000 1.000000
58 25 -3 1.000000 1.000000 1.000000
58 25 -4 1.000000 1.000000 1.000000
59 25 -3 1.000000 1.000000 1.000000
59 25 -4 1.000000 1.000000 1.000000
60 25 -3 1.000000 1.000000 1.000000
60 25 -4 1.000000 1.000000 1.000000
61 25 -3 1.000000 1.000000 1.000000
61 25 -4 1.000000 1.000000 1.000000
62 25 -3 1.000000 1.000000 1.000000
62 25 -4 1.000000 1.000000 1.000000
63 25 -3 1.000000 1.000000 1.000000
63 25 -4 1.000000 1.000000 1.000000
64 25 -3 1.000000 1.000000 1.000000
64 25 -4 1.000000 1.000000 1.000000
49 26 -3 1.000000 1.000000 1.000000
49 26 -4 1.000000 1.000000 1.000000
50 26 -3 1.000000 1.000000 1.000000
50 26 -4 1.000000 1.000000 1.000000
51 26 -3 1.000000 1.000000 1.000000
51 26 -4 1.000000 1.000000 1.000000
52 26 -3 1.000000 1.000000 1.000000
52 26 -4 1.000000 1.000000 1.000000
53 26 -3 1.000000 1.000000 1.000000
53 26 -4 1.000000 1.000000 1.000000
54 26 -3 1.000000 1.000000 1.000000
54 26 -4 1.000000 1.000000 1.000000
55 26 -3 1.000000 1.000000 1.000000
55 26 -4 1.000000 1.000000 1.000000
56 26 -3 1.000000 1.000000 1.000000
56 26 -4 1.000000 1.000000 1.000000
57 26 -3 1.000000 1.000000 1.000000
57 26 -4 1.000000 1.000000 1.000000
58 26 -3 1.000000 1.000000 1.000000
58 26 -4 1.000000 1.000000 1.000000
59 26 -3 1.000000 1.000000 1.000000
59 26 -4 1.000000 1.000000 1.000000
60 26 -3 1.000000 1.000000 1.000000
60 26 -4 1.000000 1.000000 1.000000
61 26 -3 1.000000 1.000000 1.000000
61 26 -4 1.000000 1.000000 1.000000
62 26 -3 1.000000 1.000000 1.000000
62 26 -4 1.000000 1.000000 1.000000
63 26 -3 1.000000 1.000000 1.000000
63 26 -4 1.000000 1.000000 1.000000
64 26 -3 1.000000 1.000000 1.000000
64 26 -4 1.000000 1.000000 1.000000
49 27 -3 1.000000 1.000000 1.000000
49 27 -4 1.000000 1.000000 1.000000
50 27 -3 1.000000 1.000000 1.000000
50 27 -4 1.000000 1.000000 1.000000
51 27 -3 1.000000 1.000000 1.000000
51 27 -4 1.000000 1.000000 1.000000
52 27 -3 1.000000 1.000000 1.000000
52 27 -4 1.000000 1.000000 1.000000
53 27 -3 1.000000 1.000000 1.000000
53 27 -4 1.000000 1.000000 1.000000
54 27 -3 1.000000 1.000000 1.000000
54 27 -4 1.000000 1.000000 1.000000
55 27 -3 1.000000 1.000000 1.000000
55 27 -4 1.000000 1.000000 1.000000
56 27 -3 1.000000 1.000000 1.000000
56 27 -4 1.000000 1.000000 1.000000
57 27 -3 1.000000 1.000000 1.000000
57 27 -4 1.000000 1.000000 1.000000
58 27 -3 1.000000 1.000000 1.000000
58 27 -4 1.000000 1.000000 1.000000
59 27 -3 1.000000 1.000000 1.000000
59 27 -4 1.000000 1.000000 1.000000
60 27 -3 1.000000 1.000000 1.000000
60 27 -4 1.000000 1.000000 1.000000
61 27 -3 1.000000 1.000000 1.000000
61 27 -4 1.000000 1.000000 1.000000
62 27 -3 1.000000 1.000000 1.000000
62 27 -4 1.000000 1.000000 1.000000
63 27 -3 1.000000 1.000000 1.000000
63 27 -4 1.000000 1.000000 1.000000
64 27 -3 1.000000 1.000000 1.000000
64 27 -4 1.000000 1.000000 1.000000
65 19 -1 1.000000 1.000000 1.000000
65 19 0 1.000000 1.000000 1.000000
65 20 0 1.000000 1.000000 1.000000
65 20 -1 1.000000 1.000000 1.000000
66 19 -1 1.000000 1.000000 1.000000
66 19 0 1.000000 1.000000 1.000000
66 20 0 1.000000 1.000000 1.000000
66 20 -1 1.000000 1.000000 1.000000
67 19 -1 1.000000 1.000000 1.000000
67 19 0 1.000000 1.000000 1.000000
67 20 0 1.000000 1.000000 1.000000
67 20 -1 1.000000 1.000000 1.000000
68 19 -1 1.000000 1.000000 1.000000
68 19 0 1.000000 1.000000 1.000000
68 20 0 1.000000 1.000000 1.000000
68 20 -1 1.000000 1.000000 1.000000
69 19 -1 1.000000 1.000000 1.000000
69 19 0 1.000000 1.000000 1.000000
69 20 0 1.000000 1.000000 1.000000
69 20 -1 1.000000 1.000000 1.000000
70 19 0 1.000000 1.000000 1.000000
70 19 -1 1.000000 1.000000 1.000000
71 19 -1 1.000000 1.000000 1.000000
71 19 0 1.000000 1.000000 1.000000
71 20 -1 1.000000 1.000000 1.000000
71 20 0 1.000000 1.000000 1.000000
70 20 0 1.000000 1.000000 1.000000
70 20 -1 1.000000 1.000000 1.000000
65 19 -2 1.000000 1.000000 1.000000
65 20 -2 1.000000 1.000000 1.000000
66 19 -2 1.000000 1.000000 1.000000
66 20 -2 1.000000 1.000000 1.000000
67 19 -2 1.000000 1.000000 1.000000
67 20 -2 1.000000 1.000000 1.000000
68 19 -2 1.000000 1.000000 1.000000
68 20 -2 1.000000 1.000000 1.000000
69 19 -2 1.000000 1.000000 1.000000
69 20 -2 1.000000 1.000000 1.000000
70 19 -2 1.000000 1.000000 1.000000
71 19 -2 1.000000 1.000000 1.000000
71 20 -2 1.000000 1.000000 1.000000
70 20 -2 1.000000 1.000000 1.000000
65 19 -3 1.000000 1.000000 1.000000
65 20 -3 1.000000 1.000000 1.000000
66 19 -3 1.000000 1.000000 1.000000
66 20 -3 1.000000 1.000000 1.000000
67 19 -3 1.000000 1.000000 1.000000
67 20 -3 1.000000 1.000000 1.000000
68 19 -3 1.000000 1.000000 1.000000
68 20 -3 1.000000 1.000000 1.000000
69 19 -3 1.000000 1.000000 1.000000
69 20 -3 1.000000 1.000000 1.000000
70 19 -3 1.000000 1.000000 1.000000
70 20 -3 1.000000 1.000000 1.000000
71 19 -3 1.000000 1.000000 1.000000
71 20 -3 1.000000 1.000000 1.000000
65 19 -4 1.000000 1.000000 1.000000
65 20 -4 1.000000 1.000000 1.000000
66 19 -4 1.000000 1.000000 1.000000
66 20 -4 1.000000 1.000000 1.000000
67 19 -4 1.000000 1.000000 1.000000
67 20 -4 1.000000 1.000000 1.000000
68 19 -4 1.000000 1.000000 1.000000
68 20 -4 1.000000 1.000000 1.000000
69 19 -4 1.000000 1.000000 1.000000
69 20 -4 1.000000 1.000000 1.000000
70 19 -4 1.000000 1.000000 1.000000
70 20 -4 1.000000 1.000000 1.000000
71 19 -4 1.000000 1.000000 1.000000
71 20 -4 1.000000 1.000000 1.000000
71 21 -1 1.000000 1.000000 1.000000
71 21 0 1.000000 1.000000 1.000000
70 21 0 1.000000 1.000000 1.000000
70 21 -1 1.000000 1.000000 1.000000
71 21 -2 1.000000 1.000000 1.000000
70 21 -2 1.000000 1.000000 1.000000
71 21 -3 1.000000 1.000000 1.000000
70 21 -3 1.000000 1.000000 1.000000
65 21 -3 1.000000 1.000000 1.000000
65 21 -4 1.000000 1.000000 1.000000
66 21 -3 1.000000 1.000000 1.000000
66 21 -4 1.000000 1.000000 1.000000
67 21 -3 1.000000 1.000000 1.000000
67 21 -4 1.000000 1.000000 1.000000
68 21 -3 1.000000 1.000000 1.000000
68 21 -4 1.000000 1.000000 1.000000
69 21 -3 1.000000 1.000000 1.000000
69 21 -4 1.000000 1.000000 1.000000
70 21 -4 1.000000 1.000000 1.000000
71 21 -4 1.000000 1.000000 1.000000
71 22 -1 1.000000 1.000000 1.000000
71 22 0 1.000000 1.000000 1.000000
70 22 0 1.000000 1.000000 1.000000
70 22 -1 1.000000 1.000000 1.000000
71 22 -2 1.000000 1.000000 1.000000
70 22 -2 1.000000 1.000000 1.000000
71 22 -3 1.000000 1.000000 1.000000
70 22 -3 1.000000 1.000000 1.000000
65 22 -3 1.000000 1.000000 1.000000
65 22 -4 1.000000 1.000000 1.000000
66 22 -3 1.000000 1.000000 1.000000
66 22 -4 1.000000 1.000000 1.000000
67 22 -3 1.000000 1.000000 1.000000
67 22 -4 1.000000 1.000000 1.000000
68 22 -3 1.000000 1.000000 1.000000
68 22 -4 1.000000 1.000000 1.000000
69 22 -3 1.000000 1.000000 1.000000
69 22 -4 1.000000 1.000000 1.000000
70 22 -4 1.000000 1.000000 1.000000
71 22 -4 1.000000 1.000000 1.000000
71 23 -1 1.000000 1.000000 1.000000
71 23 0 1.000000 1.000000 1.000000
70 23 0 1.000000 1.000000 1.000000
70 23 -1 1.000000 1.000000 1.000000
71 23 -2 1.000000 1.000000 1.000000
70 23 -2 1.000000 1.000000 1.000000
71 23 -3 1.000000 1.000000 1.000000
70 23 -3 1.000000 1.000000 1.000000
65 23 -3 1.000000 1.000000 1.000000
65 23 -4 1.000000 1.000000 1.000000
66 23 -3 1.000000 1.000000 1.000000
66 23 -4 1.000000 1.000000 1.000000
67 23 -3 1.000000 1.000000 1.000000
67 23 -4 1.000000 1.000000 1.000000
68 23 -3 1.000000 1.000000 1.000000
68 23 -4 1.000000 1.000000 1.000000
69 23 -3 1.000000 1.000000 1.000000
69 23 -4 1.000000 1.000000 1.000000
70 23 -4 1.000000 1.000000 1.000000
71 23 -4 1.000000 1.000000 1.000000
71 24 -1 1.000000 1.000000 1.000000
71 24 0 1.000000 1.000000 1.000000
70 24 0 1.000000 1.000000 1.000000
70 24 -1 1.000000 1.000000 1.000000
71 24 -2 1.000000 1.000000 1.000000
70 24 -2 1.000000 1.000000 1.000000
71 24 -3 1.000000 1.000000 1.000000
70 24 -3 1.000000 1.000000 1.000000
65 24 -3 1.000000 1.000000 1.000000
65 24 -4 1.000000 1.000000 1.000000
66 24 -3 1.000000 1.000000 1.000000
66 24 -4 1.000000 1.000000 1.000000
67 24 -3 1.000000 1.000000 1.000000
67 24 -4 1.000000 1.000000 1.000000
68 24 -3 1.000000 1.000000 1.000000
68 24 -4 1.000000 1.000000 1.000000
69 24 -3 1.000000 1.000000 1.000000
69 24 -4 1.000000 1.000000 1.000000
70 24 -4 1.000000 1.000000 1.000000
71 24 -4 1.000000 1.000000 1.000000
71 25 -1 1.000000 1.000000 1.000000
71 25 0 1.000000 1.000000 1.000000
70 25 0 1.000000 1.000000 1.000000
70 25 -1 1.000000 1.000000 1.000000
71 25 -2 1.000000 1.000000 1.000000
70 25 -2 1.000000 1.000000 1.000000
71 25 -3 1.000000 1.000000 1.000000
70 25 -3 1.000000 1.000000 1.000000
65 25 -3 1.000000 1.000000 1.000000
65 25 -4 1.000000 1.000000 1.000000
66 25 -3 1.000000 1.000000 1.000000
66 25 -4 1.000000 1.000000 1.000000
67 25 -3 1.000000 1.000000 1.000000
67 25 -4 1.000000 1.000000 1.000000
68 25 -3 1.000000 1.000000 1.000000
68 25 -4 1.000000 1.000000 1.000000
69 25 -3 1.000000 1.000000 1.000000
69 25 -4 1.000000 1.000000 1.000000
70 25 -4 1.000000 1.000000 1.000000
71 25 -4 1.000000 1.000000 1.000000
71 26 -1 1.000000 1.000000 1.000000
71 26 0 1.000000 1.000000 1.000000
70 26 0 1.000000 1.000000 1.000000
70 26 -1 1.000000 1.000000 1.000000
71 26 -2 1.000000 1.000000 1.000000
70 26 -2 1.000000 1.000000 1.000000
71 26 -3 1.000000 1.000000 1.000000
70 26 -3 1.000000 1.000000 1.000000
65 26 -3 1.000000 1.000000 1.000000
65 26 -4 1.000000 1.000000 1.000000
66 26 -3 1.000000 1.000000 1.000000
66 26 -4 1.000000 1.000000 1.000000
67 26 -3 1.000000 1.000000 1.000000
67 26 -4 1.000000 1.000000 1.000000
68 26 -3 1.000000 1.000000 1.000000
68 26 -4 1.000000 1.000000 1.000000
69 26 -3 1.000000 1.000000 1.000000
69 26 -4 1.000000 1.000000 1.000000
70 26 -4 1.000000 1.000000 1.000000
71 26 -4 1.000000 1.000000 1.000000
71 27 0 1.000000 1.000000 1.000000
71 27 -1 1.000000 1.000000 1.000000
70 27 -1 1.000000 1.000000 1.000000
70 27 0 1.000000 1.000000 1.000000
71 27 -2 1.000000 1.000000 1.000000
70 27 -2 1.000000 1.000000 1.000000
71 27 -3 1.000000 1.000000 1.000000
70 27 -3 1.000000 1.000000 1.000000
65 27 -3 1.000000 1.000000 1.000000
65 27 -4 1.000000 1.000000 1.000000
66 27 -3 1.000000 1.000000 1.000000
66 27 -4 1.000000 1.000000 1.000000
67 27 -3 1.000000 1.000000 1.000000
67 27 -4 1.000000 1.000000 1.000000
68 27 -3 1.000000 1.000000 1.000000
68 27 -4 1.000000 1.000000 1.000000
69 27 -3 1.000000 1.000000 1.000000
69 27 -4 1.000000 1.000000 1.000000
70 27 -4 1.000000 1.000000 1.000000
71 27 -4 1.000000 1.000000 1.000000
64 19 11 1.000000 1.000000 1.000000
65 19 11 1.000000 1.000000 1.000000
65 20 11 1.000000 1.000000 1.000000
64 20 11 1.000000 1.000000 1.000000
64 19 10 1.000000 1.000000 1.000000
65 19 10 1.000000 1.000000 1.000000
66 19 11 1.000000 1.000000 1.000000
66 20 11 1.000000 1.000000 1.000000
66 19 10 1.000000 1.000000 1.000000
67 19 11 1.000000 1.000000 1.000000
67 20 11 1.000000 1.000000 1.000000
67 19 10 1.000000 1.000000 1.000000
68 19 11 1.000000 1.000000 1.000000
68 20 11 1.000000 1.000000 1.000000
68 19 10 1.000000 1.000000 1.000000
69 19 11 1.000000 1.000000 1.000000
69 20 11 1.000000 1.000000 1.000000
69 19 10 1.000000 1.000000 1.000000
70 19 11 1.000000 1.000000 1.000000
70 20 11 1.000000 1.000000 1.000000
70 19 10 1.000000 1.000000 1.000000
71 19 11 1.000000 1.000000 1.000000
71 20 11 1.000000 1.000000 1.000000
71 19 10 1.000000 1.000000 1.000000
71 20 10 1.000000 1.000000 1.000000
64 19 9 1.000000 1.000000 1.000000
65 19 9 1.000000 1.000000 1.000000
65 20 10 1.000000 1.000000 1.000000
65 20 9 1.000000 1.000000 1.000000
64 20 9 1.000000 1.000000 1.000000
64 20 10 1.000000 1.000000 1.000000
66 19 9 1.000000 1.000000 1.000000
66 20 10 1.000000 1.000000 1.000000
66 20 9 1.000000 1.000000 1.000000
67 19 9 1.000000 1.000000 1.000000
67 20 10 1.000000 1.000000 1.000000
67 20 9 1.000000 1.000000 1.000000
68 19 9 1.000000 1.000000 1.000000
68 20 10 1.000000 1.000000 1.000000
68 20 9 1.000000 1.000000 1.000000
69 19 9 1.000000 1.000000 1.000000
69 20 10 1.000000 1.000000 1.000000
69 20 9 1.000000 1.000000 1.000000
70 19 9 1.000000 1.000000 1.000000
70 20 9 1.000000 1.000000 1.000000
70 20 10 1.000000 1.000000 1.000000
71 19 9 1.000000 1.000000 1.000000
71 20 9 1.000000 1.000000 1.000000
64 19 8 1.000000 1.000000 1.000000
65 19 8 1.000000 1.000000 1.000000
65 20 8 1.000000 1.000000 1.000000
64 20 8 1.000000 1.000000 1.000000
66 19 8 1.000000 1.000000 1.000000
66 20 8 1.000000 1.000000 1.000000
67 19 8 1.000000 1.000000 1.000000
67 20 8 1.000000 1.000000 1.000000
68 19 8 1.000000 1.000000 1.000000
68 20 8 1.000000 1.000000 1.000000
69 19 8 1.000000 1.000000 1.000000
69 20 8 1.000000 1.000000 1.000000
70 19 8 1.000000 1.000000 1.000000
71 19 8 1.000000 1.000000 1.000000
71 20 8 1.000000 1.000000 1.000000
70 20 8 1.000000 1.000000 1.000000
64 19 7 1.000000 1.000000 1.000000
65 19 7 1.000000 1.000000 1.000000
65 20 7 1.000000 1.000000 1.000000
64 20 7 1.000000 1.000000 1.000000
66 19 7 1.000000 1.000000 1.000000
66 20 7 1.000000 1.000000 1.000000
67 19 7 1.000000 1.000000 1.000000
67 20 7 1.000000 1.000000 1.000000
68 19 7 1.000000 1.000000 1.000000
68 20 7 1.000000 1.000000 1.000000
69 19 7 1.000000 1.000000 1.000000
69 20 7 1.000000 1.000000 1.000000
70 19 7 1.000000 1.000000 1.000000
71 19 7 1.000000 1.000000 1.000000
71 20 7 1.000000 1.000000 1.000000
70 20 7 1.000000 1.000000 1.000000
64 19 6 1.000000 1.000000 1.000000
65 19 6 1.000000 1.000000 1.000000
65 20 6 1.000000 1.000000 1.000000
64 20 6 1.000000 1.000000 1.000000
66 19 6 1.000000 1.000000 1.000000
66 20 6 1.000000 1.000000 1.000000
67 19 6 1.000000 1.000000 1.000000
67 20 6 1.000000 1.000000 1.000000
68 19 6 1.000000 1.000000 1.000000
68 20 6 1.000000 1.000000 1.000000
69 19 6 1.000000 1.000000 1.000000
69 20 6 1.000000 1.000000 1.000000
70 19 6 1.000000 1.000000 1.000000
71 19 6 1.000000 1.000000 1.000000
71 20 6 1.000000 1.000000 1.000000
70 20 6 1.000000 1.000000 1.000000
64 19 5 1.000000 1.000000 1.000000
65 19 5 1.000000 1.000000 1.000000
65 20 5 1.000000 1.000000 1.000000
64 20 5 1.000000 1.000000 1.000000
66 19 5 1.000000 1.000000 1.000000
66 20 5 1.000000 1.000000 1.000000
67 19 5 1.000000 1.000000 1.000000
67 20 5 1.000000 1.000000 1.000000
68 19 5 1.000000 1.000000 1.000000
68 20 5 1.000000 1.000000 1.000000
69 19 5 1.000000 1.000000 1.000000
69 20 5 1.000000 1.000000 1.000000
70 19 5 1.000000 1.000000 1.000000
71 19 5 1.000000 1.000000 1.000000
71 20 5 1.000000 1.000000 1.000000
70 20 5 1.000000 1.000000 1.000000
64 19 4 1.000000 1.000000 1.000000
65 19 4 1.000000 1.000000 1.000000
65 20 4 1.000000 1.000000 1.000000
64 20 4 1.000000 1.000000 1.000000
66 19 4 1.000000 1.000000 1.000000
66 20 4 1.000000 1.000000 1.000000
67 19 4 1.000000 1.000000 1.000000
67 20 4 1.000000 1.000000 1.000000
68 19 4 1.000000 1.000000 1.000000
68 20 4 1.000000 1.000000 1.000000
69 19 4 1.000000 1.000000 1.000000
69 20 4 1.000000 1.000000 1.000000
70 19 4 1.000000 1.000000 1.000000
71 19 4 1.000000 1.000000 1.000000
71 20 4 1.000000 1.000000 1.000000
70 20 4 1.000000 1.000000 1.000000
64 19 3 1.000000 1.000000 1.000000
65 19 3 1.000000 1.000000 1.000000
65 20 3 1.000000 1.000000 1.000000
64 20 3 1.000000 1.000000 1.000000
66 19 3 1.000000 1.000000 1.000000
66 20 3 1.000000 1.000000 1.000000
67 19 3 1.000000 1.000000 1.000000
67 20 3 1.000000 1.000000 1.000000
68 19 3 1.000000 1.000000 1.000000
68 20 3 1.000000 1.000000 1.000000
69 19 3 1.000000 1.000000 1.000000
69 20 3 1.000000 1.000000 1.000000
70 19 3 1.000000 1.000000 1.000000
71 19 3 1.000000 1.000000 1.000000
71 20 3 1.000000 1.000000 1.000000
70 20 3 1.000000 1.000000 1.000000
64 19 2 1.000000 1.000000 1.000000
65 19 2 1.000000 1.000000 1.000000
65 20 2 1.000000 1.000000 1.000000
64 20 2 1.000000 1.000000 1.000000
66 19 2 1.000000 1.000000 1.000000
66 20 2 1.000000 1.000000 1.000000
67 19 2 1.000000 1.000000 1.000000
67 20 2 1.000000 1.000000 1.000000
68 19 2 1.000000 1.000000 1.000000
68 20 2 1.000000 1.000000 1.000000
69 19 2 1.000000 1.000000 1.000000
69 20 2 1.000000 1.000000 1.000000
70 19 2 1.000000 1.000000 1.000000
71 19 2 1.000000 1.000000 1.000000
71 20 2 1.000000 1.000000 1.000000
70 20 2 1.000000 1.000000 1.000000
64 19 1 1.000000 1.000000 1.000000
65 19 1 1.000000 1.000000 1.000000
65 20 1 1.000000 1.000000 1.000000
64 20 1 1.000000 1.000000 1.000000
66 19 1 1.000000 1.000000 1.000000
66 20 1 1.000000 1.000000 1.000000
67 19 1 1.000000 1.000000 1.000000
67 20 1 1.000000 1.000000 1.000000
68 19 1 1.000000 1.000000 1.000000
68 20 1 1.000000 1.000000 1.000000
69 19 1 1.000000 1.000000 1.000000
69 20 1 1.000000 1.000000 1.000000
70 19 1 1.000000 1.000000 1.000000
71 19 1 1.000000 1.000000 1.000000
71 20 1 1.000000 1.000000 1.000000
70 20 1 1.000000 1.000000 1.000000
65 21 11 1.000000 1.000000 1.000000
64 21 11 1.000000 1.000000 1.000000
64 21 10 1.000000 1.000000 1.000000
65 21 10 1.000000 1.000000 1.000000
66 21 11 1.000000 1.000000 1.000000
66 21 10 1.000000 1.000000 1.000000
67 21 11 1.000000 1.000000 1.000000
67 21 10 1.000000 1.000000 1.000000
68 21 11 1.000000 1.000000 1.000000
68 21 10 1.000000 1.000000 1.000000
69 21 11 1.000000 1.000000 1.000000
69 21 10 1.000000 1.000000 1.000000
70 21 11 1.000000 1.000000 1.000000
70 21 10 1.000000 1.000000 1.000000
71 21 11 1.000000 1.000000 1.000000
71 21 10 1.000000 1.000000 1.000000
71 21 9 1.000000 1.000000 1.000000
70 21 9 1.000000 1.000000 1.000000
71 21 8 1.000000 1.000000 1.000000
70 21 8 1.000000 1.000000 1.000000
71 21 7 1.000000 1.000000 1.000000
70 21 7 1.000000 1.000000 1.000000
71 21 6 1.000000 1.000000 1.000000
70 21 6 1.000000 1.000000 1.000000
71 21 5 1.000000 1.000000 1.000000
70 21 5 1.000000 1.000000 1.000000
71 21 4 1.000000 1.000000 1.000000
70 21 4 1.000000 1.000000 1.000000
71 21 3 1.000000 1.000000 1.000000
70 21 3 1.000000 1.000000 1.000000
71 21 2 1.000000 1.000000 1.000000
70 21 2 1.000000 1.000000 1.000000
71 21 1 1.000000 1.000000 1.000000
70 21 1 1.000000 1.000000 1.000000
65 22 11 1.000000 1.000000 1.000000
64 22 11 1.000000 1.000000 1.000000
64 22 10 1.000000 1.000000 1.000000
65 22 10 1.000000 1.000000 1.000000
66 22 11 1.000000 1.000000 1.000000
66 22 10 1.000000 1.000000 1.000000
67 22 11 1.000000 1.000000 1.000000
67 22 10 1.000000 1.000000 1.000000
68 22 11 1.000000 1.000000 1.000000
68 22 10 1.000000 1.000000 1.000000
69 22 11 1.000000 1.000000 1.000000
69 22 10 1.000000 1.000000 1.000000
70 22 11 1.000000 1.000000 1.000000
70 22 10 1.000000 1.000000 1.000000
71 22 11 1.000000 1.000000 1.000000
71 22 10 1.000000 1.000000 1.000000
71 22 9 1.000000 1.000000 1.000000
70 22 9 1.000000 1.000000 1.000000
71 22 8 1.000000 1.000000 1.000000
70 22 8 1.000000 1.000000 1.000000
71 22 7 1.000000 1.000000 1.000000
70 22 7 1.000000 1.000000 1.000000
70 22 6 1.000000 1.000000 1.000000
71 22 6 1.000000 1.000000 1.000000
71 22 1 1.000000 1.000000 1.000000
70 22 1 1.000000 1.000000 1.000000
65 23 11 1.000000 1.000000 1.000000
64 23 11 1.000000 1.000000 1.000000
64 23 10 1.000000 1.000000 1.000000
65 23 10 1.000000 1.000000 1.000000
66 23 11 1.000000 1.000000 1.000000
66 23 10 1.000000 1.000000 1.000000
67 23 11 1.000000 1.000000 1.000000
67 23 10 1.000000 1.000000 1.000000
68 23 11 1.000000 1.000000 1.000000
68 23 10 1.000000 1.000000 1.000000
69 23 11 1.000000 1.000000 1.000000
69 23 10 1.000000 1.000000 1.000000
70 23 11 1.000000 1.000000 1.000000
70 23 10 1.000000 1.000000 1.000000
71 23 11 1.000000 1.000000 1.000000
71 23 10 1.000000 1.000000 1.000000
71 23 9 1.000000 1.000000 1.000000
70 23 9 1.000000 1.000000 1.000000
71 23 8 1.000000 1.000000 1.000000
70 23 8 1.000000 1.000000 1.000000
71 23 7 1.000000 1.000000 1.000000
70 23 7 1.000000 1.000000 1.000000
70 23 6 1.000000 1.000000 1.000000
71 23 6 1.000000 1.000000 1.000000
71 23 1 1.000000 1.000000 1.000000
70 23 1 1.000000 1.000000 1.000000
65 24 11 1.000000 1.000000 1.000000
64 24 11 1.000000 1.000000 1.000000
64 24 10 1.000000 1.000000 1.000000
65 24 10 1.000000 1.000000 1.000000
66 24 11 1.000000 1.000000 1.000000
66 24 10 1.000000 1.000000 1.000000
67 24 11 1.000000 1.000000 1.000000
67 24 10 1.000000 1.000000 1.000000
68 24 11 1.000000 1.000000 1.000000
68 24 10 1.000000 1.000000 1.000000
69 24 11 1.000000 1.000000 1.000000
69 24 10 1.000000 1.000000 1.000000
70 24 11 1.000000 1.000000 1.000000
70 24 10 1.000000 1.000000 1.000000
71 24 11 1.000000 1.000000 1.000000
71 24 10 1.000000 1.000000 1.000000
71 24 9 1.000000 1.000000 1.000000
70 24 9 1.000000 1.000000 1.000000
71 24 8 1.000000 1.000000 1.000000
70 24 8 1.000000 1.000000 1.000000
71 24 7 1.000000 1.000000 1.000000
70 24 7 1.000000 1.000000 1.000000
70 24 6 1.000000 1.000000 1.000000
71 24 6 1.000000 1.000000 1.000000
71 24 1 1.000000 1.000000 1.000000
70 24 1 1.000000 1.000000 1.000000
65 25 11 1.000000 1.000000 1.000000
64 25 11 1.000000 1.000000 1.000000
64 25 10 1.000000 1.000000 1.000000
65 25 10 1.000000 1.000000 1.000000
66 25 11 1.000000 1.000000 1.000000
66 25 10 1.000000 1.000000 1.000000
67 25 11 1.000000 1.000000 1.000000
67 25 10 1.000000 1.000000 1.000000
68 25 11 1.000000 1.000000 1.000000
68 25 10 1.000000 1.000000 1.000000
69 25 11 1.000000 1.000000 1.000000
69 25 10 1.000000 1.000000 1.000000
70 25 11 1.000000 1.000000 1.000000
70 25 10 1.000000 1.000000 1.000000
71 25 11 1.000000 1.000000 1.000000
71 25 10 1.000000 1.000000 1.000000
71 25 9 1.000000 1.000000 1.000000
70 25 9 1.000000 1.000000 1.000000
71 25 8 1.000000 1.000000 1.000000
70 25 8 1.000000 1.000000 1.000000
71 25 7 1.000000 1.000000 1.000000
70 25 7 1.000000 1.000000 1.000000
70 25 6 1.000000 1.000000 1.000000
71 25 6 1.000000 1.000000 1.000000
71 25 1 1.000000 1.000000 1.000000
70 25 1 1.000000 1.000000 1.000000
65 26 11 1.000000 1.000000 1.000000
64 26 11 1.000000 1.000000 1.000000
64 26 10 1.000000 1.000000 1.000000
65 26 10 1.000000 1.000000 1.000000
66 26 11 1.000000 1.000000 1.000000
66 26 10 1.000000 1.000000 1.000000
67 26 11 1.000000 1.000000 1.000000
67 26 10 1.000000 1.000000 1.000000
68 26 11 1.000000 1.000000 1.000000
68 26 10 1.000000 1.000000 1.000000
69 26 11 1.000000 1.000000 1.000000
69 26 10 1.000000 1.000000 1.000000
70 26 11 1.000000 1.000000 1.000000
70 26 10 1.000000 1.000000 1.000000
71 26 11 1.000000 1.000000 1.000000
71 26 10 1.000000 1.000000 1.000000
71 26 9 1.000000 1.000000 1.000000
70 26 9 1.000000 1.000000 1.000000
71 26 8 1.000000 1.000000 1.000000
70 26 8 1.000000 1.000000 1.000000
71 26 7 1.000000 1.000000 1.000000
70 26 7 1.000000 1.000000 1.000000
70 26 6 1.000000 1.000000 1.000000
71 26 6 1.000000 1.000000 1.000000
71 26 1 1.000000 1.000000 1.000000
70 26 1 1.000000 1.000000 1.000000
65 27 11 1.000000 1.000000 1.000000
64 27 11 1.000000 1.000000 1.000000
64 27 10 1.000000 1.000000 1.000000
65 27 10 1.000000 1.000000 1.000000
66 27 11 1.000000 1.000000 1.000000
66 27 10 1.000000 1.000000 1.000000
67 27 11 1.000000 1.000000 1.000000
67 27 10 1.000000 1.000000 1.000000
68 27 11 1.000000 1.000000 1.000000
68 27 10 1.000000 1.000000 1.000000
69 27 11 1.000000 1.000000 1.000000
69 27 10 1.000000 1.000000 1.000000
70 27 11 1.000000 1.000000 1.000000
70 27 10 1.000000 1.000000 1.000000
71 27 11 1.000000 1.000000 1.000000
71 27 10 1.000000 1.000000 1.000000
71 27 9 1.000000 1.000000 1.000000
70 27 9 1.000000 1.000000 1.000000
71 27 8 1.000000 1.000000 1.000000
70 27 8 1.000000 1.000000 1.000000
71 27 7 1.000000 1.000000 1.000000
70 27 7 1.000000 1.000000 1.000000
70 27 6 1.000000 1.000000 1.000000
71 27 6 1.000000 1.000000 1.000000
71 27 1 1.000000 1.000000 1.000000
70 27 1 1.000000 1.000000 1.000000
0 19 11 1.000000 1.000000 1.000000
1 19 11 1.000000 1.000000 1.000000
1 20 11 1.000000 1.000000 1.000000
0 20 11 1.000000 1.000000 1.000000
0 19 10 1.000000 1.000000 1.000000
1 19 10 1.000000 1.000000 1.000000
2 19 11 1.000000 1.000000 1.000000
2 20 11 1.000000 1.000000 1.000000
2 19 10 1.000000 1.000000 1.000000
3 19 11 1.000000 1.000000 1.000000
3 20 11 1.000000 1.000000 1.000000
3 19 10 1.000000 1.000000 1.000000
4 19 11 1.000000 1.000000 1.000000
4 20 11 1.000000 1.000000 1.000000
4 19 10 1.000000 1.000000 1.000000
5 19 11 1.000000 1.000000 1.000000
5 20 11 1.000000 1.000000 1.000000
5 19 10 1.000000 1.000000 1.000000
6 19 11 1.000000 1.000000 1.000000
6 20 11 1.000000 1.000000 1.000000
6 19 10 1.000000 1.000000 1.000000
7 19 11 1.000000 1.000000 1.000000
7 20 11 1.000000 1.000000 1.000000
7 19 10 1.000000 1.000000 1.000000
8 19 11 1.000000 1.000000 1.000000
8 20 11 1.000000 1.000000 1.000000
8 19 10 1.000000 1.000000 1.000000
9 19 11 1.000000 1.000000 1.000000
9 20 11 1.000000 1.000000 1.000000
9 19 10 1.000000 1.000000 1.000000
10 19 11 1.000000 1.000000 1.000000
10 20 11 1.000000 1.000000 1.000000
10 19 10 1.000000 1.000000 1.000000
11 19 11 1.000000 1.000000 1.000000
11 20 11 1.000000 1.000000 1.000000
11 19 10 1.000000 1.000000 1.000000
12 19 11 1.000000 1.000000 1.000000
12 20 11 1.000000 1.000000 1.000000
12 19 10 1.000000 1.000000 1.000000
13 19 11 1.000000 1.000000 1.000000
13 20 11 1.000000 1.000000 1.000000
13 19 10 1.000000 1.000000 1.000000
14 19 11 1.000000 1.000000 1.000000
14 20 11 1.000000 1.000000 1.000000
14 19 10 1.000000 1.000000 1.000000
15 19 11 1.000000 1.000000 1.000000
15 20 11 1.000000 1.000000 1.000000
15 19 10 1.000000 1.000000 1.000000
16 19 11 1.000000 1.000000 1.000000
16 20 11 1.000000 1.000000 1.000000
16 19 10 1.000000 1.000000 1.000000
0 19 9 1.000000 1.000000 1.000000
1 19 9 1.000000 1.000000 1.000000
1 20 10 1.000000 1.000000 1.000000
1 20 9 1.000000 1.000000 1.000000
0 20 9 1.000000 1.000000 1.000000
0 20 10 1.000000 1.000000 1.000000
2 19 9 1.000000 1.000000 1.000000
2 20 10 1.000000 1.000000 1.000000
2 20 9 1.000000 1.000000 1.000000
3 19 9 1.000000 1.000000 1.000000
3 20 10 1.000000 1.000000 1.000000
3 20 9 1.000000 1.000000 1.000000
4 19 9 1.000000 1.000000 1.000000
4 20 10 1.000000 1.000000 1.000000
4 20 9 1.000000 1.000000 1.000000
5 19 9 1.000000 1.000000 1.000000
5 20 10 1.000000 1.000000 1.000000
5 20 9 1.000000 1.000000 1.000000
6 19 9 1.000000 1.000000 1.000000
6 20 10 1.000000 1.000000 1.000000
6 20 9 1.000000 1.000000 1.000000
7 19 9 1.000000 1.000000 1.000000
7 20 10 1.000000 1.000000 1.000000
7 20 9 1.000000 1.000000 1.000000
8 19 9 1.000000 1.000000 1.000000
8 20 10 1.000000 1.000000 1.000000
8 20 9 1.000000 1.000000 1.000000
9 19 9 1.000000 1.000000 1.000000
9 20 10 1.000000 1.000000 1.000000
9 20 9 1.000000 1.000000 1.000000
10 19 9 1.000000 1.000000 1.000000
10 20 10 1.000000 1.000000 1.000000
10 20 9 1.000000 1.000000 1.000000
11 19 9 1.000000 1.000000 1.000000
11 20 10 1.000000 1.000000 1.000000
11 20 9 1.000000 1.000000 1.000000
12 19 9 1.000000 1.000000 1.000000
12 20 10 1.000000 1.000000 1.000000
12 20 9 1.000000 1.000000 1.000000
13 19 9 1.000000 1.000000 1.000000
13 20 10 1.000000 1.000000 1.000000
13 20 9 1.000000 1.000000 1.000000
14 19 9 1.000000 1.000000 1.000000
14 20 10 1.000000 1.000000 1.000000
14 20 9 1.000000 1.000000 1.000000
15 19 9 1.000000 1.000000 1.000000
15 20 10 1.000000 1.000000 1.000000
15 20 9 1.000000 1.000000 1.000000
16 19 9 1.000000 1.000000 1.000000
16 20 10 1.000000 1.000000 1.000000
16 20 9 1.000000 1.000000 1.000000
0 19 8 1.000000 1.000000 1.000000
1 19 8 1.000000 1.000000 1.000000
1 20 8 1.000000 1.000000 1.000000
0 20 8 1.000000 1.000000 1.000000
2 19 8 1.000000 1.000000 1.000000
2 20 8 1.000000 1.000000 1.000000
3 19 8 1.000000 1.000000 1.000000
3 20 8 1.000000 1.000000 1.000000
4 19 8 1.000000 1.000000 1.000000
4 20 8 1.000000 1.000000 1.000000
5 19 8 1.000000 1.000000 1.000000
5 20 8 1.000000 1.000000 1.000000
6 19 8 1.000000 1.000000 1.000000
6 20 8 1.000000 1.000000 1.000000
7 19 8 1.000000 1.000000 1.000000
7 20 8 1.000000 1.000000 1.000000
8 19 8 1.000000 1.000000 1.000000
8 20 8 1.000000 1.000000 1.000000
9 19 8 1.000000 1.000000 1.000000
9 20 8 1.000000 1.000000 1.000000
10 19 8 1.000000 1.000000 1.000000
10 20 8 1.000000 1.000000 1.000000
11 19 8 1.000000 1.000000 1.000000
11 20 8 1.000000 1.000000 1.000000
12 19 8 1.000000 1.000000 1.000000
12 20 8 1.000000 1.000000 1.000000
13 19 8 1.000000 1.000000 1.000000
13 20 8 1.000000 1.000000 1.000000
14 19 8 1.000000 1.000000 1.000000
14 20 8 1.000000 1.000000 1.000000
15 19 8 1.000000 1.000000 1.000000
15 20 8 1.000000 1.000000 1.000000
16 19 8 1.000000 1.000000 1.000000
16 20 8 1.000000 1.000000 1.000000
0 19 7 1.000000 1.000000 1.000000
1 19 7 1.000000 1.000000 1.000000
1 20 7 1.000000 1.000000 1.000000
0 20 7 1.000000 1.000000 1.000000
2 19 7 1.000000 1.000000 1.000000
2 20 7 1.000000 1.000000 1.000000
3 19 7 1.000000 1.000000 1.000000
3 20 7 1.000000 1.000000 1.000000
4 19 7 1.000000 1.000000 1.000000
4 20 7 1.000000 1.000000 1.000000
5 19 7 1.000000 1.000000 1.000000
5 20 7 1.000000 1.000000 1.000000
6 19 7 1.000000 1.000000 1.000000
6 20 7 1.000000 1.000000 1.000000
7 19 7 1.000000 1.000000 1.000000
7 20 7 1.000000 1.000000 1.000000
8 19 7 1.000000 1.000000 1.000000
8 20 7 1.000000 1.000000 1.000000
9 19 7 1.000000 1.000000 1.000000
9 20 7 1.000000 1.000000 1.000000
10 19 7 1.000000 1.000000 1.000000
10 20 7 1.000000 1.000000 1.000000
11 19 7 1.000000 1.000000 1.000000
11 20 7 1.000000 1.000000 1.000000
12 19 7 1.000000 1.000000 1.000000
12 20 7 1.000000 1.000000 1.000000
13 19 7 1.000000 1.000000 1.000000
13 20 7 1.000000 1.000000 1.000000
14 19 7 1.000000 1.000000 1.000000
14 20 7 1.000000 1.000000 1.000000
15 19 7 1.000000 1.000000 1.000000
15 20 7 1.000000 1.000000 1.000000
16 19 7 1.000000 1.000000 1.000000
16 20 7 1.000000 1.000000 1.000000
0 19 6 1.000000 1.000000 1.000000
1 19 6 1.000000 1.000000 1.000000
1 20 6 1.000000 1.000000 1.000000
0 20 6 1.000000 1.000000 1.000000
2 19 6 1.000000 1.000000 1.000000
2 20 6 1.000000 1.000000 1.000000
3 19 6 1.000000 1.000000 1.000000
3 20 6 1.000000 1.000000 1.000000
4 19 6 1.000000 1.000000 1.000000
4 20 6 1.000000 1.000000 1.000000
5 19 6 1.000000 1.000000 1.000000
5 20 6 1.000000 1.000000 1.000000
6 19 6 1.000000 1.000000 1.000000
6 20 6 1.000000 1.000000 1.000000
7 19 6 1.000000 1.000000 1.000000
7 20 6 1.000000 1.000000 1.000000
8 19 6 1.000000 1.000000 1.000000
8 20 6 1.000000 1.000000 1.000000
9 19 6 1.000000 1.000000 1.000000
9 20 6 1.000000 1.000000 1.000000
10 19 6 1.000000 1.000000 1.000000
10 20 6 1.000000 1.000000 1.000000
11 19 6 1.000000 1.000000 1.000000
11 20 6 1.000000 1.000000 1.000000
12 19 6 1.000000 1.000000 1.000000
12 20 6 1.000000 1.000000 1.000000
13 19 6 1.000000 1.000000 1.000000
13 20 6 1.000000 1.000000 1.000000
14 19 6 1.000000 1.000000 1.000000
14 20 6 1.000000 1.000000 1.000000
15 19 6 1.000000 1.000000 1.000000
15 20 6 1.000000 1.000000 1.000000
16 19 6 1.000000 1.000000 1.000000
16 20 6 1.000000 1.000000 1.000000
0 19 5 1.000000 1.000000 1.000000
1 19 5 1.000000 1.000000 1.000000
1 20 5 1.000000 1.000000 1.000000
0 20 5 1.000000 1.000000 1.000000
2 19 5 1.000000 1.000000 1.000000
2 20 5 1.000000 1.000000 1.000000
3 19 5 1.000000 1.000000 1.000000
3 20 5 1.000000 1.000000 1.000000
4 19 5 1.000000 1.000000 1.000000
4 20 5 1.000000 1.000000 1.000000
5 19 5 1.000000 1.000000 1.000000
5 20 5 1.000000 1.000000 1.000000
6 19 5 1.000000 1.000000 1.000000
6 20 5 1.000000 1.000000 1.000000
7 19 5 1.000000 1.000000 1.000000
7 20 5 1.000000 1.000000 1.000000
8 19 5 1.000000 1.000000 1.000000
8 20 5 1.000000 1.000000 1.000000
9 19 5 1.000000 1.000000 1.000000
9 20 5 1.000000 1.000000 1.000000
10 19 5 1.000000 1.000000 1.000000
10 20 5 1.000000 1.000000 1.000000
11 19 5 1.000000 1.000000 1.000000
11 20 5 1.000000 1.000000 1.000000
12 19 5 1.000000 1.000000 1.000000
12 20 5 1.000000 1.000000 1.000000
13 19 5 1.000000 1.000000 1.000000
13 20 5 1.000000 1.000000 1.000000
14 19 5 1.000000 1.000000 1.000000
14 20 5 1.000000 1.000000 1.000000
15 19 5 1.000000 1.000000 1.000000
15 20 5 1.000000 1.000000 1.000000
16 19 5 1.000000 1.000000 1.000000
16 20 5 1.000000 1.000000 1.000000
0 19 4 1.000000 1.000000 1.000000
1 19 4 1.000000 1.000000 1.000000
1 20 4 1.000000 1.000000 1.000000
0 20 4 1.000000 1.000000 1.000000
2 19 4 1.000000 1.000000 1.000000
2 20 4 1.000000 1.000000 1.000000
3 19 4 1.000000 1.000000 1.000000
3 20 4 1.000000 1.000000 1.000000
4 19 4 1.000000 1.000000 1.000000
4 20 4 1.000000 1.000000 1.000000
5 19 4 1.000000 1.000000 1.000000
5 20 4 1.000000 1.000000 1.000000
6 19 4 1.000000 1.000000 1.000000
6 20 4 1.000000 1.000000 1.000000
7 19 4 1.000000 1.000000 1.000000
7 20 4 1.000000 1.000000 1.000000
8 19 4 1.000000 1.000000 1.000000
8 20 4 1.000000 1.000000 1.000000
9 19 4 1.000000 1.000000 1.000000
9 20 4 1.000000 1.000000 1.000000
10 19 4 1.000000 1.000000 1.000000
10 20 4 1.000000 1.000000 1.000000
11 19 4 1.000000 1.000000 1.000000
11 20 4 1.000000 1.000000 1.000000
12 19 4 1.000000 1.000000 1.000000
12 20 4 1.000000 1.000000 1.000000
13 19 4 1.000000 1.000000 1.000000
13 20 4 1.000000 1.000000 1.000000
14 19 4 1.000000 1.000000 1.000000
14 20 4 1.000000 1.000000 1.000000
15 19 4 1.000000 1.000000 1.000000
15 20 4 1.000000 1.000000 1.000000
16 19 4 1.000000 1.000000 1.000000
16 20 4 1.000000 1.000000 1.000000
0 19 3 1.000000 1.000000 1.000000
1 19 3 1.000000 1.000000 1.000000
1 20 3 1.000000 1.000000 1.000000
0 20 3 1.000000 1.000000 1.000000
2 19 3 1.000000 1.000000 1.000000
2 20 3 1.000000 1.000000 1.000000
3 19 3 1.000000 1.000000 1.000000
3 20 3 1.000000 1.000000 1.000000
4 19 3 1.000000 1.000000 1.000000
4 20 3 1.000000 1.000000 1.000000
5 19 3 1.000000 1.000000 1.000000
5 20 3 1.000000 1.000000 1.000000
6 19 3 1.000000 1.000000 1.000000
6 20 3 1.000000 1.000000 1.000000
7 19 3 1.000000 1.000000 1.000000
7 20 3 1.000000 1.000000 1.000000
8 19 3 1.000000 1.000000 1.000000
8 20 3 1.000000 1.000000 1.000000
9 19 3 1.000000 1.000000 1.000000
9 20 3 1.000000 1.000000 1.000000
10 19 3 1.000000 1.000000 1.000000
10 20 3 1.000000 1.000000 1.000000
11 19 3 1.000000 1.000000 1.000000
11 20 3 1.000000 1.000000 1.000000
12 19 3 1.000000 1.000000 1.000000
12 20 3 1.000000 1.000000 1.000000
13 19 3 1.000000 1.000000 1.000000
13 20 3 1.000000 1.000000 1.000000
14 19 3 1.000000 1.000000 1.000000
14 20 3 1.000000 1.000000 1.000000
15 19 3 1.000000 1.000000 1.000000
15 20 3 1.000000 1.000000 1.000000
16 19 3 1.000000 1.000000 1.000000
16 20 3 1.000000 1.000000 1.000000
0 19 2 1.000000 1.000000 1.000000
1 19 2 1.000000 1.000000 1.000000
1 20 2 1.000000 1.000000 1.000000
0 20 2 1.000000 1.000000 1.000000
2 19 2 1.000000 1.000000 1.000000
2 20 2 1.000000 1.000000 1.000000
3 19 2 1.000000 1.000000 1.000000
3 20 2 1.000000 1.000000 1.000000
4 19 2 1.000000 1.000000 1.000000
4 20 2 1.000000 1.000000 1.000000
5 19 2 1.000000 1.000000 1.000000
5 20 2 1.000000 1.000000 1.000000
6 19 2 1.000000 1.000000 1.000000
6 20 2 1.000000 1.000000 1.000000
7 19 2 1.000000 1.000000 1.000000
7 20 2 1.000000 1.000000 1.000000
8 19 2 1.000000 1.000000 1.000000
8 20 2 1.000000 1.000000 1.000000
9 19 2 1.000000 1.000000 1.000000
9 20 2 1.000000 1.000000 1.000000
10 19 2 1.000000 1.000000 1.000000
10 20 2 1.000000 1.000000 1.000000
11 19 2 1.000000 1.000000 1.000000
11 20 2 1.000000 1.000000 1.000000
12 19 2 1.000000 1.000000 1.000000
12 20 2 1.000000 1.000000 1.000000
13 19 2 1.000000 1.000000 1.000000
13 20 2 1.000000 1.000000 1.000000
14 19 2 1.000000 1.000000 1.000000
14 20 2 1.000000 1.000000 1.000000
15 19 2 1.000000 1.000000 1.000000
15 20 2 1.000000 1.000000 1.000000
16 19 2 1.000000 1.000000 1.000000
16 20 2 1.000000 1.000000 1.000000
0 19 1 1.000000 1.000000 1.000000
1 19 1 1.000000 1.000000 1.000000
1 20 1 1.000000 1.000000 1.000000
0 20 1 1.000000 1.000000 1.000000
2 19 1 1.000000 1.000000 1.000000
2 20 1 1.000000 1.000000 1.000000
3 19 1 1.000000 1.000000 1.000000
3 20 1 1.000000 1.000000 1.000000
4 19 1 1.000000 1.000000 1.000000
4 20 1 1.000000 1.000000 1.000000
5 19 1 1.000000 1.000000 1.000000
5 20 1 1.000000 1.000000 1.000000
6 19 1 1.000000 1.000000 1.000000
6 20 1 1.000000 1.000000 1.000000
7 19 1 1.000000 1.000000 1.000000
7 20 1 1.000000 1.000000 1.000000
8 19 1 1.000000 1.000000 1.000000
8 20 1 1.000000 1.000000 1.000000
9 19 1 1.000000 1.000000 1.000000
9 20 1 1.000000 1.000000 1.000000
10 19 1 1.000000 1.000000 1.000000
10 20 1 1.000000 1.000000 1.000000
11 19 1 1.000000 1.000000 1.000000
11 20 1 1.000000 1.000000 1.000000
12 19 1 1.000000 1.000000 1.000000
12 20 1 1.000000 1.000000 1.000000
13 19 1 1.000000 1.000000 1.000000
13 20 1 1.000000 1.000000 1.000000
14 19 1 1.000000 1.000000 1.000000
14 20 1 1.000000 1.000000 1.000000
15 19 1 1.000000 1.000000 1.000000
15 20 1 1.000000 1.000000 1.000000
16 19 1 1.000000 1.000000 1.000000
16 20 1 1.000000 1.000000 1.000000
0 19 0 1.000000 1.000000 1.000000
1 19 0 1.000000 1.000000 1.000000
1 20 0 1.000000 1.000000 1.000000
0 20 0 1.000000 1.000000 1.000000
2 19 0 1.000000 1.000000 1.000000
2 20 0 1.000000 1.000000 1.000000
3 19 0 1.000000 1.000000 1.000000
3 20 0 1.000000 1.000000 1.000000
4 19 0 1.000000 1.000000 1.000000
4 20 0 1.000000 1.000000 1.000000
5 19 0 1.000000 1.000000 1.000000
5 20 0 1.000000 1.000000 1.000000
6 19 0 1.000000 1.000000 1.000000
6 20 0 1.000000 1.000000 1.000000
7 19 0 1.000000 1.000000 1.000000
7 20 0 1.000000 1.000000 1.000000
8 19 0 1.000000 1.000000 1.000000
8 20 0 1.000000 1.000000 1.000000
9 19 0 1.000000 1.000000 1.000000
9 20 0 1.000000 1.000000 1.000000
10 19 0 1.000000 1.000000 1.000000
10 20 0 1.000000 1.000000 1.000000
11 19 0 1.000000 1.000000 1.000000
11 20 0 1.000000 1.000000 1.000000
12 19 0 1.000000 1.000000 1.000000
12 20 0 1.000000 1.000000 1.000000
13 19 0 1.000000 1.000000 1.000000
13 20 0 1.000000 1.000000 1.000000
14 19 0 1.000000 1.000000 1.000000
14 20 0 1.000000 1.000000 1.000000
15 19 0 1.000000 1.000000 1.000000
15 20 0 1.000000 1.000000 1.000000
16 19 0 1.000000 1.000000 1.000000
16 20 0 1.000000 1.000000 1.000000
1 21 11 1.000000 1.000000 1.000000
0 21 11 1.000000 1.000000 1.000000
0 21 10 1.000000 1.000000 1.000000
1 21 10 1.000000 1.000000 1.000000
2 21 11 1.000000 1.000000 1.000000
2 21 10 1.000000 1.000000 1.000000
3 21 11 1.000000 1.000000 1.000000
3 21 10 1.000000 1.000000 1.000000
4 21 11 1.000000 1.000000 1.000000
4 21 10 1.000000 1.000000 1.000000
5 21 11 1.000000 1.000000 1.000000
5 21 10 1.000000 1.000000 1.000000
6 21 11 1.000000 1.000000 1.000000
6 21 10 1.000000 1.000000 1.000000
7 21 11 1.000000 1.000000 1.000000
7 21 10 1.000000 1.000000 1.000000
8 21 11 1.000000 1.000000 1.000000
8 21 10 1.000000 1.000000 1.000000
9 21 11 1.000000 1.000000 1.000000
9 21 10 1.000000 1.000000 1.000000
10 21 11 1.000000 1.000000 1.000000
10 21 10 1.000000 1.000000 1.000000
11 21 11 1.000000 1.000000 1.000000
11 21 10 1.000000 1.000000 1.000000
12 21 11 1.000000 1.000000 1.000000
12 21 10 1.000000 1.000000 1.000000
13 21 11 1.000000 1.000000 1.000000
13 21 10 1.000000 1.000000 1.000000
14 21 11 1.000000 1.000000 1.000000
14 21 10 1.000000 1.000000 1.000000
15 21 11 1.000000 1.000000 1.000000
15 21 10 1.000000 1.000000 1.000000
16 21 11 1.000000 1.000000 1.000000
16 21 10 1.000000 1.000000 1.000000
1 22 11 1.000000 1.000000 1.000000
0 22 11 1.000000 1.000000 1.000000
0 22 10 1.000000 1.000000 1.000000
1 22 10 1.000000 1.000000 1.000000
2 22 11 1.000000 1.000000 1.000000
2 22 10 1.000000 1.000000 1.000000
3 22 11 1.000000 1.000000 1.000000
3 22 10 1.000000 1.000000 1.000000
4 22 11 1.000000 1.000000 1.000000
4 22 10 1.000000 1.000000 1.000000
5 22 11 1.000000 1.000000 1.000000
5 22 10 1.000000 1.000000 1.000000
6 22 11 1.000000 1.000000 1.000000
6 22 10 1.000000 1.000000 1.000000
7 22 11 1.000000 1.000000 1.000000
7 22 10 1.000000 1.000000 1.000000
8 22 11 1.000000 1.000000 1.000000
8 22 10 1.000000 1.000000 1.000000
9 22 11 1.000000 1.000000 1.000000
9 22 10 1.000000 1.000000 1.000000
10 22 11 1.000000 1.000000 1.000000
10 22 10 1.000000 1.000000 1.000000
11 22 11 1.000000 1.000000 1.000000
11 22 10 1.000000 1.000000 1.000000
12 22 11 1.000000 1.000000 1.000000
12 22 10 1.000000 1.000000 1.000000
13 22 11 1.000000 1.000000 1.000000
13 22 10 1.000000 1.000000 1.000000
14 22 11 1.000000 1.000000 1.000000
14 22 10 1.000000 1.000000 1.000000
15 22 11 1.000000 1.000000 1.000000
15 22 10 1.000000 1.000000 1.000000
16 22 11 1.000000 1.000000 1.000000
16 22 10 1.000000 1.000000 1.000000
1 23 11 1.000000 1.000000 1.000000
0 23 11 1.000000 1.000000 1.000000
0 23 10 1.000000 1.000000 1.000000
1 23 10 1.000000 1.000000 1.000000
2 23 11 1.000000 1.000000 1.000000
2 23 10 1.000000 1.000000 1.000000
3 23 11 1.000000 1.000000 1.000000
3 23 10 1.000000 1.000000 1.000000
4 23 11 1.000000 1.000000 1.000000
4 23 10 1.000000 1.000000 1.000000
5 23 11 1.000000 1.000000 1.000000
5 23 10 1.000000 1.000000 1.000000
6 23 11 1.000000 1.000000 1.000000
6 23 10 1.000000 1.000000 1.000000
7 23 11 1.000000 1.000000 1.000000
7 23 10 1.000000 1.000000 1.000000
8 23 11 1.000000 1.000000 1.000000
8 23 10 1.000000 1.000000 1.000000
9 23 11 1.000000 1.000000 1.000000
9 23 10 1.000000 1.000000 1.000000
10 23 11 1.000000 1.000000 1.000000
10 23 10 1.000000 1.000000 1.000000
11 23 11 1.000000 1.000000 1.000000
11 23 10 1.000000 1.000000 1.000000
12 23 11 1.000000 1.000000 1.000000
12 23 10 1.000000 1.000000 1.000000
13 23 11 1.000000 1.000000 1.000000
13 23 10 1.000000 1.000000 1.000000
14 23 11 1.000000 1.000000 1.000000
14 23 10 1.000000 1.000000 1.000000
15 23 11 1.000000 1.000000 1.000000
15 23 10 1.000000 1.000000 1.000000
16 23 11 1.000000 1.000000 1.000000
16 23 10 1.000000 1.000000 1.000000
1 24 11 1.000000 1.000000 1.000000
0 24 11 1.000000 1.000000 1.000000
0 24 10 1.000000 1.000000 1.000000
1 24 10 1.000000 1.000000 1.000000
2 24 11 1.000000 1.000000 1.000000
2 24 10 1.000000 1.000000 1.000000
3 24 11 1.000000 1.000000 1.000000
3 24 10 1.000000 1.000000 1.000000
4 24 11 1.000000 1.000000 1.000000
4 24 10 1.000000 1.000000 1.000000
5 24 11 1.000000 1.000000 1.000000
5 24 10 1.000000 1.000000 1.000000
6 24 11 1.000000 1.000000 1.000000
6 24 10 1.000000 1.000000 1.000000
7 24 11 1.000000 1.000000 1.000000
7 24 10 1.000000 1.000000 1.000000
8 24 11 1.000000 1.000000 1.000000
8 24 10 1.000000 1.000000 1.000000
9 24 11 1.000000 1.000000 1.000000
9 24 10 1.000000 1.000000 1.000000
10 24 11 1.000000 1.000000 1.000000
10 24 10 1.000000 1.000000 1.000000
11 24 11 1.000000 1.000000 1.000000
11 24 10 1.000000 1.000000 1.000000
12 24 11 1.000000 1.000000 1.000000
12 24 10 1.000000 1.000000 1.000000
13 24 11 1.000000 1.000000 1.000000
13 24 10 1.000000 1.000000 1.000000
14 24 11 1.000000 1.000000 1.000000
14 24 10 1.000000 1.000000 1.000000
15 24 11 1.000000 1.000000 1.000000
15 24 10 1.000000 1.000000 1.000000
16 24 11 1.000000 1.000000 1.000000
16 24 10 1.000000 1.000000 1.000000
1 25 11 1.000000 1.000000 1.000000
0 25 11 1.000000 1.000000 1.000000
0 25 10 1.000000 1.000000 1.000000
1 25 10 1.000000 1.000000 1.000000
2 25 11 1.000000 1.000000 1.000000
2 25 10 1.000000 1.000000 1.000000
3 25 11 1.000000 1.000000 1.000000
3 25 10 1.000000 1.000000 1.000000
4 25 11 1.000000 1.000000 1.000000
4 25 10 1.000000 1.000000 1.000000
5 25 11 1.000000 1.000000 1.000000
5 25 10 1.000000 1.000000 1.000000
6 25 11 1.000000 1.000000 1.000000
6 25 10 1.000000 1.000000 1.000000
7 25 11 1.000000 1.000000 1.000000
7 25 10 1.000000 1.000000 1.000000
8 25 11 1.000000 1.000000 1.000000
8 25 10 1.000000 1.000000 1.000000
9 25 11 1.000000 1.000000 1.000000
9 25 10 1.000000 1.000000 1.000000
10 25 11 1.000000 1.000000 1.000000
10 25 10 1.000000 1.000000 1.000000
11 25 11 1.000000 1.000000 1.000000
11 25 10 1.000000 1.000000 1.000000
12 25 11 1.000000 1.000000 1.000000
12 25 10 1.000000 1.000000 1.000000
13 25 11 1.000000 1.000000 1.000000
13 25 10 1.000000 1.000000 1.000000
14 25 11 1.000000 1.000000 1.000000
14 25 10 1.000000 1.000000 1.000000
15 25 11 1.000000 1.000000 1.000000
15 25 10 1.000000 1.000000 1.000000
16 25 11 1.000000 1.000000 1.000000
16 25 10 1.000000 1.000000 1.000000
1 26 11 1.000000 1.000000 1.000000
0 26 11 1.000000 1.000000 1.000000
0 26 10 1.000000 1.000000 1.000000
1 26 10 1.000000 1.000000 1.000000
2 26 11 1.000000 1.000000 1.000000
2 26 10 1.000000 1.000000 1.000000
3 26 11 1.000000 1.000000 1.000000
3 26 10 1.000000 1.000000 1.000000
4 26 11 1.000000 1.000000 1.000000
4 26 10 1.000000 1.000000 1.000000
5 26 11 1.000000 1.000000 1.000000
5 26 10 1.000000 1.000000 1.000000
6 26 11 1.000000 1.000000 1.000000
6 26 10 1.000000 1.000000 1.000000
7 26 11 1.000000 1.000000 1.000000
7 26 10 1.000000 1.000000 1.000000
8 26 11 1.000000 1.000000 1.000000
8 26 10 1.000000 1.000000 1.000000
9 26 11 1.000000 1.000000 1.000000
9 26 10 1.000000 1.000000 1.000000
10 26 11 1.000000 1.000000 1.000000
10 26 10 1.000000 1.000000 1.000000
11 26 11 1.000000 1.000000 1.000000
11 26 10 1.000000 1.000000 1.000000
12 26 11 1.000000 1.000000 1.000000
12 26 10 1.000000 1.000000 1.000000
13 26 11 1.000000 1.000000 1.000000
13 26 10 1.000000 1.000000 1.000000
14 26 11 1.000000 1.000000 1.000000
14 26 10 1.000000 1.000000 1.000000
15 26 11 1.000000 1.000000 1.000000
15 26 10 1.000000 1.000000 1.000000
16 26 11 1.000000 1.000000 1.000000
16 26 10 1.000000 1.000000 1.000000
1 27 11 1.000000 1.000000 1.000000
0 27 11 1.000000 1.000000 1.000000
0 27 10 1.000000 1.000000 1.000000
1 27 10 1.000000 1.000000 1.000000
2 27 11 1.000000 1.000000 1.000000
2 27 10 1.000000 1.000000 1.000000
3 27 11 1.000000 1.000000 1.000000
3 27 10 1.000000 1.000000 1.000000
4 27 11 1.000000 1.000000 1.000000
4 27 10 1.000000 1.000000 1.000000
5 27 11 1.000000 1.000000 1.000000
5 27 10 1.000000 1.000000 1.000000
6 27 11 1.000000 1.000000 1.000000
6 27 10 1.000000 1.000000 1.000000
7 27 11 1.000000 1.000000 1.000000
7 27 10 1.000000 1.000000 1.000000
8 27 11 1.000000 1.000000 1.000000
8 27 10 1.000000 1.000000 1.000000
9 27 11 1.000000 1.000000 1.000000
9 27 10 1.000000 1.000000 1.000000
10 27 11 1.000000 1.000000 1.000000
10 27 10 1.000000 1.000000 1.000000
11 27 11 1.000000 1.000000 1.000000
11 27 10 1.000000 1.000000 1.000000
12 27 11 1.000000 1.000000 1.000000
12 27 10 1.000000 1.000000 1.000000
13 27 11 1.000000 1.000000 1.000000
13 27 10 1.000000 1.000000 1.000000
14 27 11 1.000000 1.000000 1.000000
14 27 10 1.000000 1.000000 1.000000
15 27 11 1.000000 1.000000 1.000000
15 27 10 1.000000 1.000000 1.000000
16 27 11 1.000000 1.000000 1.000000
16 27 10 1.000000 1.000000 1.000000
17 19 11 1.000000 1.000000 1.000000
17 20 11 1.000000 1.000000 1.000000
17 19 10 1.000000 1.000000 1.000000
18 19 11 1.000000 1.000000 1.000000
18 20 11 1.000000 1.000000 1.000000
18 19 10 1.000000 1.000000 1.000000
19 19 11 1.000000 1.000000 1.000000
19 20 11 1.000000 1.000000 1.000000
19 19 10 1.000000 1.000000 1.000000
20 19 11 1.000000 1.000000 1.000000
20 20 11 1.000000 1.000000 1.000000
20 19 10 1.000000 1.000000 1.000000
21 19 11 1.000000 1.000000 1.000000
21 20 11 1.000000 1.000000 1.000000
21 19 10 1.000000 1.000000 1.000000
22 19 11 1.000000 1.000000 1.000000
22 20 11 1.000000 1.000000 1.000000
22 19 10 1.000000 1.000000 1.000000
23 19 11 1.000000 1.000000 1.000000
23 20 11 1.000000 1.000000 1.000000
23 19 10 1.000000 1.000000 1.000000
24 19 11 1.000000 1.000000 1.000000
24 20 11 1.000000 1.000000 1.000000
24 19 10 1.000000 1.000000 1.000000
25 19 11 1.000000 1.000000 1.000000
25 20 11 1.000000 1.000000 1.000000
25 19 10 1.000000 1.000000 1.000000
26 19 11 1.000000 1.000000 1.000000
26 20 11 1.000000 1.000000 1.000000
26 19 10 1.000000 1.000000 1.000000
27 19 11 1.000000 1.000000 1.000000
27 20 11 1.000000 1.000000 1.000000
27 19 10 1.000000 1.000000 1.000000
28 19 11 1.000000 1.000000 1.000000
28 20 11 1.000000 1.000000 1.000000
28 19 10 1.000000 1.000000 1.000000
29 19 11 1.000000 1.000000 1.000000
29 20 11 1.000000 1.000000 1.000000
29 19 10 1.000000 1.000000 1.000000
30 19 11 1.000000 1.000000 1.000000
30 20 11 1.000000 1.000000 1.000000
30 19 10 1.000000 1.000000 1.000000
31 19 11 1.000000 1.000000 1.000000
31 20 11 1.000000 1.000000 1.000000
31 19 10 1.000000 1.000000 1.000000
32 19 11 1.000000 1.000000 1.000000
32 20 11 1.000000 1.000000 1.000000
32 19 10 1.000000 1.000000 1.000000
17 19 9 1.000000 1.000000 1.000000
17 20 10 1.000000 1.000000 1.000000
17 20 9 1.000000 1.000000 1.000000
18 19 9 1.000000 1.000000 1.000000
18 20 10 1.000000 1.000000 1.000000
18 20 9 1.000000 1.000000 1.000000
19 19 9 1.000000 1.000000 1.000000
19 20 10 1.000000 1.000000 1.000000
19 20 9 1.000000 1.000000 1.000000
20 19 9 1.000000 1.000000 1.000000
20 20 10 1.000000 1.000000 1.000000
20 20 9 1.000000 1.000000 1.000000
21 19 9 1.000000 1.000000 1.000000
21 20 10 1.000000 1.000000 1.000000
21 20 9 1.000000 1.000000 1.000000
22 19 9 1.000000 1.000000 1.000000
22 20 10 1.000000 1.000000 1.000000
22 20 9 1.000000 1.000000 1.000000
23 19 9 1.000000 1.000000 1.000000
23 20 10 1.000000 1.000000 1.000000
23 20 9 1.000000 1.000000 1.000000
24 19 9 1.000000 1.000000 1.000000
24 20 10 1.000000 1.000000 1.000000
24 20 9 1.000000 1.000000 1.000000
25 19 9 1.000000 1.000000 1.000000
25 20 10 1.000000 1.000000 1.000000
25 20 9 1.000000 1.000000 1.000000
26 19 9 1.000000 1.000000 1.000000
26 20 10 1.000000 1.000000 1.000000
26 20 9 1.000000 1.000000 1.000000
27 19 9 1.000000 1.000000 1.000000
27 20 10 1.000000 1.000000 1.000000
27 20 9 1.000000 1.000000 1.000000
28 19 9 1.000000 1.000000 1.000000
28 20 10 1.000000 1.000000 1.000000
28 20 9 1.000000 1.000000 1.000000
29 19 9 1.000000 1.000000 1.000000
29 20 10 1.000000 1.000000 1.000000
29 20 9 1.000000 1.000000 1.000000
30 19 9 1.000000 1.000000 1.000000
30 20 10 1.000000 1.000000 1.000000
30 20 9 1.000000 1.000000 1.000000
31 19 9 1.000000 1.000000 1.000000
31 20 10 1.000000 1.000000 1.000000
31 20 9 1.000000 1.000000 1.000000
32 19 9 1.000000 1.000000 1.000000
32 20 10 1.000000 1.000000 1.000000
32 20 9 1.000000 1.000000 1.000000
17 19 8 1.000000 1.000000 1.000000
17 20 8 1.000000 1.000000 1.000000
18 19 8 1.000000 1.000000 1.000000
18 20 8 1.000000 1.000000 1.000000
19 19 8 1.000000 1.000000 1.000000
19 20 8 1.000000 1.000000 1.000000
20 19 8 1.000000 1.000000 1.000000
20 20 8 1.000000 1.000000 1.000000
21 19 8 1.000000 1.000000 1.000000
21 20 8 1.000000 1.000000 1.000000
22 19 8 1.000000 1.000000 1.000000
22 20 8 1.000000 1.000000 1.000000
23 19 8 1.000000 1.000000 1.000000
23 20 8 1.000000 1.000000 1.000000
24 19 8 1.000000 1.000000 1.000000
24 20 8 1.000000 1.000000 1.000000
25 19 8 1.000000 1.000000 1.000000
25 20 8 1.000000 1.000000 1.000000
26 19 8 1.000000 1.000000 1.000000
26 20 8 1.000000 1.000000 1.000000
27 19 8 1.000000 1.000000 1.000000
27 20 8 1.000000 1.000000 1.000000
28 19 8 1.000000 1.000000 1.000000
28 20 8 1.000000 1.000000 1.000000
29 19 8 1.000000 1.000000 1.000000
29 20 8 1.000000 1.000000 1.000000
30 19 8 1.000000 1.000000 1.000000
30 20 8 1.000000 1.000000 1.000000
31 19 8 1.000000 1.000000 1.000000
31 20 8 1.000000 1.000000 1.000000
32 19 8 1.000000 1.000000 1.000000
32 20 8 1.000000 1.000000 1.000000
17 19 7 1.000000 1.000000 1.000000
17 20 7 1.000000 1.000000 1.000000
18 19 7 1.000000 1.000000 1.000000
18 20 7 1.000000 1.000000 1.000000
19 19 7 1.000000 1.000000 1.000000
19 20 7 1.000000 1.000000 1.000000
20 19 7 1.000000 1.000000 1.000000
20 20 7 1.000000 1.000000 1.000000
21 19 7 1.000000 1.000000 1.000000
21 20 7 1.000000 1.000000 1.000000
22 19 7 1.000000 1.000000 1.000000
22 20 7 1.000000 1.000000 1.000000
23 19 7 1.000000 1.000000 1.000000
23 20 7 1.000000 1.000000 1.000000
24 19 7 1.000000 1.000000 1.000000
24 20 7 1.000000 1.000000 1.000000
25 19 7 1.000000 1.000000 1.000000
25 20 7 1.000000 1.000000 1.000000
26 19 7 1.000000 1.000000 1.000000
26 20 7 1.000000 1.000000 1.000000
27 19 7 1.000000 1.000000 1.000000
27 20 7 1.000000 1.000000 1.000000
28 19 7 1.000000 1.000000 1.000000
28 20 7 1.000000 1.000000 1.000000
29 19 7 1.000000 1.000000 1.000000
29 20 7 1.000000 1.000000 1.000000
30 19 7 1.000000 1.000000 1.000000
30 20 7 1.000000 1.000000 1.000000
31 19 7 1.000000 1.000000 1.000000
31 20 7 1.000000 1.000000 1.000000
32 19 7 1.000000 1.000000 1.000000
32 20 7 1.000000 1.000000 1.000000
17 19 6 1.000000 1.000000 1.000000
17 20 6 1.000000 1.000000 1.000000
18 19 6 1.000000 1.000000 1.000000
18 20 6 1.000000 1.000000 1.000000
19 19 6 1.000000 1.000000 1.000000
19 20 6 1.000000 1.000000 1.000000
20 19 6 1.000000 1.000000 1.000000
20 20 6 1.000000 1.000000 1.000000
21 19 6 1.000000 1.000000 1.000000
21 20 6 1.000000 1.000000 1.000000
22 19 6 1.000000 1.000000 1.000000
22 20 6 1.000000 1.000000 1.000000
23 19 6 1.000000 1.000000 1.000000
23 20 6 1.000000 1.000000 1.000000
24 19 6 1.000000 1.000000 1.000000
24 20 6 1.000000 1.000000 1.000000
25 19 6 1.000000 1.000000 1.000000
25 20 6 1.000000 1.000000 1.000000
26 19 6 1.000000 1.000000 1.000000
26 20 6 1.000000 1.000000 1.000000
27 19 6 1.000000 1.000000 1.000000
27 20 6 1.000000 1.000000 1.000000
28 19 6 1.000000 1.000000 1.000000
28 20 6 1.000000 1.000000 1.000000
29 19 6 1.000000 1.000000 1.000000
29 20 6 1.000000 1.000000 1.000000
30 19 6 1.000000 1.000000 1.000000
30 20 6 1.000000 1.000000 1.000000
31 19 6 1.000000 1.000000 1.000000
31 20 6 1.000000 1.000000 1.000000
32 19 6 1.000000 1.000000 1.000000
32 20 6 1.000000 1.000000 1.000000
17 19 5 1.000000 1.000000 1.000000
17 20 5 1.000000 1.000000 1.000000
18 19 5 1.000000 1.000000 1.000000
18 20 5 1.000000 1.000000 1.000000
19 19 5 1.000000 1.000000 1.000000
19 20 5 1.000000 1.000000 1.000000
20 19 5 1.000000 1.000000 1.000000
20 20 5 1.000000 1.000000 1.000000
21 19 5 1.000000 1.000000 1.000000
21 20 5 1.000000 1.000000 1.000000
22 19 5 1.000000 1.000000 1.000000
22 20 5 1.000000 1.000000 1.000000
23 19 5 1.000000 1.000000 1.000000
23 20 5 1.000000 1.000000 1.000000
24 19 5 1.000000 1.000000 1.000000
24 20 5 1.000000 1.000000 1.000000
25 19 5 1.000000 1.000000 1.000000
25 20 5 1.000000 1.000000 1.000000
26 19 5 1.000000 1.000000 1.000000
26 20 5 1.000000 1.000000 1.000000
27 19 5 1.000000 1.000000 1.000000
27 20 5 1.000000 1.000000 1.000000
28 19 5 1.000000 1.000000 1.000000
28 20 5 1.000000 1.000000 1.000000
29 19 5 1.000000 1.000000 1.000000
29 20 5 1.000000 1.000000 1.000000
30 19 5 1.000000 1.000000 1.000000
30 20 5 1.000000 1.000000 1.000000
31 19 5 1.000000 1.000000 1.000000
31 20 5 1.000000 1.000000 1.000000
32 19 5 1.000000 1.000000 1.000000
32 20 5 1.000000 1.000000 1.000000
17 19 4 1.000000 1.000000 1.000000
17 20 4 1.000000 1.000000 1.000000
18 19 4 1.000000 1.000000 1.000000
18 20 4 1.000000 1.000000 1.000000
19 19 4 1.000000 1.000000 1.000000
19 20 4 1.000000 1.000000 1.000000
20 19 4 1.000000 1.000000 1.000000
20 20 4 1.000000 1.000000 1.000000
21 19 4 1.000000 1.000000 1.000000
21 20 4 1.000000 1.000000 1.000000
22 19 4 1.000000 1.000000 1.000000
22 20 4 1.000000 1.000000 1.000000
23 19 4 1.000000 1.000000 1.000000
23 20 4 1.000000 1.000000 1.000000
24 19 4 1.000000 1.000000 1.000000
24 20 4 1.000000 1.000000 1.000000
25 19 4 1.000000 1.000000 1.000000
25 20 4 1.000000 1.000000 1.000000
26 19 4 1.000000 1.000000 1.000000
26 20 4 1.000000 1.000000 1.000000
27 19 4 1.000000 1.000000 1.000000
27 20 4 1.000000 1.000000 1.000000
28 19 4 1.000000 1.000000 1.000000
28 20 4 1.000000 1.000000 1.000000
29 19 4 1.000000 1.000000 1.000000
29 20 4 1.000000 1.000000 1.000000
30 19 4 1.000000 1.000000 1.000000
30 20 4 1.000000 1.000000 1.000000
31 19 4 1.000000 1.000000 1.000000
31 20 4 1.000000 1.000000 1.000000
32 19 4 1.000000 1.000000 1.000000
32 20 4 1.000000 1.000000 1.000000
17 19 3 1.000000 1.000000 1.000000
17 20 3 1.000000 1.000000 1.000000
18 19 3 1.000000 1.000000 1.000000
18 20 3 1.000000 1.000000 1.000000
19 19 3 1.000000 1.000000 1.000000
19 20 3 1.000000 1.000000 1.000000
20 19 3 1.000000 1.000000 1.000000
20 20 3 1.000000 1.000000 1.000000
21 19 3 1.000000 1.000000 1.000000
21 20 3 1.000000 1.000000 1.000000
22 19 3 1.000000 1.000000 1.000000
22 20 3 1.000000 1.000000 1.000000
23 19 3 1.000000 1.000000 1.000000
23 20 3 1.000000 1.000000 1.000000
24 19 3 1.000000 1.000000 1.000000
24 20 3 1.000000 1.000000 1.000000
25 19 3 1.000000 1.000000 1.000000
25 20 3 1.000000 1.000000 1.000000
26 19 3 1.000000 1.000000 1.000000
26 20 3 1.000000 1.000000 1.000000
27 19 3 1.000000 1.000000 1.000000
27 20 3 1.000000 1.000000 1.000000
28 19 3 1.000000 1.000000 1.000000
28 20 3 1.000000 1.000000 1.000000
29 19 3 1.000000 1.000000 1.000000
29 20 3 1.000000 1.000000 1.000000
30 19 3 1.000000 1.000000 1.000000
30 20 3 1.000000 1.000000 1.000000
31 19 3 1.000000 1.000000 1.000000
31 20 3 1.000000 1.000000 1.000000
32 19 3 1.000000 1.000000 1.000000
32 20 3 1.000000 1.000000 1.000000
17 19 2 1.000000 1.000000 1.000000
17 20 2 1.000000 1.000000 1.000000
18 19 2 1.000000 1.000000 1.000000
18 20 2 1.000000 1.000000 1.000000
19 19 2 1.000000 1.000000 1.000000
19 20 2 1.000000 1.000000 1.000000
20 19 2 1.000000 1.000000 1.000000
20 20 2 1.000000 1.000000 1.000000
21 19 2 1.000000 1.000000 1.000000
21 20 2 1.000000 1.000000 1.000000
22 19 2 1.000000 1.000000 1.000000
22 20 2 1.000000 1.000000 1.000000
23 19 2 1.000000 1.000000 1.000000
23 20 2 1.000000 1.000000 1.000000
24 19 2 1.000000 1.000000 1.000000
24 20 2 1.000000 1.000000 1.000000
25 19 2 1.000000 1.000000 1.000000
25 20 2 1.000000 1.000000 1.000000
26 19 2 1.000000 1.000000 1.000000
26 20 2 1.000000 1.000000 1.000000
27 19 2 1.000000 1.000000 1.000000
27 20 2 1.000000 1.000000 1.000000
28 19 2 1.000000 1.000000 1.000000
28 20 2 1.000000 1.000000 1.000000
29 19 2 1.000000 1.000000 1.000000
29 20 2 1.000000 1.000000 1.000000
30 19 2 1.000000 1.000000 1.000000
30 20 2 1.000000 1.000000 1.000000
31 19 2 1.000000 1.000000 1.000000
31 20 2 1.000000 1.000000 1.000000
32 19 2 1.000000 1.000000 1.000000
32 20 2 1.000000 1.000000 1.000000
17 19 1 1.000000 1.000000 1.000000
17 20 1 1.000000 1.000000 1.000000
18 19 1 1.000000 1.000000 1.000000
18 20 1 1.000000 1.000000 1.000000
19 19 1 1.000000 1.000000 1.000000
19 20 1 1.000000 1.000000 1.000000
20 19 1 1.000000 1.000000 1.000000
20 20 1 1.000000 1.000000 1.000000
21 19 1 1.000000 1.000000 1.000000
21 20 1 1.000000 1.000000 1.000000
22 19 1 1.000000 1.000000 1.000000
22 20 1 1.000000 1.000000 1.000000
23 19 1 1.000000 1.000000 1.000000
23 20 1 1.000000 1.000000 1.000000
24 19 1 1.000000 1.000000 1.000000
24 20 1 1.000000 1.000000 1.000000
25 19 1 1.000000 1.000000 1.000000
25 20 1 1.000000 1.000000 1.000000
26 19 1 1.000000 1.000000 1.000000
26 20 1 1.000000 1.000000 1.000000
27 19 1 1.000000 1.000000 1.000000
27 20 1 1.000000 1.000000 1.000000
28 19 1 1.000000 1.000000 1.000000
28 20 1 1.000000 1.000000 1.000000
29 19 1 1.000000 1.000000 1.000000
29 20 1 1.000000 1.000000 1.000000
30 19 1 1.000000 1.000000 1.000000
30 20 1 1.000000 1.000000 1.000000
31 19 1 1.000000 1.000000 1.000000
31 20 1 1.000000 1.000000 1.000000
32 19 1 1.000000 1.000000 1.000000
32 20 1 1.000000 1.000000 1.000000
17 19 0 1.000000 1.000000 1.000000
17 20 0 1.000000 1.000000 1.000000
18 19 0 1.000000 1.000000 1.000000
18 20 0 1.000000 1.000000 1.000000
19 19 0 1.000000 1.000000 1.000000
19 20 0 1.000000 1.000000 1.000000
20 19 0 1.000000 1.000000 1.000000
20 20 0 1.000000 1.000000 1.000000
21 19 0 1.000000 1.000000 1.000000
21 20 0 1.000000 1.000000 1.000000
22 19 0 1.000000 1.000000 1.000000
22 20 0 1.000000 1.000000 1.000000
23 19 0 1.000000 1.000000 1.000000
23 20 0 1.000000 1.000000 1.000000
24 19 0 1.000000 1.000000 1.000000
24 20 0 1.000000 1.000000 1.000000
25 19 0 1.000000 1.000000 1.000000
25 20 0 1.000000 1.000000 1.000000
26 19 0 1.000000 1.000000 1.000000
26 20 0 1.000000 1.000000 1.000000
27 19 0 1.000000 1.000000 1.000000
27 20 0 1.000000 1.000000 1.000000
28 19 0 1.000000 1.000000 1.000000
28 20 0 1.000000 1.000000 1.000000
29 19 0 1.000000 1.000000 1.000000
29 20 0 1.000000 1.000000 1.000000
30 19 0 1.000000 1.000000 1.000000
30 20 0 1.000000 1.000000 1.000000
31 19 0 1.000000 1.000000 1.000000
31 20 0 1.000000 1.000000 1.000000
32 19 0 1.000000 1.000000 1.000000
32 20 0 1.000000 1.000000 1.000000
17 21 11 1.000000 1.000000 1.000000
17 21 10 1.000000 1.000000 1.000000
18 21 11 1.000000 1.000000 1.000000
18 21 10 1.000000 1.000000 1.000000
19 21 11 1.000000 1.000000 1.000000
19 21 10 1.000000 1.000000 1.000000
20 21 11 1.000000 1.000000 1.000000
20 21 10 1.000000 1.000000 1.000000
21 21 11 1.000000 1.000000 1.000000
21 21 10 1.000000 1.000000 1.000000
22 21 11 1.000000 1.000000 1.000000
22 21 10 1.000000 1.000000 1.000000
23 21 11 1.000000 1.000000 1.000000
23 21 10 1.000000 1.000000 1.000000
24 21 11 1.000000 1.000000 1.000000
24 21 10 1.000000 1.000000 1.000000
25 21 11 1.000000 1.000000 1.000000
25 21 10 1.000000 1.000000 1.000000
26 21 11 1.000000 1.000000 1.000000
26 21 10 1.000000 1.000000 1.000000
27 21 11 1.000000 1.000000 1.000000
27 21 10 1.000000 1.000000 1.000000
28 21 11 1.000000 1.000000 1.000000
28 21 10 1.000000 1.000000 1.000000
29 21 11 1.000000 1.000000 1.000000
29 21 10 1.000000 1.000000 1.000000
30 21 11 1.000000 1.000000 1.000000
30 21 10 1.000000 1.000000 1.000000
31 21 11 1.000000 1.000000 1.000000
31 21 10 1.000000 1.000000 1.000000
32 21 11 1.000000 1.000000 1.000000
32 21 10 1.000000 1.000000 1.000000
17 22 11 1.000000 1.000000 1.000000
17 22 10 1.000000 1.000000 1.000000
18 22 11 1.000000 1.000000 1.000000
18 22 10 1.000000 1.000000 1.000000
19 22 11 1.000000 1.000000 1.000000
19 22 10 1.000000 1.000000 1.000000
20 22 11 1.000000 1.000000 1.000000
20 22 10 1.000000 1.000000 1.000000
21 22 11 1.000000 1.000000 1.000000
21 22 10 1.000000 1.000000 1.000000
22 22 11 1.000000 1.000000 1.000000
22 22 10 1.000000 1.000000 1.000000
23 22 11 1.000000 1.000000 1.000000
23 22 10 1.000000 1.000000 1.000000
24 22 11 1.000000 1.000000 1.000000
24 22 10 1.000000 1.000000 1.000000
25 22 11 1.000000 1.000000 1.000000
25 22 10 1.000000 1.000000 1.000000
26 22 11 1.000000 1.000000 1.000000
26 22 10 1.000000 1.000000 1.000000
27 22 11 1.000000 1.000000 1.000000
27 22 10 1.000000 1.000000 1.000000
28 22 11 1.000000 1.000000 1.000000
28 22 10 1.000000 1.000000 1.000000
29 22 11 1.000000 1.000000 1.000000
29 22 10 1.000000 1.000000 1.000000
30 22 11 1.000000 1.000000 1.000000
30 22 10 1.000000 1.000000 1.000000
31 22 11 1.000000 1.000000 1.000000
31 22 10 1.000000 1.000000 1.000000
32 22 11 1.000000 1.000000 1.000000
32 22 10 1.000000 1.000000 1.000000
17 23 11 1.000000 1.000000 1.000000
17 23 10 1.000000 1.000000 1.000000
18 23 11 1.000000 1.000000 1.000000
18 23 10 1.000000 1.000000 1.000000
19 23 11 1.000000 1.000000 1.000000
19 23 10 1.000000 1.000000 1.000000
20 23 11 1.000000 1.000000 1.000000
20 23 10 1.000000 1.000000 1.000000
21 23 11 1.000000 1.000000 1.000000
21 23 10 1.000000 1.000000 1.000000
22 23 11 1.000000 1.000000 1.000000
22 23 10 1.000000 1.000000 1.000000
23 23 11 1.000000 1.000000 1.000000
23 23 10 1.000000 1.000000 1.000000
24 23 11 1.000000 1.000000 1.000000
24 23 10 1.000000 1.000000 1.000000
25 23 11 1.000000 1.000000 1.000000
25 23 10 1.000000 1.000000 1.000000
26 23 11 1.000000 1.000000 1.000000
26 23 10 1.000000 1.000000 1.000000
27 23 11 1.000000 1.000000 1.000000
27 23 10 1.000000 1.000000 1.000000
28 23 11 1.000000 1.000000 1.000000
28 23 10 1.000000 1.000000 1.000000
29 23 11 1.000000 1.000000 1.000000
29 23 10 1.000000 1.000000 1.000000
30 23 11 1.000000 1.000000 1.000000
30 23 10 1.000000 1.000000 1.000000
31 23 11 1.000000 1.000000 1.000000
31 23 10 1.000000 1.000000 1.000000
32 23 11 1.000000 1.000000 1.000000
32 23 10 1.000000 1.000000 1.000000
17 24 11 1.000000 1.000000 1.000000
17 24 10 1.000000 1.000000 1.000000
18 24 11 1.000000 1.000000 1.000000
18 24 10 1.000000 1.000000 1.000000
19 24 11 1.000000 1.000000 1.000000
19 24 10 1.000000 1.000000 1.000000
20 24 11 1.000000 1.000000 1.000000
20 24 10 1.000000 1.000000 1.000000
21 24 11 1.000000 1.000000 1.000000
21 24 10 1.000000 1.000000 1.000000
22 24 11 1.000000 1.000000 1.000000
22 24 10 1.000000 1.000000 1.000000
23 24 11 1.000000 1.000000 1.000000
23 24 10 1.000000 1.000000 1.000000
24 24 11 1.000000 1.000000 1.000000
24 24 10 1.000000 1.000000 1.000000
25 24 11 1.000000 1.000000 1.000000
25 24 10 1.000000 1.000000 1.000000
26 24 11 1.000000 1.000000 1.000000
26 24 10 1.000000 1.000000 1.000000
27 24 11 1.000000 1.000000 1.000000
27 24 10 1.000000 1.000000 1.000000
28 24 11 1.000000 1.000000 1.000000
28 24 10 1.000000 1.000000 1.000000
29 24 11 1.000000 1.000000 1.000000
29 24 10 1.000000 1.000000 1.000000
30 24 11 1.000000 1.000000 1.000000
30 24 10 1.000000 1.000000 1.000000
31 24 11 1.000000 1.000000 1.000000
31 24 10 1.000000 1.000000 1.000000
32 24 11 1.000000 1.000000 1.000000
32 24 10 1.000000 1.000000 1.000000
17 25 11 1.000000 1.000000 1.000000
17 25 10 1.000000 1.000000 1.000000
18 25 11 1.000000 1.000000 1.000000
18 25 10 1.000000 1.000000 1.000000
19 25 11 1.000000 1.000000 1.000000
19 25 10 1.000000 1.000000 1.000000
20 25 11 1.000000 1.000000 1.000000
20 25 10 1.000000 1.000000 1.000000
21 25 11 1.000000 1.000000 1.000000
21 25 10 1.000000 1.000000 1.000000
22 25 11 1.000000 1.000000 1.000000
22 25 10 1.000000 1.000000 1.000000
23 25 11 1.000000 1.000000 1.000000
23 25 10 1.000000 1.000000 1.000000
24 25 11 1.000000 1.000000 1.000000
24 25 10 1.000000 1.000000 1.000000
25 25 11 1.000000 1.000000 1.000000
25 25 10 1.000000 1.000000 1.000000
26 25 11 1.000000 1.000000 1.000000
26 25 10 1.000000 1.000000 1.000000
27 25 11 1.000000 1.000000 1.000000
27 25 10 1.000000 1.000000 1.000000
28 25 11 1.000000 1.000000 1.000000
28 25 10 1.000000 1.000000 1.000000
29 25 11 1.000000 1.000000 1.000000
29 25 10 1.000000 1.000000 1.000000
30 25 11 1.000000 1.000000 1.000000
30 25 10 1.000000 1.000000 1.000000
31 25 11 1.000000 1.000000 1.000000
31 25 10 1.000000 1.000000 1.000000
32 25 11 1.000000 1.000000 1.000000
32 25 10 1.000000 1.000000 1.000000
17 26 11 1.000000 1.000000 1.000000
17 26 10 1.000000 1.000000 1.000000
18 26 11 1.000000 1.000000 1.000000
18 26 10 1.000000 1.000000 1.000000
19 26 11 1.000000 1.000000 1.000000
19 26 10 1.000000 1.000000 1.000000
20 26 11 1.000000 1.000000 1.000000
20 26 10 1.000000 1.000000 1.000000
21 26 11 1.000000 1.000000 1.000000
21 26 10 1.000000 1.000000 1.000000
22 26 11 1.000000 1.000000 1.000000
22 26 10 1.000000 1.000000 1.000000
23 26 11 1.000000 1.000000 1.000000
23 26 10 1.000000 1.000000 1.000000
24 26 11 1.000000 1.000000 1.000000
24 26 10 1.000000 1.000000 1.000000
25 26 11 1.000000 1.000000 1.000000
25 26 10 1.000000 1.000000 1.000000
26 26 11 1.000000 1.000000 1.000000
26 26 10 1.000000 1.000000 1.000000
27 26 11 1.000000 1.000000 1.000000
27 26 10 1.000000 1.000000 1.000000
28 26 11 1.000000 1.000000 1.000000
28 26 10 1.000000 1.000000 1.000000
29 26 11 1.000000 1.000000 1.000000
29 26 10 1.000000 1.000000 1.000000
30 26 11 1.000000 1.000000 1.000000
30 26 10 1.000000 1.000000 1.000000
31 26 11 1.000000 1.000000 1.000000
31 26 10 1.000000 1.000000 1.000000
32 26 11 1.000000 1.000000 1.000000
32 26 10 1.000000 1.000000 1.000000
17 27 11 1.000000 1.000000 1.000000
17 27 10 1.000000 1.000000 1.000000
18 27 11 1.000000 1.000000 1.000000
18 27 10 1.000000 1.000000 1.000000
19 27 11 1.000000 1.000000 1.000000
19 27 10 1.000000 1.000000 1.000000
20 27 11 1.000000 1.000000 1.000000
20 27 10 1.000000 1.000000 1.000000
21 27 11 1.000000 1.000000 1.000000
21 27 10 1.000000 1.000000 1.000000
22 27 11 1.000000 1.000000 1.000000
22 27 10 1.000000 1.000000 1.000000
23 27 11 1.000000 1.000000 1.000000
23 27 10 1.000000 1.000000 1.000000
24 27 11 1.000000 1.000000 1.000000
24 27 10 1.000000 1.000000 1.000000
25 27 11 1.000000 1.000000 1.000000
25 27 10 1.000000 1.000000 1.000000
26 27 11 1.000000 1.000000 1.000000
26 27 10 1.000000 1.000000 1.000000
27 27 11 1.000000 1.000000 1.000000
27 27 10 1.000000 1.000000 1.000000
28 27 11 1.000000 1.000000 1.000000
28 27 10 1.000000 1.000000 1.000000
29 27 11 1.000000 1.000000 1.000000
29 27 10 1.000000 1.000000 1.000000
30 27 11 1.000000 1.000000 1.000000
30 27 10 1.000000 1.000000 1.000000
31 27 11 1.000000 1.000000 1.000000
31 27 10 1.000000 1.000000 1.000000
32 27 11 1.000000 1.000000 1.000000
32 27 10 1.000000 1.000000 1.000000
33 19 11 1.000000 1.000000 1.000000
33 20 11 1.000000 1.000000 1.000000
33 19 10 1.000000 1.000000 1.000000
34 19 11 1.000000 1.000000 1.000000
34 20 11 1.000000 1.000000 1.000000
34 19 10 1.000000 1.000000 1.000000
35 19 11 1.000000 1.000000 1.000000
35 20 11 1.000000 1.000000 1.000000
35 19 10 1.000000 1.000000 1.000000
36 19 11 1.000000 1.000000 1.000000
36 20 11 1.000000 1.000000 1.000000
36 19 10 1.000000 1.000000 1.000000
37 19 11 1.000000 1.000000 1.000000
37 20 11 1.000000 1.000000 1.000000
37 19 10 1.000000 1.000000 1.000000
38 19 11 1.000000 1.000000 1.000000
38 20 11 1.000000 1.000000 1.000000
38 19 10 1.000000 1.000000 1.000000
39 19 11 1.000000 1.000000 1.000000
39 20 11 1.000000 1.000000 1.000000
39 19 10 1.000000 1.000000 1.000000
40 19 11 1.000000 1.000000 1.000000
40 20 11 1.000000 1.000000 1.000000
40 19 10 1.000000 1.000000 1.000000
41 19 11 1.000000 1.000000 1.000000
41 20 11 1.000000 1.000000 1.000000
41 19 10 1.000000 1.000000 1.000000
42 19 11 1.000000 1.000000 1.000000
42 20 11 1.000000 1.000000 1.000000
42 19 10 1.000000 1.000000 1.000000
43 19 11 1.000000 1.000000 1.000000
43 20 11 1.000000 1.000000 1.000000
43 19 10 1.000000 1.000000 1.000000
44 19 11 1.000000 1.000000 1.000000
44 20 11 1.000000 1.000000 1.000000
44 19 10 1.000000 1.000000 1.000000
45 19 11 1.000000 1.000000 1.000000
45 20 11 1.000000 1.000000 1.000000
45 19 10 1.000000 1.000000 1.000000
46 19 11 1.000000 1.000000 1.000000
46 20 11 1.000000 1.000000 1.000000
46 19 10 1.000000 1.000000 1.000000
47 19 11 1.000000 1.000000 1.000000
47 20 11 1.000000 1.000000 1.000000
47 19 10 1.000000 1.000000 1.000000
48 19 11 1.000000 1.000000 1.000000
48 20 11 1.000000 1.000000 1.000000
48 19 10 1.000000 1.000000 1.000000
33 19 9 1.000000 1.000000 1.000000
33 20 10 1.000000 1.000000 1.000000
33 20 9 1.000000 1.000000 1.000000
34 19 9 1.000000 1.000000 1.000000
34 20 10 1.000000 1.000000 1.000000
34 20 9 1.000000 1.000000 1.000000
35 19 9 1.000000 1.000000 1.000000
35 20 10 1.000000 1.000000 1.000000
35 20 9 1.000000 1.000000 1.000000
36 19 9 1.000000 1.000000 1.000000
36 20 10 1.000000 1.000000 1.000000
36 20 9 1.000000 1.000000 1.000000
37 19 9 1.000000 1.000000 1.000000
37 20 10 1.000000 1.000000 1.000000
37 20 9 1.000000 1.000000 1.000000
38 19 9 1.000000 1.000000 1.000000
38 20 10 1.000000 1.000000 1.000000
38 20 9 1.000000 1.000000 1.000000
39 19 9 1.000000 1.000000 1.000000
39 20 10 1.000000 1.000000 1.000000
39 20 9 1.000000 1.000000 1.000000
40 19 9 1.000000 1.000000 1.000000
40 20 10 1.000000 1.000000 1.000000
40 20 9 1.000000 1.000000 1.000000
41 19 9 1.000000 1.000000 1.000000
41 20 10 1.000000 1.000000 1.000000
41 20 9 1.000000 1.000000 1.000000
42 19 9 1.000000 1.000000 1.000000
42 20 10 1.000000 1.000000 1.000000
42 20 9 1.000000 1.000000 1.000000
43 19 9 1.000000 1.000000 1.000000
43 20 10 1.000000 1.000000 1.000000
43 20 9 1.000000 1.000000 1.000000
44 19 9 1.000000 1.000000 1.000000
44 20 10 1.000000 1.000000 1.000000
44 20 9 1.000000 1.000000 1.000000
45 19 9 1.000000 1.000000 1.000000
45 20 10 1.000000 1.000000 1.000000
45 20 9 1.000000 1.000000 1.000000
46 19 9 1.000000 1.000000 1.000000
46 20 10 1.000000 1.000000 1.000000
46 20 9 1.000000 1.000000 1.000000
47 19 9 1.000000 1.000000 1.000000
47 20 10 1.000000 1.000000 1.000000
47 20 9 1.000000 1.000000 1.000000
48 19 9 1.000000 1.000000 1.000000
48 20 10 1.000000 1.000000 1.000000
48 20 9 1.000000 1.000000 1.000000
33 19 8 1.000000 1.000000 1.000000
33 20 8 1.000000 1.000000 1.000000
34 19 8 1.000000 1.000000 1.000000
34 20 8 1.000000 1.000000 1.000000
35 19 8 1.000000 1.000000 1.000000
35 20 8 1.000000 1.000000 1.000000
36 19 8 1.000000 1.000000 1.000000
36 20 8 1.000000 1.000000 1.000000
37 19 8 1.000000 1.000000 1.000000
37 20 8 1.000000 1.000000 1.000000
38 19 8 1.000000 1.000000 1.000000
38 20 8 1.000000 1.000000 1.000000
39 19 8 1.000000 1.000000 1.000000
39 20 8 1.000000 1.000000 1.000000
40 19 8 1.000000 1.000000 1.000000
40 20 8 1.000000 1.000000 1.000000
41 19 8 1.000000 1.000000 1.000000
41 20 8 1.000000 1.000000 1.000000
42 19 8 1.000000 1.000000 1.000000
42 20 8 1.000000 1.000000 1.000000
43 19 8 1.000000 1.000000 1.000000
43 20 8 1.000000 1.000000 1.000000
44 19 8 1.000000 1.000000 1.000000
44 20 8 1.000000 1.000000 1.000000
45 19 8 1.000000 1.000000 1.000000
45 20 8 1.000000 1.000000 1.000000
46 19 8 1.000000 1.000000 1.000000
46 20 8 1.000000 1.000000 1.000000
47 19 8 1.000000 1.000000 1.000000
47 20 8 1.000000 1.000000 1.000000
48 19 8 1.000000 1.000000 1.000000
48 20 8 1.000000 1.000000 1.000000
33 19 7 1.000000 1.000000 1.000000
33 20 7 1.000000 1.000000 1.000000
34 19 7 1.000000 1.000000 1.000000
34 20 7 1.000000 1.000000 1.000000
35 19 7 1.000000 1.000000 1.000000
35 20 7 1.000000 1.000000 1.000000
36 19 7 1.000000 1.000000 1.000000
36 20 7 1.000000 1.000000 1.000000
37 19 7 1.000000 1.000000 1.000000
37 20 7 1.000000 1.000000 1.000000
38 19 7 1.000000 1.000000 1.000000
38 20 7 1.000000 1.000000 1.000000
39 19 7 1.000000 1.000000 1.000000
39 20 7 1.000000 1.000000 1.000000
40 19 7 1.000000 1.000000 1.000000
40 20 7 1.000000 1.000000 1.000000
41 19 7 1.000000 1.000000 1.000000
41 20 7 1.000000 1.000000 1.000000
42 19 7 1.000000 1.000000 1.000000
42 20 7 1.000000 1.000000 1.000000
43 19 7 1.000000 1.000000 1.000000
43 20 7 1.000000 1.000000 1.000000
44 19 7 1.000000 1.000000 1.000000
44 20 7 1.000000 1.000000 1.000000
45 19 7 1.000000 1.000000 1.000000
45 20 7 1.000000 1.000000 1.000000
46 19 7 1.000000 1.000000 1.000000
46 20 7 1.000000 1.000000 1.000000
47 19 7 1.000000 1.000000 1.000000
47 20 7 1.000000 1.000000 1.000000
48 19 7 1.000000 1.000000 1.000000
48 20 7 1.000000 1.000000 1.000000
33 19 6 1.000000 1.000000 1.000000
33 20 6 1.000000 1.000000 1.000000
34 19 6 1.000000 1.000000 1.000000
34 20 6 1.000000 1.000000 1.000000
35 19 6 1.000000 1.000000 1.000000
35 20 6 1.000000 1.000000 1.000000
36 19 6 1.000000 1.000000 1.000000
36 20 6 1.000000 1.000000 1.000000
37 19 6 1.000000 1.000000 1.000000
37 20 6 1.000000 1.000000 1.000000
38 19 6 1.000000 1.000000 1.000000
38 20 6 1.000000 1.000000 1.000000
39 19 6 1.000000 1.000000 1.000000
39 20 6 1.000000 1.000000 1.000000
40 19 6 1.000000 1.000000 1.000000
40 20 6 1.000000 1.000000 1.000000
41 19 6 1.000000 1.000000 1.000000
41 20 6 1.000000 1.000000 1.000000
42 19 6 1.000000 1.000000 1.000000
42 20 6 1.000000 1.000000 1.000000
43 19 6 1.000000 1.000000 1.000000
43 20 6 1.000000 1.000000 1.000000
44 19 6 1.000000 1.000000 1.000000
44 20 6 1.000000 1.000000 1.000000
45 19 6 1.000000 1.000000 1.000000
45 20 6 1.000000 1.000000 1.000000
46 19 6 1.000000 1.000000 1.000000
46 20 6 1.000000 1.000000 1.000000
47 19 6 1.000000 1.000000 1.000000
47 20 6 1.000000 1.000000 1.000000
48 19 6 1.000000 1.000000 1.000000
48 20 6 1.000000 1.000000 1.000000
33 19 5 1.000000 1.000000 1.000000
33 20 5 1.000000 1.000000 1.000000
34 19 5 1.000000 1.000000 1.000000
34 20 5 1.000000 1.000000 1.000000
35 19 5 1.000000 1.000000 1.000000
35 20 5 1.000000 1.000000 1.000000
36 19 5 1.000000 1.000000 1.000000
36 20 5 1.000000 1.000000 1.000000
37 19 5 1.000000 1.000000 1.000000
37 20 5 1.000000 1.000000 1.000000
38 19 5 1.000000 1.000000 1.000000
38 20 5 1.000000 1.000000 1.000000
39 19 5 1.000000 1.000000 1.000000
39 20 5 1.000000 1.000000 1.000000
40 19 5 1.000000 1.000000 1.000000
40 20 5 1.000000 1.000000 1.000000
41 19 5 1.000000 1.000000 1.000000
41 20 5 1.000000 1.000000 1.000000
42 19 5 1.000000 1.000000 1.000000
42 20 5 1.000000 1.000000 1.000000
43 19 5 1.000000 1.000000 1.000000
43 20 5 1.000000 1.000000 1.000000
44 19 5 1.000000 1.000000 1.000000
44 20 5 1.000000 1.000000 1.000000
45 19 5 1.000000 1.000000 1.000000
45 20 5 1.000000 1.000000 1.000000
46 19 5 1.000000 1.000000 1.000000
46 20 5 1.000000 1.000000 1.000000
47 19 5 1.000000 1.000000 1.000000
47 20 5 1.000000 1.000000 1.000000
48 19 5 1.000000 1.000000 1.000000
48 20 5 1.000000 1.000000 1.000000
33 19 4 1.000000 1.000000 1.000000
33 20 4 1.000000 1.000000 1.000000
34 19 4 1.000000 1.000000 1.000000
34 20 4 1.000000 1.000000 1.000000
35 19 4 1.000000 1.000000 1.000000
35 20 4 1.000000 1.000000 1.000000
36 19 4 1.000000 1.000000 1.000000
36 20 4 1.000000 1.000000 1.000000
37 19 4 1.000000 1.000000 1.000000
37 20 4 1.000000 1.000000 1.000000
38 19 4 1.000000 1.000000 1.000000
38 20 4 1.000000 1.000000 1.000000
39 19 4 1.000000 1.000000 1.000000
39 20 4 1.000000 1.000000 1.000000
40 19 4 1.000000 1.000000 1.000000
40 20 4 1.000000 1.000000 1.000000
41 19 4 1.000000 1.000000 1.000000
41 20 4 1.000000 1.000000 1.000000
42 19 4 1.000000 1.000000 1.000000
42 20 4 1.000000 1.000000 1.000000
43 19 4 1.000000 1.000000 1.000000
43 20 4 1.000000 1.000000 1.000000
44 19 4 1.000000 1.000000 1.000000
44 20 4 1.000000 1.000000 1.000000
45 19 4 1.000000 1.000000 1.000000
45 20 4 1.000000 1.000000 1.000000
46 19 4 1.000000 1.000000 1.000000
46 20 4 1.000000 1.000000 1.000000
47 19 4 1.000000 1.000000 1.000000
47 20 4 1.000000 1.000000 1.000000
48 19 4 1.000000 1.000000 1.000000
48 20 4 1.000000 1.000000 1.000000
33 19 3 1.000000 1.000000 1.000000
33 20 3 1.000000 1.000000 1.000000
34 19 3 1.000000 1.000000 1.000000
34 20 3 1.000000 1.000000 1.000000
35 19 3 1.000000 1.000000 1.000000
35 20 3 1.000000 1.000000 1.000000
36 19 3 1.000000 1.000000 1.000000
36 20 3 1.000000 1.000000 1.000000
37 19 3 1.000000 1.000000 1.000000
37 20 3 1.000000 1.000000 1.000000
38 19 3 1.000000 1.000000 1.000000
38 20 3 1.000000 1.000000 1.000000
39 19 3 1.000000 1.000000 1.000000
39 20 3 1.000000 1.000000 1.000000
40 19 3 1.000000 1.000000 1.000000
40 20 3 1.000000 1.000000 1.000000
41 19 3 1.000000 1.000000 1.000000
41 20 3 1.000000 1.000000 1.000000
42 19 3 1.000000 1.000000 1.000000
42 20 3 1.000000 1.000000 1.000000
43 19 3 1.000000 1.000000 1.000000
43 20 3 1.000000 1.000000 1.000000
44 19 3 1.000000 1.000000 1.000000
44 20 3 1.000000 1.000000 1.000000
45 19 3 1.000000 1.000000 1.000000
45 20 3 1.000000 1.000000 1.000000
46 19 3 1.000000 1.000000 1.000000
46 20 3 1.000000 1.000000 1.000000
47 19 3 1.000000 1.000000 1.000000
47 20 3 1.000000 1.000000 1.000000
48 19 3 1.000000 1.000000 1.000000
48 20 3 1.000000 1.000000 1.000000
33 19 2 1.000000 1.000000 1.000000
33 20 2 1.000000 1.000000 1.000000
34 19 2 1.000000 1.000000 1.000000
34 20 2 1.000000 1.000000 1.000000
35 19 2 1.000000 1.000000 1.000000
35 20 2 1.000000 1.000000 1.000000
36 19 2 1.000000 1.000000 1.000000
36 20 2 1.000000 1.000000 1.000000
37 19 2 1.000000 1.000000 1.000000
37 20 2 1.000000 1.000000 1.000000
38 19 2 1.000000 1.000000 1.000000
38 20 2 1.000000 1.000000 1.000000
39 19 2 1.000000 1.000000 1.000000
39 20 2 1.000000 1.000000 1.000000
40 19 2 1.000000 1.000000 1.000000
40 20 2 1.000000 1.000000 1.000000
41 19 2 1.000000 1.000000 1.000000
41 20 2 1.000000 1.000000 1.000000
42 19 2 1.000000 1.000000 1.000000
42 20 2 1.000000 1.000000 1.000000
43 19 2 1.000000 1.000000 1.000000
43 20 2 1.000000 1.000000 1.000000
44 19 2 1.000000 1.000000 1.000000
44 20 2 1.000000 1.000000 1.000000
45 19 2 1.000000 1.000000 1.000000
45 20 2 1.000000 1.000000 1.000000
46 19 2 1.000000 1.000000 1.000000
46 20 2 1.000000 1.000000 1.000000
47 19 2 1.000000 1.000000 1.000000
47 20 2 1.000000 1.000000 1.000000
48 19 2 1.000000 1.000000 1.000000
48 20 2 1.000000 1.000000 1.000000
33 19 1 1.000000 1.000000 1.000000
33 20 1 1.000000 1.000000 1.000000
34 19 1 1.000000 1.000000 1.000000
34 20 1 1.000000 1.000000 1.000000
35 19 1 1.000000 1.000000 1.000000
35 20 1 1.000000 1.000000 1.000000
36 19 1 1.000000 1.000000 1.000000
36 20 1 1.000000 1.000000 1.000000
37 19 1 1.000000 1.000000 1.000000
37 20 1 1.000000 1.000000 1.000000
38 19 1 1.000000 1.000000 1.000000
38 20 1 1.000000 1.000000 1.000000
39 19 1 1.000000 1.000000 1.000000
39 20 1 1.000000 1.000000 1.000000
40 19 1 1.000000 1.000000 1.000000
40 20 1 1.000000 1.000000 1.000000
41 19 1 1.000000 1.000000 1.000000
41 20 1 1.000000 1.000000 1.000000
42 19 1 1.000000 1.000000 1.000000
42 20 1 1.000000 1.000000 1.000000
43 19 1 1.000000 1.000000 1.000000
43 20 1 1.000000 1.000000 1.000000
44 19 1 1.000000 1.000000 1.000000
44 20 1 1.000000 1.000000 1.000000
45 19 1 1.000000 1.000000 1.000000
45 20 1 1.000000 1.000000 1.000000
46 19 1 1.000000 1.000000 1.000000
46 20 1 1.000000 1.000000 1.000000
47 19 1 1.000000 1.000000 1.000000
47 20 1 1.000000 1.000000 1.000000
48 19 1 1.000000 1.000000 1.000000
48 20 1 1.000000 1.000000 1.000000
33 19 0 1.000000 1.000000 1.000000
33 20 0 1.000000 1.000000 1.000000
34 19 0 1.000000 1.000000 1.000000
34 20 0 1.000000 1.000000 1.000000
35 19 0 1.000000 1.000000 1.000000
35 20 0 1.000000 1.000000 1.000000
36 19 0 1.000000 1.000000 1.000000
36 20 0 1.000000 1.000000 1.000000
37 19 0 1.000000 1.000000 1.000000
37 20 0 1.000000 1.000000 1.000000
38 19 0 1.000000 1.000000 1.000000
38 20 0 1.000000 1.000000 1.000000
39 19 0 1.000000 1.000000 1.000000
39 20 0 1.000000 1.000000 1.000000
40 19 0 1.000000 1.000000 1.000000
40 20 0 1.000000 1.000000 1.000000
41 19 0 1.000000 1.000000 1.000000
41 20 0 1.000000 1.000000 1.000000
42 19 0 1.000000 1.000000 1.000000
42 20 0 1.000000 1.000000 1.000000
43 19 0 1.000000 1.000000 1.000000
43 20 0 1.000000 1.000000 1.000000
44 19 0 1.000000 1.000000 1.000000
44 20 0 1.000000 1.000000 1.000000
45 19 0 1.000000 1.000000 1.000000
45 20 0 1.000000 1.000000 1.000000
46 19 0 1.000000 1.000000 1.000000
46 20 0 1.000000 1.000000 1.000000
47 19 0 1.000000 1.000000 1.000000
47 20 0 1.000000 1.000000 1.000000
48 19 0 1.000000 1.000000 1.000000
48 20 0 1.000000 1.000000 1.000000
33 21 11 1.000000 1.000000 1.000000
33 21 10 1.000000 1.000000 1.000000
34 21 11 1.000000 1.000000 1.000000
34 21 10 1.000000 1.000000 1.000000
35 21 11 1.000000 1.000000 1.000000
35 21 10 1.000000 1.000000 1.000000
36 21 11 1.000000 1.000000 1.000000
36 21 10 1.000000 1.000000 1.000000
37 21 11 1.000000 1.000000 1.000000
37 21 10 1.000000 1.000000 1.000000
38 21 11 1.000000 1.000000 1.000000
38 21 10 1.000000 1.000000 1.000000
39 21 11 1.000000 1.000000 1.000000
39 21 10 1.000000 1.000000 1.000000
40 21 11 1.000000 1.000000 1.000000
40 21 10 1.000000 1.000000 1.000000
41 21 11 1.000000 1.000000 1.000000
41 21 10 1.000000 1.000000 1.000000
42 21 11 1.000000 1.000000 1.000000
42 21 10 1.000000 1.000000 1.000000
43 21 11 1.000000 1.000000 1.000000
43 21 10 1.000000 1.000000 1.000000
44 21 11 1.000000 1.000000 1.000000
44 21 10 1.000000 1.000000 1.000000
45 21 11 1.000000 1.000000 1.000000
45 21 10 1.000000 1.000000 1.000000
46 21 11 1.000000 1.000000 1.000000
46 21 10 1.000000 1.000000 1.000000
47 21 11 1.000000 1.000000 1.000000
47 21 10 1.000000 1.000000 1.000000
48 21 11 1.000000 1.000000 1.000000
48 21 10 1.000000 1.000000 1.000000
33 22 11 1.000000 1.000000 1.000000
33 22 10 1.000000 1.000000 1.000000
34 22 11 1.000000 1.000000 1.000000
34 22 10 1.000000 1.000000 1.000000
35 22 11 1.000000 1.000000 1.000000
35 22 10 1.000000 1.000000 1.000000
36 22 11 1.000000 1.000000 1.000000
36 22 10 1.000000 1.000000 1.000000
37 22 11 1.000000 1.000000 1.000000
37 22 10 1.000000 1.000000 1.000000
38 22 11 1.000000 1.000000 1.000000
38 22 10 1.000000 1.000000 1.000000
39 22 11 1.000000 1.000000 1.000000
39 22 10 1.000000 1.000000 1.000000
40 22 11 1.000000 1.000000 1.000000
40 22 10 1.000000 1.000000 1.000000
41 22 11 1.000000 1.000000 1.000000
41 22 10 1.000000 1.000000 1.000000
42 22 11 1.000000 1.000000 1.000000
42 22 10 1.000000 1.000000 1.000000
43 22 11 1.000000 1.000000 1.000000
43 22 10 1.000000 1.000000 1.000000
44 22 11 1.000000 1.000000 1.000000
44 22 10 1.000000 1.000000 1.000000
45 22 11 1.000000 1.000000 1.000000
45 22 10 1.000000 1.000000 1.000000
46 22 11 1.000000 1.000000 1.000000
46 22 10 1.000000 1.000000 1.000000
47 22 11 1.000000 1.000000 1.000000
47 22 10 1.000000 1.000000 1.000000
48 22 11 1.000000 1.000000 1.000000
48 22 10 1.000000 1.000000 1.000000
33 23 11 1.000000 1.000000 1.000000
33 23 10 1.000000 1.000000 1.000000
34 23 11 1.000000 1.000000 1.000000
34 23 10 1.000000 1.000000 1.000000
35 23 11 1.000000 1.000000 1.000000
35 23 10 1.000000 1.000000 1.000000
36 23 11 1.000000 1.000000 1.000000
36 23 10 1.000000 1.000000 1.000000
37 23 11 1.000000 1.000000 1.000000
37 23 10 1.000000 1.000000 1.000000
38 23 11 1.000000 1.000000 1.000000
38 23 10 1.000000 1.000000 1.000000
39 23 11 1.000000 1.000000 1.000000
39 23 10 1.000000 1.000000 1.000000
40 23 11 1.000000 1.000000 1.000000
40 23 10 1.000000 1.000000 1.000000
41 23 11 1.000000 1.000000 1.000000
41 23 10 1.000000 1.000000 1.000000
42 23 11 1.000000 1.000000 1.000000
42 23 10 1.000000 1.000000 1.000000
43 23 11 1.000000 1.000000 1.000000
43 23 10 1.000000 1.000000 1.000000
44 23 11 1.000000 1.000000 1.000000
44 23 10 1.000000 1.000000 1.000000
45 23 11 1.000000 1.000000 1.000000
45 23 10 1.000000 1.000000 1.000000
46 23 11 1.000000 1.000000 1.000000
46 23 10 1.000000 1.000000 1.000000
47 23 11 1.000000 1.000000 1.000000
47 23 10 1.000000 1.000000 1.000000
48 23 11 1.000000 1.000000 1.000000
48 23 10 1.000000 1.000000 1.000000
33 24 11 1.000000 1.000000 1.000000
33 24 10 1.000000 1.000000 1.000000
34 24 11 1.000000 1.000000 1.000000
34 24 10 1.000000 1.000000 1.000000
35 24 11 1.000000 1.000000 1.000000
35 24 10 1.000000 1.000000 1.000000
36 24 11 1.000000 1.000000 1.000000
36 24 10 1.000000 1.000000 1.000000
37 24 11 1.000000 1.000000 1.000000
37 24 10 1.000000 1.000000 1.000000
38 24 11 1.000000 1.000000 1.000000
38 24 10 1.000000 1.000000 1.000000
39 24 11 1.000000 1.000000 1.000000
39 24 10 1.000000 1.000000 1.000000
40 24 11 1.000000 1.000000 1.000000
40 24 10 1.000000 1.000000 1.000000
41 24 11 1.000000 1.000000 1.000000
41 24 10 1.000000 1.000000 1.000000
42 24 11 1.000000 1.000000 1.000000
42 24 10 1.000000 1.000000 1.000000
43 24 11 1.000000 1.000000 1.000000
43 24 10 1.000000 1.000000 1.000000
44 24 11 1.000000 1.000000 1.000000
44 24 10 1.000000 1.000000 1.000000
45 24 11 1.000000 1.000000 1.000000
45 24 10 1.000000 1.000000 1.000000
46 24 11 1.000000 1.000000 1.000000
46 24 10 1.000000 1.000000 1.000000
47 24 11 1.000000 1.000000 1.000000
47 24 10 1.000000 1.000000 1.000000
48 24 11 1.000000 1.000000 1.000000
48 24 10 1.000000 1.000000 1.000000
33 25 11 1.000000 1.000000 1.000000
33 25 10 1.000000 1.000000 1.000000
34 25 11 1.000000 1.000000 1.000000
34 25 10 1.000000 1.000000 1.000000
35 25 11 1.000000 1.000000 1.000000
35 25 10 1.000000 1.000000 1.000000
36 25 11 1.000000 1.000000 1.000000
36 25 10 1.000000 1.000000 1.000000
37 25 11 1.000000 1.000000 1.000000
37 25 10 1.000000 1.000000 1.000000
38 25 11 1.000000 1.000000 1.000000
38 25 10 1.000000 1.000000 1.000000
39 25 11 1.000000 1.000000 1.000000
39 25 10 1.000000 1.000000 1.000000
40 25 11 1.000000 1.000000 1.000000
40 25 10 1.000000 1.000000 1.000000
41 25 11 1.000000 1.000000 1.000000
41 25 10 1.000000 1.000000 1.000000
42 25 11 1.000000 1.000000 1.000000
42 25 10 1.000000 1.000000 1.000000
43 25 11 1.000000 1.000000 1.000000
43 25 10 1.000000 1.000000 1.000000
44 25 11 1.000000 1.000000 1.000000
44 25 10 1.000000 1.000000 1.000000
45 25 11 1.000000 1.000000 1.000000
45 25 10 1.000000 1.000000 1.000000
46 25 11 1.000000 1.000000 1.000000
46 25 10 1.000000 1.000000 1.000000
47 25 11 1.000000 1.000000 1.000000
47 25 10 1.000000 1.000000 1.000000
48 25 11 1.000000 1.000000 1.000000
48 25 10 1.000000 1.000000 1.000000
33 26 11 1.000000 1.000000 1.000000
33 26 10 1.000000 1.000000 1.000000
34 26 11 1.000000 1.000000 1.000000
34 26 10 1.000000 1.000000 1.000000
35 26 11 1.000000 1.000000 1.000000
35 26 10 1.000000 1.000000 1.000000
36 26 11 1.000000 1.000000 1.000000
36 26 10 1.000000 1.000000 1.000000
37 26 11 1.000000 1.000000 1.000000
37 26 10 1.000000 1.000000 1.000000
38 26 11 1.000000 1.000000 1.000000
38 26 10 1.000000 1.000000 1.000000
39 26 11 1.000000 1.000000 1.000000
39 26 10 1.000000 1.000000 1.000000
40 26 11 1.000000 1.000000 1.000000
40 26 10 1.000000 1.000000 1.000000
41 26 11 1.000000 1.000000 1.000000
41 26 10 1.000000 1.000000 1.000000
42 26 11 1.000000 1.000000 1.000000
42 26 10 1.000000 1.000000 1.000000
43 26 11 1.000000 1.000000 1.000000
43 26 10 1.000000 1.000000 1.000000
44 26 11 1.000000 1.000000 1.000000
44 26 10 1.000000 1.000000 1.000000
45 26 11 1.000000 1.000000 1.000000
45 26 10 1.000000 1.000000 1.000000
46 26 11 1.000000 1.000000 1.000000
46 26 10 1.000000 1.000000 1.000000
47 26 11 1.000000 1.000000 1.000000
47 26 10 1.000000 1.000000 1.000000
48 26 11 1.000000 1.000000 1.000000
48 26 10 1.000000 1.000000 1.000000
33 27 11 1.000000 1.000000 1.000000
33 27 10 1.000000 1.000000 1.000000
34 27 11 1.000000 1.000000 1.000000
34 27 10 1.000000 1.000000 1.000000
35 27 11 1.000000 1.000000 1.000000
35 27 10 1.000000 1.000000 1.000000
36 27 11 1.000000 1.000000 1.000000
36 27 10 1.000000 1.000000 1.000000
37 27 11 1.000000 1.000000 1.000000
37 27 10 1.000000 1.000000 1.000000
38 27 11 1.000000 1.000000 1.000000
38 27 10 1.000000 1.000000 1.000000
39 27 11 1.000000 1.000000 1.000000
39 27 10 1.000000 1.000000 1.000000
40 27 11 1.000000 1.000000 1.000000
40 27 10 1.000000 1.000000 1.000000
41 27 11 1.000000 1.000000 1.000000
41 27 10 1.000000 1.000000 1.000000
42 27 11 1.000000 1.000000 1.000000
42 27 10 1.000000 1.000000 1.000000
43 27 11 1.000000 1.000000 1.000000
43 27 10 1.000000 1.000000 1.000000
44 27 11 1.000000 1.000000 1.000000
44 27 10 1.000000 1.000000 1.000000
45 27 11 1.000000 1.000000 1.000000
45 27 10 1.000000 1.000000 1.000000
46 27 11 1.000000 1.000000 1.000000
46 27 10 1.000000 1.000000 1.000000
47 27 11 1.000000 1.000000 1.000000
47 27 10 1.000000 1.000000 1.000000
48 27 11 1.000000 1.000000 1.000000
48 27 10 1.000000 1.000000 1.000000
49 19 11 1.000000 1.000000 1.000000
49 20 11 1.000000 1.000000 1.000000
49 19 10 1.000000 1.000000 1.000000
50 19 11 1.000000 1.000000 1.000000
50 20 11 1.000000 1.000000 1.000000
50 19 10 1.000000 1.000000 1.000000
51 19 11 1.000000 1.000000 1.000000
51 20 11 1.000000 1.000000 1.000000
51 19 10 1.000000 1.000000 1.000000
52 19 11 1.000000 1.000000 1.000000
52 20 11 1.000000 1.000000 1.000000
52 19 10 1.000000 1.000000 1.000000
53 19 11 1.000000 1.000000 1.000000
53 20 11 1.000000 1.000000 1.000000
53 19 10 1.000000 1.000000 1.000000
54 19 11 1.000000 1.000000 1.000000
54 20 11 1.000000 1.000000 1.000000
54 19 10 1.000000 1.000000 1.000000
55 19 11 1.000000 1.000000 1.000000
55 20 11 1.000000 1.000000 1.000000
55 19 10 1.000000 1.000000 1.000000
56 19 11 1.000000 1.000000 1.000000
56 20 11 1.000000 1.000000 1.000000
56 19 10 1.000000 1.000000 1.000000
57 19 11 1.000000 1.000000 1.000000
57 20 11 1.000000 1.000000 1.000000
57 19 10 1.000000 1.000000 1.000000
58 19 11 1.000000 1.000000 1.000000
58 20 11 1.000000 1.000000 1.000000
58 19 10 1.000000 1.000000 1.000000
59 19 11 1.000000 1.000000 1.000000
59 20 11 1.000000 1.000000 1.000000
59 19 10 1.000000 1.000000 1.000000
60 19 11 1.000000 1.000000 1.000000
60 20 11 1.000000 1.000000 1.000000
60 19 10 1.000000 1.000000 1.000000
61 19 11 1.000000 1.000000 1.000000
61 20 11 1.000000 1.000000 1.000000
61 19 10 1.000000 1.000000 1.000000
62 19 11 1.000000 1.000000 1.000000
62 20 11 1.000000 1.000000 1.000000
62 19 10 1.000000 1.000000 1.000000
63 19 11 1.000000 1.000000 1.000000
63 20 11 1.000000 1.000000 1.000000
63 19 10 1.000000 1.000000 1.000000
64 19 11 1.000000 1.000000 1.000000
64 20 11 1.000000 1.000000 1.000000
64 19 10 1.000000 1.000000 1.000000
49 19 9 1.000000 1.000000 1.000000
49 20 10 1.000000 1.000000 1.000000
49 20 9 1.000000 1.000000 1.000000
50 19 9 1.000000 1.000000 1.000000
50 20 10 1.000000 1.000000 1.000000
50 20 9 1.000000 1.000000 1.000000
51 19 9 1.000000 1.000000 1.000000
51 20 10 1.000000 1.000000 1.000000
51 20 9 1.000000 1.000000 1.000000
52 19 9 1.000000 1.000000 1.000000
52 20 10 1.000000 1.000000 1.000000
52 20 9 1.000000 1.000000 1.000000
53 19 9 1.000000 1.000000 1.000000
53 20 10 1.000000 1.000000 1.000000
53 20 9 1.000000 1.000000 1.000000
54 19 9 1.000000 1.000000 1.000000
54 20 10 1.000000 1.000000 1.000000
54 20 9 1.000000 1.000000 1.000000
55 19 9 1.000000 1.000000 1.000000
55 20 10 1.000000 1.000000 1.000000
55 20 9 1.000000 1.000000 1.000000
56 19 9 1.000000 1.000000 1.000000
56 20 10 1.000000 1.000000 1.000000
56 20 9 1.000000 1.000000 1.000000
57 19 9 1.000000 1.000000 1.000000
57 20 10 1.000000 1.000000 1.000000
57 20 9 1.000000 1.000000 1.000000
58 19 9 1.000000 1.000000 1.000000
58 20 10 1.000000 1.000000 1.000000
58 20 9 1.000000 1.000000 1.000000
59 19 9 1.000000 1.000000 1.000000
59 20 10 1.000000 1.000000 1.000000
59 20 9 1.000000 1.000000 1.000000
60 19 9 1.000000 1.000000 1.000000
60 20 10 1.000000 1.000000 1.000000
60 20 9 1.000000 1.000000 1.000000
61 19 9 1.000000 1.000000 1.000000
61 20 10 1.000000 1.000000 1.000000
61 20 9 1.000000 1.000000 1.000000
62 19 9 1.000000 1.000000 1.000000
62 20 10 1.000000 1.000000 1.000000
62 20 9 1.000000 1.000000 1.000000
63 19 9 1.000000 1.000000 1.000000
63 20 10 1.000000 1.000000 1.000000
63 20 9 1.000000 1.000000 1.000000
64 19 9 1.000000 1.000000 1.000000
64 20 10 1.000000 1.000000 1.000000
64 20 9 1.000000 1.000000 1.000000
49 19 8 1.000000 1.000000 1.000000
49 20 8 1.000000 1.000000 1.000000
50 19 8 1.000000 1.000000 1.000000
50 20 8 1.000000 1.000000 1.000000
51 19 8 1.000000 1.000000 1.000000
51 20 8 1.000000 1.000000 1.000000
52 19 8 1.000000 1.000000 1.000000
52 20 8 1.000000 1.000000 1.000000
53 19 8 1.000000 1.000000 1.000000
53 20 8 1.000000 1.000000 1.000000
54 19 8 1.000000 1.000000 1.000000
54 20 8 1.000000 1.000000 1.000000
55 19 8 1.000000 1.000000 1.000000
55 20 8 1.000000 1.000000 1.000000
56 19 8 1.000000 1.000000 1.000000
56 20 8 1.000000 1.000000 1.000000
57 19 8 1.000000 1.000000 1.000000
57 20 8 1.000000 1.000000 1.000000
58 19 8 1.000000 1.000000 1.000000
58 20 8 1.000000 1.000000 1.000000
59 19 8 1.000000 1.000000 1.000000
59 20 8 1.000000 1.000000 1.000000
60 19 8 1.000000 1.000000 1.000000
60 20 8 1.000000 1.000000 1.000000
61 19 8 1.000000 1.000000 1.000000
61 20 8 1.000000 1.000000 1.000000
62 19 8 1.000000 1.000000 1.000000
62 20 8 1.000000 1.000000 1.000000
63 19 8 1.000000 1.000000 1.000000
63 20 8 1.000000 1.000000 1.000000
64 19 8 1.000000 1.000000 1.000000
64 20 8 1.000000 1.000000 1.000000
49 19 7 1.000000 1.000000 1.000000
49 20 7 1.000000 1.000000 1.000000
50 19 7 1.000000 1.000000 1.000000
50 20 7 1.000000 1.000000 1.000000
51 19 7 1.000000 1.000000 1.000000
51 20 7 1.000000 1.000000 1.000000
52 19 7 1.000000 1.000000 1.000000
52 20 7 1.000000 1.000000 1.000000
53 19 7 1.000000 1.000000 1.000000
53 20 7 1.000000 1.000000 1.000000
54 19 7 1.000000 1.000000 1.000000
54 20 7 1.000000 1.000000 1.000000
55 19 7 1.000000 1.000000 1.000000
55 20 7 1.000000 1.000000 1.000000
56 19 7 1.000000 1.000000 1.000000
56 20 7 1.000000 1.000000 1.000000
57 19 7 1.000000 1.000000 1.000000
57 20 7 1.000000 1.000000 1.000000
58 19 7 1.000000 1.000000 1.000000
58 20 7 1.000000 1.000000 1.000000
59 19 7 1.000000 1.000000 1.000000
59 20 7 1.000000 1.000000 1.000000
60 19 7 1.000000 1.000000 1.000000
60 20 7 1.000000 1.000000 1.000000
61 19 7 1.000000 1.000000 1.000000
61 20 7 1.000000 1.000000 1.000000
62 19 7 1.000000 1.000000 1.000000
62 20 7 1.000000 1.000000 1.000000
63 19 7 1.000000 1.000000 1.000000
63 20 7 1.000000 1.000000 1.000000
64 19 7 1.000000 1.000000 1.000000
64 20 7 1.000000 1.000000 1.000000
49 19 6 1.000000 1.000000 1.000000
49 20 6 1.000000 1.000000 1.000000
50 19 6 1.000000 1.000000 1.000000
50 20 6 1.000000 1.000000 1.000000
51 19 6 1.000000 1.000000 1.000000
51 20 6 1.000000 1.000000 1.000000
52 19 6 1.000000 1.000000 1.000000
52 20 6 1.000000 1.000000 1.000000
53 19 6 1.000000 1.000000 1.000000
53 20 6 1.000000 1.000000 1.000000
54 19 6 1.000000 1.000000 1.000000
54 20 6 1.000000 1.000000 1.000000
55 19 6 1.000000 1.000000 1.000000
55 20 6 1.000000 1.000000 1.000000
56 19 6 1.000000 1.000000 1.000000
56 20 6 1.000000 1.000000 1.000000
57 19 6 1.000000 1.000000 1.000000
57 20 6 1.000000 1.000000 1.000000
58 19 6 1.000000 1.000000 1.000000
58 20 6 1.000000 1.000000 1.000000
59 19 6 1.000000 1.000000 1.000000
59 20 6 1.000000 1.000000 1.000000
60 19 6 1.000000 1.000000 1.000000
60 20 6 1.000000 1.000000 1.000000
61 19 6 1.000000 1.000000 1.000000
61 20 6 1.000000 1.000000 1.000000
62 19 6 1.000000 1.000000 1.000000
62 20 6 1.000000 1.000000 1.000000
63 19 6 1.000000 1.000000 1.000000
63 20 6 1.000000 1.000000 1.000000
64 19 6 1.000000 1.000000 1.000000
64 20 6 1.000000 1.000000 1.000000
49 19 5 1.000000 1.000000 1.000000
49 20 5 1.000000 1.000000 1.000000
50 19 5 1.000000 1.000000 1.000000
50 20 5 1.000000 1.000000 1.000000
51 19 5 1.000000 1.000000 1.000000
51 20 5 1.000000 1.000000 1.000000
52 19 5 1.000000 1.000000 1.000000
52 20 5 1.000000 1.000000 1.000000
53 19 5 1.000000 1.000000 1.000000
53 20 5 1.000000 1.000000 1.000000
54 19 5 1.000000 1.000000 1.000000
54 20 5 1.000000 1.000000 1.000000
55 19 5 1.000000 1.000000 1.000000
55 20 5 1.000000 1.000000 1.000000
56 19 5 1.000000 1.000000 1.000000
56 20 5 1.000000 1.000000 1.000000
57 19 5 1.000000 1.000000 1.000000
57 20 5 1.000000 1.000000 1.000000
58 19 5 1.000000 1.000000 1.000000
58 20 5 1.000000 1.000000 1.000000
59 19 5 1.000000 1.000000 1.000000
59 20 5 1.000000 1.000000 1.000000
60 19 5 1.000000 1.000000 1.000000
60 20 5 1.000000 1.000000 1.000000
61 19 5 1.000000 1.000000 1.000000
61 20 5 1.000000 1.000000 1.000000
62 19 5 1.000000 1.000000 1.000000
62 20 5 1.000000 1.000000 1.000000
63 19 5 1.000000 1.000000 1.000000
63 20 5 1.000000 1.000000 1.000000
64 19 5 1.000000 1.000000 1.000000
64 20 5 1.000000 1.000000 1.000000
49 19 4 1.000000 1.000000 1.000000
49 20 4 1.000000 1.000000 1.000000
50 19 4 1.000000 1.000000 1.000000
50 20 4 1.000000 1.000000 1.000000
51 19 4 1.000000 1.000000 1.000000
51 20 4 1.000000 1.000000 1.000000
52 19 4 1.000000 1.000000 1.000000
52 20 4 1.000000 1.000000 1.000000
53 19 4 1.000000 1.000000 1.000000
53 20 4 1.000000 1.000000 1.000000
54 19 4 1.000000 1.000000 1.000000
54 20 4 1.000000 1.000000 1.000000
55 19 4 1.000000 1.000000 1.000000
55 20 4 1.000000 1.000000 1.000000
56 19 4 1.000000 1.000000 1.000000
56 20 4 1.000000 1.000000 1.000000
57 19 4 1.000000 1.000000 1.000000
57 20 4 1.000000 1.000000 1.000000
58 19 4 1.000000 1.000000 1.000000
58 20 4 1.000000 1.000000 1.000000
59 19 4 1.000000 1.000000 1.000000
59 20 4 1.000000 1.000000 1.000000
60 19 4 1.000000 1.000000 1.000000
60 20 4 1.000000 1.000000 1.000000
61 19 4 1.000000 1.000000 1.000000
61 20 4 1.000000 1.000000 1.000000
62 19 4 1.000000 1.000000 1.000000
62 20 4 1.000000 1.000000 1.000000
63 19 4 1.000000 1.000000 1.000000
63 20 4 1.000000 1.000000 1.000000
64 19 4 1.000000 1.000000 1.000000
64 20 4 1.000000 1.000000 1.000000
49 19 3 1.000000 1.000000 1.000000
49 20 3 1.000000 1.000000 1.000000
50 19 3 1.000000 1.000000 1.000000
50 20 3 1.000000 1.000000 1.000000
51 19 3 1.000000 1.000000 1.000000
51 20 3 1.000000 1.000000 1.000000
52 19 3 1.000000 1.000000 1.000000
52 20 3 1.000000 1.000000 1.000000
53 19 3 1.000000 1.000000 1.000000
53 20 3 1.000000 1.000000 1.000000
54 19 3 1.000000 1.000000 1.000000
54 20 3 1.000000 1.000000 1.000000
55 19 3 1.000000 1.000000 1.000000
55 20 3 1.000000 1.000000 1.000000
56 19 3 1.000000 1.000000 1.000000
56 20 3 1.000000 1.000000 1.000000
57 19 3 1.000000 1.000000 1.000000
57 20 3 1.000000 1.000000 1.000000
58 19 3 1.000000 1.000000 1.000000
58 20 3 1.000000 1.000000 1.000000
59 19 3 1.000000 1.000000 1.000000
59 20 3 1.000000 1.000000 1.000000
60 19 3 1.000000 1.000000 1.000000
60 20 3 1.000000 1.000000 1.000000
61 19 3 1.000000 1.000000 1.000000
61 20 3 1.000000 1.000000 1.000000
62 19 3 1.000000 1.000000 1.000000
62 20 3 1.000000 1.000000 1.000000
63 19 3 1.000000 1.000000 1.000000
63 20 3 1.000000 1.000000 1.000000
64 19 3 1.000000 1.000000 1.000000
64 20 3 1.000000 1.000000 1.000000
49 19 2 1.000000 1.000000 1.000000
49 20 2 1.000000 1.000000 1.000000
50 19 2 1.000000 1.000000 1.000000
50 20 2 1.000000 1.000000 1.000000
51 19 2 1.000000 1.000000 1.000000
51 20 2 1.000000 1.000000 1.000000
52 19 2 1.000000 1.000000 1.000000
52 20 2 1.000000 1.000000 1.000000
53 19 2 1.000000 1.000000 1.000000
53 20 2 1.000000 1.000000 1.000000
54 19 2 1.000000 1.000000 1.000000
54 20 2 1.000000 1.000000 1.000000
55 19 2 1.000000 1.000000 1.000000
55 20 2 1.000000 1.000000 1.000000
56 19 2 1.000000 1.000000 1.000000
56 20 2 1.000000 1.000000 1.000000
57 19 2 1.000000 1.000000 1.000000
57 20 2 1.000000 1.000000 1.000000
58 19 2 1.000000 1.000000 1.000000
58 20 2 1.000000 1.000000 1.000000
59 19 2 1.000000 1.000000 1.000000
59 20 2 1.000000 1.000000 1.000000
60 19 2 1.000000 1.000000 1.000000
60 20 2 1.000000 1.000000 1.000000
61 19 2 1.000000 1.000000 1.000000
61 20 2 1.000000 1.000000 1.000000
62 19 2 1.000000 1.000000 1.000000
62 20 2 1.000000 1.000000 1.000000
63 19 2 1.000000 1.000000 1.000000
63 20 2 1.000000 1.000000 1.000000
64 19 2 1.000000 1.000000 1.000000
64 20 2 1.000000 1.000000 1.000000
49 19 1 1.000000 1.000000 1.000000
49 20 1 1.000000 1.000000 1.000000
50 19 1 1.000000 1.000000 1.000000
50 20 1 1.000000 1.000000 1.000000
51 19 1 1.000000 1.000000 1.000000
51 20 1 1.000000 1.000000 1.000000
52 19 1 1.000000 1.000000 1.000000
52 20 1 1.000000 1.000000 1.000000
53 19 1 1.000000 1.000000 1.000000
53 20 1 1.000000 1.000000 1.000000
54 19 1 1.000000 1.000000 1.000000
54 20 1 1.000000 1.000000 1.000000
55 19 1 1.000000 1.000000 1.000000
55 20 1 1.000000 1.000000 1.000000
56 19 1 1.000000 1.000000 1.000000
56 20 1 1.000000 1.000000 1.000000
57 19 1 1.000000 1.000000 1.000000
57 20 1 1.000000 1.000000 1.000000
58 19 1 1.000000 1.000000 1.000000
58 20 1 1.000000 1.000000 1.000000
59 19 1 1.000000 1.000000 1.000000
59 20 1 1.000000 1.000000 1.000000
60 19 1 1.000000 1.000000 1.000000
60 20 1 1.000000 1.000000 1.000000
61 19 1 1.000000 1.000000 1.000000
61 20 1 1.000000 1.000000 1.000000
62 19 1 1.000000 1.000000 1.000000
62 20 1 1.000000 1.000000 1.000000
63 19 1 1.000000 1.000000 1.000000
63 20 1 1.000000 1.000000 1.000000
64 19 1 1.000000 1.000000 1.000000
64 20 1 1.000000 1.000000 1.000000
49 19 0 1.000000 1.000000 1.000000
49 20 0 1.000000 1.000000 1.000000
50 19 0 1.000000 1.000000 1.000000
50 20 0 1.000000 1.000000 1.000000
51 19 0 1.000000 1.000000 1.000000
51 20 0 1.000000 1.000000 1.000000
52 19 0 1.000000 1.000000 1.000000
52 20 0 1.000000 1.000000 1.000000
53 19 0 1.000000 1.000000 1.000000
53 20 0 1.000000 1.000000 1.000000
54 19 0 1.000000 1.000000 1.000000
54 20 0 1.000000 1.000000 1.000000
55 19 0 1.000000 1.000000 1.000000
55 20 0 1.000000 1.000000 1.000000
56 19 0 1.000000 1.000000 1.000000
56 20 0 1.000000 1.000000 1.000000
57 19 0 1.000000 1.000000 1.000000
57 20 0 1.000000 1.000000 1.000000
58 19 0 1.000000 1.000000 1.000000
58 20 0 1.000000 1.000000 1.000000
59 19 0 1.000000 1.000000 1.000000
59 20 0 1.000000 1.000000 1.000000
60 19 0 1.000000 1.000000 1.000000
60 20 0 1.000000 1.000000 1.000000
61 19 0 1.000000 1.000000 1.000000
61 20 0 1.000000 1.000000 1.000000
62 19 0 1.000000 1.000000 1.000000
62 20 0 1.000000 1.000000 1.000000
63 19 0 1.000000 1.000000 1.000000
63 20 0 1.000000 1.000000 1.000000
64 19 0 1.000000 1.000000 1.000000
64 20 0 1.000000 1.000000 1.000000
49 21 11 1.000000 1.000000 1.000000
49 21 10 1.000000 1.000000 1.000000
50 21 11 1.000000 1.000000 1.000000
50 21 10 1.000000 1.000000 1.000000
51 21 11 1.000000 1.000000 1.000000
51 21 10 1.000000 1.000000 1.000000
52 21 11 1.000000 1.000000 1.000000
52 21 10 1.000000 1.000000 1.000000
53 21 11 1.000000 1.000000 1.000000
53 21 10 1.000000 1.000000 1.000000
54 21 11 1.000000 1.000000 1.000000
54 21 10 1.000000 1.000000 1.000000
55 21 11 1.000000 1.000000 1.000000
55 21 10 1.000000 1.000000 1.000000
56 21 11 1.000000 1.000000 1.000000
56 21 10 1.000000 1.000000 1.000000
57 21 11 1.000000 1.000000 1.000000
57 21 10 1.000000 1.000000 1.000000
58 21 11 1.000000 1.000000 1.000000
58 21 10 1.000000 1.000000 1.000000
59 21 11 1.000000 1.000000 1.000000
59 21 10 1.000000 1.000000 1.000000
60 21 11 1.000000 1.000000 1.000000
60 21 10 1.000000 1.000000 1.000000
61 21 11 1.000000 1.000000 1.000000
61 21 10 1.000000 1.000000 1.000000
62 21 11 1.000000 1.000000 1.000000
62 21 10 1.000000 1.000000 1.000000
63 21 11 1.000000 1.000000 1.000000
63 21 10 1.000000 1.000000 1.000000
64 21 11 1.000000 1.000000 1.000000
64 21 10 1.000000 1.000000 1.000000
49 22 11 1.000000 1.000000 1.000000
49 22 10 1.000000 1.000000 1.000000
50 22 11 1.000000 1.000000 1.000000
50 22 10 1.000000 1.000000 1.000000
51 22 11 1.000000 1.000000 1.000000
51 22 10 1.000000 1.000000 1.000000
52 22 11 1.000000 1.000000 1.000000
52 22 10 1.000000 1.000000 1.000000
53 22 11 1.000000 1.000000 1.000000
53 22 10 1.000000 1.000000 1.000000
54 22 11 1.000000 1.000000 1.000000
54 22 10 1.000000 1.000000 1.000000
55 22 11 1.000000 1.000000 1.000000
55 22 10 1.000000 1.000000 1.000000
56 22 11 1.000000 1.000000 1.000000
56 22 10 1.000000 1.000000 1.000000
57 22 11 1.000000 1.000000 1.000000
57 22 10 1.000000 1.000000 1.000000
58 22 11 1.000000 1.000000 1.000000
58 22 10 1.000000 1.000000 1.000000
59 22 11 1.000000 1.000000 1.000000
59 22 10 1.000000 1.000000 1.000000
60 22 11 1.000000 1.000000 1.000000
60 22 10 1.000000 1.000000 1.000000
61 22 11 1.000000 1.000000 1.000000
61 22 10 1.000000 1.000000 1.000000
62 22 11 1.000000 1.000000 1.000000
62 22 10 1.000000 1.000000 1.000000
63 22 11 1.000000 1.000000 1.000000
63 22 10 1.000000 1.000000 1.000000
64 22 11 1.000000 1.000000 1.000000
64 22 10 1.000000 1.000000 1.000000
49 23 11 1.000000 1.000000 1.000000
49 23 10 1.000000 1.000000 1.000000
50 23 11 1.000000 1.000000 1.000000
50 23 10 1.000000 1.000000 1.000000
51 23 11 1.000000 1.000000 1.000000
51 23 10 1.000000 1.000000 1.000000
52 23 11 1.000000 1.000000 1.000000
52 23 10 1.000000 1.000000 1.000000
53 23 11 1.000000 1.000000 1.000000
53 23 10 1.000000 1.000000 1.000000
54 23 11 1.000000 1.000000 1.000000
54 23 10 1.000000 1.000000 1.000000
55 23 11 1.000000 1.000000 1.000000
55 23 10 1.000000 1.000000 1.000000
56 23 11 1.000000 1.000000 1.000000
56 23 10 1.000000 1.000000 1.000000
57 23 11 1.000000 1.000000 1.000000
57 23 10 1.000000 1.000000 1.000000
58 23 11 1.000000 1.000000 1.000000
58 23 10 1.000000 1.000000 1.000000
59 23 11 1.000000 1.000000 1.000000
59 23 10 1.000000 1.000000 1.000000
60 23 11 1.000000 1.000000 1.000000
60 23 10 1.000000 1.000000 1.000000
61 23 11 1.000000 1.000000 1.000000
61 23 10 1.000000 1.000000 1.000000
62 23 11 1.000000 1.000000 1.000000
62 23 10 1.000000 1.000000 1.000000
63 23 11 1.000000 1.000000 1.000000
63 23 10 1.000000 1.000000 1.000000
64 23 11 1.000000 1.000000 1.000000
64 23 10 1.000000 1.000000 1.000000
49 24 11 1.000000 1.000000 1.000000
49 24 10 1.000000 1.000000 1.000000
50 24 11 1.000000 1.000000 1.000000
50 24 10 1.000000 1.000000 1.000000
51 24 11 1.000000 1.000000 1.000000
51 24 10 1.000000 1.000000 1.000000
52 24 11 1.000000 1.000000 1.000000
52 24 10 1.000000 1.000000 1.000000
53 24 11 1.000000 1.000000 1.000000
53 24 10 1.000000 1.000000 1.000000
54 24 11 1.000000 1.000000 1.000000
54 24 10 1.000000 1.000000 1.000000
55 24 11 1.000000 1.000000 1.000000
55 24 10 1.000000 1.000000 1.000000
56 24 11 1.000000 1.000000 1.000000
56 24 10 1.000000 1.000000 1.000000
57 24 11 1.000000 1.000000 1.000000
57 24 10 1.000000 1.000000 1.000000
58 24 11 1.000000 1.000000 1.000000
58 24 10 1.000000 1.000000 1.000000
59 24 11 1.000000 1.000000 1.000000
59 24 10 1.000000 1.000000 1.000000
60 24 11 1.000000 1.000000 1.000000
60 24 10 1.000000 1.000000 1.000000
61 24 11 1.000000 1.000000 1.000000
61 24 10 1.000000 1.000000 1.000000
62 24 11 1.000000 1.000000 1.000000
62 24 10 1.000000 1.000000 1.000000
63 24 11 1.000000 1.000000 1.000000
63 24 10 1.000000 1.000000 1.000000
64 24 11 1.000000 1.000000 1.000000
64 24 10 1.000000 1.000000 1.000000
49 25 11 1.000000 1.000000 1.000000
49 25 10 1.000000 1.000000 1.000000
50 25 11 1.000000 1.000000 1.000000
50 25 10 1.000000 1.000000 1.000000
51 25 11 1.000000 1.000000 1.000000
51 25 10 1.000000 1.000000 1.000000
52 25 11 1.000000 1.000000 1.000000
52 25 10 1.000000 1.000000 1.000000
53 25 11 1.000000 1.000000 1.000000
53 25 10 1.000000 1.000000 1.000000
54 25 11 1.000000 1.000000 1.000000
54 25 10 1.000000 1.000000 1.000000
55 25 11 1.000000 1.000000 1.000000
55 25 10 1.000000 1.000000 1.000000
56 25 11 1.000000 1.000000 1.000000
56 25 10 1.000000 1.000000 1.000000
57 25 11 1.000000 1.000000 1.000000
57 25 10 1.000000 1.000000 1.000000
58 25 11 1.000000 1.000000 1.000000
58 25 10 1.000000 1.000000 1.000000
59 25 11 1.000000 1.000000 1.000000
59 25 10 1.000000 1.000000 1.000000
60 25 11 1.000000 1.000000 1.000000
60 25 10 1.000000 1.000000 1.000000
61 25 11 1.000000 1.000000 1.000000
61 25 10 1.000000 1.000000 1.000000
62 25 11 1.000000 1.000000 1.000000
62 25 10 1.000000 1.000000 1.000000
63 25 11 1.000000 1.000000 1.000000
63 25 10 1.000000 1.000000 1.000000
64 25 11 1.000000 1.000000 1.000000
64 25 10 1.000000 1.000000 1.000000
49 26 11 1.000000 1.000000 1.000000
49 26 10 1.000000 1.000000 1.000000
50 26 11 1.000000 1.000000 1.000000
50 26 10 1.000000 1.000000 1.000000
51 26 11 1.000000 1.000000 1.000000
51 26 10 1.000000 1.000000 1.000000
52 26 11 1.000000 1.000000 1.000000
52 26 10 1.000000 1.000000 1.000000
53 26 11 1.000000 1.000000 1.000000
53 26 10 1.000000 1.000000 1.000000
54 26 11 1.000000 1.000000 1.000000
54 26 10 1.000000 1.000000 1.000000
55 26 11 1.000000 1.000000 1.000000
55 26 10 1.000000 1.000000 1.000000
56 26 11 1.000000 1.000000 1.000000
56 26 10 1.000000 1.000000 1.000000
57 26 11 1.000000 1.000000 1.000000
57 26 10 1.000000 1.000000 1.000000
58 26 11 1.000000 1.000000 1.000000
58 26 10 1.000000 1.000000 1.000000
59 26 11 1.000000 1.000000 1.000000
59 26 10 1.000000 1.000000 1.000000
60 26 11 1.000000 1.000000 1.000000
60 26 10 1.000000 1.000000 1.000000
61 26 11 1.000000 1.000000 1.000000
61 26 10 1.000000 1.000000 1.000000
62 26 11 1.000000 1.000000 1.000000
62 26 10 1.000000 1.000000 1.000000
63 26 11 1.000000 1.000000 1.000000
63 26 10 1.000000 1.000000 1.000000
64 26 11 1.000000 1.000000 1.000000
64 26 10 1.000000 1.000000 1.000000
49 27 11 1.000000 1.000000 1.000000
49 27 10 1.000000 1.000000 1.000000
50 27 11 1.000000 1.000000 1.000000
50 27 10 1.000000 1.000000 1.000000
51 27 11 1.000000 1.000000 1.000000
51 27 10 1.000000 1.000000 1.000000
52 27 11 1.000000 1.000000 1.000000
52 27 10 1.000000 1.000000 1.000000
53 27 11 1.000000 1.000000 1.000000
53 27 10 1.000000 1.000000 1.000000
54 27 11 1.000000 1.000000 1.000000
54 27 10 1.000000 1.000000 1.000000
55 27 11 1.000000 1.000000 1.000000
55 27 10 1.000000 1.000000 1.000000
56 27 11 1.000000 1.000000 1.000000
56 27 10 1.000000 1.000000 1.000000
57 27 11 1.000000 1.000000 1.000000
57 27 10 1.000000 1.000000 1.000000
58 27 11 1.000000 1.000000 1.000000
58 27 10 1.000000 1.000000 1.000000
59 27 11 1.000000 1.000000 1.000000
59 27 10 1.000000 1.000000 1.000000
60 27 11 1.000000 1.000000 1.000000
60 27 10 1.000000 1.000000 1.000000
61 27 11 1.000000 1.000000 1.000000
61 27 10 1.000000 1.000000 1.000000
62 27 11 1.000000 1.000000 1.000000
62 27 10 1.000000 1.000000 1.000000
63 27 11 1.000000 1.000000 1.000000
63 27 10 1.000000 1.000000 1.000000
64 27 11 1.000000 1.000000 1.000000
64 27 10 1.000000 1.000000 1.000000
4 0 1 2 3
4 0 4 5 1
4 0 3 6 4
4 1 7 8 2
4 1 5 9 7
4 7 10 11 8
4 7 9 12 10
4 10 13 14 11
4 10 12 15 13
4 13 16 17 14
4 13 15 18 16
4 16 19 20 17
4 16 18 21 19
4 19 22 23 20
4 19 21 24 22
4 22 25 26 23
4 22 24 27 25
4 25 28 29 26
4 25 27 30 28
4 28 31 32 29
4 28 30 33 31
4 31 34 35 32
4 31 33 36 34
4 4 37 38 5
4 4 6 39 37
4 5 38 40 9
4 41 42 43 44
4 9 40 45 12
4 46 47 42 41
4 12 45 48 15
4 49 50 47 46
4 15 48 51 18
4 52 53 50 49
4 18 51 54 21
4 55 56 53 52
4 21 54 57 24
4 58 59 56 55
4 24 57 60 27
4 61 62 59 58
4 27 60 63 30
4 64 65 62 61
4 30 63 66 33
4 67 68 65 64
4 33 66 69 36
4 70 71 68 67
4 37 72 73 38
4 37 39 74 72
4 38 73 75 40
4 42 76 77 43
4 40 75 78 45
4 47 79 76 42
4 45 78 80 48
4 50 81 79 47
4 48 80 82 51
4 53 83 81 50
4 51 82 84 54
4 56 85 83 53
4 54 84 86 57
4 59 87 85 56
4 57 86 88 60
4 62 89 87 59
4 60 88 90 63
4 65 91 89 62
4 63 90 92 66
4 68 93 91 65
4 66 92 94 69
4 71 95 93 68
4 72 96 97 73
4 72 74 98 96
4 73 97 99 75
4 76 100 101 77
4 75 99 102 78
4 79 103 100 76
4 78 102 104 80
4 81 105 103 79
4 80 104 106 82
4 83 107 105 81
4 82 106 108 84
4 85 109 107 83
4 84 108 110 86
4 87 111 109 85
4 86 110 112 88
4 89 113 111 87
4 88 112 114 90
4 91 115 113 89
4 90 114 116 92
4 93 117 115 91
4 92 116 118 94
4 95 119 117 93
4 96 120 121 97
4 96 98 122 120
4 97 121 123 99
4 100 124 125 101
4 99 123 126 102
4 103 127 124 100
4 102 126 128 104
4 105 129 127 103
4 104 128 130 106
4 107 131 129 105
4 106 130 132 108
4 109 133 131 107
4 108 132 134 110
4 111 135 133 109
4 110 134 136 112
4 113 137 135 111
4 112 136 138 114
4 115 139 137 113
4 114 138 140 116
4 117 141 139 115
4 116 140 142 118
4 119 143 141 117
4 120 144 145 121
4 120 122 146 144
4 121 145 147 123
4 124 148 149 125
4 123 147 150 126
4 127 151 148 124
4 126 150 152 128
4 129 153 151 127
4 128 152 154 130
4 131 155 153 129
4 130 154 156 132
4 133 157 155 131
4 132 156 158 134
4 135 159 157 133
4 134 158 160 136
4 137 161 159 135
4 136 160 162 138
4 139 163 161 137
4 138 162 164 140
4 141 165 163 139
4 140 164 166 142
4 143 167 165 141
4 144 168 169 145
4 144 146 170 168
4 145 169 171 147
4 148 172 173 149
4 147 171 174 150
4 151 175 172 148
4 150 174 176 152
4 153 177 175 151
4 152 176 178 154
4 155 179 177 153
4 154 178 180 156
4 157 181 179 155
4 156 180 182 158
4 159 183 181 157
4 158 182 184 160
4 161 185 183 159
4 160 184 186 162
4 163 187 185 161
4 162 186 188 164
4 165 189 187 163
4 164 188 190 166
4 167 191 189 165
4 168 192 193 169
4 168 170 194 192
4 169 193 195 171
4 172 196 197 173
4 171 195 198 174
4 175 199 196 172
4 174 198 200 176
4 177 201 199 175
4 176 200 202 178
4 179 203 201 177
4 178 202 204 180
4 181 205 203 179
4 180 204 206 182
4 183 207 205 181
4 182 206 208 184
4 185 209 207 183
4 184 208 210 186
4 187 211 209 185
4 186 210 212 188
4 189 213 211 187
4 188 212 214 190
4 191 215 213 189
4 192 216 217 193
4 192 194 218 216
4 193 217 219 195
4 196 220 221 197
4 195 219 222 198
4 199 223 220 196
4 198 222 224 200
4 201 225 223 199
4 200 224 226 202
4 203 227 225 201
4 202 226 228 204
4 205 229 227 203
4 204 228 230 206
4 207 231 229 205
4 206 230 232 208
4 209 233 231 207
4 208 232 234 210
4 211 235 233 209
4 210 234 236 212
4 213 237 235 211
4 212 236 238 214
4 215 239 237 213
4 216 240 241 217
4 216 218 242 240
4 217 241 243 219
4 220 244 245 221
4 219 243 246 222
4 223 247 244 220
4 222 246 248 224
4 225 249 247 223
4 224 248 250 226
4 227 251 249 225
4 226 250 252 228
4 229 253 251 227
4 228 252 254 230
4 231 255 253 229
4 230 254 256 232
4 233 257 255 231
4 232 256 258 234
4 235 259 257 233
4 234 258 260 236
4 237 261 259 235
4 236 260 262 238
4 239 263 261 237
4 240 264 265 241
4 240 242 266 264
4 241 265 267 243
4 244 268 269 245
4 243 267 270 246
4 247 271 268 244
4 246 270 272 248
4 249 273 271 247
4 248 272 274 250
4 251 275 273 249
4 250 274 276 252
4 253 277 275 251
4 252 276 278 254
4 255 279 277 253
4 254 278 280 256
4 257 281 279 255
4 256 280 282 258
4 259 283 281 257
4 258 282 284 260
4 261 285 283 259
4 260 284 286 262
4 263 287 285 261
4 3 2 288 289
4 3 289 290 6
4 2 8 291 288
4 41 44 292 293
4 8 11 294 291
4 46 41 293 295
4 11 14 296 294
4 49 46 295 297
4 14 17 298 296
4 52 49 297 299
4 17 20 300 298
4 55 52 299 301
4 20 23 302 300
4 58 55 301 303
4 23 26 304 302
4 61 58 303 305
4 26 29 306 304
4 64 61 305 307
4 29 32 308 306
4 67 64 307 309
4 32 35 310 308
4 70 67 309 311
4 44 43 312 292
4 6 290 313 39
4 43 77 314 312
4 39 313 315 74
4 77 101 316 314
4 74 315 317 98
4 101 125 318 316
4 98 317 319 122
4 125 149 320 318
4 122 319 321 146
4 149 173 322 320
4 146 321 323 170
4 173 197 324 322
4 170 323 325 194
4 197 221 326 324
4 194 325 327 218
4 221 245 328 326
4 218 327 329 242
4 245 269 330 328
4 242 329 331 266
4 289 288 332 333
4 289 333 334 290
4 288 291 335 332
4 293 292 336 337
4 291 294 338 335
4 295 293 337 339
4 294 296 340 338
4 297 295 339 341
4 296 298 342 340
4 299 297 341 343
4 298 300 344 342
4 301 299 343 345
4 300 302 346 344
4 303 301 345 347
4 302 304 348 346
4 305 303 347 349
4 304 306 350 348
4 307 305 349 351
4 306 308 352 350
4 309 307 351 353
4 308 310 354 352
4 311 309 353 355
4 292 312 356 336
4 290 334 357 313
4 312 314 358 356
4 313 357 359 315
4 314 316 360 358
4 315 359 361 317
4 316 318 362 360
4 317 361 363 319
4 318 320 364 362
4 319 363 365 321
4 320 322 366 364
4 321 365 367 323
4 322 324 368 366
4 323 367 369 325
4 324 326 370 368
4 325 369 371 327
4 326 328 372 370
4 327 371 373 329
4 328 330 374 372
4 329 373 375 331
4 333 332 376 377
4 333 377 378 334
4 332 335 379 376
4 337 336 380 381
4 335 338 382 379
4 339 337 381 383
4 338 340 384 382
4 341 339 383 385
4 340 342 386 384
4 343 341 385 387
4 342 344 388 386
4 345 343 387 389
4 344 346 390 388
4 347 345 389 391
4 346 348 392 390
4 349 347 391 393
4 348 350 394 392
4 351 349 393 395
4 350 352 396 394
4 353 351 395 397
4 352 354 398 396
4 355 353 397 399
4 336 356 400 380
4 334 378 401 357
4 356 358 402 400
4 357 401 403 359
4 358 360 404 402
4 359 403 405 361
4 360 362 406 404
4 361 405 407 363
4 362 364 408 406
4 363 407 409 365
4 364 366 410 408
4 365 409 411 367
4 366 368 412 410
4 367 411 413 369
4 368 370 414 412
4 369 413 415 371
4 370 372 416 414
4 371 415 417 373
4 372 374 418 416
4 373 417 419 375
4 377 376 420 421
4 377 421 422 378
4 376 379 423 420
4 381 380 424 425
4 379 382 426 423
4 383 381 425 427
4 382 384 428 426
4 385 383 427 429
4 384 386 430 428
4 387 385 429 431
4 386 388 432 430
4 389 387 431 433
4 388 390 434 432
4 391 389 433 435
4 390 392 436 434
4 393 391 435 437
4 392 394 438 436
4 395 393 437 439
4 394 396 440 438
4 397 395 439 441
4 396 398 442 440
4 399 397 441 443
4 380 400 444 424
4 378 422 445 401
4 400 402 446 444
4 401 445 447 403
4 402 404 448 446
4 403 447 449 405
4 404 406 450 448
4 405 449 451 407
4 406 408 452 450
4 407 451 453 409
4 408 410 454 452
4 409 453 455 411
4 410 412 456 454
4 411 455 457 413
4 412 414 458 456
4 413 457 459 415
4 414 416 460 458
4 415 459 461 417
4 416 418 462 460
4 417 461 463 419
4 421 420 464 465
4 421 465 466 422
4 420 423 467 464
4 425 424 468 469
4 423 426 470 467
4 427 425 469 471
4 426 428 472 470
4 429 427 471 473
4 428 430 474 472
4 431 429 473 475
4 430 432 476 474
4 433 431 475 477
4 432 434 478 476
4 435 433 477 479
4 434 436 480 478
4 437 435 479 481
4 436 438 482 480
4 439 437 481 483
4 438 440 484 482
4 441 439 483 485
4 440 442 486 484
4 443 441 485 487
4 424 444 488 468
4 422 466 489 445
4 444 446 490 488
4 445 489 491 447
4 446 448 492 490
4 447 491 493 449
4 448 450 494 492
4 449 493 495 451
4 450 452 496 494
4 451 495 497 453
4 452 454 498 496
4 453 497 499 455
4 454 456 500 498
4 455 499 501 457
4 456 458 502 500
4 457 501 503 459
4 458 460 504 502
4 459 503 505 461
4 460 462 506 504
4 461 505 507 463
4 465 464 508 509
4 465 509 510 466
4 464 467 511 508
4 469 468 512 513
4 467 470 514 511
4 471 469 513 515
4 470 472 516 514
4 473 471 515 517
4 472 474 518 516
4 475 473 517 519
4 474 476 520 518
4 477 475 519 521
4 476 478 522 520
4 479 477 521 523
4 478 480 524 522
4 481 479 523 525
4 480 482 526 524
4 483 481 525 527
4 482 484 528 526
4 485 483 527 529
4 484 486 530 528
4 487 485 529 531
4 468 488 532 512
4 466 510 533 489
4 488 490 534 532
4 489 533 535 491
4 490 492 536 534
4 491 535 537 493
4 492 494 538 536
4 493 537 539 495
4 494 496 540 538
4 495 539 541 497
4 496 498 542 540
4 497 541 543 499
4 498 500 544 542
4 499 543 545 501
4 500 502 546 544
4 501 545 547 503
4 502 504 548 546
4 503 547 549 505
4 504 506 550 548
4 505 549 551 507
4 509 508 552 553
4 552 554 555 553
4 509 553 555 510
4 508 511 556 552
4 513 512 554 557
4 556 557 554 552
4 511 514 558 556
4 515 513 557 559
4 558 559 557 556
4 514 516 560 558
4 517 515 559 561
4 560 561 559 558
4 516 518 562 560
4 519 517 561 563
4 562 563 561 560
4 518 520 564 562
4 521 519 563 565
4 564 565 563 562
4 520 522 566 564
4 523 521 565 567
4 566 567 565 564
4 522 524 568 566
4 525 523 567 569
4 568 569 567 566
4 524 526 570 568
4 527 525 569 571
4 570 571 569 568
4 526 528 572 570
4 529 527 571 573
4 572 573 571 570
4 528 530 574 572
4 531 529 573 575
4 574 575 573 572
4 554 576 577 555
4 512 532 576 554
4 510 555 577 533
4 576 578 579 577
4 532 534 578 576
4 533 577 579 535
4 578 580 581 579
4 534 536 580 578
4 535 579 581 537
4 580 582 583 581
4 536 538 582 580
4 537 581 583 539
4 582 584 585 583
4 538 540 584 582
4 539 583 585 541
4 584 586 587 585
4 540 542 586 584
4 541 585 587 543
4 586 588 589 587
4 542 544 588 586
4 543 587 589 545
4 588 590 591 589
4 544 546 590 588
4 545 589 591 547
4 590 592 593 591
4 546 548 592 590
4 547 591 593 549
4 592 594 595 593
4 548 550 594 592
4 549 593 595 551
4 264 596 597 265
4 264 266 598 596
4 265 597 599 267
4 268 600 601 269
4 267 599 602 270
4 271 603 600 268
4 270 602 604 272
4 273 605 603 271
4 272 604 606 274
4 275 607 605 273
4 274 606 608 276
4 277 609 607 275
4 276 608 610 278
4 279 611 609 277
4 278 610 612 280
4 281 613 611 279
4 280 612 614 282
4 283 615 613 281
4 282 614 616 284
4 285 617 615 283
4 284 616 618 286
4 287 619 617 285
4 596 620 621 597
4 596 598 622 620
4 597 621 623 599
4 600 624 625 601
4 599 623 626 602
4 603 627 624 600
4 602 626 628 604
4 605 629 627 603
4 604 628 630 606
4 607 631 629 605
4 606 630 632 608
4 609 633 631 607
4 608 632 634 610
4 611 635 633 609
4 610 634 636 612
4 613 637 635 611
4 612 636 638 614
4 615 639 637 613
4 614 638 640 616
4 617 641 639 615
4 616 640 642 618
4 619 643 641 617
4 620 644 645 621
4 620 622 646 644
4 621 645 647 623
4 624 648 649 625
4 623 647 650 626
4 627 651 648 624
4 626 650 652 628
4 629 653 651 627
4 628 652 654 630
4 631 655 653 629
4 630 654 656 632
4 633 657 655 631
4 632 656 658 634
4 635 659 657 633
4 634 658 660 636
4 637 661 659 635
4 636 660 662 638
4 639 663 661 637
4 638 662 664 640
4 641 665 663 639
4 640 664 666 642
4 643 667 665 641
4 668 669 670 671
4 644 669 668 645
4 644 646 670 669
4 672 668 671 673
4 645 668 672 647
4 674 672 673 675
4 647 672 674 650
4 676 674 675 677
4 650 674 676 652
4 678 676 677 679
4 652 676 678 654
4 680 678 679 681
4 654 678 680 656
4 682 680 681 683
4 656 680 682 658
4 684 682 683 685
4 658 682 684 660
4 686 684 685 687
4 660 684 686 662
4 688 686 687 689
4 662 686 688 664
4 690 688 689 691
4 664 688 690 666
4 269 601 692 330
4 266 331 693 598
4 601 625 694 692
4 598 693 695 622
4 625 649 696 694
4 622 695 697 646
4 671 670 698 699
4 646 697 698 670
4 649 648 700 696
4 673 671 699 701
4 648 651 702 700
4 675 673 701 703
4 651 653 704 702
4 677 675 703 705
4 653 655 706 704
4 679 677 705 707
4 655 657 708 706
4 681 679 707 709
4 657 659 710 708
4 683 681 709 711
4 659 661 712 710
4 685 683 711 713
4 661 663 714 712
4 687 685 713 715
4 663 665 716 714
4 689 687 715 717
4 665 667 718 716
4 691 689 717 719
4 330 692 720 374
4 331 375 721 693
4 692 694 722 720
4 693 721 723 695
4 694 696 724 722
4 695 723 725 697
4 699 698 726 727
4 697 725 726 698
4 696 700 728 724
4 701 699 727 729
4 700 702 730 728
4 703 701 729 731
4 702 704 732 730
4 705 703 731 733
4 704 706 734 732
4 707 705 733 735
4 706 708 736 734
4 709 707 735 737
4 708 710 738 736
4 711 709 737 739
4 710 712 740 738
4 713 711 739 741
4 712 714 742 740
4 715 713 741 743
4 714 716 744 742
4 717 715 743 745
4 716 718 746 744
4 719 717 745 747
4 374 720 748 418
4 375 419 749 721
4 720 722 750 748
4 721 749 751 723
4 722 724 752 750
4 723 751 753 725
4 727 726 754 755
4 725 753 754 726
4 724 728 756 752
4 729 727 755 757
4 728 730 758 756
4 731 729 757 759
4 730 732 760 758
4 733 731 759 761
4 732 734 762 760
4 735 733 761 763
4 734 736 764 762
4 737 735 763 765
4 736 738 766 764
4 739 737 765 767
4 738 740 768 766
4 741 739 767 769
4 740 742 770 768
4 743 741 769 771
4 742 744 772 770
4 745 743 771 773
4 744 746 774 772
4 747 745 773 775
4 418 748 776 462
4 419 463 777 749
4 748 750 778 776
4 749 777 779 751
4 750 752 780 778
4 751 779 781 753
4 755 754 782 783
4 753 781 782 754
4 752 756 784 780
4 757 755 783 785
4 756 758 786 784
4 759 757 785 787
4 758 760 788 786
4 761 759 787 789
4 760 762 790 788
4 763 761 789 791
4 762 764 792 790
4 765 763 791 793
4 764 766 794 792
4 767 765 793 795
4 766 768 796 794
4 769 767 795 797
4 768 770 798 796
4 771 769 797 799
4 770 772 800 798
4 773 771 799 801
4 772 774 802 800
4 775 773 801 803
4 462 776 804 506
4 463 507 805 777
4 776 778 806 804
4 777 805 807 779
4 778 780 808 806
4 779 807 809 781
4 783 782 810 811
4 781 809 810 782
4 780 784 812 808
4 785 783 811 813
4 784 786 814 812
4 787 785 813 815
4 786 788 816 814
4 789 787 815 817
4 788 790 818 816
4 791 789 817 819
4 790 792 820 818
4 793 791 819 821
4 792 794 822 820
4 795 793 821 823
4 794 796 824 822
4 797 795 823 825
4 796 798 826 824
4 799 797 825 827
4 798 800 828 826
4 801 799 827 829
4 800 802 830 828
4 803 801 829 831
4 506 804 832 550
4 507 551 833 805
4 804 806 834 832
4 805 833 835 807
4 806 808 836 834
4 807 835 837 809
4 811 810 838 839
4 809 837 838 810
4 808 812 840 836
4 813 811 839 841
4 812 814 842 840
4 815 813 841 843
4 814 816 844 842
4 817 815 843 845
4 816 818 846 844
4 819 817 845 847
4 818 820 848 846
4 821 819 847 849
4 820 822 850 848
4 823 821 849 851
4 822 824 852 850
4 825 823 851 853
4 824 826 854 852
4 827 825 853 855
4 826 828 856 854
4 829 827 855 857
4 828 830 858 856
4 831 829 857 859
4 594 860 861 595
4 550 832 860 594
4 551 595 861 833
4 860 862 863 861
4 832 834 862 860
4 833 861 863 835
4 862 864 865 863
4 834 836 864 862
4 835 863 865 837
4 839 838 866 867
4 864 867 866 865
4 837 865 866 838
4 836 840 868 864
4 841 839 867 869
4 868 869 867 864
4 840 842 870 868
4 843 841 869 871
4 870 871 869 868
4 842 844 872 870
4 845 843 871 873
4 872 873 871 870
4 844 846 874 872
4 847 845 873 875
4 874 875 873 872
4 846 848 876 874
4 849 847 875 877
4 876 877 875 874
4 848 850 878 876
4 851 849 877 879
4 878 879 877 876
4 850 852 880 878
4 853 851 879 881
4 880 881 879 878
4 852 854 882 880
4 855 853 881 883
4 882 883 881 880
4 854 856 884 882
4 857 855 883 885
4 884 885 883 882
4 856 858 886 884
4 859 857 885 887
4 886 887 885 884
4 286 618 888 889
4 890 891 619 287
4 889 888 892 893
4 894 895 891 890
4 893 892 896 897
4 898 899 895 894
4 897 896 900 901
4 902 903 899 898
4 901 900 904 905
4 906 907 903 902
4 905 904 908 909
4 910 911 907 906
4 909 908 912 913
4 914 915 911 910
4 913 912 916 917
4 918 919 915 914
4 917 916 920 921
4 922 923 919 918
4 921 920 924 925
4 926 927 923 922
4 925 924 928 929
4 930 931 927 926
4 929 928 932 933
4 934 935 931 930
4 933 932 936 937
4 938 939 935 934
4 937 936 940 941
4 942 943 939 938
4 941 940 944 945
4 946 947 943 942
4 945 944 948 949
4 950 951 947 946
4 618 642 952 888
4 891 953 643 619
4 888 952 954 892
4 895 955 953 891
4 892 954 956 896
4 899 957 955 895
4 896 956 958 900
4 903 959 957 899
4 900 958 960 904
4 907 961 959 903
4 904 960 962 908
4 911 963 961 907
4 908 962 964 912
4 915 965 963 911
4 912 964 966 916
4 919 967 965 915
4 916 966 968 920
4 923 969 967 919
4 920 968 970 924
4 927 971 969 923
4 924 970 972 928
4 931 973 971 927
4 928 972 974 932
4 935 975 973 931
4 932 974 976 936
4 939 977 975 935
4 936 976 978 940
4 943 979 977 939
4 940 978 980 944
4 947 981 979 943
4 944 980 982 948
4 951 983 981 947
4 642 666 984 952
4 953 985 667 643
4 952 984 986 954
4 955 987 985 953
4 954 986 988 956
4 957 989 987 955
4 956 988 990 958
4 959 991 989 957
4 958 990 992 960
4 961 993 991 959
4 960 992 994 962
4 963 995 993 961
4 962 994 996 964
4 965 997 995 963
4 964 996 998 966
4 967 999 997 965
4 966 998 1000 968
4 969 1001 999 967
4 968 1000 1002 970
4 971 1003 1001 969
4 970 1002 1004 972
4 973 1005 1003 971
4 972 1004 1006 974
4 975 1007 1005 973
4 974 1006 1008 976
4 977 1009 1007 975
4 976 1008 1010 978
4 979 1011 1009 977
4 978 1010 1012 980
4 981 1013 1011 979
4 980 1012 1014 982
4 983 1015 1013 981
4 1016 690 691 1017
4 666 690 1016 984
4 1018 1016 1017 1019
4 984 1016 1018 986
4 1020 1018 1019 1021
4 986 1018 1020 988
4 1022 1020 1021 1023
4 988 1020 1022 990
4 1024 1022 1023 1025
4 990 1022 1024 992
4 1026 1024 1025 1027
4 992 1024 1026 994
4 1028 1026 1027 1029
4 994 1026 1028 996
4 1030 1028 1029 1031
4 996 1028 1030 998
4 1032 1030 1031 1033
4 998 1030 1032 1000
4 1034 1032 1033 1035
4 1000 1032 1034 1002
4 1036 1034 1035 1037
4 1002 1034 1036 1004
4 1038 1036 1037 1039
4 1004 1036 1038 1006
4 1040 1038 1039 1041
4 1006 1038 1040 1008
4 1042 1040 1041 1043
4 1008 1040 1042 1010
4 1044 1042 1043 1045
4 1010 1042 1044 1012
4 1046 1044 1045 1047
4 1012 1044 1046 1014
4 667 985 1048 718
4 1017 691 719 1049
4 985 987 1050 1048
4 1019 1017 1049 1051
4 987 989 1052 1050
4 1021 1019 1051 1053
4 989 991 1054 1052
4 1023 1021 1053 1055
4 991 993 1056 1054
4 1025 1023 1055 1057
4 993 995 1058 1056
4 1027 1025 1057 1059
4 995 997 1060 1058
4 1029 1027 1059 1061
4 997 999 1062 1060
4 1031 1029 1061 1063
4 999 1001 1064 1062
4 1033 1031 1063 1065
4 1001 1003 1066 1064
4 1035 1033 1065 1067
4 1003 1005 1068 1066
4 1037 1035 1067 1069
4 1005 1007 1070 1068
4 1039 1037 1069 1071
4 1007 1009 1072 1070
4 1041 1039 1071 1073
4 1009 1011 1074 1072
4 1043 1041 1073 1075
4 1011 1013 1076 1074
4 1045 1043 1075 1077
4 1013 1015 1078 1076
4 1047 1045 1077 1079
4 718 1048 1080 746
4 1049 719 747 1081
4 1048 1050 1082 1080
4 1051 1049 1081 1083
4 1050 1052 1084 1082
4 1053 1051 1083 1085
4 1052 1054 1086 1084
4 1055 1053 1085 1087
4 1054 1056 1088 1086
4 1057 1055 1087 1089
4 1056 1058 1090 1088
4 1059 1057 1089 1091
4 1058 1060 1092 1090
4 1061 1059 1091 1093
4 1060 1062 1094 1092
4 1063 1061 1093 1095
4 1062 1064 1096 1094
4 1065 1063 1095 1097
4 1064 1066 1098 1096
4 1067 1065 1097 1099
4 1066 1068 1100 1098
4 1069 1067 1099 1101
4 1068 1070 1102 1100
4 1071 1069 1101 1103
4 1070 1072 1104 1102
4 1073 1071 1103 1105
4 1072 1074 1106 1104
4 1075 1073 1105 1107
4 1074 1076 1108 1106
4 1077 1075 1107 1109
4 1076 1078 1110 1108
4 1079 1077 1109 1111
4 746 1080 1112 774
4 1081 747 775 1113
4 1080 1082 1114 1112
4 1083 1081 1113 1115
4 1082 1084 1116 1114
4 1085 1083 1115 1117
4 1084 1086 1118 1116
4 1087 1085 1117 1119
4 1086 1088 1120 1118
4 1089 1087 1119 1121
4 1088 1090 1122 1120
4 1091 1089 1121 1123
4 1090 1092 1124 1122
4 1093 1091 1123 1125
4 1092 1094 1126 1124
4 1095 1093 1125 1127
4 1094 1096 1128 1126
4 1097 1095 1127 1129
4 1096 1098 1130 1128
4 1099 1097 1129 1131
4 1098 1100 1132 1130
4 1101 1099 1131 1133
4 1100 1102 1134 1132
4 1103 1101 1133 1135
4 1102 1104 1136 1134
4 1105 1103 1135 1137
4 1104 1106 1138 1136
4 1107 1105 1137 1139
4 1106 1108 1140 1138
4 1109 1107 1139 1141
4 1108 1110 1142 1140
4 1111 1109 1141 1143
4 774 1112 1144 802
4 1113 775 803 1145
4 1112 1114 1146 1144
4 1115 1113 1145 1147
4 1114 1116 1148 1146
4 1117 1115 1147 1149
4 1116 1118 1150 1148
4 1119 1117 1149 1151
4 1118 1120 1152 1150
4 1121 1119 1151 1153
4 1120 1122 1154 1152
4 1123 1121 1153 1155
4 1122 1124 1156 1154
4 1125 1123 1155 1157
4 1124 1126 1158 1156
4 1127 1125 1157 1159
4 1126 1128 1160 1158
4 1129 1127 1159 1161
4 1128 1130 1162 1160
4 1131 1129 1161 1163
4 1130 1132 1164 1162
4 1133 1131 1163 1165
4 1132 1134 1166 1164
4 1135 1133 1165 1167
4 1134 1136 1168 1166
4 1137 1135 1167 1169
4 1136 1138 1170 1168
4 1139 1137 1169 1171
4 1138 1140 1172 1170
4 1141 1139 1171 1173
4 1140 1142 1174 1172
4 1143 1141 1173 1175
4 802 1144 1176 830
4 1145 803 831 1177
4 1144 1146 1178 1176
4 1147 1145 1177 1179
4 1146 1148 1180 1178
4 1149 1147 1179 1181
4 1148 1150 1182 1180
4 1151 1149 1181 1183
4 1150 1152 1184 1182
4 1153 1151 1183 1185
4 1152 1154 1186 1184
4 1155 1153 1185 1187
4 1154 1156 1188 1186
4 1157 1155 1187 1189
4 1156 1158 1190 1188
4 1159 1157 1189 1191
4 1158 1160 1192 1190
4 1161 1159 1191 1193
4 1160 1162 1194 1192
4 1163 1161 1193 1195
4 1162 1164 1196 1194
4 1165 1163 1195 1197
4 1164 1166 1198 1196
4 1167 1165 1197 1199
4 1166 1168 1200 1198
4 1169 1167 1199 1201
4 1168 1170 1202 1200
4 1171 1169 1201 1203
4 1170 1172 1204 1202
4 1173 1171 1203 1205
4 1172 1174 1206 1204
4 1175 1173 1205 1207
4 830 1176 1208 858
4 1177 831 859 1209
4 1176 1178 1210 1208
4 1179 1177 1209 1211
4 1178 1180 1212 1210
4 1181 1179 1211 1213
4 1180 1182 1214 1212
4 1183 1181 1213 1215
4 1182 1184 1216 1214
4 1185 1183 1215 1217
4 1184 1186 1218 1216
4 1187 1185 1217 1219
4 1186 1188 1220 1218
4 1189 1187 1219 1221
4 1188 1190 1222 1220
4 1191 1189 1221 1223
4 1190 1192 1224 1222
4 1193 1191 1223 1225
4 1192 1194 1226 1224
4 1195 1193 1225 1227
4 1194 1196 1228 1226
4 1197 1195 1227 1229
4 1196 1198 1230 1228
4 1199 1197 1229 1231
4 1198 1200 1232 1230
4 1201 1199 1231 1233
4 1200 1202 1234 1232
4 1203 1201 1233 1235
4 1202 1204 1236 1234
4 1205 1203 1235 1237
4 1204 1206 1238 1236
4 1207 1205 1237 1239
4 858 1208 1240 886
4 1209 859 887 1241
4 1240 1241 887 886
4 1208 1210 1242 1240
4 1211 1209 1241 1243
4 1242 1243 1241 1240
4 1210 1212 1244 1242
4 1213 1211 1243 1245
4 1244 1245 1243 1242
4 1212 1214 1246 1244
4 1215 1213 1245 1247
4 1246 1247 1245 1244
4 1214 1216 1248 1246
4 1217 1215 1247 1249
4 1248 1249 1247 1246
4 1216 1218 1250 1248
4 1219 1217 1249 1251
4 1250 1251 1249 1248
4 1218 1220 1252 1250
4 1221 1219 1251 1253
4 1252 1253 1251 1250
4 1220 1222 1254 1252
4 1223 1221 1253 1255
4 1254 1255 1253 1252
4 1222 1224 1256 1254
4 1225 1223 1255 1257
4 1256 1257 1255 1254
4 1224 1226 1258 1256
4 1227 1225 1257 1259
4 1258 1259 1257 1256
4 1226 1228 1260 1258
4 1229 1227 1259 1261
4 1260 1261 1259 1258
4 1228 1230 1262 1260
4 1231 1229 1261 1263
4 1262 1263 1261 1260
4 1230 1232 1264 1262
4 1233 1231 1263 1265
4 1264 1265 1263 1262
4 1232 1234 1266 1264
4 1235 1233 1265 1267
4 1266 1267 1265 1264
4 1234 1236 1268 1266
4 1237 1235 1267 1269
4 1268 1269 1267 1266
4 1236 1238 1270 1268
4 1239 1237 1269 1271
4 1270 1271 1269 1268
4 949 948 1272 1273
4 1274 1275 951 950
4 1273 1272 1276 1277
4 1278 1279 1275 1274
4 1277 1276 1280 1281
4 1282 1283 1279 1278
4 1281 1280 1284 1285
4 1286 1287 1283 1282
4 1285 1284 1288 1289
4 1290 1291 1287 1286
4 1289 1288 1292 1293
4 1294 1295 1291 1290
4 1293 1292 1296 1297
4 1298 1299 1295 1294
4 1297 1296 1300 1301
4 1302 1303 1299 1298
4 1301 1300 1304 1305
4 1306 1307 1303 1302
4 1305 1304 1308 1309
4 1310 1311 1307 1306
4 1309 1308 1312 1313
4 1314 1315 1311 1310
4 1313 1312 1316 1317
4 1318 1319 1315 1314
4 1317 1316 1320 1321
4 1322 1323 1319 1318
4 1321 1320 1324 1325
4 1326 1327 1323 1322
4 1325 1324 1328 1329
4 1330 1331 1327 1326
4 1329 1328 1332 1333
4 1334 1335 1331 1330
4 948 982 1336 1272
4 1275 1337 983 951
4 1272 1336 1338 1276
4 1279 1339 1337 1275
4 1276 1338 1340 1280
4 1283 1341 1339 1279
4 1280 1340 1342 1284
4 1287 1343 1341 1283
4 1284 1342 1344 1288
4 1291 1345 1343 1287
4 1288 1344 1346 1292
4 1295 1347 1345 1291
4 1292 1346 1348 1296
4 1299 1349 1347 1295
4 1296 1348 1350 1300
4 1303 1351 1349 1299
4 1300 1350 1352 1304
4 1307 1353 1351 1303
4 1304 1352 1354 1308
4 1311 1355 1353 1307
4 1308 1354 1356 1312
4 1315 1357 1355 1311
4 1312 1356 1358 1316
4 1319 1359 1357 1315
4 1316 1358 1360 1320
4 1323 1361 1359 1319
4 1320 1360 1362 1324
4 1327 1363 1361 1323
4 1324 1362 1364 1328
4 1331 1365 1363 1327
4 1328 1364 1366 1332
4 1335 1367 1365 1331
4 982 1014 1368 1336
4 1337 1369 1015 983
4 1336 1368 1370 1338
4 1339 1371 1369 1337
4 1338 1370 1372 1340
4 1341 1373 1371 1339
4 1340 1372 1374 1342
4 1343 1375 1373 1341
4 1342 1374 1376 1344
4 1345 1377 1375 1343
4 1344 1376 1378 1346
4 1347 1379 1377 1345
4 1346 1378 1380 1348
4 1349 1381 1379 1347
4 1348 1380 1382 1350
4 1351 1383 1381 1349
4 1350 1382 1384 1352
4 1353 1385 1383 1351
4 1352 1384 1386 1354
4 1355 1387 1385 1353
4 1354 1386 1388 1356
4 1357 1389 1387 1355
4 1356 1388 1390 1358
4 1359 1391 1389 1357
4 1358 1390 1392 1360
4 1361 1393 1391 1359
4 1360 1392 1394 1362
4 1363 1395 1393 1361
4 1362 1394 1396 1364
4 1365 1397 1395 1363
4 1364 1396 1398 1366
4 1367 1399 1397 1365
4 1400 1046 1047 1401
4 1014 1046 1400 1368
4 1402 1400 1401 1403
4 1368 1400 1402 1370
4 1404 1402 1403 1405
4 1370 1402 1404 1372
4 1406 1404 1405 1407
4 1372 1404 1406 1374
4 1408 1406 1407 1409
4 1374 1406 1408 1376
4 1410 1408 1409 1411
4 1376 1408 1410 1378
4 1412 1410 1411 1413
4 1378 1410 1412 1380
4 1414 1412 1413 1415
4 1380 1412 1414 1382
4 1416 1414 1415 1417
4 1382 1414 1416 1384
4 1418 1416 1417 1419
4 1384 1416 1418 1386
4 1420 1418 1419 1421
4 1386 1418 1420 1388
4 1422 1420 1421 1423
4 1388 1420 1422 1390
4 1424 1422 1423 1425
4 1390 1422 1424 1392
4 1426 1424 1425 1427
4 1392 1424 1426 1394
4 1428 1426 1427 1429
4 1394 1426 1428 1396
4 1430 1428 1429 1431
4 1396 1428 1430 1398
4 1015 1369 1432 1078
4 1401 1047 1079 1433
4 1369 1371 1434 1432
4 1403 1401 1433 1435
4 1371 1373 1436 1434
4 1405 1403 1435 1437
4 1373 1375 1438 1436
4 1407 1405 1437 1439
4 1375 1377 1440 1438
4 1409 1407 1439 1441
4 1377 1379 1442 1440
4 1411 1409 1441 1443
4 1379 1381 1444 1442
4 1413 1411 1443 1445
4 1381 1383 1446 1444
4 1415 1413 1445 1447
4 1383 1385 1448 1446
4 1417 1415 1447 1449
4 1385 1387 1450 1448
4 1419 1417 1449 1451
4 1387 1389 1452 1450
4 1421 1419 1451 1453
4 1389 1391 1454 1452
4 1423 1421 1453 1455
4 1391 1393 1456 1454
4 1425 1423 1455 1457
4 1393 1395 1458 1456
4 1427 1425 1457 1459
4 1395 1397 1460 1458
4 1429 1427 1459 1461
4 1397 1399 1462 1460
4 1431 1429 1461 1463
4 1078 1432 1464 1110
4 1433 1079 1111 1465
4 1432 1434 1466 1464
4 1435 1433 1465 1467
4 1434 1436 1468 1466
4 1437 1435 1467 1469
4 1436 1438 1470 1468
4 1439 1437 1469 1471
4 1438 1440 1472 1470
4 1441 1439 1471 1473
4 1440 1442 1474 1472
4 1443 1441 1473 1475
4 1442 1444 1476 1474
4 1445 1443 1475 1477
4 1444 1446 1478 1476
4 1447 1445 1477 1479
4 1446 1448 1480 1478
4 1449 1447 1479 1481
4 1448 1450 1482 1480
4 1451 1449 1481 1483
4 1450 1452 1484 1482
4 1453 1451 1483 1485
4 1452 1454 1486 1484
4 1455 1453 1485 1487
4 1454 1456 1488 1486
4 1457 1455 1487 1489
4 1456 1458 1490 1488
4 1459 1457 1489 1491
4 1458 1460 1492 1490
4 1461 1459 1491 1493
4 1460 1462 1494 1492
4 1463 1461 1493 1495
4 1110 1464 1496 1142
4 1465 1111 1143 1497
4 1464 1466 1498 1496
4 1467 1465 1497 1499
4 1466 1468 1500 1498
4 1469 1467 1499 1501
4 1468 1470 1502 1500
4 1471 1469 1501 1503
4 1470 1472 1504 1502
4 1473 1471 1503 1505
4 1472 1474 1506 1504
4 1475 1473 1505 1507
4 1474 1476 1508 1506
4 1477 1475 1507 1509
4 1476 1478 1510 1508
4 1479 1477 1509 1511
4 1478 1480 1512 1510
4 1481 1479 1511 1513
4 1480 1482 1514 1512
4 1483 1481 1513 1515
4 1482 1484 1516 1514
4 1485 1483 1515 1517
4 1484 1486 1518 1516
4 1487 1485 1517 1519
4 1486 1488 1520 1518
4 1489 1487 1519 1521
4 1488 1490 1522 1520
4 1491 1489 1521 1523
4 1490 1492 1524 1522
4 1493 1491 1523 1525
4 1492 1494 1526 1524
4 1495 1493 1525 1527
4 1142 1496 1528 1174
4 1497 1143 1175 1529
4 1496 1498 1530 1528
4 1499 1497 1529 1531
4 1498 1500 1532 1530
4 1501 1499 1531 1533
4 1500 1502 1534 1532
4 1503 1501 1533 1535
4 1502 1504 1536 1534
4 1505 1503 1535 1537
4 1504 1506 1538 1536
4 1507 1505 1537 1539
4 1506 1508 1540 1538
4 1509 1507 1539 1541
4 1508 1510 1542 1540
4 1511 1509 1541 1543
4 1510 1512 1544 1542
4 1513 1511 1543 1545
4 1512 1514 1546 1544
4 1515 1513 1545 1547
4 1514 1516 1548 1546
4 1517 1515 1547 1549
4 1516 1518 1550 1548
4 1519 1517 1549 1551
4 1518 1520 1552 1550
4 1521 1519 1551 1553
4 1520 1522 1554 1552
4 1523 1521 1553 1555
4 1522 1524 1556 1554
4 1525 1523 1555 1557
4 1524 1526 1558 1556
4 1527 1525 1557 1559
4 1174 1528 1560 1206
4 1529 1175 1207 1561
4 1528 1530 1562 1560
4 1531 1529 1561 1563
4 1530 1532 1564 1562
4 1533 1531 1563 1565
4 1532 1534 1566 1564
4 1535 1533 1565 1567
4 1534 1536 1568 1566
4 1537 1535 1567 1569
4 1536 1538 1570 1568
4 1539 1537 1569 1571
4 1538 1540 1572 1570
4 1541 1539 1571 1573
4 1540 1542 1574 1572
4 1543 1541 1573 1575
4 1542 1544 1576 1574
4 1545 1543 1575 1577
4 1544 1546 1578 1576
4 1547 1545 1577 1579
4 1546 1548 1580 1578
4 1549 1547 1579 1581
4 1548 1550 1582 1580
4 1551 1549 1581 1583
4 1550 1552 1584 1582
4 1553 1551 1583 1585
4 1552 1554 1586 1584
4 1555 1553 1585 1587
4 1554 1556 1588 1586
4 1557 1555 1587 1589
4 1556 1558 1590 1588
4 1559 1557 1589 1591
4 1206 1560 1592 1238
4 1561 1207 1239 1593
4 1560 1562 1594 1592
4 1563 1561 1593 1595
4 1562 1564 1596 1594
4 1565 1563 1595 1597
4 1564 1566 1598 1596
4 1567 1565 1597 1599
4 1566 1568 1600 1598
4 1569 1567 1599 1601
4 1568 1570 1602 1600
4 1571 1569 1601 1603
4 1570 1572 1604 1602
4 1573 1571 1603 1605
4 1572 1574 1606 1604
4 1575 1573 1605 1607
4 1574 1576 1608 1606
4 1577 1575 1607 1609
4 1576 1578 1610 1608
4 1579 1577 1609 1611
4 1578 1580 1612 1610
4 1581 1579 1611 1613
4 1580 1582 1614 1612
4 1583 1581 1613 1615
4 1582 1584 1616 1614
4 1585 1583 1615 1617
4 1584 1586 1618 1616
4 1587 1585 1617 1619
4 1586 1588 1620 1618
4 1589 1587 1619 1621
4 1588 1590 1622 1620
4 1591 1589 1621 1623
4 1238 1592 1624 1270
4 1593 1239 1271 1625
4 1624 1625 1271 1270
4 1592 1594 1626 1624
4 1595 1593 1625 1627
4 1626 1627 1625 1624
4 1594 1596 1628 1626
4 1597 1595 1627 1629
4 1628 1629 1627 1626
4 1596 1598 1630 1628
4 1599 1597 1629 1631
4 1630 1631 1629 1628
4 1598 1600 1632 1630
4 1601 1599 1631 1633
4 1632 1633 1631 1630
4 1600 1602 1634 1632
4 1603 1601 1633 1635
4 1634 1635 1633 1632
4 1602 1604 1636 1634
4 1605 1603 1635 1637
4 1636 1637 1635 1634
4 1604 1606 1638 1636
4 1607 1605 1637 1639
4 1638 1639 1637 1636
4 1606 1608 1640 1638
4 1609 1607 1639 1641
4 1640 1641 1639 1638
4 1608 1610 1642 1640
4 1611 1609 1641 1643
4 1642 1643 1641 1640
4 1610 1612 1644 1642
4 1613 1611 1643 1645
4 1644 1645 1643 1642
4 1612 1614 1646 1644
4 1615 1613 1645 1647
4 1646 1647 1645 1644
4 1614 1616 1648 1646
4 1617 1615 1647 1649
4 1648 1649 1647 1646
4 1616 1618 1650 1648
4 1619 1617 1649 1651
4 1650 1651 1649 1648
4 1618 1620 1652 1650
4 1621 1619 1651 1653
4 1652 1653 1651 1650
4 1620 1622 1654 1652
4 1623 1621 1653 1655
4 1654 1655 1653 1652
4 1333 1332 1656 1657
4 1658 1659 1335 1334
4 1657 1656 1660 1661
4 1662 1663 1659 1658
4 1661 1660 1664 1665
4 1666 1667 1663 1662
4 1665 1664 1668 1669
4 1670 1671 1667 1666
4 1669 1668 1672 1673
4 1674 1675 1671 1670
4 1673 1672 1676 1677
4 1678 1679 1675 1674
4 1677 1676 1680 1681
4 1682 1683 1679 1678
4 1681 1680 1684 1685
4 1686 1687 1683 1682
4 1685 1684 1688 1689
4 1690 1691 1687 1686
4 1689 1688 1692 1693
4 1694 1695 1691 1690
4 1693 1692 1696 1697
4 1698 1699 1695 1694
4 1697 1696 1700 1701
4 1702 1703 1699 1698
4 1701 1700 1704 1705
4 1706 1707 1703 1702
4 1705 1704 1708 1709
4 1710 1711 1707 1706
4 1709 1708 1712 1713
4 1714 1715 1711 1710
4 1713 1712 1716 1717
4 1718 1719 1715 1714
4 1332 1366 1720 1656
4 1659 1721 1367 1335
4 1656 1720 1722 1660
4 1663 1723 1721 1659
4 1660 1722 1724 1664
4 1667 1725 1723 1663
4 1664 1724 1726 1668
4 1671 1727 1725 1667
4 1668 1726 1728 1672
4 1675 1729 1727 1671
4 1672 1728 1730 1676
4 1679 1731 1729 1675
4 1676 1730 1732 1680
4 1683 1733 1731 1679
4 1680 1732 1734 1684
4 1687 1735 1733 1683
4 1684 1734 1736 1688
4 1691 1737 1735 1687
4 1688 1736 1738 1692
4 1695 1739 1737 1691
4 1692 1738 1740 1696
4 1699 1741 1739 1695
4 1696 1740 1742 1700
4 1703 1743 1741 1699
4 1700 1742 1744 1704
4 1707 1745 1743 1703
4 1704 1744 1746 1708
4 1711 1747 1745 1707
4 1708 1746 1748 1712
4 1715 1749 1747 1711
4 1712 1748 1750 1716
4 1719 1751 1749 1715
4 1366 1398 1752 1720
4 1721 1753 1399 1367
4 1720 1752 1754 1722
4 1723 1755 1753 1721
4 1722 1754 1756 1724
4 1725 1757 1755 1723
4 1724 1756 1758 1726
4 1727 1759 1757 1725
4 1726 1758 1760 1728
4 1729 1761 1759 1727
4 1728 1760 1762 1730
4 1731 1763 1761 1729
4 1730 1762 1764 1732
4 1733 1765 1763 1731
4 1732 1764 1766 1734
4 1735 1767 1765 1733
4 1734 1766 1768 1736
4 1737 1769 1767 1735
4 1736 1768 1770 1738
4 1739 1771 1769 1737
4 1738 1770 1772 1740
4 1741 1773 1771 1739
4 1740 1772 1774 1742
4 1743 1775 1773 1741
4 1742 1774 1776 1744
4 1745 1777 1775 1743
4 1744 1776 1778 1746
4 1747 1779 1777 1745
4 1746 1778 1780 1748
4 1749 1781 1779 1747
4 1748 1780 1782 1750
4 1751 1783 1781 1749
4 1784 1430 1431 1785
4 1398 1430 1784 1752
4 1786 1784 1785 1787
4 1752 1784 1786 1754
4 1788 1786 1787 1789
4 1754 1786 1788 1756
4 1790 1788 1789 1791
4 1756 1788 1790 1758
4 1792 1790 1791 1793
4 1758 1790 1792 1760
4 1794 1792 1793 1795
4 1760 1792 1794 1762
4 1796 1794 1795 1797
4 1762 1794 1796 1764
4 1798 1796 1797 1799
4 1764 1796 1798 1766
4 1800 1798 1799 1801
4 1766 1798 1800 1768
4 1802 1800 1801 1803
4 1768 1800 1802 1770
4 1804 1802 1803 1805
4 1770 1802 1804 1772
4 1806 1804 1805 1807
4 1772 1804 1806 1774
4 1808 1806 1807 1809
4 1774 1806 1808 1776
4 1810 1808 1809 1811
4 1776 1808 1810 1778
4 1812 1810 1811 1813
4 1778 1810 1812 1780
4 1814 1812 1813 1815
4 1780 1812 1814 1782
4 1399 1753 1816 1462
4 1785 1431 1463 1817
4 1753 1755 1818 1816
4 1787 1785 1817 1819
4 1755 1757 1820 1818
4 1789 1787 1819 1821
4 1757 1759 1822 1820
4 1791 1789 1821 1823
4 1759 1761 1824 1822
4 1793 1791 1823 1825
4 1761 1763 1826 1824
4 1795 1793 1825 1827
4 1763 1765 1828 1826
4 1797 1795 1827 1829
4 1765 1767 1830 1828
4 1799 1797 1829 1831
4 1767 1769 1832 1830
4 1801 1799 1831 1833
4 1769 1771 1834 1832
4 1803 1801 1833 1835
4 1771 1773 1836 1834
4 1805 1803 1835 1837
4 1773 1775 1838 1836
4 1807 1805 1837 1839
4 1775 1777 1840 1838
4 1809 1807 1839 1841
4 1777 1779 1842 1840
4 1811 1809 1841 1843
4 1779 1781 1844 1842
4 1813 1811 1843 1845
4 1781 1783 1846 1844
4 1815 1813 1845 1847
4 1462 1816 1848 1494
4 1817 1463 1495 1849
4 1816 1818 1850 1848
4 1819 1817 1849 1851
4 1818 1820 1852 1850
4 1821 1819 1851 1853
4 1820 1822 1854 1852
4 1823 1821 1853 1855
4 1822 1824 1856 1854
4 1825 1823 1855 1857
4 1824 1826 1858 1856
4 1827 1825 1857 1859
4 1826 1828 1860 1858
4 1829 1827 1859 1861
4 1828 1830 1862 1860
4 1831 1829 1861 1863
4 1830 1832 1864 1862
4 1833 1831 1863 1865
4 1832 1834 1866 1864
4 1835 1833 1865 1867
4 1834 1836 1868 1866
4 1837 1835 1867 1869
4 1836 1838 1870 1868
4 1839 1837 1869 1871
4 1838 1840 1872 1870
4 1841 1839 1871 1873
4 1840 1842 1874 1872
4 1843 1841 1873 1875
4 1842 1844 1876 1874
4 1845 1843 1875 1877
4 1844 1846 1878 1876
4 1847 1845 1877 1879
4 1494 1848 1880 1526
4 1849 1495 1527 1881
4 1848 1850 1882 1880
4 1851 1849 1881 1883
4 1850 1852 1884 1882
4 1853 1851 1883 1885
4 1852 1854 1886 1884
4 1855 1853 1885 1887
4 1854 1856 1888 1886
4 1857 1855 1887 1889
4 1856 1858 1890 1888
4 1859 1857 1889 1891
4 1858 1860 1892 1890
4 1861 1859 1891 1893
4 1860 1862 1894 1892
4 1863 1861 1893 1895
4 1862 1864 1896 1894
4 1865 1863 1895 1897
4 1864 1866 1898 1896
4 1867 1865 1897 1899
4 1866 1868 1900 1898
4 1869 1867 1899 1901
4 1868 1870 1902 1900
4 1871 1869 1901 1903
4 1870 1872 1904 1902
4 1873 1871 1903 1905
4 1872 1874 1906 1904
4 1875 1873 1905 1907
4 1874 1876 1908 1906
4 1877 1875 1907 1909
4 1876 1878 1910 1908
4 1879 1877 1909 1911
4 1526 1880 1912 1558
4 1881 1527 1559 1913
4 1880 1882 1914 1912
4 1883 1881 1913 1915
4 1882 1884 1916 1914
4 1885 1883 1915 1917
4 1884 1886 1918 1916
4 1887 1885 1917 1919
4 1886 1888 1920 1918
4 1889 1887 1919 1921
4 1888 1890 1922 1920
4 1891 1889 1921 1923
4 1890 1892 1924 1922
4 1893 1891 1923 1925
4 1892 1894 1926 1924
4 1895 1893 1925 1927
4 1894 1896 1928 1926
4 1897 1895 1927 1929
4 1896 1898 1930 1928
4 1899 1897 1929 1931
4 1898 1900 1932 1930
4 1901 1899 1931 1933
4 1900 1902 1934 1932
4 1903 1901 1933 1935
4 1902 1904 1936 1934
4 1905 1903 1935 1937
4 1904 1906 1938 1936
4 1907 1905 1937 1939
4 1906 1908 1940 1938
4 1909 1907 1939 1941
4 1908 1910 1942 1940
4 1911 1909 1941 1943
4 1558 1912 1944 1590
4 1913 1559 1591 1945
4 1912 1914 1946 1944
4 1915 1913 1945 1947
4 1914 1916 1948 1946
4 1917 1915 1947 1949
4 1916 1918 1950 1948
4 1919 1917 1949 1951
4 1918 1920 1952 1950
4 1921 1919 1951 1953
4 1920 1922 1954 1952
4 1923 1921 1953 1955
4 1922 1924 1956 1954
4 1925 1923 1955 1957
4 1924 1926 1958 1956
4 1927 1925 1957 1959
4 1926 1928 1960 1958
4 1929 1927 1959 1961
4 1928 1930 1962 1960
4 1931 1929 1961 1963
4 1930 1932 1964 1962
4 1933 1931 1963 1965
4 1932 1934 1966 1964
4 1935 1933 1965 1967
4 1934 1936 1968 1966
4 1937 1935 1967 1969
4 1936 1938 1970 1968
4 1939 1937 1969 1971
4 1938 1940 1972 1970
4 1941 1939 1971 1973
4 1940 1942 1974 1972
4 1943 1941 1973 1975
4 1590 1944 1976 1622
4 1945 1591 1623 1977
4 1944 1946 1978 1976
4 1947 1945 1977 1979
4 1946 1948 1980 1978
4 1949 1947 1979 1981
4 1948 1950 1982 1980
4 1951 1949 1981 1983
4 1950 1952 1984 1982
4 1953 1951 1983 1985
4 1952 1954 1986 1984
4 1955 1953 1985 1987
4 1954 1956 1988 1986
4 1957 1955 1987 1989
4 1956 1958 1990 1988
4 1959 1957 1989 1991
4 1958 1960 1992 1990
4 1961 1959 1991 1993
4 1960 1962 1994 1992
4 1963 1961 1993 1995
4 1962 1964 1996 1994
4 1965 1963 1995 1997
4 1964 1966 1998 1996
4 1967 1965 1997 1999
4 1966 1968 2000 1998
4 1969 1967 1999 2001
4 1968 1970 2002 2000
4 1971 1969 2001 2003
4 1970 1972 2004 2002
4 1973 1971 2003 2005
4 1972 1974 2006 2004
4 1975 1973 2005 2007
4 1622 1976 2008 1654
4 1977 1623 1655 2009
4 2008 2009 1655 1654
4 1976 1978 2010 2008
4 1979 1977 2009 2011
4 2010 2011 2009 2008
4 1978 1980 2012 2010
4 1981 1979 2011 2013
4 2012 2013 2011 2010
4 1980 1982 2014 2012
4 1983 1981 2013 2015
4 2014 2015 2013 2012
4 1982 1984 2016 2014
4 1985 1983 2015 2017
4 2016 2017 2015 2014
4 1984 1986 2018 2016
4 1987 1985 2017 2019
4 2018 2019 2017 2016
4 1986 1988 2020 2018
4 1989 1987 2019 2021
4 2020 2021 2019 2018
4 1988 1990 2022 2020
4 1991 1989 2021 2023
4 2022 2023 2021 2020
4 1990 1992 2024 2022
4 1993 1991 2023 2025
4 2024 2025 2023 2022
4 1992 1994 2026 2024
4 1995 1993 2025 2027
4 2026 2027 2025 2024
4 1994 1996 2028 2026
4 1997 1995 2027 2029
4 2028 2029 2027 2026
4 1996 1998 2030 2028
4 1999 1997 2029 2031
4 2030 2031 2029 2028
4 1998 2000 2032 2030
4 2001 1999 2031 2033
4 2032 2033 2031 2030
4 2000 2002 2034 2032
4 2003 2001 2033 2035
4 2034 2035 2033 2032
4 2002 2004 2036 2034
4 2005 2003 2035 2037
4 2036 2037 2035 2034
4 2004 2006 2038 2036
4 2007 2005 2037 2039
4 2038 2039 2037 2036
4 1717 1716 2040 2041
4 2042 2043 1719 1718
4 2041 2040 2044 2045
4 2046 2047 2043 2042
4 2045 2044 2048 2049
4 2050 2051 2047 2046
4 2049 2048 2052 2053
4 2054 2055 2051 2050
4 2053 2052 2056 2057
4 2058 2059 2055 2054
4 2057 2056 2060 2061
4 2062 2063 2059 2058
4 2061 2060 2064 2065
4 2066 2067 2063 2062
4 2065 2064 2068 2069
4 2070 2071 2067 2066
4 2069 2068 2072 2073
4 2074 2075 2071 2070
4 2073 2072 2076 2077
4 2078 2079 2075 2074
4 2077 2076 2080 2081
4 2082 2083 2079 2078
4 2081 2080 2084 2085
4 2086 2087 2083 2082
4 2085 2084 2088 2089
4 2090 2091 2087 2086
4 2089 2088 2092 2093
4 2094 2095 2091 2090
4 2093 2092 2096 2097
4 2098 2099 2095 2094
4 2097 2096 2100 2101
4 2102 2103 2099 2098
4 1716 1750 2104 2040
4 2043 2105 1751 1719
4 2040 2104 2106 2044
4 2047 2107 2105 2043
4 2044 2106 2108 2048
4 2051 2109 2107 2047
4 2048 2108 2110 2052
4 2055 2111 2109 2051
4 2052 2110 2112 2056
4 2059 2113 2111 2055
4 2056 2112 2114 2060
4 2063 2115 2113 2059
4 2060 2114 2116 2064
4 2067 2117 2115 2063
4 2064 2116 2118 2068
4 2071 2119 2117 2067
4 2068 2118 2120 2072
4 2075 2121 2119 2071
4 2072 2120 2122 2076
4 2079 2123 2121 2075
4 2076 2122 2124 2080
4 2083 2125 2123 2079
4 2080 2124 2126 2084
4 2087 2127 2125 2083
4 2084 2126 2128 2088
4 2091 2129 2127 2087
4 2088 2128 2130 2092
4 2095 2131 2129 2091
4 2092 2130 2132 2096
4 2099 2133 2131 2095
4 2096 2132 2134 2100
4 2103 2135 2133 2099
4 1750 1782 2136 2104
4 2105 2137 1783 1751
4 2104 2136 2138 2106
4 2107 2139 2137 2105
4 2106 2138 2140 2108
4 2109 2141 2139 2107
4 2108 2140 2142 2110
4 2111 2143 2141 2109
4 2110 2142 2144 2112
4 2113 2145 2143 2111
4 2112 2144 2146 2114
4 2115 2147 2145 2113
4 2114 2146 2148 2116
4 2117 2149 2147 2115
4 2116 2148 2150 2118
4 2119 2151 2149 2117
4 2118 2150 2152 2120
4 2121 2153 2151 2119
4 2120 2152 2154 2122
4 2123 2155 2153 2121
4 2122 2154 2156 2124
4 2125 2157 2155 2123
4 2124 2156 2158 2126
4 2127 2159 2157 2125
4 2126 2158 2160 2128
4 2129 2161 2159 2127
4 2128 2160 2162 2130
4 2131 2163 2161 2129
4 2130 2162 2164 2132
4 2133 2165 2163 2131
4 2132 2164 2166 2134
4 2135 2167 2165 2133
4 2168 1814 1815 2169
4 1782 1814 2168 2136
4 2170 2168 2169 2171
4 2136 2168 2170 2138
4 2172 2170 2171 2173
4 2138 2170 2172 2140
4 2174 2172 2173 2175
4 2140 2172 2174 2142
4 2176 2174 2175 2177
4 2142 2174 2176 2144
4 2178 2176 2177 2179
4 2144 2176 2178 2146
4 2180 2178 2179 2181
4 2146 2178 2180 2148
4 2182 2180 2181 2183
4 2148 2180 2182 2150
4 2184 2182 2183 2185
4 2150 2182 2184 2152
4 2186 2184 2185 2187
4 2152 2184 2186 2154
4 2188 2186 2187 2189
4 2154 2186 2188 2156
4 2190 2188 2189 2191
4 2156 2188 2190 2158
4 2192 2190 2191 2193
4 2158 2190 2192 2160
4 2194 2192 2193 2195
4 2160 2192 2194 2162
4 2196 2194 2195 2197
4 2162 2194 2196 2164
4 2198 2196 2197 2199
4 2164 2196 2198 2166
4 1783 2137 2200 1846
4 2169 1815 1847 2201
4 2137 2139 2202 2200
4 2171 2169 2201 2203
4 2139 2141 2204 2202
4 2173 2171 2203 2205
4 2141 2143 2206 2204
4 2175 2173 2205 2207
4 2143 2145 2208 2206
4 2177 2175 2207 2209
4 2145 2147 2210 2208
4 2179 2177 2209 2211
4 2147 2149 2212 2210
4 2181 2179 2211 2213
4 2149 2151 2214 2212
4 2183 2181 2213 2215
4 2151 2153 2216 2214
4 2185 2183 2215 2217
4 2153 2155 2218 2216
4 2187 2185 2217 2219
4 2155 2157 2220 2218
4 2189 2187 2219 2221
4 2157 2159 2222 2220
4 2191 2189 2221 2223
4 2159 2161 2224 2222
4 2193 2191 2223 2225
4 2161 2163 2226 2224
4 2195 2193 2225 2227
4 2163 2165 2228 2226
4 2197 2195 2227 2229
4 2165 2167 2230 2228
4 2199 2197 2229 2231
4 1846 2200 2232 1878
4 2201 1847 1879 2233
4 2200 2202 2234 2232
4 2203 2201 2233 2235
4 2202 2204 2236 2234
4 2205 2203 2235 2237
4 2204 2206 2238 2236
4 2207 2205 2237 2239
4 2206 2208 2240 2238
4 2209 2207 2239 2241
4 2208 2210 2242 2240
4 2211 2209 2241 2243
4 2210 2212 2244 2242
4 2213 2211 2243 2245
4 2212 2214 2246 2244
4 2215 2213 2245 2247
4 2214 2216 2248 2246
4 2217 2215 2247 2249
4 2216 2218 2250 2248
4 2219 2217 2249 2251
4 2218 2220 2252 2250
4 2221 2219 2251 2253
4 2220 2222 2254 2252
4 2223 2221 2253 2255
4 2222 2224 2256 2254
4 2225 2223 2255 2257
4 2224 2226 2258 2256
4 2227 2225 2257 2259
4 2226 2228 2260 2258
4 2229 2227 2259 2261
4 2228 2230 2262 2260
4 2231 2229 2261 2263
4 1878 2232 2264 1910
4 2233 1879 1911 2265
4 2232 2234 2266 2264
4 2235 2233 2265 2267
4 2234 2236 2268 2266
4 2237 2235 2267 2269
4 2236 2238 2270 2268
4 2239 2237 2269 2271
4 2238 2240 2272 2270
4 2241 2239 2271 2273
4 2240 2242 2274 2272
4 2243 2241 2273 2275
4 2242 2244 2276 2274
4 2245 2243 2275 2277
4 2244 2246 2278 2276
4 2247 2245 2277 2279
4 2246 2248 2280 2278
4 2249 2247 2279 2281
4 2248 2250 2282 2280
4 2251 2249 2281 2283
4 2250 2252 2284 2282
4 2253 2251 2283 2285
4 2252 2254 2286 2284
4 2255 2253 2285 2287
4 2254 2256 2288 2286
4 2257 2255 2287 2289
4 2256 2258 2290 2288
4 2259 2257 2289 2291
4 2258 2260 2292 2290
4 2261 2259 2291 2293
4 2260 2262 2294 2292
4 2263 2261 2293 2295
4 1910 2264 2296 1942
4 2265 1911 1943 2297
4 2264 2266 2298 2296
4 2267 2265 2297 2299
4 2266 2268 2300 2298
4 2269 2267 2299 2301
4 2268 2270 2302 2300
4 2271 2269 2301 2303
4 2270 2272 2304 2302
4 2273 2271 2303 2305
4 2272 2274 2306 2304
4 2275 2273 2305 2307
4 2274 2276 2308 2306
4 2277 2275 2307 2309
4 2276 2278 2310 2308
4 2279 2277 2309 2311
4 2278 2280 2312 2310
4 2281 2279 2311 2313
4 2280 2282 2314 2312
4 2283 2281 2313 2315
4 2282 2284 2316 2314
4 2285 2283 2315 2317
4 2284 2286 2318 2316
4 2287 2285 2317 2319
4 2286 2288 2320 2318
4 2289 2287 2319 2321
4 2288 2290 2322 2320
4 2291 2289 2321 2323
4 2290 2292 2324 2322
4 2293 2291 2323 2325
4 2292 2294 2326 2324
4 2295 2293 2325 2327
4 1942 2296 2328 1974
4 2297 1943 1975 2329
4 2296 2298 2330 2328
4 2299 2297 2329 2331
4 2298 2300 2332 2330
4 2301 2299 2331 2333
4 2300 2302 2334 2332
4 2303 2301 2333 2335
4 2302 2304 2336 2334
4 2305 2303 2335 2337
4 2304 2306 2338 2336
4 2307 2305 2337 2339
4 2306 2308 2340 2338
4 2309 2307 2339 2341
4 2308 2310 2342 2340
4 2311 2309 2341 2343
4 2310 2312 2344 2342
4 2313 2311 2343 2345
4 2312 2314 2346 2344
4 2315 2313 2345 2347
4 2314 2316 2348 2346
4 2317 2315 2347 2349
4 2316 2318 2350 2348
4 2319 2317 2349 2351
4 2318 2320 2352 2350
4 2321 2319 2351 2353
4 2320 2322 2354 2352
4 2323 2321 2353 2355
4 2322 2324 2356 2354
4 2325 2323 2355 2357
4 2324 2326 2358 2356
4 2327 2325 2357 2359
4 1974 2328 2360 2006
4 2329 1975 2007 2361
4 2328 2330 2362 2360
4 2331 2329 2361 2363
4 2330 2332 2364 2362
4 2333 2331 2363 2365
4 2332 2334 2366 2364
4 2335 2333 2365 2367
4 2334 2336 2368 2366
4 2337 2335 2367 2369
4 2336 2338 2370 2368
4 2339 2337 2369 2371
4 2338 2340 2372 2370
4 2341 2339 2371 2373
4 2340 2342 2374 2372
4 2343 2341 2373 2375
4 2342 2344 2376 2374
4 2345 2343 2375 2377
4 2344 2346 2378 2376
4 2347 2345 2377 2379
4 2346 2348 2380 2378
4 2349 2347 2379 2381
4 2348 2350 2382 2380
4 2351 2349 2381 2383
4 2350 2352 2384 2382
4 2353 2351 2383 2385
4 2352 2354 2386 2384
4 2355 2353 2385 2387
4 2354 2356 2388 2386
4 2357 2355 2387 2389
4 2356 2358 2390 2388
4 2359 2357 2389 2391
4 2006 2360 2392 2038
4 2361 2007 2039 2393
4 2392 2393 2039 2038
4 2360 2362 2394 2392
4 2363 2361 2393 2395
4 2394 2395 2393 2392
4 2362 2364 2396 2394
4 2365 2363 2395 2397
4 2396 2397 2395 2394
4 2364 2366 2398 2396
4 2367 2365 2397 2399
4 2398 2399 2397 2396
4 2366 2368 2400 2398
4 2369 2367 2399 2401
4 2400 2401 2399 2398
4 2368 2370 2402 2400
4 2371 2369 2401 2403
4 2402 2403 2401 2400
4 2370 2372 2404 2402
4 2373 2371 2403 2405
4 2404 2405 2403 2402
4 2372 2374 2406 2404
4 2375 2373 2405 2407
4 2406 2407 2405 2404
4 2374 2376 2408 2406
4 2377 2375 2407 2409
4 2408 2409 2407 2406
4 2376 2378 2410 2408
4 2379 2377 2409 2411
4 2410 2411 2409 2408
4 2378 2380 2412 2410
4 2381 2379 2411 2413
4 2412 2413 2411 2410
4 2380 2382 2414 2412
4 2383 2381 2413 2415
4 2414 2415 2413 2412
4 2382 2384 2416 2414
4 2385 2383 2415 2417
4 2416 2417 2415 2414
4 2384 2386 2418 2416
4 2387 2385 2417 2419
4 2418 2419 2417 2416
4 2386 2388 2420 2418
4 2389 2387 2419 2421
4 2420 2421 2419 2418
4 2388 2390 2422 2420
4 2391 2389 2421 2423
4 2422 2423 2421 2420
4 2101 2100 2424 2425
4 2426 2427 2103 2102
4 2425 2424 2428 2429
4 2430 2431 2427 2426
4 2429 2428 2432 2433
4 2434 2435 2431 2430
4 2433 2432 2436 2437
4 2438 2439 2435 2434
4 2437 2436 2440 2441
4 2442 2443 2439 2438
4 2441 2440 2443 2442
4 2444 2445 2446 2447
4 2447 2446 2448 2449
4 2444 2450 2451 2445
4 2100 2134 2452 2424
4 2427 2453 2135 2103
4 2424 2452 2454 2428
4 2431 2455 2453 2427
4 2428 2454 2456 2432
4 2435 2457 2455 2431
4 2432 2456 2458 2436
4 2439 2459 2457 2435
4 2436 2458 2460 2440
4 2443 2461 2459 2439
4 2440 2460 2461 2443
4 2445 2462 2463 2446
4 2446 2463 2464 2448
4 2445 2451 2465 2462
4 2134 2166 2466 2452
4 2453 2467 2167 2135
4 2452 2466 2468 2454
4 2455 2469 2467 2453
4 2454 2468 2470 2456
4 2457 2471 2469 2455
4 2456 2470 2472 2458
4 2459 2473 2471 2457
4 2458 2472 2474 2460
4 2461 2475 2473 2459
4 2460 2462 2465 2461
4 2460 2474 2476 2462
4 2465 2477 2475 2461
4 2462 2476 2478 2463
4 2463 2478 2479 2464
4 2480 2198 2199 2481
4 2166 2198 2480 2466
4 2482 2480 2481 2483
4 2466 2480 2482 2468
4 2484 2482 2483 2485
4 2468 2482 2484 2470
4 2486 2484 2485 2487
4 2470 2484 2486 2472
4 2488 2486 2487 2489
4 2472 2486 2488 2474
4 2490 2488 2489 2491
4 2474 2488 2490 2476
4 2492 2490 2491 2493
4 2476 2490 2492 2478
4 2478 2492 2493 2479
4 2449 2448 2494 2495
4 2450 2496 2497 2451
4 2448 2464 2498 2494
4 2451 2497 2499 2465
4 2464 2479 2500 2498
4 2465 2499 2501 2477
4 2167 2467 2502 2230
4 2481 2199 2231 2503
4 2467 2469 2504 2502
4 2483 2481 2503 2505
4 2469 2471 2506 2504
4 2485 2483 2505 2507
4 2471 2473 2508 2506
4 2487 2485 2507 2509
4 2473 2475 2510 2508
4 2489 2487 2509 2511
4 2475 2477 2501 2510
4 2491 2489 2511 2512
4 2493 2491 2512 2513
4 2479 2493 2513 2500
4 2495 2494 2514 2515
4 2496 2516 2517 2497
4 2494 2498 2518 2514
4 2497 2517 2519 2499
4 2498 2500 2520 2518
4 2499 2519 2521 2501
4 2230 2502 2522 2262
4 2503 2231 2263 2523
4 2502 2504 2524 2522
4 2505 2503 2523 2525
4 2504 2506 2526 2524
4 2507 2505 2525 2527
4 2506 2508 2528 2526
4 2509 2507 2527 2529
4 2508 2510 2530 2528
4 2511 2509 2529 2531
4 2510 2501 2521 2530
4 2512 2511 2531 2532
4 2513 2512 2532 2533
4 2500 2513 2533 2520
4 2515 2514 2534 2535
4 2516 2536 2537 2517
4 2514 2518 2538 2534
4 2517 2537 2539 2519
4 2518 2520 2540 2538
4 2519 2539 2541 2521
4 2262 2522 2542 2294
4 2523 2263 2295 2543
4 2522 2524 2544 2542
4 2525 2523 2543 2545
4 2524 2526 2546 2544
4 2527 2525 2545 2547
4 2526 2528 2548 2546
4 2529 2527 2547 2549
4 2528 2530 2550 2548
4 2531 2529 2549 2551
4 2530 2521 2541 2550
4 2532 2531 2551 2552
4 2533 2532 2552 2553
4 2520 2533 2553 2540
4 2535 2534 2554 2555
4 2536 2556 2557 2537
4 2534 2538 2558 2554
4 2537 2557 2559 2539
4 2538 2540 2560 2558
4 2539 2559 2561 2541
4 2294 2542 2562 2326
4 2543 2295 2327 2563
4 2542 2544 2564 2562
4 2545 2543 2563 2565
4 2544 2546 2566 2564
4 2547 2545 2565 2567
4 2546 2548 2568 2566
4 2549 2547 2567 2569
4 2548 2550 2570 2568
4 2551 2549 2569 2571
4 2550 2541 2561 2570
4 2552 2551 2571 2572
4 2553 2552 2572 2573
4 2540 2553 2573 2560
4 2555 2554 2574 2575
4 2556 2576 2577 2557
4 2554 2558 2578 2574
4 2557 2577 2579 2559
4 2558 2560 2580 2578
4 2559 2579 2581 2561
4 2326 2562 2582 2358
4 2563 2327 2359 2583
4 2562 2564 2584 2582
4 2565 2563 2583 2585
4 2564 2566 2586 2584
4 2567 2565 2585 2587
4 2566 2568 2588 2586
4 2569 2567 2587 2589
4 2568 2570 2590 2588
4 2571 2569 2589 2591
4 2570 2561 2581 2590
4 2572 2571 2591 2592
4 2573 2572 2592 2593
4 2560 2573 2593 2580
4 2575 2574 2594 2595
4 2576 2596 2597 2577
4 2574 2578 2598 2594
4 2577 2597 2599 2579
4 2578 2580 2600 2598
4 2579 2599 2601 2581
4 2358 2582 2602 2390
4 2583 2359 2391 2603
4 2582 2584 2604 2602
4 2585 2583 2603 2605
4 2584 2586 2606 2604
4 2587 2585 2605 2607
4 2586 2588 2608 2606
4 2589 2587 2607 2609
4 2588 2590 2610 2608
4 2591 2589 2609 2611
4 2590 2581 2601 2610
4 2592 2591 2611 2612
4 2593 2592 2612 2613
4 2580 2593 2613 2600
4 2614 2615 2616 2617
4 2595 2594 2615 2614
4 2596 2617 2616 2597
4 2615 2618 2619 2616
4 2594 2598 2618 2615
4 2597 2616 2619 2599
4 2618 2620 2621 2619
4 2598 2600 2620 2618
4 2599 2619 2621 2601
4 2390 2602 2622 2422
4 2603 2391 2423 2623
4 2622 2623 2423 2422
4 2602 2604 2624 2622
4 2605 2603 2623 2625
4 2624 2625 2623 2622
4 2604 2606 2626 2624
4 2607 2605 2625 2627
4 2626 2627 2625 2624
4 2606 2608 2628 2626
4 2609 2607 2627 2629
4 2628 2629 2627 2626
4 2608 2610 2630 2628
4 2611 2609 2629 2631
4 2630 2631 2629 2628
4 2610 2601 2621 2630
4 2612 2611 2631 2632
4 2621 2632 2631 2630
4 2613 2612 2632 2633
4 2620 2633 2632 2621
4 2600 2613 2633 2620
4 2634 2635 2636 2637
4 2634 2638 2639 2635
4 2635 2640 2641 2636
4 2635 2639 2642 2640
4 2640 2643 2644 2641
4 2640 2642 2645 2643
4 2643 2646 2647 2644
4 2643 2645 2648 2646
4 2646 2649 2650 2647
4 2646 2648 2651 2649
4 2649 2652 2653 2650
4 2649 2651 2654 2652
4 2652 2655 2656 2653
4 2652 2654 2657 2655
4 2655 2657 2658 2656
4 2638 2659 2660 2639
4 2661 2662 2663 2664
4 2639 2660 2665 2642
4 2666 2667 2662 2661
4 2642 2665 2668 2645
4 2669 2670 2667 2666
4 2645 2668 2671 2648
4 2672 2673 2670 2669
4 2648 2671 2674 2651
4 2675 2676 2673 2672
4 2677 2674 2676 2678
4 2651 2674 2677 2654
4 2679 2678 2676 2675
4 2654 2677 2680 2657
4 2657 2680 2681 2658
4 2659 2682 2683 2660
4 2662 2684 2685 2663
4 2660 2683 2686 2665
4 2667 2687 2684 2662
4 2665 2686 2688 2668
4 2670 2689 2687 2667
4 2668 2688 2690 2671
4 2673 2691 2689 2670
4 2671 2690 2692 2674
4 2676 2693 2691 2673
4 2674 2692 2693 2676
4 2677 2694 2695 2680
4 2680 2695 2696 2681
4 2677 2678 2697 2694
4 2682 2698 2699 2683
4 2684 2700 2701 2685
4 2683 2699 2702 2686
4 2687 2703 2700 2684
4 2686 2702 2704 2688
4 2689 2705 2703 2687
4 2688 2704 2706 2690
4 2691 2707 2705 2689
4 2690 2706 2708 2692
4 2693 2709 2707 2691
4 2692 2708 2709 2693
4 2694 2710 2711 2695
4 2695 2711 2712 2696
4 2694 2697 2713 2710
4 2698 2714 2715 2699
4 2700 2716 2717 2701
4 2699 2715 2718 2702
4 2703 2719 2716 2700
4 2702 2718 2720 2704
4 2705 2721 2719 2703
4 2704 2720 2722 2706
4 2707 2723 2721 2705
4 2706 2722 2724 2708
4 2709 2725 2723 2707
4 2708 2724 2725 2709
4 2710 2726 2727 2711
4 2711 2727 2728 2712
4 2710 2713 2729 2726
4 2714 2730 2731 2715
4 2716 2732 2733 2717
4 2715 2731 2734 2718
4 2719 2735 2732 2716
4 2718 2734 2736 2720
4 2721 2737 2735 2719
4 2720 2736 2738 2722
4 2723 2739 2737 2721
4 2722 2738 2740 2724
4 2725 2741 2739 2723
4 2724 2740 2741 2725
4 2726 2742 2743 2727
4 2727 2743 2744 2728
4 2726 2729 2745 2742
4 2730 2746 2747 2731
4 2732 2748 2749 2733
4 2731 2747 2750 2734
4 2735 2751 2748 2732
4 2734 2750 2752 2736
4 2737 2753 2751 2735
4 2736 2752 2754 2738
4 2739 2755 2753 2737
4 2738 2754 2756 2740
4 2741 2757 2755 2739
4 2740 2756 2757 2741
4 2742 2758 2759 2743
4 2743 2759 2760 2744
4 2742 2745 2761 2758
4 2746 2762 2763 2747
4 2748 2764 2765 2749
4 2747 2763 2766 2750
4 2751 2767 2764 2748
4 2750 2766 2768 2752
4 2753 2769 2767 2751
4 2752 2768 2770 2754
4 2755 2771 2769 2753
4 2754 2770 2772 2756
4 2757 2773 2771 2755
4 2756 2772 2773 2757
4 2758 2774 2775 2759
4 2759 2775 2776 2760
4 2758 2761 2777 2774
4 2762 2778 2779 2763
4 2764 2780 2781 2765
4 2763 2779 2782 2766
4 2767 2783 2780 2764
4 2766 2782 2784 2768
4 2769 2785 2783 2767
4 2768 2784 2786 2770
4 2771 2787 2785 2769
4 2770 2786 2788 2772
4 2773 2789 2787 2771
4 2772 2788 2789 2773
4 2774 2790 2791 2775
4 2775 2791 2792 2776
4 2774 2777 2793 2790
4 2778 2794 2795 2779
4 2780 2796 2797 2781
4 2779 2795 2798 2782
4 2783 2799 2796 2780
4 2782 2798 2800 2784
4 2785 2801 2799 2783
4 2784 2800 2802 2786
4 2787 2803 2801 2785
4 2786 2802 2804 2788
4 2789 2805 2803 2787
4 2788 2804 2805 2789
4 2790 2806 2807 2791
4 2791 2807 2808 2792
4 2790 2793 2809 2806
4 2794 2101 2425 2795
4 2796 2426 2102 2797
4 2795 2425 2429 2798
4 2799 2430 2426 2796
4 2798 2429 2433 2800
4 2801 2434 2430 2799
4 2800 2433 2437 2802
4 2803 2438 2434 2801
4 2802 2437 2441 2804
4 2805 2442 2438 2803
4 2804 2441 2442 2805
4 2806 2444 2447 2807
4 2807 2447 2449 2808
4 2806 2809 2450 2444
4 2637 2636 2810 2811
4 2661 2664 2812 2813
4 2636 2641 2814 2810
4 2666 2661 2813 2815
4 2641 2644 2816 2814
4 2669 2666 2815 2817
4 2644 2647 2818 2816
4 2672 2669 2817 2819
4 2647 2650 2820 2818
4 2675 2672 2819 2821
4 2650 2653 2822 2820
4 2679 2675 2821 2823
4 2653 2656 2824 2822
4 2656 2658 2825 2824
4 2658 2681 2826 2825
4 2679 2823 2827 2678
4 2681 2696 2828 2826
4 2678 2827 2829 2697
4 2696 2712 2830 2828
4 2697 2829 2831 2713
4 2712 2728 2832 2830
4 2713 2831 2833 2729
4 2832 2834 2835 2833
4 2728 2744 2834 2832
4 2729 2833 2835 2745
4 2834 2836 2837 2835
4 2744 2760 2836 2834
4 2745 2835 2837 2761
4 2836 2838 2839 2837
4 2760 2776 2838 2836
4 2761 2837 2839 2777
4 2838 2840 2841 2839
4 2776 2792 2840 2838
4 2777 2839 2841 2793
4 2840 2842 2843 2841
4 2792 2808 2842 2840
4 2793 2841 2843 2809
4 2808 2449 2495 2842
4 2809 2843 2496 2450
4 2811 2810 2844 2845
4 2813 2812 2846 2847
4 2810 2814 2848 2844
4 2815 2813 2847 2849
4 2814 2816 2850 2848
4 2817 2815 2849 2851
4 2816 2818 2852 2850
4 2819 2817 2851 2853
4 2818 2820 2854 2852
4 2821 2819 2853 2855
4 2820 2822 2856 2854
4 2823 2821 2855 2857
4 2822 2824 2858 2856
4 2824 2825 2859 2858
4 2825 2826 2860 2859
4 2823 2857 2861 2827
4 2826 2828 2862 2860
4 2827 2861 2863 2829
4 2828 2830 2864 2862
4 2829 2863 2865 2831
4 2832 2833 2866 2867
4 2830 2832 2867 2864
4 2831 2865 2866 2833
4 2843 2842 2868 2869
4 2842 2495 2515 2868
4 2843 2869 2516 2496
4 2845 2844 2870 2871
4 2847 2846 2872 2873
4 2844 2848 2874 2870
4 2849 2847 2873 2875
4 2848 2850 2876 2874
4 2851 2849 2875 2877
4 2850 2852 2878 2876
4 2853 2851 2877 2879
4 2852 2854 2880 2878
4 2855 2853 2879 2881
4 2854 2856 2882 2880
4 2857 2855 2881 2883
4 2856 2858 2884 2882
4 2858 2859 2885 2884
4 2859 2860 2886 2885
4 2857 2883 2887 2861
4 2860 2862 2888 2886
4 2861 2887 2889 2863
4 2862 2864 2890 2888
4 2863 2889 2891 2865
4 2867 2866 2892 2893
4 2864 2867 2893 2890
4 2865 2891 2892 2866
4 2869 2868 2894 2895
4 2868 2515 2535 2894
4 2869 2895 2536 2516
4 2871 2870 2896 2897
4 2873 2872 2898 2899
4 2870 2874 2900 2896
4 2875 2873 2899 2901
4 2874 2876 2902 2900
4 2877 2875 2901 2903
4 2876 2878 2904 2902
4 2879 2877 2903 2905
4 2878 2880 2906 2904
4 2881 2879 2905 2907
4 2880 2882 2908 2906
4 2883 2881 2907 2909
4 2882 2884 2910 2908
4 2884 2885 2911 2910
4 2885 2886 2912 2911
4 2883 2909 2913 2887
4 2886 2888 2914 2912
4 2887 2913 2915 2889
4 2888 2890 2916 2914
4 2889 2915 2917 2891
4 2893 2892 2918 2919
4 2890 2893 2919 2916
4 2891 2917 2918 2892
4 2895 2894 2920 2921
4 2894 2535 2555 2920
4 2895 2921 2556 2536
4 2897 2896 2922 2923
4 2899 2898 2924 2925
4 2896 2900 2926 2922
4 2901 2899 2925 2927
4 2900 2902 2928 2926
4 2903 2901 2927 2929
4 2902 2904 2930 2928
4 2905 2903 2929 2931
4 2904 2906 2932 2930
4 2907 2905 2931 2933
4 2906 2908 2934 2932
4 2909 2907 2933 2935
4 2908 2910 2936 2934
4 2910 2911 2937 2936
4 2911 2912 2938 2937
4 2909 2935 2939 2913
4 2912 2914 2940 2938
4 2913 2939 2941 2915
4 2914 2916 2942 2940
4 2915 2941 2943 2917
4 2919 2918 2944 2945
4 2916 2919 2945 2942
4 2917 2943 2944 2918
4 2921 2920 2946 2947
4 2920 2555 2575 2946
4 2921 2947 2576 2556
4 2923 2922 2948 2949
4 2925 2924 2950 2951
4 2922 2926 2952 2948
4 2927 2925 2951 2953
4 2926 2928 2954 2952
4 2929 2927 2953 2955
4 2928 2930 2956 2954
4 2931 2929 2955 2957
4 2930 2932 2958 2956
4 2933 2931 2957 2959
4 2932 2934 2960 2958
4 2935 2933 2959 2961
4 2934 2936 2962 2960
4 2936 2937 2963 2962
4 2937 2938 2964 2963
4 2935 2961 2965 2939
4 2938 2940 2966 2964
4 2939 2965 2967 2941
4 2940 2942 2968 2966
4 2941 2967 2969 2943
4 2945 2944 2970 2971
4 2942 2945 2971 2968
4 2943 2969 2970 2944
4 2947 2946 2972 2973
4 2946 2575 2595 2972
4 2947 2973 2596 2576
4 2949 2948 2974 2975
4 2951 2950 2976 2977
4 2974 2977 2976 2975
4 2948 2952 2978 2974
4 2953 2951 2977 2979
4 2978 2979 2977 2974
4 2952 2954 2980 2978
4 2955 2953 2979 2981
4 2980 2981 2979 2978
4 2954 2956 2982 2980
4 2957 2955 2981 2983
4 2982 2983 2981 2980
4 2956 2958 2984 2982
4 2959 2957 2983 2985
4 2984 2985 2983 2982
4 2958 2960 2986 2984
4 2961 2959 2985 2987
4 2986 2987 2985 2984
4 2960 2962 2988 2986
4 2988 2989 2987 2986
4 2962 2963 2989 2988
4 2989 2990 2991 2987
4 2963 2964 2990 2989
4 2961 2987 2991 2965
4 2990 2992 2993 2991
4 2964 2966 2992 2990
4 2965 2991 2993 2967
4 2992 2994 2995 2993
4 2966 2968 2994 2992
4 2967 2993 2995 2969
4 2971 2970 2996 2997
4 2994 2997 2996 2995
4 2968 2971 2997 2994
4 2969 2995 2996 2970
4 2973 2972 2998 2999
4 2998 2614 2617 2999
4 2972 2595 2614 2998
4 2973 2999 2617 2596
4 3000 3001 3002 3003
4 3000 3004 3005 3001
4 3001 3006 3007 3002
4 3001 3005 3008 3006
4 3006 3009 3010 3007
4 3006 3008 3011 3009
4 3009 3012 3013 3010
4 3009 3011 3014 3012
4 3012 3015 3016 3013
4 3012 3014 3017 3015
4 3015 3018 3019 3016
4 3015 3017 3020 3018
4 3018 3021 3022 3019
4 3018 3020 3023 3021
4 3021 3024 3025 3022
4 3021 3023 3026 3024
4 3024 3027 3028 3025
4 3024 3026 3029 3027
4 3027 3030 3031 3028
4 3027 3029 3032 3030
4 3030 3033 3034 3031
4 3030 3032 3035 3033
4 3033 3036 3037 3034
4 3033 3035 3038 3036
4 3036 3039 3040 3037
4 3036 3038 3041 3039
4 3039 3042 3043 3040
4 3039 3041 3044 3042
4 3042 3045 3046 3043
4 3042 3044 3047 3045
4 3045 3048 3049 3046
4 3045 3047 3050 3048
4 3004 3051 3052 3005
4 3053 3054 3055 3056
4 3005 3052 3057 3008
4 3058 3059 3054 3053
4 3008 3057 3060 3011
4 3061 3062 3059 3058
4 3011 3060 3063 3014
4 3064 3065 3062 3061
4 3014 3063 3066 3017
4 3067 3068 3065 3064
4 3017 3066 3069 3020
4 3070 3071 3068 3067
4 3020 3069 3072 3023
4 3073 3074 3071 3070
4 3023 3072 3075 3026
4 3076 3077 3074 3073
4 3026 3075 3078 3029
4 3079 3080 3077 3076
4 3029 3078 3081 3032
4 3082 3083 3080 3079
4 3032 3081 3084 3035
4 3085 3086 3083 3082
4 3035 3084 3087 3038
4 3088 3089 3086 3085
4 3038 3087 3090 3041
4 3091 3092 3089 3088
4 3041 3090 3093 3044
4 3094 3095 3092 3091
4 3044 3093 3096 3047
4 3097 3098 3095 3094
4 3047 3096 3099 3050
4 3100 3101 3098 3097
4 3051 3102 3103 3052
4 3054 3104 3105 3055
4 3052 3103 3106 3057
4 3059 3107 3104 3054
4 3057 3106 3108 3060
4 3062 3109 3107 3059
4 3060 3108 3110 3063
4 3065 3111 3109 3062
4 3063 3110 3112 3066
4 3068 3113 3111 3065
4 3066 3112 3114 3069
4 3071 3115 3113 3068
4 3069 3114 3116 3072
4 3074 3117 3115 3071
4 3072 3116 3118 3075
4 3077 3119 3117 3074
4 3075 3118 3120 3078
4 3080 3121 3119 3077
4 3078 3120 3122 3081
4 3083 3123 3121 3080
4 3081 3122 3124 3084
4 3086 3125 3123 3083
4 3084 3124 3126 3087
4 3089 3127 3125 3086
4 3087 3126 3128 3090
4 3092 3129 3127 3089
4 3090 3128 3130 3093
4 3095 3131 3129 3092
4 3093 3130 3132 3096
4 3098 3133 3131 3095
4 3096 3132 3134 3099
4 3101 3135 3133 3098
4 3102 3136 3137 3103
4 3104 3138 3139 3105
4 3103 3137 3140 3106
4 3107 3141 3138 3104
4 3106 3140 3142 3108
4 3109 3143 3141 3107
4 3108 3142 3144 3110
4 3111 3145 3143 3109
4 3110 3144 3146 3112
4 3113 3147 3145 3111
4 3112 3146 3148 3114
4 3115 3149 3147 3113
4 3114 3148 3150 3116
4 3117 3151 3149 3115
4 3116 3150 3152 3118
4 3119 3153 3151 3117
4 3118 3152 3154 3120
4 3121 3155 3153 3119
4 3120 3154 3156 3122
4 3123 3157 3155 3121
4 3122 3156 3158 3124
4 3125 3159 3157 3123
4 3124 3158 3160 3126
4 3127 3161 3159 3125
4 3126 3160 3162 3128
4 3129 3163 3161 3127
4 3128 3162 3164 3130
4 3131 3165 3163 3129
4 3130 3164 3166 3132
4 3133 3167 3165 3131
4 3132 3166 3168 3134
4 3135 3169 3167 3133
4 3136 3170 3171 3137
4 3138 3172 3173 3139
4 3137 3171 3174 3140
4 3141 3175 3172 3138
4 3140 3174 3176 3142
4 3143 3177 3175 3141
4 3142 3176 3178 3144
4 3145 3179 3177 3143
4 3144 3178 3180 3146
4 3147 3181 3179 3145
4 3146 3180 3182 3148
4 3149 3183 3181 3147
4 3148 3182 3184 3150
4 3151 3185 3183 3149
4 3150 3184 3186 3152
4 3153 3187 3185 3151
4 3152 3186 3188 3154
4 3155 3189 3187 3153
4 3154 3188 3190 3156
4 3157 3191 3189 3155
4 3156 3190 3192 3158
4 3159 3193 3191 3157
4 3158 3192 3194 3160
4 3161 3195 3193 3159
4 3160 3194 3196 3162
4 3163 3197 3195 3161
4 3162 3196 3198 3164
4 3165 3199 3197 3163
4 3164 3198 3200 3166
4 3167 3201 3199 3165
4 3166 3200 3202 3168
4 3169 3203 3201 3167
4 3170 3204 3205 3171
4 3172 3206 3207 3173
4 3171 3205 3208 3174
4 3175 3209 3206 3172
4 3174 3208 3210 3176
4 3177 3211 3209 3175
4 3176 3210 3212 3178
4 3179 3213 3211 3177
4 3178 3212 3214 3180
4 3181 3215 3213 3179
4 3180 3214 3216 3182
4 3183 3217 3215 3181
4 3182 3216 3218 3184
4 3185 3219 3217 3183
4 3184 3218 3220 3186
4 3187 3221 3219 3185
4 3186 3220 3222 3188
4 3189 3223 3221 3187
4 3188 3222 3224 3190
4 3191 3225 3223 3189
4 3190 3224 3226 3192
4 3193 3227 3225 3191
4 3192 3226 3228 3194
4 3195 3229 3227 3193
4 3194 3228 3230 3196
4 3197 3231 3229 3195
4 3196 3230 3232 3198
4 3199 3233 3231 3197
4 3198 3232 3234 3200
4 3201 3235 3233 3199
4 3200 3234 3236 3202
4 3203 3237 3235 3201
4 3204 3238 3239 3205
4 3206 3240 3241 3207
4 3205 3239 3242 3208
4 3209 3243 3240 3206
4 3208 3242 3244 3210
4 3211 3245 3243 3209
4 3210 3244 3246 3212
4 3213 3247 3245 3211
4 3212 3246 3248 3214
4 3215 3249 3247 3213
4 3214 3248 3250 3216
4 3217 3251 3249 3215
4 3216 3250 3252 3218
4 3219 3253 3251 3217
4 3218 3252 3254 3220
4 3221 3255 3253 3219
4 3220 3254 3256 3222
4 3223 3257 3255 3221
4 3222 3256 3258 3224
4 3225 3259 3257 3223
4 3224 3258 3260 3226
4 3227 3261 3259 3225
4 3226 3260 3262 3228
4 3229 3263 3261 3227
4 3228 3262 3264 3230
4 3231 3265 3263 3229
4 3230 3264 3266 3232
4 3233 3267 3265 3231
4 3232 3266 3268 3234
4 3235 3269 3267 3233
4 3234 3268 3270 3236
4 3237 3271 3269 3235
4 3238 3272 3273 3239
4 3240 3274 3275 3241
4 3239 3273 3276 3242
4 3243 3277 3274 3240
4 3242 3276 3278 3244
4 3245 3279 3277 3243
4 3244 3278 3280 3246
4 3247 3281 3279 3245
4 3246 3280 3282 3248
4 3249 3283 3281 3247
4 3248 3282 3284 3250
4 3251 3285 3283 3249
4 3250 3284 3286 3252
4 3253 3287 3285 3251
4 3252 3286 3288 3254
4 3255 3289 3287 3253
4 3254 3288 3290 3256
4 3257 3291 3289 3255
4 3256 3290 3292 3258
4 3259 3293 3291 3257
4 3258 3292 3294 3260
4 3261 3295 3293 3259
4 3260 3294 3296 3262
4 3263 3297 3295 3261
4 3262 3296 3298 3264
4 3265 3299 3297 3263
4 3264 3298 3300 3266
4 3267 3301 3299 3265
4 3266 3300 3302 3268
4 3269 3303 3301 3267
4 3268 3302 3304 3270
4 3271 3305 3303 3269
4 3272 3306 3307 3273
4 3274 3308 3309 3275
4 3273 3307 3310 3276
4 3277 3311 3308 3274
4 3276 3310 3312 3278
4 3279 3313 3311 3277
4 3278 3312 3314 3280
4 3281 3315 3313 3279
4 3280 3314 3316 3282
4 3283 3317 3315 3281
4 3282 3316 3318 3284
4 3285 3319 3317 3283
4 3284 3318 3320 3286
4 3287 3321 3319 3285
4 3286 3320 3322 3288
4 3289 3323 3321 3287
4 3288 3322 3324 3290
4 3291 3325 3323 3289
4 3290 3324 3326 3292
4 3293 3327 3325 3291
4 3292 3326 3328 3294
4 3295 3329 3327 3293
4 3294 3328 3330 3296
4 3297 3331 3329 3295
4 3296 3330 3332 3298
4 3299 3333 3331 3297
4 3298 3332 3334 3300
4 3301 3335 3333 3299
4 3300 3334 3336 3302
4 3303 3337 3335 3301
4 3302 3336 3338 3304
4 3305 3339 3337 3303
4 3306 3340 3341 3307
4 3308 3342 3343 3309
4 3307 3341 3344 3310
4 3311 3345 3342 3308
4 3310 3344 3346 3312
4 3313 3347 3345 3311
4 3312 3346 3348 3314
4 3315 3349 3347 3313
4 3314 3348 3350 3316
4 3317 3351 3349 3315
4 3316 3350 3352 3318
4 3319 3353 3351 3317
4 3318 3352 3354 3320
4 3321 3355 3353 3319
4 3320 3354 3356 3322
4 3323 3357 3355 3321
4 3322 3356 3358 3324
4 3325 3359 3357 3323
4 3324 3358 3360 3326
4 3327 3361 3359 3325
4 3326 3360 3362 3328
4 3329 3363 3361 3327
4 3328 3362 3364 3330
4 3331 3365 3363 3329
4 3330 3364 3366 3332
4 3333 3367 3365 3331
4 3332 3366 3368 3334
4 3335 3369 3367 3333
4 3334 3368 3370 3336
4 3337 3371 3369 3335
4 3336 3370 3372 3338
4 3339 3373 3371 3337
4 3340 3374 3375 3341
4 3342 3376 3377 3343
4 3341 3375 3378 3344
4 3345 3379 3376 3342
4 3344 3378 3380 3346
4 3347 3381 3379 3345
4 3346 3380 3382 3348
4 3349 3383 3381 3347
4 3348 3382 3384 3350
4 3351 3385 3383 3349
4 3350 3384 3386 3352
4 3353 3387 3385 3351
4 3352 3386 3388 3354
4 3355 3389 3387 3353
4 3354 3388 3390 3356
4 3357 3391 3389 3355
4 3356 3390 3392 3358
4 3359 3393 3391 3357
4 3358 3392 3394 3360
4 3361 3395 3393 3359
4 3360 3394 3396 3362
4 3363 3397 3395 3361
4 3362 3396 3398 3364
4 3365 3399 3397 3363
4 3364 3398 3400 3366
4 3367 3401 3399 3365
4 3366 3400 3402 3368
4 3369 3403 3401 3367
4 3368 3402 3404 3370
4 3371 3405 3403 3369
4 3370 3404 3406 3372
4 3373 3407 3405 3371
4 3003 3002 3408 3409
4 3053 3056 3410 3411
4 3002 3007 3412 3408
4 3058 3053 3411 3413
4 3007 3010 3414 3412
4 3061 3058 3413 3415
4 3010 3013 3416 3414
4 3064 3061 3415 3417
4 3013 3016 3418 3416
4 3067 3064 3417 3419
4 3016 3019 3420 3418
4 3070 3067 3419 3421
4 3019 3022 3422 3420
4 3073 3070 3421 3423
4 3022 3025 3424 3422
4 3076 3073 3423 3425
4 3025 3028 3426 3424
4 3079 3076 3425 3427
4 3028 3031 3428 3426
4 3082 3079 3427 3429
4 3031 3034 3430 3428
4 3085 3082 3429 3431
4 3034 3037 3432 3430
4 3088 3085 3431 3433
4 3037 3040 3434 3432
4 3091 3088 3433 3435
4 3040 3043 3436 3434
4 3094 3091 3435 3437
4 3043 3046 3438 3436
4 3097 3094 3437 3439
4 3046 3049 3440 3438
4 3100 3097 3439 3441
4 3409 3408 3442 3443
4 3411 3410 3444 3445
4 3408 3412 3446 3442
4 3413 3411 3445 3447
4 3412 3414 3448 3446
4 3415 3413 3447 3449
4 3414 3416 3450 3448
4 3417 3415 3449 3451
4 3416 3418 3452 3450
4 3419 3417 3451 3453
4 3418 3420 3454 3452
4 3421 3419 3453 3455
4 3420 3422 3456 3454
4 3423 3421 3455 3457
4 3422 3424 3458 3456
4 3425 3423 3457 3459
4 3424 3426 3460 3458
4 3427 3425 3459 3461
4 3426 3428 3462 3460
4 3429 3427 3461 3463
4 3428 3430 3464 3462
4 3431 3429 3463 3465
4 3430 3432 3466 3464
4 3433 3431 3465 3467
4 3432 3434 3468 3466
4 3435 3433 3467 3469
4 3434 3436 3470 3468
4 3437 3435 3469 3471
4 3436 3438 3472 3470
4 3439 3437 3471 3473
4 3438 3440 3474 3472
4 3441 3439 3473 3475
4 3443 3442 3476 3477
4 3445 3444 3478 3479
4 3442 3446 3480 3476
4 3447 3445 3479 3481
4 3446 3448 3482 3480
4 3449 3447 3481 3483
4 3448 3450 3484 3482
4 3451 3449 3483 3485
4 3450 3452 3486 3484
4 3453 3451 3485 3487
4 3452 3454 3488 3486
4 3455 3453 3487 3489
4 3454 3456 3490 3488
4 3457 3455 3489 3491
4 3456 3458 3492 3490
4 3459 3457 3491 3493
4 3458 3460 3494 3492
4 3461 3459 3493 3495
4 3460 3462 3496 3494
4 3463 3461 3495 3497
4 3462 3464 3498 3496
4 3465 3463 3497 3499
4 3464 3466 3500 3498
4 3467 3465 3499 3501
4 3466 3468 3502 3500
4 3469 3467 3501 3503
4 3468 3470 3504 3502
4 3471 3469 3503 3505
4 3470 3472 3506 3504
4 3473 3471 3505 3507
4 3472 3474 3508 3506
4 3475 3473 3507 3509
4 3477 3476 3510 3511
4 3479 3478 3512 3513
4 3476 3480 3514 3510
4 3481 3479 3513 3515
4 3480 3482 3516 3514
4 3483 3481 3515 3517
4 3482 3484 3518 3516
4 3485 3483 3517 3519
4 3484 3486 3520 3518
4 3487 3485 3519 3521
4 3486 3488 3522 3520
4 3489 3487 3521 3523
4 3488 3490 3524 3522
4 3491 3489 3523 3525
4 3490 3492 3526 3524
4 3493 3491 3525 3527
4 3492 3494 3528 3526
4 3495 3493 3527 3529
4 3494 3496 3530 3528
4 3497 3495 3529 3531
4 3496 3498 3532 3530
4 3499 3497 3531 3533
4 3498 3500 3534 3532
4 3501 3499 3533 3535
4 3500 3502 3536 3534
4 3503 3501 3535 3537
4 3502 3504 3538 3536
4 3505 3503 3537 3539
4 3504 3506 3540 3538
4 3507 3505 3539 3541
4 3506 3508 3542 3540
4 3509 3507 3541 3543
4 3511 3510 3544 3545
4 3513 3512 3546 3547
4 3510 3514 3548 3544
4 3515 3513 3547 3549
4 3514 3516 3550 3548
4 3517 3515 3549 3551
4 3516 3518 3552 3550
4 3519 3517 3551 3553
4 3518 3520 3554 3552
4 3521 3519 3553 3555
4 3520 3522 3556 3554
4 3523 3521 3555 3557
4 3522 3524 3558 3556
4 3525 3523 3557 3559
4 3524 3526 3560 3558
4 3527 3525 3559 3561
4 3526 3528 3562 3560
4 3529 3527 3561 3563
4 3528 3530 3564 3562
4 3531 3529 3563 3565
4 3530 3532 3566 3564
4 3533 3531 3565 3567
4 3532 3534 3568 3566
4 3535 3533 3567 3569
4 3534 3536 3570 3568
4 3537 3535 3569 3571
4 3536 3538 3572 3570
4 3539 3537 3571 3573
4 3538 3540 3574 3572
4 3541 3539 3573 3575
4 3540 3542 3576 3574
4 3543 3541 3575 3577
4 3545 3544 3578 3579
4 3547 3546 3580 3581
4 3544 3548 3582 3578
4 3549 3547 3581 3583
4 3548 3550 3584 3582
4 3551 3549 3583 3585
4 3550 3552 3586 3584
4 3553 3551 3585 3587
4 3552 3554 3588 3586
4 3555 3553 3587 3589
4 3554 3556 3590 3588
4 3557 3555 3589 3591
4 3556 3558 3592 3590
4 3559 3557 3591 3593
4 3558 3560 3594 3592
4 3561 3559 3593 3595
4 3560 3562 3596 3594
4 3563 3561 3595 3597
4 3562 3564 3598 3596
4 3565 3563 3597 3599
4 3564 3566 3600 3598
4 3567 3565 3599 3601
4 3566 3568 3602 3600
4 3569 3567 3601 3603
4 3568 3570 3604 3602
4 3571 3569 3603 3605
4 3570 3572 3606 3604
4 3573 3571 3605 3607
4 3572 3574 3608 3606
4 3575 3573 3607 3609
4 3574 3576 3610 3608
4 3577 3575 3609 3611
4 3579 3578 3612 3613
4 3581 3580 3614 3615
4 3612 3615 3614 3613
4 3578 3582 3616 3612
4 3583 3581 3615 3617
4 3616 3617 3615 3612
4 3582 3584 3618 3616
4 3585 3583 3617 3619
4 3618 3619 3617 3616
4 3584 3586 3620 3618
4 3587 3585 3619 3621
4 3620 3621 3619 3618
4 3586 3588 3622 3620
4 3589 3587 3621 3623
4 3622 3623 3621 3620
4 3588 3590 3624 3622
4 3591 3589 3623 3625
4 3624 3625 3623 3622
4 3590 3592 3626 3624
4 3593 3591 3625 3627
4 3626 3627 3625 3624
4 3592 3594 3628 3626
4 3595 3593 3627 3629
4 3628 3629 3627 3626
4 3594 3596 3630 3628
4 3597 3595 3629 3631
4 3630 3631 3629 3628
4 3596 3598 3632 3630
4 3599 3597 3631 3633
4 3632 3633 3631 3630
4 3598 3600 3634 3632
4 3601 3599 3633 3635
4 3634 3635 3633 3632
4 3600 3602 3636 3634
4 3603 3601 3635 3637
4 3636 3637 3635 3634
4 3602 3604 3638 3636
4 3605 3603 3637 3639
4 3638 3639 3637 3636
4 3604 3606 3640 3638
4 3607 3605 3639 3641
4 3640 3641 3639 3638
4 3606 3608 3642 3640
4 3609 3607 3641 3643
4 3642 3643 3641 3640
4 3608 3610 3644 3642
4 3611 3609 3643 3645
4 3644 3645 3643 3642
4 3048 3646 3647 3049
4 3048 3050 3648 3646
4 3646 3649 3650 3647
4 3646 3648 3651 3649
4 3649 3652 3653 3650
4 3649 3651 3654 3652
4 3652 3655 3656 3653
4 3652 3654 3657 3655
4 3655 3658 3659 3656
4 3655 3657 3660 3658
4 3658 3661 3662 3659
4 3658 3660 3663 3661
4 3661 3664 3665 3662
4 3661 3663 3666 3664
4 3664 3667 3668 3665
4 3664 3666 3669 3667
4 3667 3670 3671 3668
4 3667 3669 3672 3670
4 3670 3673 3674 3671
4 3670 3672 3675 3673
4 3673 3676 3677 3674
4 3673 3675 3678 3676
4 3676 3679 3680 3677
4 3676 3678 3681 3679
4 3679 3682 3683 3680
4 3679 3681 3684 3682
4 3682 3685 3686 3683
4 3682 3684 3687 3685
4 3685 3688 3689 3686
4 3685 3687 3690 3688
4 3688 3691 3692 3689
4 3688 3690 3693 3691
4 3050 3099 3694 3648
4 3695 3696 3101 3100
4 3648 3694 3697 3651
4 3698 3699 3696 3695
4 3651 3697 3700 3654
4 3701 3702 3699 3698
4 3654 3700 3703 3657
4 3704 3705 3702 3701
4 3657 3703 3706 3660
4 3707 3708 3705 3704
4 3660 3706 3709 3663
4 3710 3711 3708 3707
4 3663 3709 3712 3666
4 3713 3714 3711 3710
4 3666 3712 3715 3669
4 3716 3717 3714 3713
4 3669 3715 3718 3672
4 3719 3720 3717 3716
4 3672 3718 3721 3675
4 3722 3723 3720 3719
4 3675 3721 3724 3678
4 3725 3726 3723 3722
4 3678 3724 3727 3681
4 3728 3729 3726 3725
4 3681 3727 3730 3684
4 3731 3732 3729 3728
4 3684 3730 3733 3687
4 3734 3735 3732 3731
4 3687 3733 3736 3690
4 3737 3738 3735 3734
4 3690 3736 3739 3693
4 3740 3741 3738 3737
4 3099 3134 3742 3694
4 3696 3743 3135 3101
4 3694 3742 3744 3697
4 3699 3745 3743 3696
4 3697 3744 3746 3700
4 3702 3747 3745 3699
4 3700 3746 3748 3703
4 3705 3749 3747 3702
4 3703 3748 3750 3706
4 3708 3751 3749 3705
4 3706 3750 3752 3709
4 3711 3753 3751 3708
4 3709 3752 3754 3712
4 3714 3755 3753 3711
4 3712 3754 3756 3715
4 3717 3757 3755 3714
4 3715 3756 3758 3718
4 3720 3759 3757 3717
4 3718 3758 3760 3721
4 3723 3761 3759 3720
4 3721 3760 3762 3724
4 3726 3763 3761 3723
4 3724 3762 3764 3727
4 3729 3765 3763 3726
4 3727 3764 3766 3730
4 3732 3767 3765 3729
4 3730 3766 3768 3733
4 3735 3769 3767 3732
4 3733 3768 3770 3736
4 3738 3771 3769 3735
4 3736 3770 3772 3739
4 3741 3773 3771 3738
4 3134 3168 3774 3742
4 3743 3775 3169 3135
4 3742 3774 3776 3744
4 3745 3777 3775 3743
4 3744 3776 3778 3746
4 3747 3779 3777 3745
4 3746 3778 3780 3748
4 3749 3781 3779 3747
4 3748 3780 3782 3750
4 3751 3783 3781 3749
4 3750 3782 3784 3752
4 3753 3785 3783 3751
4 3752 3784 3786 3754
4 3755 3787 3785 3753
4 3754 3786 3788 3756
4 3757 3789 3787 3755
4 3756 3788 3790 3758
4 3759 3791 3789 3757
4 3758 3790 3792 3760
4 3761 3793 3791 3759
4 3760 3792 3794 3762
4 3763 3795 3793 3761
4 3762 3794 3796 3764
4 3765 3797 3795 3763
4 3764 3796 3798 3766
4 3767 3799 3797 3765
4 3766 3798 3800 3768
4 3769 3801 3799 3767
4 3768 3800 3802 3770
4 3771 3803 3801 3769
4 3770 3802 3804 3772
4 3773 3805 3803 3771
4 3168 3202 3806 3774
4 3775 3807 3203 3169
4 3774 3806 3808 3776
4 3777 3809 3807 3775
4 3776 3808 3810 3778
4 3779 3811 3809 3777
4 3778 3810 3812 3780
4 3781 3813 3811 3779
4 3780 3812 3814 3782
4 3783 3815 3813 3781
4 3782 3814 3816 3784
4 3785 3817 3815 3783
4 3784 3816 3818 3786
4 3787 3819 3817 3785
4 3786 3818 3820 3788
4 3789 3821 3819 3787
4 3788 3820 3822 3790
4 3791 3823 3821 3789
4 3790 3822 3824 3792
4 3793 3825 3823 3791
4 3792 3824 3826 3794
4 3795 3827 3825 3793
4 3794 3826 3828 3796
4 3797 3829 3827 3795
4 3796 3828 3830 3798
4 3799 3831 3829 3797
4 3798 3830 3832 3800
4 3801 3833 3831 3799
4 3800 3832 3834 3802
4 3803 3835 3833 3801
4 3802 3834 3836 3804
4 3805 3837 3835 3803
4 3202 3236 3838 3806
4 3807 3839 3237 3203
4 3806 3838 3840 3808
4 3809 3841 3839 3807
4 3808 3840 3842 3810
4 3811 3843 3841 3809
4 3810 3842 3844 3812
4 3813 3845 3843 3811
4 3812 3844 3846 3814
4 3815 3847 3845 3813
4 3814 3846 3848 3816
4 3817 3849 3847 3815
4 3816 3848 3850 3818
4 3819 3851 3849 3817
4 3818 3850 3852 3820
4 3821 3853 3851 3819
4 3820 3852 3854 3822
4 3823 3855 3853 3821
4 3822 3854 3856 3824
4 3825 3857 3855 3823
4 3824 3856 3858 3826
4 3827 3859 3857 3825
4 3826 3858 3860 3828
4 3829 3861 3859 3827
4 3828 3860 3862 3830
4 3831 3863 3861 3829
4 3830 3862 3864 3832
4 3833 3865 3863 3831
4 3832 3864 3866 3834
4 3835 3867 3865 3833
4 3834 3866 3868 3836
4 3837 3869 3867 3835
4 3236 3270 3870 3838
4 3839 3871 3271 3237
4 3838 3870 3872 3840
4 3841 3873 3871 3839
4 3840 3872 3874 3842
4 3843 3875 3873 3841
4 3842 3874 3876 3844
4 3845 3877 3875 3843
4 3844 3876 3878 3846
4 3847 3879 3877 3845
4 3846 3878 3880 3848
4 3849 3881 3879 3847
4 3848 3880 3882 3850
4 3851 3883 3881 3849
4 3850 3882 3884 3852
4 3853 3885 3883 3851
4 3852 3884 3886 3854
4 3855 3887 3885 3853
4 3854 3886 3888 3856
4 3857 3889 3887 3855
4 3856 3888 3890 3858
4 3859 3891 3889 3857
4 3858 3890 3892 3860
4 3861 3893 3891 3859
4 3860 3892 3894 3862
4 3863 3895 3893 3861
4 3862 3894 3896 3864
4 3865 3897 3895 3863
4 3864 3896 3898 3866
4 3867 3899 3897 3865
4 3866 3898 3900 3868
4 3869 3901 3899 3867
4 3270 3304 3902 3870
4 3871 3903 3305 3271
4 3870 3902 3904 3872
4 3873 3905 3903 3871
4 3872 3904 3906 3874
4 3875 3907 3905 3873
4 3874 3906 3908 3876
4 3877 3909 3907 3875
4 3876 3908 3910 3878
4 3879 3911 3909 3877
4 3878 3910 3912 3880
4 3881 3913 3911 3879
4 3880 3912 3914 3882
4 3883 3915 3913 3881
4 3882 3914 3916 3884
4 3885 3917 3915 3883
4 3884 3916 3918 3886
4 3887 3919 3917 3885
4 3886 3918 3920 3888
4 3889 3921 3919 3887
4 3888 3920 3922 3890
4 3891 3923 3921 3889
4 3890 3922 3924 3892
4 3893 3925 3923 3891
4 3892 3924 3926 3894
4 3895 3927 3925 3893
4 3894 3926 3928 3896
4 3897 3929 3927 3895
4 3896 3928 3930 3898
4 3899 3931 3929 3897
4 3898 3930 3932 3900
4 3901 3933 3931 3899
4 3304 3338 3934 3902
4 3903 3935 3339 3305
4 3902 3934 3936 3904
4 3905 3937 3935 3903
4 3904 3936 3938 3906
4 3907 3939 3937 3905
4 3906 3938 3940 3908
4 3909 3941 3939 3907
4 3908 3940 3942 3910
4 3911 3943 3941 3909
4 3910 3942 3944 3912
4 3913 3945 3943 3911
4 3912 3944 3946 3914
4 3915 3947 3945 3913
4 3914 3946 3948 3916
4 3917 3949 3947 3915
4 3916 3948 3950 3918
4 3919 3951 3949 3917
4 3918 3950 3952 3920
4 3921 3953 3951 3919
4 3920 3952 3954 3922
4 3923 3955 3953 3921
4 3922 3954 3956 3924
4 3925 3957 3955 3923
4 3924 3956 3958 3926
4 3927 3959 3957 3925
4 3926 3958 3960 3928
4 3929 3961 3959 3927
4 3928 3960 3962 3930
4 3931 3963 3961 3929
4 3930 3962 3964 3932
4 3933 3965 3963 3931
4 3338 3372 3966 3934
4 3935 3967 3373 3339
4 3934 3966 3968 3936
4 3937 3969 3967 3935
4 3936 3968 3970 3938
4 3939 3971 3969 3937
4 3938 3970 3972 3940
4 3941 3973 3971 3939
4 3940 3972 3974 3942
4 3943 3975 3973 3941
4 3942 3974 3976 3944
4 3945 3977 3975 3943
4 3944 3976 3978 3946
4 3947 3979 3977 3945
4 3946 3978 3980 3948
4 3949 3981 3979 3947
4 3948 3980 3982 3950
4 3951 3983 3981 3949
4 3950 3982 3984 3952
4 3953 3985 3983 3951
4 3952 3984 3986 3954
4 3955 3987 3985 3953
4 3954 3986 3988 3956
4 3957 3989 3987 3955
4 3956 3988 3990 3958
4 3959 3991 3989 3957
4 3958 3990 3992 3960
4 3961 3993 3991 3959
4 3960 3992 3994 3962
4 3963 3995 3993 3961
4 3962 3994 3996 3964
4 3965 3997 3995 3963
4 3372 3406 3998 3966
4 3967 3999 3407 3373
4 3966 3998 4000 3968
4 3969 4001 3999 3967
4 3968 4000 4002 3970
4 3971 4003 4001 3969
4 3970 4002 4004 3972
4 3973 4005 4003 3971
4 3972 4004 4006 3974
4 3975 4007 4005 3973
4 3974 4006 4008 3976
4 3977 4009 4007 3975
4 3976 4008 4010 3978
4 3979 4011 4009 3977
4 3978 4010 4012 3980
4 3981 4013 4011 3979
4 3980 4012 4014 3982
4 3983 4015 4013 3981
4 3982 4014 4016 3984
4 3985 4017 4015 3983
4 3984 4016 4018 3986
4 3987 4019 4017 3985
4 3986 4018 4020 3988
4 3989 4021 4019 3987
4 3988 4020 4022 3990
4 3991 4023 4021 3989
4 3990 4022 4024 3992
4 3993 4025 4023 3991
4 3992 4024 4026 3994
4 3995 4027 4025 3993
4 3994 4026 4028 3996
4 3997 4029 4027 3995
4 3049 3647 4030 3440
4 3695 3100 3441 4031
4 3647 3650 4032 4030
4 3698 3695 4031 4033
4 3650 3653 4034 4032
4 3701 3698 4033 4035
4 3653 3656 4036 4034
4 3704 3701 4035 4037
4 3656 3659 4038 4036
4 3707 3704 4037 4039
4 3659 3662 4040 4038
4 3710 3707 4039 4041
4 3662 3665 4042 4040
4 3713 3710 4041 4043
4 3665 3668 4044 4042
4 3716 3713 4043 4045
4 3668 3671 4046 4044
4 3719 3716 4045 4047
4 3671 3674 4048 4046
4 3722 3719 4047 4049
4 3674 3677 4050 4048
4 3725 3722 4049 4051
4 3677 3680 4052 4050
4 3728 3725 4051 4053
4 3680 3683 4054 4052
4 3731 3728 4053 4055
4 3683 3686 4056 4054
4 3734 3731 4055 4057
4 3686 3689 4058 4056
4 3737 3734 4057 4059
4 3689 3692 4060 4058
4 3740 3737 4059 4061
4 3440 4030 4062 3474
4 4031 3441 3475 4063
4 4030 4032 4064 4062
4 4033 4031 4063 4065
4 4032 4034 4066 4064
4 4035 4033 4065 4067
4 4034 4036 4068 4066
4 4037 4035 4067 4069
4 4036 4038 4070 4068
4 4039 4037 4069 4071
4 4038 4040 4072 4070
4 4041 4039 4071 4073
4 4040 4042 4074 4072
4 4043 4041 4073 4075
4 4042 4044 4076 4074
4 4045 4043 4075 4077
4 4044 4046 4078 4076
4 4047 4045 4077 4079
4 4046 4048 4080 4078
4 4049 4047 4079 4081
4 4048 4050 4082 4080
4 4051 4049 4081 4083
4 4050 4052 4084 4082
4 4053 4051 4083 4085
4 4052 4054 4086 4084
4 4055 4053 4085 4087
4 4054 4056 4088 4086
4 4057 4055 4087 4089
4 4056 4058 4090 4088
4 4059 4057 4089 4091
4 4058 4060 4092 4090
4 4061 4059 4091 4093
4 3474 4062 4094 3508
4 4063 3475 3509 4095
4 4062 4064 4096 4094
4 4065 4063 4095 4097
4 4064 4066 4098 4096
4 4067 4065 4097 4099
4 4066 4068 4100 4098
4 4069 4067 4099 4101
4 4068 4070 4102 4100
4 4071 4069 4101 4103
4 4070 4072 4104 4102
4 4073 4071 4103 4105
4 4072 4074 4106 4104
4 4075 4073 4105 4107
4 4074 4076 4108 4106
4 4077 4075 4107 4109
4 4076 4078 4110 4108
4 4079 4077 4109 4111
4 4078 4080 4112 4110
4 4081 4079 4111 4113
4 4080 4082 4114 4112
4 4083 4081 4113 4115
4 4082 4084 4116 4114
4 4085 4083 4115 4117
4 4084 4086 4118 4116
4 4087 4085 4117 4119
4 4086 4088 4120 4118
4 4089 4087 4119 4121
4 4088 4090 4122 4120
4 4091 4089 4121 4123
4 4090 4092 4124 4122
4 4093 4091 4123 4125
4 3508 4094 4126 3542
4 4095 3509 3543 4127
4 4094 4096 4128 4126
4 4097 4095 4127 4129
4 4096 4098 4130 4128
4 4099 4097 4129 4131
4 4098 4100 4132 4130
4 4101 4099 4131 4133
4 4100 4102 4134 4132
4 4103 4101 4133 4135
4 4102 4104 4136 4134
4 4105 4103 4135 4137
4 4104 4106 4138 4136
4 4107 4105 4137 4139
4 4106 4108 4140 4138
4 4109 4107 4139 4141
4 4108 4110 4142 4140
4 4111 4109 4141 4143
4 4110 4112 4144 4142
4 4113 4111 4143 4145
4 4112 4114 4146 4144
4 4115 4113 4145 4147
4 4114 4116 4148 4146
4 4117 4115 4147 4149
4 4116 4118 4150 4148
4 4119 4117 4149 4151
4 4118 4120 4152 4150
4 4121 4119 4151 4153
4 4120 4122 4154 4152
4 4123 4121 4153 4155
4 4122 4124 4156 4154
4 4125 4123 4155 4157
4 3542 4126 4158 3576
4 4127 3543 3577 4159
4 4126 4128 4160 4158
4 4129 4127 4159 4161
4 4128 4130 4162 4160
4 4131 4129 4161 4163
4 4130 4132 4164 4162
4 4133 4131 4163 4165
4 4132 4134 4166 4164
4 4135 4133 4165 4167
4 4134 4136 4168 4166
4 4137 4135 4167 4169
4 4136 4138 4170 4168
4 4139 4137 4169 4171
4 4138 4140 4172 4170
4 4141 4139 4171 4173
4 4140 4142 4174 4172
4 4143 4141 4173 4175
4 4142 4144 4176 4174
4 4145 4143 4175 4177
4 4144 4146 4178 4176
4 4147 4145 4177 4179
4 4146 4148 4180 4178
4 4149 4147 4179 4181
4 4148 4150 4182 4180
4 4151 4149 4181 4183
4 4150 4152 4184 4182
4 4153 4151 4183 4185
4 4152 4154 4186 4184
4 4155 4153 4185 4187
4 4154 4156 4188 4186
4 4157 4155 4187 4189
4 3576 4158 4190 3610
4 4159 3577 3611 4191
4 4158 4160 4192 4190
4 4161 4159 4191 4193
4 4160 4162 4194 4192
4 4163 4161 4193 4195
4 4162 4164 4196 4194
4 4165 4163 4195 4197
4 4164 4166 4198 4196
4 4167 4165 4197 4199
4 4166 4168 4200 4198
4 4169 4167 4199 4201
4 4168 4170 4202 4200
4 4171 4169 4201 4203
4 4170 4172 4204 4202
4 4173 4171 4203 4205
4 4172 4174 4206 4204
4 4175 4173 4205 4207
4 4174 4176 4208 4206
4 4177 4175 4207 4209
4 4176 4178 4210 4208
4 4179 4177 4209 4211
4 4178 4180 4212 4210
4 4181 4179 4211 4213
4 4180 4182 4214 4212
4 4183 4181 4213 4215
4 4182 4184 4216 4214
4 4185 4183 4215 4217
4 4184 4186 4218 4216
4 4187 4185 4217 4219
4 4186 4188 4220 4218
4 4189 4187 4219 4221
4 3610 4190 4222 3644
4 4191 3611 3645 4223
4 4222 4223 3645 3644
4 4190 4192 4224 4222
4 4193 4191 4223 4225
4 4224 4225 4223 4222
4 4192 4194 4226 4224
4 4195 4193 4225 4227
4 4226 4227 4225 4224
4 4194 4196 4228 4226
4 4197 4195 4227 4229
4 4228 4229 4227 4226
4 4196 4198 4230 4228
4 4199 4197 4229 4231
4 4230 4231 4229 4228
4 4198 4200 4232 4230
4 4201 4199 4231 4233
4 4232 4233 4231 4230
4 4200 4202 4234 4232
4 4203 4201 4233 4235
4 4234 4235 4233 4232
4 4202 4204 4236 4234
4 4205 4203 4235 4237
4 4236 4237 4235 4234
4 4204 4206 4238 4236
4 4207 4205 4237 4239
4 4238 4239 4237 4236
4 4206 4208 4240 4238
4 4209 4207 4239 4241
4 4240 4241 4239 4238
4 4208 4210 4242 4240
4 4211 4209 4241 4243
4 4242 4243 4241 4240
4 4210 4212 4244 4242
4 4213 4211 4243 4245
4 4244 4245 4243 4242
4 4212 4214 4246 4244
4 4215 4213 4245 4247
4 4246 4247 4245 4244
4 4214 4216 4248 4246
4 4217 4215 4247 4249
4 4248 4249 4247 4246
4 4216 4218 4250 4248
4 4219 4217 4249 4251
4 4250 4251 4249 4248
4 4218 4220 4252 4250
4 4221 4219 4251 4253
4 4252 4253 4251 4250
4 3691 4254 4255 3692
4 3691 3693 4256 4254
4 4254 4257 4258 4255
4 4254 4256 4259 4257
4 4257 4260 4261 4258
4 4257 4259 4262 4260
4 4260 4263 4264 4261
4 4260 4262 4265 4263
4 4263 4266 4267 4264
4 4263 4265 4268 4266
4 4266 4269 4270 4267
4 4266 4268 4271 4269
4 4269 4272 4273 4270
4 4269 4271 4274 4272
4 4272 4275 4276 4273
4 4272 4274 4277 4275
4 4275 4278 4279 4276
4 4275 4277 4280 4278
4 4278 4281 4282 4279
4 4278 4280 4283 4281
4 4281 4284 4285 4282
4 4281 4283 4286 4284
4 4284 4287 4288 4285
4 4284 4286 4289 4287
4 4287 4290 4291 4288
4 4287 4289 4292 4290
4 4290 4293 4294 4291
4 4290 4292 4295 4293
4 4293 4296 4297 4294
4 4293 4295 4298 4296
4 4296 4299 4300 4297
4 4296 4298 4301 4299
4 3693 3739 4302 4256
4 4303 4304 3741 3740
4 4256 4302 4305 4259
4 4306 4307 4304 4303
4 4259 4305 4308 4262
4 4309 4310 4307 4306
4 4262 4308 4311 4265
4 4312 4313 4310 4309
4 4265 4311 4314 4268
4 4315 4316 4313 4312
4 4268 4314 4317 4271
4 4318 4319 4316 4315
4 4271 4317 4320 4274
4 4321 4322 4319 4318
4 4274 4320 4323 4277
4 4324 4325 4322 4321
4 4277 4323 4326 4280
4 4327 4328 4325 4324
4 4280 4326 4329 4283
4 4330 4331 4328 4327
4 4283 4329 4332 4286
4 4333 4334 4331 4330
4 4286 4332 4335 4289
4 4336 4337 4334 4333
4 4289 4335 4338 4292
4 4339 4340 4337 4336
4 4292 4338 4341 4295
4 4342 4343 4340 4339
4 4295 4341 4344 4298
4 4345 4346 4343 4342
4 4298 4344 4347 4301
4 4348 4349 4346 4345
4 3739 3772 4350 4302
4 4304 4351 3773 3741
4 4302 4350 4352 4305
4 4307 4353 4351 4304
4 4305 4352 4354 4308
4 4310 4355 4353 4307
4 4308 4354 4356 4311
4 4313 4357 4355 4310
4 4311 4356 4358 4314
4 4316 4359 4357 4313
4 4314 4358 4360 4317
4 4319 4361 4359 4316
4 4317 4360 4362 4320
4 4322 4363 4361 4319
4 4320 4362 4364 4323
4 4325 4365 4363 4322
4 4323 4364 4366 4326
4 4328 4367 4365 4325
4 4326 4366 4368 4329
4 4331 4369 4367 4328
4 4329 4368 4370 4332
4 4334 4371 4369 4331
4 4332 4370 4372 4335
4 4337 4373 4371 4334
4 4335 4372 4374 4338
4 4340 4375 4373 4337
4 4338 4374 4376 4341
4 4343 4377 4375 4340
4 4341 4376 4378 4344
4 4346 4379 4377 4343
4 4344 4378 4380 4347
4 4349 4381 4379 4346
4 3772 3804 4382 4350
4 4351 4383 3805 3773
4 4350 4382 4384 4352
4 4353 4385 4383 4351
4 4352 4384 4386 4354
4 4355 4387 4385 4353
4 4354 4386 4388 4356
4 4357 4389 4387 4355
4 4356 4388 4390 4358
4 4359 4391 4389 4357
4 4358 4390 4392 4360
4 4361 4393 4391 4359
4 4360 4392 4394 4362
4 4363 4395 4393 4361
4 4362 4394 4396 4364
4 4365 4397 4395 4363
4 4364 4396 4398 4366
4 4367 4399 4397 4365
4 4366 4398 4400 4368
4 4369 4401 4399 4367
4 4368 4400 4402 4370
4 4371 4403 4401 4369
4 4370 4402 4404 4372
4 4373 4405 4403 4371
4 4372 4404 4406 4374
4 4375 4407 4405 4373
4 4374 4406 4408 4376
4 4377 4409 4407 4375
4 4376 4408 4410 4378
4 4379 4411 4409 4377
4 4378 4410 4412 4380
4 4381 4413 4411 4379
4 3804 3836 4414 4382
4 4383 4415 3837 3805
4 4382 4414 4416 4384
4 4385 4417 4415 4383
4 4384 4416 4418 4386
4 4387 4419 4417 4385
4 4386 4418 4420 4388
4 4389 4421 4419 4387
4 4388 4420 4422 4390
4 4391 4423 4421 4389
4 4390 4422 4424 4392
4 4393 4425 4423 4391
4 4392 4424 4426 4394
4 4395 4427 4425 4393
4 4394 4426 4428 4396
4 4397 4429 4427 4395
4 4396 4428 4430 4398
4 4399 4431 4429 4397
4 4398 4430 4432 4400
4 4401 4433 4431 4399
4 4400 4432 4434 4402
4 4403 4435 4433 4401
4 4402 4434 4436 4404
4 4405 4437 4435 4403
4 4404 4436 4438 4406
4 4407 4439 4437 4405
4 4406 4438 4440 4408
4 4409 4441 4439 4407
4 4408 4440 4442 4410
4 4411 4443 4441 4409
4 4410 4442 4444 4412
4 4413 4445 4443 4411
4 3836 3868 4446 4414
4 4415 4447 3869 3837
4 4414 4446 4448 4416
4 4417 4449 4447 4415
4 4416 4448 4450 4418
4 4419 4451 4449 4417
4 4418 4450 4452 4420
4 4421 4453 4451 4419
4 4420 4452 4454 4422
4 4423 4455 4453 4421
4 4422 4454 4456 4424
4 4425 4457 4455 4423
4 4424 4456 4458 4426
4 4427 4459 4457 4425
4 4426 4458 4460 4428
4 4429 4461 4459 4427
4 4428 4460 4462 4430
4 4431 4463 4461 4429
4 4430 4462 4464 4432
4 4433 4465 4463 4431
4 4432 4464 4466 4434
4 4435 4467 4465 4433
4 4434 4466 4468 4436
4 4437 4469 4467 4435
4 4436 4468 4470 4438
4 4439 4471 4469 4437
4 4438 4470 4472 4440
4 4441 4473 4471 4439
4 4440 4472 4474 4442
4 4443 4475 4473 4441
4 4442 4474 4476 4444
4 4445 4477 4475 4443
4 3868 3900 4478 4446
4 4447 4479 3901 3869
4 4446 4478 4480 4448
4 4449 4481 4479 4447
4 4448 4480 4482 4450
4 4451 4483 4481 4449
4 4450 4482 4484 4452
4 4453 4485 4483 4451
4 4452 4484 4486 4454
4 4455 4487 4485 4453
4 4454 4486 4488 4456
4 4457 4489 4487 4455
4 4456 4488 4490 4458
4 4459 4491 4489 4457
4 4458 4490 4492 4460
4 4461 4493 4491 4459
4 4460 4492 4494 4462
4 4463 4495 4493 4461
4 4462 4494 4496 4464
4 4465 4497 4495 4463
4 4464 4496 4498 4466
4 4467 4499 4497 4465
4 4466 4498 4500 4468
4 4469 4501 4499 4467
4 4468 4500 4502 4470
4 4471 4503 4501 4469
4 4470 4502 4504 4472
4 4473 4505 4503 4471
4 4472 4504 4506 4474
4 4475 4507 4505 4473
4 4474 4506 4508 4476
4 4477 4509 4507 4475
4 3900 3932 4510 4478
4 4479 4511 3933 3901
4 4478 4510 4512 4480
4 4481 4513 4511 4479
4 4480 4512 4514 4482
4 4483 4515 4513 4481
4 4482 4514 4516 4484
4 4485 4517 4515 4483
4 4484 4516 4518 4486
4 4487 4519 4517 4485
4 4486 4518 4520 4488
4 4489 4521 4519 4487
4 4488 4520 4522 4490
4 4491 4523 4521 4489
4 4490 4522 4524 4492
4 4493 4525 4523 4491
4 4492 4524 4526 4494
4 4495 4527 4525 4493
4 4494 4526 4528 4496
4 4497 4529 4527 4495
4 4496 4528 4530 4498
4 4499 4531 4529 4497
4 4498 4530 4532 4500
4 4501 4533 4531 4499
4 4500 4532 4534 4502
4 4503 4535 4533 4501
4 4502 4534 4536 4504
4 4505 4537 4535 4503
4 4504 4536 4538 4506
4 4507 4539 4537 4505
4 4506 4538 4540 4508
4 4509 4541 4539 4507
4 3932 3964 4542 4510
4 4511 4543 3965 3933
4 4510 4542 4544 4512
4 4513 4545 4543 4511
4 4512 4544 4546 4514
4 4515 4547 4545 4513
4 4514 4546 4548 4516
4 4517 4549 4547 4515
4 4516 4548 4550 4518
4 4519 4551 4549 4517
4 4518 4550 4552 4520
4 4521 4553 4551 4519
4 4520 4552 4554 4522
4 4523 4555 4553 4521
4 4522 4554 4556 4524
4 4525 4557 4555 4523
4 4524 4556 4558 4526
4 4527 4559 4557 4525
4 4526 4558 4560 4528
4 4529 4561 4559 4527
4 4528 4560 4562 4530
4 4531 4563 4561 4529
4 4530 4562 4564 4532
4 4533 4565 4563 4531
4 4532 4564 4566 4534
4 4535 4567 4565 4533
4 4534 4566 4568 4536
4 4537 4569 4567 4535
4 4536 4568 4570 4538
4 4539 4571 4569 4537
4 4538 4570 4572 4540
4 4541 4573 4571 4539
4 3964 3996 4574 4542
4 4543 4575 3997 3965
4 4542 4574 4576 4544
4 4545 4577 4575 4543
4 4544 4576 4578 4546
4 4547 4579 4577 4545
4 4546 4578 4580 4548
4 4549 4581 4579 4547
4 4548 4580 4582 4550
4 4551 4583 4581 4549
4 4550 4582 4584 4552
4 4553 4585 4583 4551
4 4552 4584 4586 4554
4 4555 4587 4585 4553
4 4554 4586 4588 4556
4 4557 4589 4587 4555
4 4556 4588 4590 4558
4 4559 4591 4589 4557
4 4558 4590 4592 4560
4 4561 4593 4591 4559
4 4560 4592 4594 4562
4 4563 4595 4593 4561
4 4562 4594 4596 4564
4 4565 4597 4595 4563
4 4564 4596 4598 4566
4 4567 4599 4597 4565
4 4566 4598 4600 4568
4 4569 4601 4599 4567
4 4568 4600 4602 4570
4 4571 4603 4601 4569
4 4570 4602 4604 4572
4 4573 4605 4603 4571
4 3996 4028 4606 4574
4 4575 4607 4029 3997
4 4574 4606 4608 4576
4 4577 4609 4607 4575
4 4576 4608 4610 4578
4 4579 4611 4609 4577
4 4578 4610 4612 4580
4 4581 4613 4611 4579
4 4580 4612 4614 4582
4 4583 4615 4613 4581
4 4582 4614 4616 4584
4 4585 4617 4615 4583
4 4584 4616 4618 4586
4 4587 4619 4617 4585
4 4586 4618 4620 4588
4 4589 4621 4619 4587
4 4588 4620 4622 4590
4 4591 4623 4621 4589
4 4590 4622 4624 4592
4 4593 4625 4623 4591
4 4592 4624 4626 4594
4 4595 4627 4625 4593
4 4594 4626 4628 4596
4 4597 4629 4627 4595
4 4596 4628 4630 4598
4 4599 4631 4629 4597
4 4598 4630 4632 4600
4 4601 4633 4631 4599
4 4600 4632 4634 4602
4 4603 4635 4633 4601
4 4602 4634 4636 4604
4 4605 4637 4635 4603
4 3692 4255 4638 4060
4 4303 3740 4061 4639
4 4255 4258 4640 4638
4 4306 4303 4639 4641
4 4258 4261 4642 4640
4 4309 4306 4641 4643
4 4261 4264 4644 4642
4 4312 4309 4643 4645
4 4264 4267 4646 4644
4 4315 4312 4645 4647
4 4267 4270 4648 4646
4 4318 4315 4647 4649
4 4270 4273 4650 4648
4 4321 4318 4649 4651
4 4273 4276 4652 4650
4 4324 4321 4651 4653
4 4276 4279 4654 4652
4 4327 4324 4653 4655
4 4279 4282 4656 4654
4 4330 4327 4655 4657
4 4282 4285 4658 4656
4 4333 4330 4657 4659
4 4285 4288 4660 4658
4 4336 4333 4659 4661
4 4288 4291 4662 4660
4 4339 4336 4661 4663
4 4291 4294 4664 4662
4 4342 4339 4663 4665
4 4294 4297 4666 4664
4 4345 4342 4665 4667
4 4297 4300 4668 4666
4 4348 4345 4667 4669
4 4060 4638 4670 4092
4 4639 4061 4093 4671
4 4638 4640 4672 4670
4 4641 4639 4671 4673
4 4640 4642 4674 4672
4 4643 4641 4673 4675
4 4642 4644 4676 4674
4 4645 4643 4675 4677
4 4644 4646 4678 4676
4 4647 4645 4677 4679
4 4646 4648 4680 4678
4 4649 4647 4679 4681
4 4648 4650 4682 4680
4 4651 4649 4681 4683
4 4650 4652 4684 4682
4 4653 4651 4683 4685
4 4652 4654 4686 4684
4 4655 4653 4685 4687
4 4654 4656 4688 4686
4 4657 4655 4687 4689
4 4656 4658 4690 4688
4 4659 4657 4689 4691
4 4658 4660 4692 4690
4 4661 4659 4691 4693
4 4660 4662 4694 4692
4 4663 4661 4693 4695
4 4662 4664 4696 4694
4 4665 4663 4695 4697
4 4664 4666 4698 4696
4 4667 4665 4697 4699
4 4666 4668 4700 4698
4 4669 4667 4699 4701
4 4092 4670 4702 4124
4 4671 4093 4125 4703
4 4670 4672 4704 4702
4 4673 4671 4703 4705
4 4672 4674 4706 4704
4 4675 4673 4705 4707
4 4674 4676 4708 4706
4 4677 4675 4707 4709
4 4676 4678 4710 4708
4 4679 4677 4709 4711
4 4678 4680 4712 4710
4 4681 4679 4711 4713
4 4680 4682 4714 4712
4 4683 4681 4713 4715
4 4682 4684 4716 4714
4 4685 4683 4715 4717
4 4684 4686 4718 4716
4 4687 4685 4717 4719
4 4686 4688 4720 4718
4 4689 4687 4719 4721
4 4688 4690 4722 4720
4 4691 4689 4721 4723
4 4690 4692 4724 4722
4 4693 4691 4723 4725
4 4692 4694 4726 4724
4 4695 4693 4725 4727
4 4694 4696 4728 4726
4 4697 4695 4727 4729
4 4696 4698 4730 4728
4 4699 4697 4729 4731
4 4698 4700 4732 4730
4 4701 4699 4731 4733
4 4124 4702 4734 4156
4 4703 4125 4157 4735
4 4702 4704 4736 4734
4 4705 4703 4735 4737
4 4704 4706 4738 4736
4 4707 4705 4737 4739
4 4706 4708 4740 4738
4 4709 4707 4739 4741
4 4708 4710 4742 4740
4 4711 4709 4741 4743
4 4710 4712 4744 4742
4 4713 4711 4743 4745
4 4712 4714 4746 4744
4 4715 4713 4745 4747
4 4714 4716 4748 4746
4 4717 4715 4747 4749
4 4716 4718 4750 4748
4 4719 4717 4749 4751
4 4718 4720 4752 4750
4 4721 4719 4751 4753
4 4720 4722 4754 4752
4 4723 4721 4753 4755
4 4722 4724 4756 4754
4 4725 4723 4755 4757
4 4724 4726 4758 4756
4 4727 4725 4757 4759
4 4726 4728 4760 4758
4 4729 4727 4759 4761
4 4728 4730 4762 4760
4 4731 4729 4761 4763
4 4730 4732 4764 4762
4 4733 4731 4763 4765
4 4156 4734 4766 4188
4 4735 4157 4189 4767
4 4734 4736 4768 4766
4 4737 4735 4767 4769
4 4736 4738 4770 4768
4 4739 4737 4769 4771
4 4738 4740 4772 4770
4 4741 4739 4771 4773
4 4740 4742 4774 4772
4 4743 4741 4773 4775
4 4742 4744 4776 4774
4 4745 4743 4775 4777
4 4744 4746 4778 4776
4 4747 4745 4777 4779
4 4746 4748 4780 4778
4 4749 4747 4779 4781
4 4748 4750 4782 4780
4 4751 4749 4781 4783
4 4750 4752 4784 4782
4 4753 4751 4783 4785
4 4752 4754 4786 4784
4 4755 4753 4785 4787
4 4754 4756 4788 4786
4 4757 4755 4787 4789
4 4756 4758 4790 4788
4 4759 4757 4789 4791
4 4758 4760 4792 4790
4 4761 4759 4791 4793
4 4760 4762 4794 4792
4 4763 4761 4793 4795
4 4762 4764 4796 4794
4 4765 4763 4795 4797
4 4188 4766 4798 4220
4 4767 4189 4221 4799
4 4766 4768 4800 4798
4 4769 4767 4799 4801
4 4768 4770 4802 4800
4 4771 4769 4801 4803
4 4770 4772 4804 4802
4 4773 4771 4803 4805
4 4772 4774 4806 4804
4 4775 4773 4805 4807
4 4774 4776 4808 4806
4 4777 4775 4807 4809
4 4776 4778 4810 4808
4 4779 4777 4809 4811
4 4778 4780 4812 4810
4 4781 4779 4811 4813
4 4780 4782 4814 4812
4 4783 4781 4813 4815
4 4782 4784 4816 4814
4 4785 4783 4815 4817
4 4784 4786 4818 4816
4 4787 4785 4817 4819
4 4786 4788 4820 4818
4 4789 4787 4819 4821
4 4788 4790 4822 4820
4 4791 4789 4821 4823
4 4790 4792 4824 4822
4 4793 4791 4823 4825
4 4792 4794 4826 4824
4 4795 4793 4825 4827
4 4794 4796 4828 4826
4 4797 4795 4827 4829
4 4220 4798 4830 4252
4 4799 4221 4253 4831
4 4830 4831 4253 4252
4 4798 4800 4832 4830
4 4801 4799 4831 4833
4 4832 4833 4831 4830
4 4800 4802 4834 4832
4 4803 4801 4833 4835
4 4834 4835 4833 4832
4 4802 4804 4836 4834
4 4805 4803 4835 4837
4 4836 4837 4835 4834
4 4804 4806 4838 4836
4 4807 4805 4837 4839
4 4838 4839 4837 4836
4 4806 4808 4840 4838
4 4809 4807 4839 4841
4 4840 4841 4839 4838
4 4808 4810 4842 4840
4 4811 4809 4841 4843
4 4842 4843 4841 4840
4 4810 4812 4844 4842
4 4813 4811 4843 4845
4 4844 4845 4843 4842
4 4812 4814 4846 4844
4 4815 4813 4845 4847
4 4846 4847 4845 4844
4 4814 4816 4848 4846
4 4817 4815 4847 4849
4 4848 4849 4847 4846
4 4816 4818 4850 4848
4 4819 4817 4849 4851
4 4850 4851 4849 4848
4 4818 4820 4852 4850
4 4821 4819 4851 4853
4 4852 4853 4851 4850
4 4820 4822 4854 4852
4 4823 4821 4853 4855
4 4854 4855 4853 4852
4 4822 4824 4856 4854
4 4825 4823 4855 4857
4 4856 4857 4855 4854
4 4824 4826 4858 4856
4 4827 4825 4857 4859
4 4858 4859 4857 4856
4 4826 4828 4860 4858
4 4829 4827 4859 4861
4 4860 4861 4859 4858
4 4299 4862 4863 4300
4 4299 4301 4864 4862
4 4862 4865 4866 4863
4 4862 4864 4867 4865
4 4865 4868 4869 4866
4 4865 4867 4870 4868
4 4868 4871 4872 4869
4 4868 4870 4873 4871
4 4871 4874 4875 4872
4 4871 4873 4876 4874
4 4874 4877 4878 4875
4 4874 4876 4879 4877
4 4877 4880 4881 4878
4 4877 4879 4882 4880
4 4880 4883 4884 4881
4 4880 4882 4885 4883
4 4883 4886 4887 4884
4 4883 4885 4888 4886
4 4886 4889 4890 4887
4 4886 4888 4891 4889
4 4889 4892 4893 4890
4 4889 4891 4894 4892
4 4892 4895 4896 4893
4 4892 4894 4897 4895
4 4895 4898 4899 4896
4 4895 4897 4900 4898
4 4898 4901 4902 4899
4 4898 4900 4903 4901
4 4901 4904 4905 4902
4 4901 4903 4906 4904
4 4904 4907 4908 4905
4 4904 4906 4909 4907
4 4301 4347 4910 4864
4 4911 4912 4349 4348
4 4864 4910 4913 4867
4 4914 4915 4912 4911
4 4867 4913 4916 4870
4 4917 4918 4915 4914
4 4870 4916 4919 4873
4 4920 4921 4918 4917
4 4873 4919 4922 4876
4 4923 4924 4921 4920
4 4876 4922 4925 4879
4 4926 4927 4924 4923
4 4879 4925 4928 4882
4 4929 4930 4927 4926
4 4882 4928 4931 4885
4 4932 4933 4930 4929
4 4885 4931 4934 4888
4 4935 4936 4933 4932
4 4888 4934 4937 4891
4 4938 4939 4936 4935
4 4891 4937 4940 4894
4 4941 4942 4939 4938
4 4894 4940 4943 4897
4 4944 4945 4942 4941
4 4897 4943 4946 4900
4 4947 4948 4945 4944
4 4900 4946 4949 4903
4 4950 4951 4948 4947
4 4903 4949 4952 4906
4 4953 4954 4951 4950
4 4906 4952 4955 4909
4 4956 4957 4954 4953
4 4347 4380 4958 4910
4 4912 4959 4381 4349
4 4910 4958 4960 4913
4 4915 4961 4959 4912
4 4913 4960 4962 4916
4 4918 4963 4961 4915
4 4916 4962 4964 4919
4 4921 4965 4963 4918
4 4919 4964 4966 4922
4 4924 4967 4965 4921
4 4922 4966 4968 4925
4 4927 4969 4967 4924
4 4925 4968 4970 4928
4 4930 4971 4969 4927
4 4928 4970 4972 4931
4 4933 4973 4971 4930
4 4931 4972 4974 4934
4 4936 4975 4973 4933
4 4934 4974 4976 4937
4 4939 4977 4975 4936
4 4937 4976 4978 4940
4 4942 4979 4977 4939
4 4940 4978 4980 4943
4 4945 4981 4979 4942
4 4943 4980 4982 4946
4 4948 4983 4981 4945
4 4946 4982 4984 4949
4 4951 4985 4983 4948
4 4949 4984 4986 4952
4 4954 4987 4985 4951
4 4952 4986 4988 4955
4 4957 4989 4987 4954
4 4380 4412 4990 4958
4 4959 4991 4413 4381
4 4958 4990 4992 4960
4 4961 4993 4991 4959
4 4960 4992 4994 4962
4 4963 4995 4993 4961
4 4962 4994 4996 4964
4 4965 4997 4995 4963
4 4964 4996 4998 4966
4 4967 4999 4997 4965
4 4966 4998 5000 4968
4 4969 5001 4999 4967
4 4968 5000 5002 4970
4 4971 5003 5001 4969
4 4970 5002 5004 4972
4 4973 5005 5003 4971
4 4972 5004 5006 4974
4 4975 5007 5005 4973
4 4974 5006 5008 4976
4 4977 5009 5007 4975
4 4976 5008 5010 4978
4 4979 5011 5009 4977
4 4978 5010 5012 4980
4 4981 5013 5011 4979
4 4980 5012 5014 4982
4 4983 5015 5013 4981
4 4982 5014 5016 4984
4 4985 5017 5015 4983
4 4984 5016 5018 4986
4 4987 5019 5017 4985
4 4986 5018 5020 4988
4 4989 5021 5019 4987
4 4412 4444 5022 4990
4 4991 5023 4445 4413
4 4990 5022 5024 4992
4 4993 5025 5023 4991
4 4992 5024 5026 4994
4 4995 5027 5025 4993
4 4994 5026 5028 4996
4 4997 5029 5027 4995
4 4996 5028 5030 4998
4 4999 5031 5029 4997
4 4998 5030 5032 5000
4 5001 5033 5031 4999
4 5000 5032 5034 5002
4 5003 5035 5033 5001
4 5002 5034 5036 5004
4 5005 5037 5035 5003
4 5004 5036 5038 5006
4 5007 5039 5037 5005
4 5006 5038 5040 5008
4 5009 5041 5039 5007
4 5008 5040 5042 5010
4 5011 5043 5041 5009
4 5010 5042 5044 5012
4 5013 5045 5043 5011
4 5012 5044 5046 5014
4 5015 5047 5045 5013
4 5014 5046 5048 5016
4 5017 5049 5047 5015
4 5016 5048 5050 5018
4 5019 5051 5049 5017
4 5018 5050 5052 5020
4 5021 5053 5051 5019
4 4444 4476 5054 5022
4 5023 5055 4477 4445
4 5022 5054 5056 5024
4 5025 5057 5055 5023
4 5024 5056 5058 5026
4 5027 5059 5057 5025
4 5026 5058 5060 5028
4 5029 5061 5059 5027
4 5028 5060 5062 5030
4 5031 5063 5061 5029
4 5030 5062 5064 5032
4 5033 5065 5063 5031
4 5032 5064 5066 5034
4 5035 5067 5065 5033
4 5034 5066 5068 5036
4 5037 5069 5067 5035
4 5036 5068 5070 5038
4 5039 5071 5069 5037
4 5038 5070 5072 5040
4 5041 5073 5071 5039
4 5040 5072 5074 5042
4 5043 5075 5073 5041
4 5042 5074 5076 5044
4 5045 5077 5075 5043
4 5044 5076 5078 5046
4 5047 5079 5077 5045
4 5046 5078 5080 5048
4 5049 5081 5079 5047
4 5048 5080 5082 5050
4 5051 5083 5081 5049
4 5050 5082 5084 5052
4 5053 5085 5083 5051
4 4476 4508 5086 5054
4 5055 5087 4509 4477
4 5054 5086 5088 5056
4 5057 5089 5087 5055
4 5056 5088 5090 5058
4 5059 5091 5089 5057
4 5058 5090 5092 5060
4 5061 5093 5091 5059
4 5060 5092 5094 5062
4 5063 5095 5093 5061
4 5062 5094 5096 5064
4 5065 5097 5095 5063
4 5064 5096 5098 5066
4 5067 5099 5097 5065
4 5066 5098 5100 5068
4 5069 5101 5099 5067
4 5068 5100 5102 5070
4 5071 5103 5101 5069
4 5070 5102 5104 5072
4 5073 5105 5103 5071
4 5072 5104 5106 5074
4 5075 5107 5105 5073
4 5074 5106 5108 5076
4 5077 5109 5107 5075
4 5076 5108 5110 5078
4 5079 5111 5109 5077
4 5078 5110 5112 5080
4 5081 5113 5111 5079
4 5080 5112 5114 5082
4 5083 5115 5113 5081
4 5082 5114 5116 5084
4 5085 5117 5115 5083
4 4508 4540 5118 5086
4 5087 5119 4541 4509
4 5086 5118 5120 5088
4 5089 5121 5119 5087
4 5088 5120 5122 5090
4 5091 5123 5121 5089
4 5090 5122 5124 5092
4 5093 5125 5123 5091
4 5092 5124 5126 5094
4 5095 5127 5125 5093
4 5094 5126 5128 5096
4 5097 5129 5127 5095
4 5096 5128 5130 5098
4 5099 5131 5129 5097
4 5098 5130 5132 5100
4 5101 5133 5131 5099
4 5100 5132 5134 5102
4 5103 5135 5133 5101
4 5102 5134 5136 5104
4 5105 5137 5135 5103
4 5104 5136 5138 5106
4 5107 5139 5137 5105
4 5106 5138 5140 5108
4 5109 5141 5139 5107
4 5108 5140 5142 5110
4 5111 5143 5141 5109
4 5110 5142 5144 5112
4 5113 5145 5143 5111
4 5112 5144 5146 5114
4 5115 5147 5145 5113
4 5114 5146 5148 5116
4 5117 5149 5147 5115
4 4540 4572 5150 5118
4 5119 5151 4573 4541
4 5118 5150 5152 5120
4 5121 5153 5151 5119
4 5120 5152 5154 5122
4 5123 5155 5153 5121
4 5122 5154 5156 5124
4 5125 5157 5155 5123
4 5124 5156 5158 5126
4 5127 5159 5157 5125
4 5126 5158 5160 5128
4 5129 5161 5159 5127
4 5128 5160 5162 5130
4 5131 5163 5161 5129
4 5130 5162 5164 5132
4 5133 5165 5163 5131
4 5132 5164 5166 5134
4 5135 5167 5165 5133
4 5134 5166 5168 5136
4 5137 5169 5167 5135
4 5136 5168 5170 5138
4 5139 5171 5169 5137
4 5138 5170 5172 5140
4 5141 5173 5171 5139
4 5140 5172 5174 5142
4 5143 5175 5173 5141
4 5142 5174 5176 5144
4 5145 5177 5175 5143
4 5144 5176 5178 5146
4 5147 5179 5177 5145
4 5146 5178 5180 5148
4 5149 5181 5179 5147
4 4572 4604 5182 5150
4 5151 5183 4605 4573
4 5150 5182 5184 5152
4 5153 5185 5183 5151
4 5152 5184 5186 5154
4 5155 5187 5185 5153
4 5154 5186 5188 5156
4 5157 5189 5187 5155
4 5156 5188 5190 5158
4 5159 5191 5189 5157
4 5158 5190 5192 5160
4 5161 5193 5191 5159
4 5160 5192 5194 5162
4 5163 5195 5193 5161
4 5162 5194 5196 5164
4 5165 5197 5195 5163
4 5164 5196 5198 5166
4 5167 5199 5197 5165
4 5166 5198 5200 5168
4 5169 5201 5199 5167
4 5168 5200 5202 5170
4 5171 5203 5201 5169
4 5170 5202 5204 5172
4 5173 5205 5203 5171
4 5172 5204 5206 5174
4 5175 5207 5205 5173
4 5174 5206 5208 5176
4 5177 5209 5207 5175
4 5176 5208 5210 5178
4 5179 5211 5209 5177
4 5178 5210 5212 5180
4 5181 5213 5211 5179
4 4604 4636 5214 5182
4 5183 5215 4637 4605
4 5182 5214 5216 5184
4 5185 5217 5215 5183
4 5184 5216 5218 5186
4 5187 5219 5217 5185
4 5186 5218 5220 5188
4 5189 5221 5219 5187
4 5188 5220 5222 5190
4 5191 5223 5221 5189
4 5190 5222 5224 5192
4 5193 5225 5223 5191
4 5192 5224 5226 5194
4 5195 5227 5225 5193
4 5194 5226 5228 5196
4 5197 5229 5227 5195
4 5196 5228 5230 5198
4 5199 5231 5229 5197
4 5198 5230 5232 5200
4 5201 5233 5231 5199
4 5200 5232 5234 5202
4 5203 5235 5233 5201
4 5202 5234 5236 5204
4 5205 5237 5235 5203
4 5204 5236 5238 5206
4 5207 5239 5237 5205
4 5206 5238 5240 5208
4 5209 5241 5239 5207
4 5208 5240 5242 5210
4 5211 5243 5241 5209
4 5210 5242 5244 5212
4 5213 5245 5243 5211
4 4300 4863 5246 4668
4 4911 4348 4669 5247
4 4863 4866 5248 5246
4 4914 4911 5247 5249
4 4866 4869 5250 5248
4 4917 4914 5249 5251
4 4869 4872 5252 5250
4 4920 4917 5251 5253
4 4872 4875 5254 5252
4 4923 4920 5253 5255
4 4875 4878 5256 5254
4 4926 4923 5255 5257
4 4878 4881 5258 5256
4 4929 4926 5257 5259
4 4881 4884 5260 5258
4 4932 4929 5259 5261
4 4884 4887 5262 5260
4 4935 4932 5261 5263
4 4887 4890 5264 5262
4 4938 4935 5263 5265
4 4890 4893 5266 5264
4 4941 4938 5265 5267
4 4893 4896 5268 5266
4 4944 4941 5267 5269
4 4896 4899 5270 5268
4 4947 4944 5269 5271
4 4899 4902 5272 5270
4 4950 4947 5271 5273
4 4902 4905 5274 5272
4 4953 4950 5273 5275
4 4905 4908 5276 5274
4 4956 4953 5275 5277
4 4668 5246 5278 4700
4 5247 4669 4701 5279
4 5246 5248 5280 5278
4 5249 5247 5279 5281
4 5248 5250 5282 5280
4 5251 5249 5281 5283
4 5250 5252 5284 5282
4 5253 5251 5283 5285
4 5252 5254 5286 5284
4 5255 5253 5285 5287
4 5254 5256 5288 5286
4 5257 5255 5287 5289
4 5256 5258 5290 5288
4 5259 5257 5289 5291
4 5258 5260 5292 5290
4 5261 5259 5291 5293
4 5260 5262 5294 5292
4 5263 5261 5293 5295
4 5262 5264 5296 5294
4 5265 5263 5295 5297
4 5264 5266 5298 5296
4 5267 5265 5297 5299
4 5266 5268 5300 5298
4 5269 5267 5299 5301
4 5268 5270 5302 5300
4 5271 5269 5301 5303
4 5270 5272 5304 5302
4 5273 5271 5303 5305
4 5272 5274 5306 5304
4 5275 5273 5305 5307
4 5274 5276 5308 5306
4 5277 5275 5307 5309
4 4700 5278 5310 4732
4 5279 4701 4733 5311
4 5278 5280 5312 5310
4 5281 5279 5311 5313
4 5280 5282 5314 5312
4 5283 5281 5313 5315
4 5282 5284 5316 5314
4 5285 5283 5315 5317
4 5284 5286 5318 5316
4 5287 5285 5317 5319
4 5286 5288 5320 5318
4 5289 5287 5319 5321
4 5288 5290 5322 5320
4 5291 5289 5321 5323
4 5290 5292 5324 5322
4 5293 5291 5323 5325
4 5292 5294 5326 5324
4 5295 5293 5325 5327
4 5294 5296 5328 5326
4 5297 5295 5327 5329
4 5296 5298 5330 5328
4 5299 5297 5329 5331
4 5298 5300 5332 5330
4 5301 5299 5331 5333
4 5300 5302 5334 5332
4 5303 5301 5333 5335
4 5302 5304 5336 5334
4 5305 5303 5335 5337
4 5304 5306 5338 5336
4 5307 5305 5337 5339
4 5306 5308 5340 5338
4 5309 5307 5339 5341
4 4732 5310 5342 4764
4 5311 4733 4765 5343
4 5310 5312 5344 5342
4 5313 5311 5343 5345
4 5312 5314 5346 5344
4 5315 5313 5345 5347
4 5314 5316 5348 5346
4 5317 5315 5347 5349
4 5316 5318 5350 5348
4 5319 5317 5349 5351
4 5318 5320 5352 5350
4 5321 5319 5351 5353
4 5320 5322 5354 5352
4 5323 5321 5353 5355
4 5322 5324 5356 5354
4 5325 5323 5355 5357
4 5324 5326 5358 5356
4 5327 5325 5357 5359
4 5326 5328 5360 5358
4 5329 5327 5359 5361
4 5328 5330 5362 5360
4 5331 5329 5361 5363
4 5330 5332 5364 5362
4 5333 5331 5363 5365
4 5332 5334 5366 5364
4 5335 5333 5365 5367
4 5334 5336 5368 5366
4 5337 5335 5367 5369
4 5336 5338 5370 5368
4 5339 5337 5369 5371
4 5338 5340 5372 5370
4 5341 5339 5371 5373
4 4764 5342 5374 4796
4 5343 4765 4797 5375
4 5342 5344 5376 5374
4 5345 5343 5375 5377
4 5344 5346 5378 5376
4 5347 5345 5377 5379
4 5346 5348 5380 5378
4 5349 5347 5379 5381
4 5348 5350 5382 5380
4 5351 5349 5381 5383
4 5350 5352 5384 5382
4 5353 5351 5383 5385
4 5352 5354 5386 5384
4 5355 5353 5385 5387
4 5354 5356 5388 5386
4 5357 5355 5387 5389
4 5356 5358 5390 5388
4 5359 5357 5389 5391
4 5358 5360 5392 5390
4 5361 5359 5391 5393
4 5360 5362 5394 5392
4 5363 5361 5393 5395
4 5362 5364 5396 5394
4 5365 5363 5395 5397
4 5364 5366 5398 5396
4 5367 5365 5397 5399
4 5366 5368 5400 5398
4 5369 5367 5399 5401
4 5368 5370 5402 5400
4 5371 5369 5401 5403
4 5370 5372 5404 5402
4 5373 5371 5403 5405
4 4796 5374 5406 4828
4 5375 4797 4829 5407
4 5374 5376 5408 5406
4 5377 5375 5407 5409
4 5376 5378 5410 5408
4 5379 5377 5409 5411
4 5378 5380 5412 5410
4 5381 5379 5411 5413
4 5380 5382 5414 5412
4 5383 5381 5413 5415
4 5382 5384 5416 5414
4 5385 5383 5415 5417
4 5384 5386 5418 5416
4 5387 5385 5417 5419
4 5386 5388 5420 5418
4 5389 5387 5419 5421
4 5388 5390 5422 5420
4 5391 5389 5421 5423
4 5390 5392 5424 5422
4 5393 5391 5423 5425
4 5392 5394 5426 5424
4 5395 5393 5425 5427
4 5394 5396 5428 5426
4 5397 5395 5427 5429
4 5396 5398 5430 5428
4 5399 5397 5429 5431
4 5398 5400 5432 5430
4 5401 5399 5431 5433
4 5400 5402 5434 5432
4 5403 5401 5433 5435
4 5402 5404 5436 5434
4 5405 5403 5435 5437
4 4828 5406 5438 4860
4 5407 4829 4861 5439
4 5438 5439 4861 4860
4 5406 5408 5440 5438
4 5409 5407 5439 5441
4 5440 5441 5439 5438
4 5408 5410 5442 5440
4 5411 5409 5441 5443
4 5442 5443 5441 5440
4 5410 5412 5444 5442
4 5413 5411 5443 5445
4 5444 5445 5443 5442
4 5412 5414 5446 5444
4 5415 5413 5445 5447
4 5446 5447 5445 5444
4 5414 5416 5448 5446
4 5417 5415 5447 5449
4 5448 5449 5447 5446
4 5416 5418 5450 5448
4 5419 5417 5449 5451
4 5450 5451 5449 5448
4 5418 5420 5452 5450
4 5421 5419 5451 5453
4 5452 5453 5451 5450
4 5420 5422 5454 5452
4 5423 5421 5453 5455
4 5454 5455 5453 5452
4 5422 5424 5456 5454
4 5425 5423 5455 5457
4 5456 5457 5455 5454
4 5424 5426 5458 5456
4 5427 5425 5457 5459
4 5458 5459 5457 5456
4 5426 5428 5460 5458
4 5429 5427 5459 5461
4 5460 5461 5459 5458
4 5428 5430 5462 5460
4 5431 5429 5461 5463
4 5462 5463 5461 5460
4 5430 5432 5464 5462
4 5433 5431 5463 5465
4 5464 5465 5463 5462
4 5432 5434 5466 5464
4 5435 5433 5465 5467
4 5466 5467 5465 5464
4 5434 5436 5468 5466
4 5437 5435 5467 5469
4 5468 5469 5467 5466
