ply
format ascii 1.0
comment Generated from Goxel 0.15.1
element vertex 1826
property float x
property float y
property float z
property float red
property float green
property float blue
element face 1822
property list uchar int vertex_indices
end_header
5 50 8 0.717647 0.717647 0.717647
6 50 8 0.717647 0.717647 0.717647
6 51 8 0.717647 0.717647 0.717647
5 51 8 0.717647 0.717647 0.717647
6 50 7 0.717647 0.717647 0.717647
5 50 7 0.717647 0.717647 0.717647
5 51 7 0.717647 0.717647 0.717647
6 51 7 0.717647 0.717647 0.717647
7 50 8 0.717647 0.717647 0.717647
7 51 8 0.717647 0.717647 0.717647
7 50 7 0.717647 0.717647 0.717647
7 51 7 0.717647 0.717647 0.717647
8 50 8 0.717647 0.717647 0.717647
8 51 8 0.717647 0.717647 0.717647
8 50 7 0.717647 0.717647 0.717647
8 51 7 0.717647 0.717647 0.717647
9 50 8 0.717647 0.717647 0.717647
9 51 8 0.717647 0.717647 0.717647
9 50 7 0.717647 0.717647 0.717647
9 51 7 0.717647 0.717647 0.717647
10 50 8 0.717647 0.717647 0.717647
10 51 8 0.717647 0.717647 0.717647
10 50 7 0.717647 0.717647 0.717647
10 51 7 0.717647 0.717647 0.717647
11 50 8 0.717647 0.717647 0.717647
11 51 8 0.717647 0.717647 0.717647
11 50 7 0.717647 0.717647 0.717647
11 51 7 0.717647 0.717647 0.717647
12 50 8 0.717647 0.717647 0.717647
12 51 8 0.717647 0.717647 0.717647
12 50 7 0.717647 0.717647 0.717647
12 51 7 0.717647 0.717647 0.717647
13 50 8 0.717647 0.717647 0.717647
13 51 8 0.717647 0.717647 0.717647
13 50 7 0.717647 0.717647 0.717647
13 51 7 0.717647 0.717647 0.717647
14 50 8 0.717647 0.717647 0.717647
14 51 8 0.717647 0.717647 0.717647
14 50 7 0.717647 0.717647 0.717647
14 51 7 0.717647 0.717647 0.717647
15 50 8 0.717647 0.717647 0.717647
15 51 8 0.717647 0.717647 0.717647
15 50 7 0.717647 0.717647 0.717647
15 51 7 0.717647 0.717647 0.717647
16 50 8 0.717647 0.717647 0.717647
16 51 8 0.717647 0.717647 0.717647
16 50 7 0.717647 0.717647 0.717647
16 51 7 0.717647 0.717647 0.717647
6 52 8 0.717647 0.717647 0.717647
5 52 8 0.717647 0.717647 0.717647
5 52 7 0.717647 0.717647 0.717647
6 52 7 0.717647 0.717647 0.717647
7 52 8 0.717647 0.717647 0.717647
7 52 7 0.717647 0.717647 0.717647
8 52 8 0.717647 0.717647 0.717647
8 52 7 0.717647 0.717647 0.717647
9 52 8 0.717647 0.717647 0.717647
9 52 7 0.717647 0.717647 0.717647
10 52 8 0.717647 0.717647 0.717647
10 52 7 0.717647 0.717647 0.717647
11 52 8 0.717647 0.717647 0.717647
11 52 7 0.717647 0.717647 0.717647
12 52 8 0.717647 0.717647 0.717647
12 52 7 0.717647 0.717647 0.717647
13 52 8 0.717647 0.717647 0.717647
13 52 7 0.717647 0.717647 0.717647
14 52 8 0.717647 0.717647 0.717647
14 52 7 0.717647 0.717647 0.717647
15 52 8 0.717647 0.717647 0.717647
15 52 7 0.717647 0.717647 0.717647
16 52 8 0.717647 0.717647 0.717647
16 52 7 0.717647 0.717647 0.717647
6 53 8 0.717647 0.717647 0.717647
5 53 8 0.717647 0.717647 0.717647
5 53 7 0.717647 0.717647 0.717647
6 53 7 0.717647 0.717647 0.717647
7 53 8 0.717647 0.717647 0.717647
7 53 7 0.717647 0.717647 0.717647
8 53 8 0.717647 0.717647 0.717647
8 53 7 0.717647 0.717647 0.717647
9 53 8 0.717647 0.717647 0.717647
9 53 7 0.717647 0.717647 0.717647
10 53 8 0.717647 0.717647 0.717647
10 53 7 0.717647 0.717647 0.717647
11 53 8 0.717647 0.717647 0.717647
11 53 7 0.717647 0.717647 0.717647
12 53 8 0.717647 0.717647 0.717647
12 53 7 0.717647 0.717647 0.717647
13 53 8 0.717647 0.717647 0.717647
13 53 7 0.717647 0.717647 0.717647
14 53 8 0.717647 0.717647 0.717647
14 53 7 0.717647 0.717647 0.717647
15 53 8 0.717647 0.717647 0.717647
15 53 7 0.717647 0.717647 0.717647
16 53 8 0.717647 0.717647 0.717647
16 53 7 0.717647 0.717647 0.717647
6 54 8 0.717647 0.717647 0.717647
5 54 8 0.717647 0.717647 0.717647
5 54 7 0.717647 0.717647 0.717647
6 54 7 0.717647 0.717647 0.717647
7 54 8 0.717647 0.717647 0.717647
7 54 7 0.717647 0.717647 0.717647
8 54 8 0.717647 0.717647 0.717647
8 54 7 0.717647 0.717647 0.717647
9 54 8 0.717647 0.717647 0.717647
9 54 7 0.717647 0.717647 0.717647
10 54 8 0.717647 0.717647 0.717647
10 54 7 0.717647 0.717647 0.717647
11 54 8 0.717647 0.717647 0.717647
11 54 7 0.717647 0.717647 0.717647
12 54 8 0.717647 0.717647 0.717647
12 54 7 0.717647 0.717647 0.717647
13 54 8 0.717647 0.717647 0.717647
13 54 7 0.717647 0.717647 0.717647
14 54 8 0.717647 0.717647 0.717647
14 54 7 0.717647 0.717647 0.717647
15 54 8 0.717647 0.717647 0.717647
15 54 7 0.717647 0.717647 0.717647
16 54 8 0.717647 0.717647 0.717647
16 54 7 0.717647 0.717647 0.717647
6 55 8 0.717647 0.717647 0.717647
5 55 8 0.717647 0.717647 0.717647
5 55 7 0.717647 0.717647 0.717647
6 55 7 0.717647 0.717647 0.717647
7 55 8 0.717647 0.717647 0.717647
7 55 7 0.717647 0.717647 0.717647
8 55 8 0.717647 0.717647 0.717647
8 55 7 0.717647 0.717647 0.717647
9 55 8 0.717647 0.717647 0.717647
9 55 7 0.717647 0.717647 0.717647
10 55 8 0.717647 0.717647 0.717647
10 55 7 0.717647 0.717647 0.717647
11 55 8 0.717647 0.717647 0.717647
11 55 7 0.717647 0.717647 0.717647
12 55 8 0.717647 0.717647 0.717647
12 55 7 0.717647 0.717647 0.717647
13 55 8 0.717647 0.717647 0.717647
13 55 7 0.717647 0.717647 0.717647
14 55 8 0.717647 0.717647 0.717647
14 55 7 0.717647 0.717647 0.717647
15 55 8 0.717647 0.717647 0.717647
15 55 7 0.717647 0.717647 0.717647
16 55 8 0.717647 0.717647 0.717647
16 55 7 0.717647 0.717647 0.717647
6 56 8 0.717647 0.717647 0.717647
5 56 8 0.717647 0.717647 0.717647
5 56 7 0.717647 0.717647 0.717647
6 56 7 0.717647 0.717647 0.717647
7 56 8 0.717647 0.717647 0.717647
7 56 7 0.717647 0.717647 0.717647
8 56 8 0.717647 0.717647 0.717647
8 56 7 0.717647 0.717647 0.717647
9 56 8 0.717647 0.717647 0.717647
9 56 7 0.717647 0.717647 0.717647
10 56 8 0.717647 0.717647 0.717647
10 56 7 0.717647 0.717647 0.717647
11 56 8 0.717647 0.717647 0.717647
11 56 7 0.717647 0.717647 0.717647
12 56 8 0.717647 0.717647 0.717647
12 56 7 0.717647 0.717647 0.717647
13 56 8 0.717647 0.717647 0.717647
13 56 7 0.717647 0.717647 0.717647
14 56 8 0.717647 0.717647 0.717647
14 56 7 0.717647 0.717647 0.717647
15 56 8 0.717647 0.717647 0.717647
15 56 7 0.717647 0.717647 0.717647
16 56 8 0.717647 0.717647 0.717647
16 56 7 0.717647 0.717647 0.717647
6 57 8 0.717647 0.717647 0.717647
5 57 8 0.717647 0.717647 0.717647
6 57 7 0.717647 0.717647 0.717647
5 57 7 0.717647 0.717647 0.717647
7 57 8 0.717647 0.717647 0.717647
7 57 7 0.717647 0.717647 0.717647
8 57 8 0.717647 0.717647 0.717647
8 57 7 0.717647 0.717647 0.717647
9 57 8 0.717647 0.717647 0.717647
9 57 7 0.717647 0.717647 0.717647
10 57 8 0.717647 0.717647 0.717647
10 57 7 0.717647 0.717647 0.717647
11 57 8 0.717647 0.717647 0.717647
11 57 7 0.717647 0.717647 0.717647
12 57 8 0.717647 0.717647 0.717647
12 57 7 0.717647 0.717647 0.717647
13 57 8 0.717647 0.717647 0.717647
13 57 7 0.717647 0.717647 0.717647
14 57 8 0.717647 0.717647 0.717647
14 57 7 0.717647 0.717647 0.717647
15 57 8 0.717647 0.717647 0.717647
15 57 7 0.717647 0.717647 0.717647
16 57 8 0.717647 0.717647 0.717647
16 57 7 0.717647 0.717647 0.717647
5 56 6 0.717647 0.717647 0.717647
6 56 6 0.717647 0.717647 0.717647
6 57 6 0.717647 0.717647 0.717647
5 57 6 0.717647 0.717647 0.717647
7 56 6 0.717647 0.717647 0.717647
7 57 6 0.717647 0.717647 0.717647
8 56 6 0.717647 0.717647 0.717647
8 57 6 0.717647 0.717647 0.717647
9 56 6 0.717647 0.717647 0.717647
9 57 6 0.717647 0.717647 0.717647
10 56 6 0.717647 0.717647 0.717647
10 57 6 0.717647 0.717647 0.717647
11 56 6 0.717647 0.717647 0.717647
11 57 6 0.717647 0.717647 0.717647
12 56 6 0.717647 0.717647 0.717647
12 57 6 0.717647 0.717647 0.717647
13 56 6 0.717647 0.717647 0.717647
13 57 6 0.717647 0.717647 0.717647
14 56 6 0.717647 0.717647 0.717647
14 57 6 0.717647 0.717647 0.717647
15 56 6 0.717647 0.717647 0.717647
15 57 6 0.717647 0.717647 0.717647
16 56 6 0.717647 0.717647 0.717647
16 57 6 0.717647 0.717647 0.717647
5 56 5 0.717647 0.717647 0.717647
6 56 5 0.717647 0.717647 0.717647
6 57 5 0.717647 0.717647 0.717647
5 57 5 0.717647 0.717647 0.717647
7 56 5 0.717647 0.717647 0.717647
7 57 5 0.717647 0.717647 0.717647
8 56 5 0.717647 0.717647 0.717647
8 57 5 0.717647 0.717647 0.717647
9 56 5 0.717647 0.717647 0.717647
9 57 5 0.717647 0.717647 0.717647
10 56 5 0.717647 0.717647 0.717647
10 57 5 0.717647 0.717647 0.717647
11 56 5 0.717647 0.717647 0.717647
11 57 5 0.717647 0.717647 0.717647
12 56 5 0.717647 0.717647 0.717647
12 57 5 0.717647 0.717647 0.717647
13 56 5 0.717647 0.717647 0.717647
13 57 5 0.717647 0.717647 0.717647
14 56 5 0.717647 0.717647 0.717647
14 57 5 0.717647 0.717647 0.717647
15 56 5 0.717647 0.717647 0.717647
15 57 5 0.717647 0.717647 0.717647
16 56 5 0.717647 0.717647 0.717647
16 57 5 0.717647 0.717647 0.717647
5 56 4 0.717647 0.717647 0.717647
6 56 4 0.717647 0.717647 0.717647
6 57 4 0.717647 0.717647 0.717647
5 57 4 0.717647 0.717647 0.717647
7 56 4 0.717647 0.717647 0.717647
7 57 4 0.717647 0.717647 0.717647
8 56 4 0.717647 0.717647 0.717647
8 57 4 0.717647 0.717647 0.717647
9 56 4 0.717647 0.717647 0.717647
9 57 4 0.717647 0.717647 0.717647
10 56 4 0.717647 0.717647 0.717647
10 57 4 0.717647 0.717647 0.717647
11 56 4 0.717647 0.717647 0.717647
11 57 4 0.717647 0.717647 0.717647
12 56 4 0.717647 0.717647 0.717647
12 57 4 0.717647 0.717647 0.717647
13 56 4 0.717647 0.717647 0.717647
13 57 4 0.717647 0.717647 0.717647
14 56 4 0.717647 0.717647 0.717647
14 57 4 0.717647 0.717647 0.717647
15 56 4 0.717647 0.717647 0.717647
15 57 4 0.717647 0.717647 0.717647
16 56 4 0.717647 0.717647 0.717647
16 57 4 0.717647 0.717647 0.717647
5 56 3 0.717647 0.717647 0.717647
6 56 3 0.717647 0.717647 0.717647
6 57 3 0.717647 0.717647 0.717647
5 57 3 0.717647 0.717647 0.717647
7 56 3 0.717647 0.717647 0.717647
7 57 3 0.717647 0.717647 0.717647
8 56 3 0.717647 0.717647 0.717647
8 57 3 0.717647 0.717647 0.717647
9 56 3 0.717647 0.717647 0.717647
9 57 3 0.717647 0.717647 0.717647
10 56 3 0.717647 0.717647 0.717647
10 57 3 0.717647 0.717647 0.717647
11 56 3 0.717647 0.717647 0.717647
11 57 3 0.717647 0.717647 0.717647
12 56 3 0.717647 0.717647 0.717647
12 57 3 0.717647 0.717647 0.717647
13 56 3 0.717647 0.717647 0.717647
13 57 3 0.717647 0.717647 0.717647
14 56 3 0.717647 0.717647 0.717647
14 57 3 0.717647 0.717647 0.717647
15 56 3 0.717647 0.717647 0.717647
15 57 3 0.717647 0.717647 0.717647
16 56 3 0.717647 0.717647 0.717647
16 57 3 0.717647 0.717647 0.717647
5 56 2 0.717647 0.717647 0.717647
6 56 2 0.717647 0.717647 0.717647
6 57 2 0.717647 0.717647 0.717647
5 57 2 0.717647 0.717647 0.717647
7 56 2 0.717647 0.717647 0.717647
7 57 2 0.717647 0.717647 0.717647
8 56 2 0.717647 0.717647 0.717647
8 57 2 0.717647 0.717647 0.717647
9 56 2 0.717647 0.717647 0.717647
9 57 2 0.717647 0.717647 0.717647
10 56 2 0.717647 0.717647 0.717647
10 57 2 0.717647 0.717647 0.717647
11 56 2 0.717647 0.717647 0.717647
11 57 2 0.717647 0.717647 0.717647
12 56 2 0.717647 0.717647 0.717647
12 57 2 0.717647 0.717647 0.717647
13 56 2 0.717647 0.717647 0.717647
13 57 2 0.717647 0.717647 0.717647
14 56 2 0.717647 0.717647 0.717647
14 57 2 0.717647 0.717647 0.717647
15 56 2 0.717647 0.717647 0.717647
15 57 2 0.717647 0.717647 0.717647
16 56 2 0.717647 0.717647 0.717647
16 57 2 0.717647 0.717647 0.717647
5 56 1 0.717647 0.717647 0.717647
6 56 1 0.717647 0.717647 0.717647
6 57 1 0.717647 0.717647 0.717647
5 57 1 0.717647 0.717647 0.717647
7 56 1 0.717647 0.717647 0.717647
7 57 1 0.717647 0.717647 0.717647
8 56 1 0.717647 0.717647 0.717647
8 57 1 0.717647 0.717647 0.717647
9 56 1 0.717647 0.717647 0.717647
9 57 1 0.717647 0.717647 0.717647
10 56 1 0.717647 0.717647 0.717647
10 57 1 0.717647 0.717647 0.717647
11 56 1 0.717647 0.717647 0.717647
11 57 1 0.717647 0.717647 0.717647
12 56 1 0.717647 0.717647 0.717647
12 57 1 0.717647 0.717647 0.717647
13 56 1 0.717647 0.717647 0.717647
13 57 1 0.717647 0.717647 0.717647
14 56 1 0.717647 0.717647 0.717647
14 57 1 0.717647 0.717647 0.717647
15 56 1 0.717647 0.717647 0.717647
15 57 1 0.717647 0.717647 0.717647
16 56 1 0.717647 0.717647 0.717647
16 57 1 0.717647 0.717647 0.717647
5 56 0 0.717647 0.717647 0.717647
6 56 0 0.717647 0.717647 0.717647
6 57 0 0.717647 0.717647 0.717647
5 57 0 0.717647 0.717647 0.717647
7 56 0 0.717647 0.717647 0.717647
7 57 0 0.717647 0.717647 0.717647
8 56 0 0.717647 0.717647 0.717647
8 57 0 0.717647 0.717647 0.717647
9 56 0 0.717647 0.717647 0.717647
9 57 0 0.717647 0.717647 0.717647
10 56 0 0.717647 0.717647 0.717647
10 57 0 0.717647 0.717647 0.717647
11 56 0 0.717647 0.717647 0.717647
11 57 0 0.717647 0.717647 0.717647
12 56 0 0.717647 0.717647 0.717647
12 57 0 0.717647 0.717647 0.717647
13 56 0 0.717647 0.717647 0.717647
13 57 0 0.717647 0.717647 0.717647
14 56 0 0.717647 0.717647 0.717647
14 57 0 0.717647 0.717647 0.717647
15 56 0 0.717647 0.717647 0.717647
15 57 0 0.717647 0.717647 0.717647
16 56 0 0.717647 0.717647 0.717647
16 57 0 0.717647 0.717647 0.717647
17 50 8 0.717647 0.717647 0.717647
17 51 8 0.717647 0.717647 0.717647
17 50 7 0.717647 0.717647 0.717647
17 51 7 0.717647 0.717647 0.717647
18 50 8 0.717647 0.717647 0.717647
18 51 8 0.717647 0.717647 0.717647
18 50 7 0.717647 0.717647 0.717647
18 51 7 0.717647 0.717647 0.717647
19 50 8 0.717647 0.717647 0.717647
19 51 8 0.717647 0.717647 0.717647
19 50 7 0.717647 0.717647 0.717647
19 51 7 0.717647 0.717647 0.717647
20 50 8 0.717647 0.717647 0.717647
20 51 8 0.717647 0.717647 0.717647
20 50 7 0.717647 0.717647 0.717647
20 51 7 0.717647 0.717647 0.717647
21 50 8 0.717647 0.717647 0.717647
21 51 8 0.717647 0.717647 0.717647
21 50 7 0.717647 0.717647 0.717647
21 51 7 0.717647 0.717647 0.717647
22 50 8 0.717647 0.717647 0.717647
22 51 8 0.717647 0.717647 0.717647
22 50 7 0.717647 0.717647 0.717647
22 51 7 0.717647 0.717647 0.717647
23 50 8 0.717647 0.717647 0.717647
23 51 8 0.717647 0.717647 0.717647
23 50 7 0.717647 0.717647 0.717647
23 51 7 0.717647 0.717647 0.717647
24 50 8 0.717647 0.717647 0.717647
24 51 8 0.717647 0.717647 0.717647
24 50 7 0.717647 0.717647 0.717647
24 51 7 0.717647 0.717647 0.717647
25 50 8 0.717647 0.717647 0.717647
25 51 8 0.717647 0.717647 0.717647
25 50 7 0.717647 0.717647 0.717647
25 51 7 0.717647 0.717647 0.717647
26 50 8 0.717647 0.717647 0.717647
26 51 8 0.717647 0.717647 0.717647
26 50 7 0.717647 0.717647 0.717647
26 51 7 0.717647 0.717647 0.717647
27 50 8 0.717647 0.717647 0.717647
27 51 8 0.717647 0.717647 0.717647
27 50 7 0.717647 0.717647 0.717647
27 51 7 0.717647 0.717647 0.717647
28 50 8 0.717647 0.717647 0.717647
28 51 8 0.717647 0.717647 0.717647
28 50 7 0.717647 0.717647 0.717647
28 51 7 0.717647 0.717647 0.717647
29 50 8 0.717647 0.717647 0.717647
29 51 8 0.717647 0.717647 0.717647
29 50 7 0.717647 0.717647 0.717647
29 51 7 0.717647 0.717647 0.717647
30 50 8 0.717647 0.717647 0.717647
30 51 8 0.717647 0.717647 0.717647
30 50 7 0.717647 0.717647 0.717647
30 51 7 0.717647 0.717647 0.717647
31 50 8 0.717647 0.717647 0.717647
31 51 8 0.717647 0.717647 0.717647
31 50 7 0.717647 0.717647 0.717647
31 51 7 0.717647 0.717647 0.717647
32 50 8 0.717647 0.717647 0.717647
32 51 8 0.717647 0.717647 0.717647
32 50 7 0.717647 0.717647 0.717647
32 51 7 0.717647 0.717647 0.717647
17 52 8 0.717647 0.717647 0.717647
17 52 7 0.717647 0.717647 0.717647
18 52 8 0.717647 0.717647 0.717647
18 52 7 0.717647 0.717647 0.717647
19 52 8 0.717647 0.717647 0.717647
19 52 7 0.717647 0.717647 0.717647
20 52 8 0.717647 0.717647 0.717647
20 52 7 0.717647 0.717647 0.717647
21 52 8 0.717647 0.717647 0.717647
21 52 7 0.717647 0.717647 0.717647
22 52 8 0.717647 0.717647 0.717647
22 52 7 0.717647 0.717647 0.717647
23 52 8 0.717647 0.717647 0.717647
23 52 7 0.717647 0.717647 0.717647
24 52 8 0.717647 0.717647 0.717647
24 52 7 0.717647 0.717647 0.717647
25 52 8 0.717647 0.717647 0.717647
25 52 7 0.717647 0.717647 0.717647
26 52 8 0.717647 0.717647 0.717647
26 52 7 0.717647 0.717647 0.717647
27 52 8 0.717647 0.717647 0.717647
27 52 7 0.717647 0.717647 0.717647
28 52 8 0.717647 0.717647 0.717647
28 52 7 0.717647 0.717647 0.717647
29 52 8 0.717647 0.717647 0.717647
29 52 7 0.717647 0.717647 0.717647
30 52 8 0.717647 0.717647 0.717647
30 52 7 0.717647 0.717647 0.717647
31 52 8 0.717647 0.717647 0.717647
31 52 7 0.717647 0.717647 0.717647
32 52 8 0.717647 0.717647 0.717647
32 52 7 0.717647 0.717647 0.717647
17 53 8 0.717647 0.717647 0.717647
17 53 7 0.717647 0.717647 0.717647
18 53 8 0.717647 0.717647 0.717647
18 53 7 0.717647 0.717647 0.717647
19 53 8 0.717647 0.717647 0.717647
19 53 7 0.717647 0.717647 0.717647
20 53 8 0.717647 0.717647 0.717647
20 53 7 0.717647 0.717647 0.717647
21 53 8 0.717647 0.717647 0.717647
21 53 7 0.717647 0.717647 0.717647
22 53 8 0.717647 0.717647 0.717647
22 53 7 0.717647 0.717647 0.717647
23 53 8 0.717647 0.717647 0.717647
23 53 7 0.717647 0.717647 0.717647
24 53 8 0.717647 0.717647 0.717647
24 53 7 0.717647 0.717647 0.717647
25 53 8 0.717647 0.717647 0.717647
25 53 7 0.717647 0.717647 0.717647
26 53 8 0.717647 0.717647 0.717647
26 53 7 0.717647 0.717647 0.717647
27 53 8 0.717647 0.717647 0.717647
27 53 7 0.717647 0.717647 0.717647
28 53 8 0.717647 0.717647 0.717647
28 53 7 0.717647 0.717647 0.717647
29 53 8 0.717647 0.717647 0.717647
29 53 7 0.717647 0.717647 0.717647
30 53 8 0.717647 0.717647 0.717647
30 53 7 0.717647 0.717647 0.717647
31 53 8 0.717647 0.717647 0.717647
31 53 7 0.717647 0.717647 0.717647
32 53 8 0.717647 0.717647 0.717647
32 53 7 0.717647 0.717647 0.717647
17 54 8 0.717647 0.717647 0.717647
17 54 7 0.717647 0.717647 0.717647
18 54 8 0.717647 0.717647 0.717647
18 54 7 0.717647 0.717647 0.717647
19 54 8 0.717647 0.717647 0.717647
19 54 7 0.717647 0.717647 0.717647
20 54 8 0.717647 0.717647 0.717647
20 54 7 0.717647 0.717647 0.717647
21 54 8 0.717647 0.717647 0.717647
21 54 7 0.717647 0.717647 0.717647
22 54 8 0.717647 0.717647 0.717647
22 54 7 0.717647 0.717647 0.717647
23 54 8 0.717647 0.717647 0.717647
23 54 7 0.717647 0.717647 0.717647
24 54 8 0.717647 0.717647 0.717647
24 54 7 0.717647 0.717647 0.717647
25 54 8 0.717647 0.717647 0.717647
25 54 7 0.717647 0.717647 0.717647
26 54 8 0.717647 0.717647 0.717647
26 54 7 0.717647 0.717647 0.717647
27 54 8 0.717647 0.717647 0.717647
27 54 7 0.717647 0.717647 0.717647
28 54 8 0.717647 0.717647 0.717647
28 54 7 0.717647 0.717647 0.717647
29 54 8 0.717647 0.717647 0.717647
29 54 7 0.717647 0.717647 0.717647
30 54 8 0.717647 0.717647 0.717647
30 54 7 0.717647 0.717647 0.717647
31 54 8 0.717647 0.717647 0.717647
31 54 7 0.717647 0.717647 0.717647
32 54 8 0.717647 0.717647 0.717647
32 54 7 0.717647 0.717647 0.717647
17 55 8 0.717647 0.717647 0.717647
17 55 7 0.717647 0.717647 0.717647
18 55 8 0.717647 0.717647 0.717647
18 55 7 0.717647 0.717647 0.717647
19 55 8 0.717647 0.717647 0.717647
19 55 7 0.717647 0.717647 0.717647
20 55 8 0.717647 0.717647 0.717647
20 55 7 0.717647 0.717647 0.717647
21 55 8 0.717647 0.717647 0.717647
21 55 7 0.717647 0.717647 0.717647
22 55 8 0.717647 0.717647 0.717647
22 55 7 0.717647 0.717647 0.717647
23 55 8 0.717647 0.717647 0.717647
23 55 7 0.717647 0.717647 0.717647
24 55 8 0.717647 0.717647 0.717647
24 55 7 0.717647 0.717647 0.717647
25 55 8 0.717647 0.717647 0.717647
25 55 7 0.717647 0.717647 0.717647
26 55 8 0.717647 0.717647 0.717647
26 55 7 0.717647 0.717647 0.717647
27 55 8 0.717647 0.717647 0.717647
27 55 7 0.717647 0.717647 0.717647
28 55 8 0.717647 0.717647 0.717647
28 55 7 0.717647 0.717647 0.717647
29 55 8 0.717647 0.717647 0.717647
29 55 7 0.717647 0.717647 0.717647
30 55 8 0.717647 0.717647 0.717647
30 55 7 0.717647 0.717647 0.717647
31 55 8 0.717647 0.717647 0.717647
31 55 7 0.717647 0.717647 0.717647
32 55 8 0.717647 0.717647 0.717647
32 55 7 0.717647 0.717647 0.717647
17 56 8 0.717647 0.717647 0.717647
17 56 7 0.717647 0.717647 0.717647
18 56 8 0.717647 0.717647 0.717647
18 56 7 0.717647 0.717647 0.717647
19 56 8 0.717647 0.717647 0.717647
19 56 7 0.717647 0.717647 0.717647
20 56 8 0.717647 0.717647 0.717647
20 56 7 0.717647 0.717647 0.717647
21 56 8 0.717647 0.717647 0.717647
21 56 7 0.717647 0.717647 0.717647
22 56 8 0.717647 0.717647 0.717647
22 56 7 0.717647 0.717647 0.717647
23 56 8 0.717647 0.717647 0.717647
23 56 7 0.717647 0.717647 0.717647
24 56 8 0.717647 0.717647 0.717647
24 56 7 0.717647 0.717647 0.717647
25 56 8 0.717647 0.717647 0.717647
25 56 7 0.717647 0.717647 0.717647
26 56 8 0.717647 0.717647 0.717647
26 56 7 0.717647 0.717647 0.717647
27 56 8 0.717647 0.717647 0.717647
27 56 7 0.717647 0.717647 0.717647
28 56 8 0.717647 0.717647 0.717647
28 56 7 0.717647 0.717647 0.717647
29 56 8 0.717647 0.717647 0.717647
29 56 7 0.717647 0.717647 0.717647
30 56 8 0.717647 0.717647 0.717647
30 56 7 0.717647 0.717647 0.717647
31 56 8 0.717647 0.717647 0.717647
31 56 7 0.717647 0.717647 0.717647
32 56 8 0.717647 0.717647 0.717647
32 56 7 0.717647 0.717647 0.717647
17 57 8 0.717647 0.717647 0.717647
17 57 7 0.717647 0.717647 0.717647
18 57 8 0.717647 0.717647 0.717647
18 57 7 0.717647 0.717647 0.717647
19 57 8 0.717647 0.717647 0.717647
19 57 7 0.717647 0.717647 0.717647
20 57 8 0.717647 0.717647 0.717647
20 57 7 0.717647 0.717647 0.717647
21 57 8 0.717647 0.717647 0.717647
21 57 7 0.717647 0.717647 0.717647
22 57 8 0.717647 0.717647 0.717647
22 57 7 0.717647 0.717647 0.717647
23 57 8 0.717647 0.717647 0.717647
23 57 7 0.717647 0.717647 0.717647
24 57 8 0.717647 0.717647 0.717647
24 57 7 0.717647 0.717647 0.717647
25 57 8 0.717647 0.717647 0.717647
25 57 7 0.717647 0.717647 0.717647
26 57 8 0.717647 0.717647 0.717647
26 57 7 0.717647 0.717647 0.717647
27 57 8 0.717647 0.717647 0.717647
27 57 7 0.717647 0.717647 0.717647
28 57 8 0.717647 0.717647 0.717647
28 57 7 0.717647 0.717647 0.717647
29 57 8 0.717647 0.717647 0.717647
29 57 7 0.717647 0.717647 0.717647
30 57 8 0.717647 0.717647 0.717647
30 57 7 0.717647 0.717647 0.717647
31 57 8 0.717647 0.717647 0.717647
31 57 7 0.717647 0.717647 0.717647
32 57 8 0.717647 0.717647 0.717647
32 57 7 0.717647 0.717647 0.717647
17 56 6 0.717647 0.717647 0.717647
17 57 6 0.717647 0.717647 0.717647
18 56 6 0.717647 0.717647 0.717647
18 57 6 0.717647 0.717647 0.717647
19 56 6 0.717647 0.717647 0.717647
19 57 6 0.717647 0.717647 0.717647
20 56 6 0.717647 0.717647 0.717647
20 57 6 0.717647 0.717647 0.717647
21 56 6 0.717647 0.717647 0.717647
21 57 6 0.717647 0.717647 0.717647
22 56 6 0.717647 0.717647 0.717647
22 57 6 0.717647 0.717647 0.717647
23 56 6 0.717647 0.717647 0.717647
23 57 6 0.717647 0.717647 0.717647
24 56 6 0.717647 0.717647 0.717647
24 57 6 0.717647 0.717647 0.717647
25 56 6 0.717647 0.717647 0.717647
25 57 6 0.717647 0.717647 0.717647
26 56 6 0.717647 0.717647 0.717647
26 57 6 0.717647 0.717647 0.717647
27 56 6 0.717647 0.717647 0.717647
27 57 6 0.717647 0.717647 0.717647
28 56 6 0.717647 0.717647 0.717647
28 57 6 0.717647 0.717647 0.717647
29 56 6 0.717647 0.717647 0.717647
29 57 6 0.717647 0.717647 0.717647
30 56 6 0.717647 0.717647 0.717647
30 57 6 0.717647 0.717647 0.717647
31 56 6 0.717647 0.717647 0.717647
31 57 6 0.717647 0.717647 0.717647
32 56 6 0.717647 0.717647 0.717647
32 57 6 0.717647 0.717647 0.717647
17 56 5 0.717647 0.717647 0.717647
17 57 5 0.717647 0.717647 0.717647
18 56 5 0.717647 0.717647 0.717647
18 57 5 0.717647 0.717647 0.717647
19 56 5 0.717647 0.717647 0.717647
19 57 5 0.717647 0.717647 0.717647
20 56 5 0.717647 0.717647 0.717647
20 57 5 0.717647 0.717647 0.717647
21 56 5 0.717647 0.717647 0.717647
21 57 5 0.717647 0.717647 0.717647
22 56 5 0.717647 0.717647 0.717647
22 57 5 0.717647 0.717647 0.717647
23 56 5 0.717647 0.717647 0.717647
23 57 5 0.717647 0.717647 0.717647
24 56 5 0.717647 0.717647 0.717647
24 57 5 0.717647 0.717647 0.717647
25 56 5 0.717647 0.717647 0.717647
25 57 5 0.717647 0.717647 0.717647
26 56 5 0.717647 0.717647 0.717647
26 57 5 0.717647 0.717647 0.717647
27 56 5 0.717647 0.717647 0.717647
27 57 5 0.717647 0.717647 0.717647
28 56 5 0.717647 0.717647 0.717647
28 57 5 0.717647 0.717647 0.717647
29 56 5 0.717647 0.717647 0.717647
29 57 5 0.717647 0.717647 0.717647
30 56 5 0.717647 0.717647 0.717647
30 57 5 0.717647 0.717647 0.717647
31 56 5 0.717647 0.717647 0.717647
31 57 5 0.717647 0.717647 0.717647
32 56 5 0.717647 0.717647 0.717647
32 57 5 0.717647 0.717647 0.717647
17 56 4 0.717647 0.717647 0.717647
17 57 4 0.717647 0.717647 0.717647
18 56 4 0.717647 0.717647 0.717647
18 57 4 0.717647 0.717647 0.717647
19 56 4 0.717647 0.717647 0.717647
19 57 4 0.717647 0.717647 0.717647
20 56 4 0.717647 0.717647 0.717647
20 57 4 0.717647 0.717647 0.717647
21 56 4 0.717647 0.717647 0.717647
21 57 4 0.717647 0.717647 0.717647
22 56 4 0.717647 0.717647 0.717647
22 57 4 0.717647 0.717647 0.717647
23 56 4 0.717647 0.717647 0.717647
23 57 4 0.717647 0.717647 0.717647
24 56 4 0.717647 0.717647 0.717647
24 57 4 0.717647 0.717647 0.717647
25 56 4 0.717647 0.717647 0.717647
25 57 4 0.717647 0.717647 0.717647
26 56 4 0.717647 0.717647 0.717647
26 57 4 0.717647 0.717647 0.717647
27 56 4 0.717647 0.717647 0.717647
27 57 4 0.717647 0.717647 0.717647
28 56 4 0.717647 0.717647 0.717647
28 57 4 0.717647 0.717647 0.717647
29 56 4 0.717647 0.717647 0.717647
29 57 4 0.717647 0.717647 0.717647
30 56 4 0.717647 0.717647 0.717647
30 57 4 0.717647 0.717647 0.717647
31 56 4 0.717647 0.717647 0.717647
31 57 4 0.717647 0.717647 0.717647
32 56 4 0.717647 0.717647 0.717647
32 57 4 0.717647 0.717647 0.717647
17 56 3 0.717647 0.717647 0.717647
17 57 3 0.717647 0.717647 0.717647
18 56 3 0.717647 0.717647 0.717647
18 57 3 0.717647 0.717647 0.717647
19 56 3 0.717647 0.717647 0.717647
19 57 3 0.717647 0.717647 0.717647
20 56 3 0.717647 0.717647 0.717647
20 57 3 0.717647 0.717647 0.717647
21 56 3 0.717647 0.717647 0.717647
21 57 3 0.717647 0.717647 0.717647
22 56 3 0.717647 0.717647 0.717647
22 57 3 0.717647 0.717647 0.717647
23 56 3 0.717647 0.717647 0.717647
23 57 3 0.717647 0.717647 0.717647
24 56 3 0.717647 0.717647 0.717647
24 57 3 0.717647 0.717647 0.717647
25 56 3 0.717647 0.717647 0.717647
25 57 3 0.717647 0.717647 0.717647
26 56 3 0.717647 0.717647 0.717647
26 57 3 0.717647 0.717647 0.717647
27 56 3 0.717647 0.717647 0.717647
27 57 3 0.717647 0.717647 0.717647
28 56 3 0.717647 0.717647 0.717647
28 57 3 0.717647 0.717647 0.717647
29 56 3 0.717647 0.717647 0.717647
29 57 3 0.717647 0.717647 0.717647
30 56 3 0.717647 0.717647 0.717647
30 57 3 0.717647 0.717647 0.717647
31 56 3 0.717647 0.717647 0.717647
31 57 3 0.717647 0.717647 0.717647
32 56 3 0.717647 0.717647 0.717647
32 57 3 0.717647 0.717647 0.717647
17 56 2 0.717647 0.717647 0.717647
17 57 2 0.717647 0.717647 0.717647
18 56 2 0.717647 0.717647 0.717647
18 57 2 0.717647 0.717647 0.717647
19 56 2 0.717647 0.717647 0.717647
19 57 2 0.717647 0.717647 0.717647
20 56 2 0.717647 0.717647 0.717647
20 57 2 0.717647 0.717647 0.717647
21 56 2 0.717647 0.717647 0.717647
21 57 2 0.717647 0.717647 0.717647
22 56 2 0.717647 0.717647 0.717647
22 57 2 0.717647 0.717647 0.717647
23 56 2 0.717647 0.717647 0.717647
23 57 2 0.717647 0.717647 0.717647
24 56 2 0.717647 0.717647 0.717647
24 57 2 0.717647 0.717647 0.717647
25 56 2 0.717647 0.717647 0.717647
25 57 2 0.717647 0.717647 0.717647
26 56 2 0.717647 0.717647 0.717647
26 57 2 0.717647 0.717647 0.717647
27 56 2 0.717647 0.717647 0.717647
27 57 2 0.717647 0.717647 0.717647
28 56 2 0.717647 0.717647 0.717647
28 57 2 0.717647 0.717647 0.717647
29 56 2 0.717647 0.717647 0.717647
29 57 2 0.717647 0.717647 0.717647
30 56 2 0.717647 0.717647 0.717647
30 57 2 0.717647 0.717647 0.717647
31 56 2 0.717647 0.717647 0.717647
31 57 2 0.717647 0.717647 0.717647
32 56 2 0.717647 0.717647 0.717647
32 57 2 0.717647 0.717647 0.717647
17 56 1 0.717647 0.717647 0.717647
17 57 1 0.717647 0.717647 0.717647
18 56 1 0.717647 0.717647 0.717647
18 57 1 0.717647 0.717647 0.717647
19 56 1 0.717647 0.717647 0.717647
19 57 1 0.717647 0.717647 0.717647
20 56 1 0.717647 0.717647 0.717647
20 57 1 0.717647 0.717647 0.717647
21 56 1 0.717647 0.717647 0.717647
21 57 1 0.717647 0.717647 0.717647
22 56 1 0.717647 0.717647 0.717647
22 57 1 0.717647 0.717647 0.717647
23 56 1 0.717647 0.717647 0.717647
23 57 1 0.717647 0.717647 0.717647
24 56 1 0.717647 0.717647 0.717647
24 57 1 0.717647 0.717647 0.717647
25 56 1 0.717647 0.717647 0.717647
25 57 1 0.717647 0.717647 0.717647
26 56 1 0.717647 0.717647 0.717647
26 57 1 0.717647 0.717647 0.717647
27 56 1 0.717647 0.717647 0.717647
27 57 1 0.717647 0.717647 0.717647
28 56 1 0.717647 0.717647 0.717647
28 57 1 0.717647 0.717647 0.717647
29 56 1 0.717647 0.717647 0.717647
29 57 1 0.717647 0.717647 0.717647
30 56 1 0.717647 0.717647 0.717647
30 57 1 0.717647 0.717647 0.717647
31 56 1 0.717647 0.717647 0.717647
31 57 1 0.717647 0.717647 0.717647
32 56 1 0.717647 0.717647 0.717647
32 57 1 0.717647 0.717647 0.717647
17 56 0 0.717647 0.717647 0.717647
17 57 0 0.717647 0.717647 0.717647
18 56 0 0.717647 0.717647 0.717647
18 57 0 0.717647 0.717647 0.717647
19 56 0 0.717647 0.717647 0.717647
19 57 0 0.717647 0.717647 0.717647
20 56 0 0.717647 0.717647 0.717647
20 57 0 0.717647 0.717647 0.717647
21 56 0 0.717647 0.717647 0.717647
21 57 0 0.717647 0.717647 0.717647
22 56 0 0.717647 0.717647 0.717647
22 57 0 0.717647 0.717647 0.717647
23 56 0 0.717647 0.717647 0.717647
23 57 0 0.717647 0.717647 0.717647
24 56 0 0.717647 0.717647 0.717647
24 57 0 0.717647 0.717647 0.717647
25 56 0 0.717647 0.717647 0.717647
25 57 0 0.717647 0.717647 0.717647
26 56 0 0.717647 0.717647 0.717647
26 57 0 0.717647 0.717647 0.717647
27 56 0 0.717647 0.717647 0.717647
27 57 0 0.717647 0.717647 0.717647
28 56 0 0.717647 0.717647 0.717647
28 57 0 0.717647 0.717647 0.717647
29 56 0 0.717647 0.717647 0.717647
29 57 0 0.717647 0.717647 0.717647
30 56 0 0.717647 0.717647 0.717647
30 57 0 0.717647 0.717647 0.717647
31 56 0 0.717647 0.717647 0.717647
31 57 0 0.717647 0.717647 0.717647
32 56 0 0.717647 0.717647 0.717647
32 57 0 0.717647 0.717647 0.717647
33 50 8 0.717647 0.717647 0.717647
33 51 8 0.717647 0.717647 0.717647
33 50 7 0.717647 0.717647 0.717647
33 51 7 0.717647 0.717647 0.717647
34 50 8 0.717647 0.717647 0.717647
34 51 8 0.717647 0.717647 0.717647
34 50 7 0.717647 0.717647 0.717647
34 51 7 0.717647 0.717647 0.717647
35 50 8 0.717647 0.717647 0.717647
35 51 8 0.717647 0.717647 0.717647
35 50 7 0.717647 0.717647 0.717647
35 51 7 0.717647 0.717647 0.717647
36 50 8 0.717647 0.717647 0.717647
36 51 8 0.717647 0.717647 0.717647
36 50 7 0.717647 0.717647 0.717647
36 51 7 0.717647 0.717647 0.717647
37 50 8 0.717647 0.717647 0.717647
37 51 8 0.717647 0.717647 0.717647
37 50 7 0.717647 0.717647 0.717647
37 51 7 0.717647 0.717647 0.717647
38 50 8 0.717647 0.717647 0.717647
38 51 8 0.717647 0.717647 0.717647
38 50 7 0.717647 0.717647 0.717647
38 51 7 0.717647 0.717647 0.717647
39 50 8 0.717647 0.717647 0.717647
39 51 8 0.717647 0.717647 0.717647
39 50 7 0.717647 0.717647 0.717647
39 51 7 0.717647 0.717647 0.717647
40 50 8 0.717647 0.717647 0.717647
40 51 8 0.717647 0.717647 0.717647
40 50 7 0.717647 0.717647 0.717647
40 51 7 0.717647 0.717647 0.717647
41 50 8 0.717647 0.717647 0.717647
41 51 8 0.717647 0.717647 0.717647
41 50 7 0.717647 0.717647 0.717647
41 51 7 0.717647 0.717647 0.717647
42 50 8 0.717647 0.717647 0.717647
42 51 8 0.717647 0.717647 0.717647
42 50 7 0.717647 0.717647 0.717647
42 51 7 0.717647 0.717647 0.717647
33 52 8 0.717647 0.717647 0.717647
33 52 7 0.717647 0.717647 0.717647
34 52 8 0.717647 0.717647 0.717647
34 52 7 0.717647 0.717647 0.717647
35 52 8 0.717647 0.717647 0.717647
35 52 7 0.717647 0.717647 0.717647
36 52 8 0.717647 0.717647 0.717647
36 52 7 0.717647 0.717647 0.717647
37 52 8 0.717647 0.717647 0.717647
37 52 7 0.717647 0.717647 0.717647
38 52 8 0.717647 0.717647 0.717647
38 52 7 0.717647 0.717647 0.717647
39 52 8 0.717647 0.717647 0.717647
39 52 7 0.717647 0.717647 0.717647
40 52 8 0.717647 0.717647 0.717647
40 52 7 0.717647 0.717647 0.717647
41 52 8 0.717647 0.717647 0.717647
41 52 7 0.717647 0.717647 0.717647
42 52 8 0.717647 0.717647 0.717647
42 52 7 0.717647 0.717647 0.717647
33 53 8 0.717647 0.717647 0.717647
33 53 7 0.717647 0.717647 0.717647
34 53 8 0.717647 0.717647 0.717647
34 53 7 0.717647 0.717647 0.717647
35 53 8 0.717647 0.717647 0.717647
35 53 7 0.717647 0.717647 0.717647
36 53 8 0.717647 0.717647 0.717647
36 53 7 0.717647 0.717647 0.717647
37 53 8 0.717647 0.717647 0.717647
37 53 7 0.717647 0.717647 0.717647
38 53 8 0.717647 0.717647 0.717647
38 53 7 0.717647 0.717647 0.717647
39 53 8 0.717647 0.717647 0.717647
39 53 7 0.717647 0.717647 0.717647
40 53 8 0.717647 0.717647 0.717647
40 53 7 0.717647 0.717647 0.717647
41 53 8 0.717647 0.717647 0.717647
41 53 7 0.717647 0.717647 0.717647
42 53 8 0.717647 0.717647 0.717647
42 53 7 0.717647 0.717647 0.717647
33 54 8 0.717647 0.717647 0.717647
33 54 7 0.717647 0.717647 0.717647
34 54 8 0.717647 0.717647 0.717647
34 54 7 0.717647 0.717647 0.717647
35 54 8 0.717647 0.717647 0.717647
35 54 7 0.717647 0.717647 0.717647
36 54 8 0.717647 0.717647 0.717647
36 54 7 0.717647 0.717647 0.717647
37 54 8 0.717647 0.717647 0.717647
37 54 7 0.717647 0.717647 0.717647
38 54 8 0.717647 0.717647 0.717647
38 54 7 0.717647 0.717647 0.717647
39 54 8 0.717647 0.717647 0.717647
39 54 7 0.717647 0.717647 0.717647
40 54 8 0.717647 0.717647 0.717647
40 54 7 0.717647 0.717647 0.717647
41 54 8 0.717647 0.717647 0.717647
41 54 7 0.717647 0.717647 0.717647
42 54 8 0.717647 0.717647 0.717647
42 54 7 0.717647 0.717647 0.717647
33 55 8 0.717647 0.717647 0.717647
33 55 7 0.717647 0.717647 0.717647
34 55 8 0.717647 0.717647 0.717647
34 55 7 0.717647 0.717647 0.717647
35 55 8 0.717647 0.717647 0.717647
35 55 7 0.717647 0.717647 0.717647
36 55 8 0.717647 0.717647 0.717647
36 55 7 0.717647 0.717647 0.717647
37 55 8 0.717647 0.717647 0.717647
37 55 7 0.717647 0.717647 0.717647
38 55 8 0.717647 0.717647 0.717647
38 55 7 0.717647 0.717647 0.717647
39 55 8 0.717647 0.717647 0.717647
39 55 7 0.717647 0.717647 0.717647
40 55 8 0.717647 0.717647 0.717647
40 55 7 0.717647 0.717647 0.717647
41 55 8 0.717647 0.717647 0.717647
41 55 7 0.717647 0.717647 0.717647
42 55 8 0.717647 0.717647 0.717647
42 55 7 0.717647 0.717647 0.717647
33 56 8 0.717647 0.717647 0.717647
33 56 7 0.717647 0.717647 0.717647
34 56 8 0.717647 0.717647 0.717647
34 56 7 0.717647 0.717647 0.717647
35 56 8 0.717647 0.717647 0.717647
35 56 7 0.717647 0.717647 0.717647
36 56 8 0.717647 0.717647 0.717647
36 56 7 0.717647 0.717647 0.717647
37 56 8 0.717647 0.717647 0.717647
37 56 7 0.717647 0.717647 0.717647
38 56 8 0.717647 0.717647 0.717647
38 56 7 0.717647 0.717647 0.717647
39 56 8 0.717647 0.717647 0.717647
39 56 7 0.717647 0.717647 0.717647
40 56 8 0.717647 0.717647 0.717647
40 56 7 0.717647 0.717647 0.717647
41 56 8 0.717647 0.717647 0.717647
41 56 7 0.717647 0.717647 0.717647
42 56 8 0.717647 0.717647 0.717647
42 56 7 0.717647 0.717647 0.717647
33 57 8 0.717647 0.717647 0.717647
33 57 7 0.717647 0.717647 0.717647
34 57 8 0.717647 0.717647 0.717647
34 57 7 0.717647 0.717647 0.717647
35 57 8 0.717647 0.717647 0.717647
35 57 7 0.717647 0.717647 0.717647
36 57 8 0.717647 0.717647 0.717647
36 57 7 0.717647 0.717647 0.717647
37 57 8 0.717647 0.717647 0.717647
37 57 7 0.717647 0.717647 0.717647
38 57 8 0.717647 0.717647 0.717647
38 57 7 0.717647 0.717647 0.717647
39 57 8 0.717647 0.717647 0.717647
39 57 7 0.717647 0.717647 0.717647
40 57 8 0.717647 0.717647 0.717647
40 57 7 0.717647 0.717647 0.717647
41 57 8 0.717647 0.717647 0.717647
41 57 7 0.717647 0.717647 0.717647
42 57 8 0.717647 0.717647 0.717647
42 57 7 0.717647 0.717647 0.717647
33 56 6 0.717647 0.717647 0.717647
33 57 6 0.717647 0.717647 0.717647
34 56 6 0.717647 0.717647 0.717647
34 57 6 0.717647 0.717647 0.717647
35 56 6 0.717647 0.717647 0.717647
35 57 6 0.717647 0.717647 0.717647
36 56 6 0.717647 0.717647 0.717647
36 57 6 0.717647 0.717647 0.717647
37 56 6 0.717647 0.717647 0.717647
37 57 6 0.717647 0.717647 0.717647
38 56 6 0.717647 0.717647 0.717647
38 57 6 0.717647 0.717647 0.717647
39 56 6 0.717647 0.717647 0.717647
39 57 6 0.717647 0.717647 0.717647
40 56 6 0.717647 0.717647 0.717647
40 57 6 0.717647 0.717647 0.717647
41 56 6 0.717647 0.717647 0.717647
41 57 6 0.717647 0.717647 0.717647
42 56 6 0.717647 0.717647 0.717647
42 57 6 0.717647 0.717647 0.717647
33 56 5 0.717647 0.717647 0.717647
33 57 5 0.717647 0.717647 0.717647
34 56 5 0.717647 0.717647 0.717647
34 57 5 0.717647 0.717647 0.717647
35 56 5 0.717647 0.717647 0.717647
35 57 5 0.717647 0.717647 0.717647
36 56 5 0.717647 0.717647 0.717647
36 57 5 0.717647 0.717647 0.717647
37 56 5 0.717647 0.717647 0.717647
37 57 5 0.717647 0.717647 0.717647
38 56 5 0.717647 0.717647 0.717647
38 57 5 0.717647 0.717647 0.717647
39 56 5 0.717647 0.717647 0.717647
39 57 5 0.717647 0.717647 0.717647
40 56 5 0.717647 0.717647 0.717647
40 57 5 0.717647 0.717647 0.717647
41 56 5 0.717647 0.717647 0.717647
41 57 5 0.717647 0.717647 0.717647
42 56 5 0.717647 0.717647 0.717647
42 57 5 0.717647 0.717647 0.717647
33 56 4 0.717647 0.717647 0.717647
33 57 4 0.717647 0.717647 0.717647
34 56 4 0.717647 0.717647 0.717647
34 57 4 0.717647 0.717647 0.717647
35 56 4 0.717647 0.717647 0.717647
35 57 4 0.717647 0.717647 0.717647
36 56 4 0.717647 0.717647 0.717647
36 57 4 0.717647 0.717647 0.717647
37 56 4 0.717647 0.717647 0.717647
37 57 4 0.717647 0.717647 0.717647
38 56 4 0.717647 0.717647 0.717647
38 57 4 0.717647 0.717647 0.717647
39 56 4 0.717647 0.717647 0.717647
39 57 4 0.717647 0.717647 0.717647
40 56 4 0.717647 0.717647 0.717647
40 57 4 0.717647 0.717647 0.717647
41 56 4 0.717647 0.717647 0.717647
41 57 4 0.717647 0.717647 0.717647
42 56 4 0.717647 0.717647 0.717647
42 57 4 0.717647 0.717647 0.717647
33 56 3 0.717647 0.717647 0.717647
33 57 3 0.717647 0.717647 0.717647
34 56 3 0.717647 0.717647 0.717647
34 57 3 0.717647 0.717647 0.717647
35 56 3 0.717647 0.717647 0.717647
35 57 3 0.717647 0.717647 0.717647
36 56 3 0.717647 0.717647 0.717647
36 57 3 0.717647 0.717647 0.717647
37 56 3 0.717647 0.717647 0.717647
37 57 3 0.717647 0.717647 0.717647
38 56 3 0.717647 0.717647 0.717647
38 57 3 0.717647 0.717647 0.717647
39 56 3 0.717647 0.717647 0.717647
39 57 3 0.717647 0.717647 0.717647
40 56 3 0.717647 0.717647 0.717647
40 57 3 0.717647 0.717647 0.717647
41 56 3 0.717647 0.717647 0.717647
41 57 3 0.717647 0.717647 0.717647
42 56 3 0.717647 0.717647 0.717647
42 57 3 0.717647 0.717647 0.717647
33 56 2 0.717647 0.717647 0.717647
33 57 2 0.717647 0.717647 0.717647
34 56 2 0.717647 0.717647 0.717647
34 57 2 0.717647 0.717647 0.717647
35 56 2 0.717647 0.717647 0.717647
35 57 2 0.717647 0.717647 0.717647
36 56 2 0.717647 0.717647 0.717647
36 57 2 0.717647 0.717647 0.717647
37 56 2 0.717647 0.717647 0.717647
37 57 2 0.717647 0.717647 0.717647
38 56 2 0.717647 0.717647 0.717647
38 57 2 0.717647 0.717647 0.717647
39 56 2 0.717647 0.717647 0.717647
39 57 2 0.717647 0.717647 0.717647
40 56 2 0.717647 0.717647 0.717647
40 57 2 0.717647 0.717647 0.717647
41 56 2 0.717647 0.717647 0.717647
41 57 2 0.717647 0.717647 0.717647
42 56 2 0.717647 0.717647 0.717647
42 57 2 0.717647 0.717647 0.717647
33 56 1 0.717647 0.717647 0.717647
33 57 1 0.717647 0.717647 0.717647
34 56 1 0.717647 0.717647 0.717647
34 57 1 0.717647 0.717647 0.717647
35 56 1 0.717647 0.717647 0.717647
35 57 1 0.717647 0.717647 0.717647
36 56 1 0.717647 0.717647 0.717647
36 57 1 0.717647 0.717647 0.717647
37 56 1 0.717647 0.717647 0.717647
37 57 1 0.717647 0.717647 0.717647
38 56 1 0.717647 0.717647 0.717647
38 57 1 0.717647 0.717647 0.717647
39 56 1 0.717647 0.717647 0.717647
39 57 1 0.717647 0.717647 0.717647
40 56 1 0.717647 0.717647 0.717647
40 57 1 0.717647 0.717647 0.717647
41 56 1 0.717647 0.717647 0.717647
41 57 1 0.717647 0.717647 0.717647
42 56 1 0.717647 0.717647 0.717647
42 57 1 0.717647 0.717647 0.717647
33 56 0 0.717647 0.717647 0.717647
33 57 0 0.717647 0.717647 0.717647
34 56 0 0.717647 0.717647 0.717647
34 57 0 0.717647 0.717647 0.717647
35 56 0 0.717647 0.717647 0.717647
35 57 0 0.717647 0.717647 0.717647
36 56 0 0.717647 0.717647 0.717647
36 57 0 0.717647 0.717647 0.717647
37 56 0 0.717647 0.717647 0.717647
37 57 0 0.717647 0.717647 0.717647
38 56 0 0.717647 0.717647 0.717647
38 57 0 0.717647 0.717647 0.717647
39 56 0 0.717647 0.717647 0.717647
39 57 0 0.717647 0.717647 0.717647
40 56 0 0.717647 0.717647 0.717647
40 57 0 0.717647 0.717647 0.717647
41 56 0 0.717647 0.717647 0.717647
41 57 0 0.717647 0.717647 0.717647
42 56 0 0.717647 0.717647 0.717647
42 57 0 0.717647 0.717647 0.717647
5 50 -2 0.717647 0.717647 0.717647
6 50 -2 0.717647 0.717647 0.717647
6 51 -2 0.717647 0.717647 0.717647
5 51 -2 0.717647 0.717647 0.717647
6 50 -3 0.717647 0.717647 0.717647
5 50 -3 0.717647 0.717647 0.717647
5 51 -3 0.717647 0.717647 0.717647
6 51 -3 0.717647 0.717647 0.717647
7 50 -2 0.717647 0.717647 0.717647
7 51 -2 0.717647 0.717647 0.717647
7 50 -3 0.717647 0.717647 0.717647
7 51 -3 0.717647 0.717647 0.717647
8 50 -2 0.717647 0.717647 0.717647
8 51 -2 0.717647 0.717647 0.717647
8 50 -3 0.717647 0.717647 0.717647
8 51 -3 0.717647 0.717647 0.717647
9 50 -2 0.717647 0.717647 0.717647
9 51 -2 0.717647 0.717647 0.717647
9 50 -3 0.717647 0.717647 0.717647
9 51 -3 0.717647 0.717647 0.717647
10 50 -2 0.717647 0.717647 0.717647
10 51 -2 0.717647 0.717647 0.717647
10 50 -3 0.717647 0.717647 0.717647
10 51 -3 0.717647 0.717647 0.717647
11 50 -2 0.717647 0.717647 0.717647
11 51 -2 0.717647 0.717647 0.717647
11 50 -3 0.717647 0.717647 0.717647
11 51 -3 0.717647 0.717647 0.717647
12 50 -2 0.717647 0.717647 0.717647
12 51 -2 0.717647 0.717647 0.717647
12 50 -3 0.717647 0.717647 0.717647
12 51 -3 0.717647 0.717647 0.717647
13 50 -2 0.717647 0.717647 0.717647
13 51 -2 0.717647 0.717647 0.717647
13 50 -3 0.717647 0.717647 0.717647
13 51 -3 0.717647 0.717647 0.717647
14 50 -2 0.717647 0.717647 0.717647
14 51 -2 0.717647 0.717647 0.717647
14 50 -3 0.717647 0.717647 0.717647
14 51 -3 0.717647 0.717647 0.717647
15 50 -2 0.717647 0.717647 0.717647
15 51 -2 0.717647 0.717647 0.717647
15 50 -3 0.717647 0.717647 0.717647
15 51 -3 0.717647 0.717647 0.717647
16 50 -2 0.717647 0.717647 0.717647
16 51 -2 0.717647 0.717647 0.717647
16 50 -3 0.717647 0.717647 0.717647
16 51 -3 0.717647 0.717647 0.717647
6 52 -2 0.717647 0.717647 0.717647
5 52 -2 0.717647 0.717647 0.717647
5 52 -3 0.717647 0.717647 0.717647
6 52 -3 0.717647 0.717647 0.717647
7 52 -2 0.717647 0.717647 0.717647
7 52 -3 0.717647 0.717647 0.717647
8 52 -2 0.717647 0.717647 0.717647
8 52 -3 0.717647 0.717647 0.717647
9 52 -2 0.717647 0.717647 0.717647
9 52 -3 0.717647 0.717647 0.717647
10 52 -2 0.717647 0.717647 0.717647
10 52 -3 0.717647 0.717647 0.717647
11 52 -2 0.717647 0.717647 0.717647
11 52 -3 0.717647 0.717647 0.717647
12 52 -2 0.717647 0.717647 0.717647
12 52 -3 0.717647 0.717647 0.717647
13 52 -2 0.717647 0.717647 0.717647
13 52 -3 0.717647 0.717647 0.717647
14 52 -2 0.717647 0.717647 0.717647
14 52 -3 0.717647 0.717647 0.717647
15 52 -2 0.717647 0.717647 0.717647
15 52 -3 0.717647 0.717647 0.717647
16 52 -2 0.717647 0.717647 0.717647
16 52 -3 0.717647 0.717647 0.717647
6 53 -2 0.717647 0.717647 0.717647
5 53 -2 0.717647 0.717647 0.717647
5 53 -3 0.717647 0.717647 0.717647
6 53 -3 0.717647 0.717647 0.717647
7 53 -2 0.717647 0.717647 0.717647
7 53 -3 0.717647 0.717647 0.717647
8 53 -2 0.717647 0.717647 0.717647
8 53 -3 0.717647 0.717647 0.717647
9 53 -2 0.717647 0.717647 0.717647
9 53 -3 0.717647 0.717647 0.717647
10 53 -2 0.717647 0.717647 0.717647
10 53 -3 0.717647 0.717647 0.717647
11 53 -2 0.717647 0.717647 0.717647
11 53 -3 0.717647 0.717647 0.717647
12 53 -2 0.717647 0.717647 0.717647
12 53 -3 0.717647 0.717647 0.717647
13 53 -2 0.717647 0.717647 0.717647
13 53 -3 0.717647 0.717647 0.717647
14 53 -2 0.717647 0.717647 0.717647
14 53 -3 0.717647 0.717647 0.717647
15 53 -2 0.717647 0.717647 0.717647
15 53 -3 0.717647 0.717647 0.717647
16 53 -2 0.717647 0.717647 0.717647
16 53 -3 0.717647 0.717647 0.717647
6 54 -2 0.717647 0.717647 0.717647
5 54 -2 0.717647 0.717647 0.717647
5 54 -3 0.717647 0.717647 0.717647
6 54 -3 0.717647 0.717647 0.717647
7 54 -2 0.717647 0.717647 0.717647
7 54 -3 0.717647 0.717647 0.717647
8 54 -2 0.717647 0.717647 0.717647
8 54 -3 0.717647 0.717647 0.717647
9 54 -2 0.717647 0.717647 0.717647
9 54 -3 0.717647 0.717647 0.717647
10 54 -2 0.717647 0.717647 0.717647
10 54 -3 0.717647 0.717647 0.717647
11 54 -2 0.717647 0.717647 0.717647
11 54 -3 0.717647 0.717647 0.717647
12 54 -2 0.717647 0.717647 0.717647
12 54 -3 0.717647 0.717647 0.717647
13 54 -2 0.717647 0.717647 0.717647
13 54 -3 0.717647 0.717647 0.717647
14 54 -2 0.717647 0.717647 0.717647
14 54 -3 0.717647 0.717647 0.717647
15 54 -2 0.717647 0.717647 0.717647
15 54 -3 0.717647 0.717647 0.717647
16 54 -2 0.717647 0.717647 0.717647
16 54 -3 0.717647 0.717647 0.717647
6 55 -2 0.717647 0.717647 0.717647
5 55 -2 0.717647 0.717647 0.717647
5 55 -3 0.717647 0.717647 0.717647
6 55 -3 0.717647 0.717647 0.717647
7 55 -2 0.717647 0.717647 0.717647
7 55 -3 0.717647 0.717647 0.717647
8 55 -2 0.717647 0.717647 0.717647
8 55 -3 0.717647 0.717647 0.717647
9 55 -2 0.717647 0.717647 0.717647
9 55 -3 0.717647 0.717647 0.717647
10 55 -2 0.717647 0.717647 0.717647
10 55 -3 0.717647 0.717647 0.717647
11 55 -2 0.717647 0.717647 0.717647
11 55 -3 0.717647 0.717647 0.717647
12 55 -2 0.717647 0.717647 0.717647
12 55 -3 0.717647 0.717647 0.717647
13 55 -2 0.717647 0.717647 0.717647
13 55 -3 0.717647 0.717647 0.717647
14 55 -2 0.717647 0.717647 0.717647
14 55 -3 0.717647 0.717647 0.717647
15 55 -2 0.717647 0.717647 0.717647
15 55 -3 0.717647 0.717647 0.717647
16 55 -2 0.717647 0.717647 0.717647
16 55 -3 0.717647 0.717647 0.717647
6 56 -2 0.717647 0.717647 0.717647
5 56 -2 0.717647 0.717647 0.717647
5 56 -3 0.717647 0.717647 0.717647
6 56 -3 0.717647 0.717647 0.717647
7 56 -2 0.717647 0.717647 0.717647
7 56 -3 0.717647 0.717647 0.717647
8 56 -2 0.717647 0.717647 0.717647
8 56 -3 0.717647 0.717647 0.717647
9 56 -2 0.717647 0.717647 0.717647
9 56 -3 0.717647 0.717647 0.717647
10 56 -2 0.717647 0.717647 0.717647
10 56 -3 0.717647 0.717647 0.717647
11 56 -2 0.717647 0.717647 0.717647
11 56 -3 0.717647 0.717647 0.717647
12 56 -2 0.717647 0.717647 0.717647
12 56 -3 0.717647 0.717647 0.717647
13 56 -2 0.717647 0.717647 0.717647
13 56 -3 0.717647 0.717647 0.717647
14 56 -2 0.717647 0.717647 0.717647
14 56 -3 0.717647 0.717647 0.717647
15 56 -2 0.717647 0.717647 0.717647
15 56 -3 0.717647 0.717647 0.717647
16 56 -2 0.717647 0.717647 0.717647
16 56 -3 0.717647 0.717647 0.717647
5 56 -1 0.717647 0.717647 0.717647
6 56 -1 0.717647 0.717647 0.717647
6 57 -1 0.717647 0.717647 0.717647
5 57 -1 0.717647 0.717647 0.717647
7 56 -1 0.717647 0.717647 0.717647
7 57 -1 0.717647 0.717647 0.717647
8 56 -1 0.717647 0.717647 0.717647
8 57 -1 0.717647 0.717647 0.717647
9 56 -1 0.717647 0.717647 0.717647
9 57 -1 0.717647 0.717647 0.717647
10 56 -1 0.717647 0.717647 0.717647
10 57 -1 0.717647 0.717647 0.717647
11 56 -1 0.717647 0.717647 0.717647
11 57 -1 0.717647 0.717647 0.717647
12 56 -1 0.717647 0.717647 0.717647
12 57 -1 0.717647 0.717647 0.717647
13 56 -1 0.717647 0.717647 0.717647
13 57 -1 0.717647 0.717647 0.717647
14 56 -1 0.717647 0.717647 0.717647
14 57 -1 0.717647 0.717647 0.717647
15 56 -1 0.717647 0.717647 0.717647
15 57 -1 0.717647 0.717647 0.717647
16 56 -1 0.717647 0.717647 0.717647
16 57 -1 0.717647 0.717647 0.717647
6 57 -2 0.717647 0.717647 0.717647
5 57 -2 0.717647 0.717647 0.717647
7 57 -2 0.717647 0.717647 0.717647
8 57 -2 0.717647 0.717647 0.717647
9 57 -2 0.717647 0.717647 0.717647
10 57 -2 0.717647 0.717647 0.717647
11 57 -2 0.717647 0.717647 0.717647
12 57 -2 0.717647 0.717647 0.717647
13 57 -2 0.717647 0.717647 0.717647
14 57 -2 0.717647 0.717647 0.717647
15 57 -2 0.717647 0.717647 0.717647
16 57 -2 0.717647 0.717647 0.717647
5 57 -3 0.717647 0.717647 0.717647
6 57 -3 0.717647 0.717647 0.717647
7 57 -3 0.717647 0.717647 0.717647
8 57 -3 0.717647 0.717647 0.717647
9 57 -3 0.717647 0.717647 0.717647
10 57 -3 0.717647 0.717647 0.717647
11 57 -3 0.717647 0.717647 0.717647
12 57 -3 0.717647 0.717647 0.717647
13 57 -3 0.717647 0.717647 0.717647
14 57 -3 0.717647 0.717647 0.717647
15 57 -3 0.717647 0.717647 0.717647
16 57 -3 0.717647 0.717647 0.717647
17 50 -2 0.717647 0.717647 0.717647
17 51 -2 0.717647 0.717647 0.717647
17 50 -3 0.717647 0.717647 0.717647
17 51 -3 0.717647 0.717647 0.717647
18 50 -2 0.717647 0.717647 0.717647
18 51 -2 0.717647 0.717647 0.717647
18 50 -3 0.717647 0.717647 0.717647
18 51 -3 0.717647 0.717647 0.717647
19 50 -2 0.717647 0.717647 0.717647
19 51 -2 0.717647 0.717647 0.717647
19 50 -3 0.717647 0.717647 0.717647
19 51 -3 0.717647 0.717647 0.717647
20 50 -2 0.717647 0.717647 0.717647
20 51 -2 0.717647 0.717647 0.717647
20 50 -3 0.717647 0.717647 0.717647
20 51 -3 0.717647 0.717647 0.717647
21 50 -2 0.717647 0.717647 0.717647
21 51 -2 0.717647 0.717647 0.717647
21 50 -3 0.717647 0.717647 0.717647
21 51 -3 0.717647 0.717647 0.717647
22 50 -2 0.717647 0.717647 0.717647
22 51 -2 0.717647 0.717647 0.717647
22 50 -3 0.717647 0.717647 0.717647
22 51 -3 0.717647 0.717647 0.717647
23 50 -2 0.717647 0.717647 0.717647
23 51 -2 0.717647 0.717647 0.717647
23 50 -3 0.717647 0.717647 0.717647
23 51 -3 0.717647 0.717647 0.717647
24 50 -2 0.717647 0.717647 0.717647
24 51 -2 0.717647 0.717647 0.717647
24 50 -3 0.717647 0.717647 0.717647
24 51 -3 0.717647 0.717647 0.717647
25 50 -2 0.717647 0.717647 0.717647
25 51 -2 0.717647 0.717647 0.717647
25 50 -3 0.717647 0.717647 0.717647
25 51 -3 0.717647 0.717647 0.717647
26 50 -2 0.717647 0.717647 0.717647
26 51 -2 0.717647 0.717647 0.717647
26 50 -3 0.717647 0.717647 0.717647
26 51 -3 0.717647 0.717647 0.717647
27 50 -2 0.717647 0.717647 0.717647
27 51 -2 0.717647 0.717647 0.717647
27 50 -3 0.717647 0.717647 0.717647
27 51 -3 0.717647 0.717647 0.717647
28 50 -2 0.717647 0.717647 0.717647
28 51 -2 0.717647 0.717647 0.717647
28 50 -3 0.717647 0.717647 0.717647
28 51 -3 0.717647 0.717647 0.717647
29 50 -2 0.717647 0.717647 0.717647
29 51 -2 0.717647 0.717647 0.717647
29 50 -3 0.717647 0.717647 0.717647
29 51 -3 0.717647 0.717647 0.717647
30 50 -2 0.717647 0.717647 0.717647
30 51 -2 0.717647 0.717647 0.717647
30 50 -3 0.717647 0.717647 0.717647
30 51 -3 0.717647 0.717647 0.717647
31 50 -2 0.717647 0.717647 0.717647
31 51 -2 0.717647 0.717647 0.717647
31 50 -3 0.717647 0.717647 0.717647
31 51 -3 0.717647 0.717647 0.717647
32 50 -2 0.717647 0.717647 0.717647
32 51 -2 0.717647 0.717647 0.717647
32 50 -3 0.717647 0.717647 0.717647
32 51 -3 0.717647 0.717647 0.717647
17 52 -2 0.717647 0.717647 0.717647
17 52 -3 0.717647 0.717647 0.717647
18 52 -2 0.717647 0.717647 0.717647
18 52 -3 0.717647 0.717647 0.717647
19 52 -2 0.717647 0.717647 0.717647
19 52 -3 0.717647 0.717647 0.717647
20 52 -2 0.717647 0.717647 0.717647
20 52 -3 0.717647 0.717647 0.717647
21 52 -2 0.717647 0.717647 0.717647
21 52 -3 0.717647 0.717647 0.717647
22 52 -2 0.717647 0.717647 0.717647
22 52 -3 0.717647 0.717647 0.717647
23 52 -2 0.717647 0.717647 0.717647
23 52 -3 0.717647 0.717647 0.717647
24 52 -2 0.717647 0.717647 0.717647
24 52 -3 0.717647 0.717647 0.717647
25 52 -2 0.717647 0.717647 0.717647
25 52 -3 0.717647 0.717647 0.717647
26 52 -2 0.717647 0.717647 0.717647
26 52 -3 0.717647 0.717647 0.717647
27 52 -2 0.717647 0.717647 0.717647
27 52 -3 0.717647 0.717647 0.717647
28 52 -2 0.717647 0.717647 0.717647
28 52 -3 0.717647 0.717647 0.717647
29 52 -2 0.717647 0.717647 0.717647
29 52 -3 0.717647 0.717647 0.717647
30 52 -2 0.717647 0.717647 0.717647
30 52 -3 0.717647 0.717647 0.717647
31 52 -2 0.717647 0.717647 0.717647
31 52 -3 0.717647 0.717647 0.717647
32 52 -2 0.717647 0.717647 0.717647
32 52 -3 0.717647 0.717647 0.717647
17 53 -2 0.717647 0.717647 0.717647
17 53 -3 0.717647 0.717647 0.717647
18 53 -2 0.717647 0.717647 0.717647
18 53 -3 0.717647 0.717647 0.717647
19 53 -2 0.717647 0.717647 0.717647
19 53 -3 0.717647 0.717647 0.717647
20 53 -2 0.717647 0.717647 0.717647
20 53 -3 0.717647 0.717647 0.717647
21 53 -2 0.717647 0.717647 0.717647
21 53 -3 0.717647 0.717647 0.717647
22 53 -2 0.717647 0.717647 0.717647
22 53 -3 0.717647 0.717647 0.717647
23 53 -2 0.717647 0.717647 0.717647
23 53 -3 0.717647 0.717647 0.717647
24 53 -2 0.717647 0.717647 0.717647
24 53 -3 0.717647 0.717647 0.717647
25 53 -2 0.717647 0.717647 0.717647
25 53 -3 0.717647 0.717647 0.717647
26 53 -2 0.717647 0.717647 0.717647
26 53 -3 0.717647 0.717647 0.717647
27 53 -2 0.717647 0.717647 0.717647
27 53 -3 0.717647 0.717647 0.717647
28 53 -2 0.717647 0.717647 0.717647
28 53 -3 0.717647 0.717647 0.717647
29 53 -2 0.717647 0.717647 0.717647
29 53 -3 0.717647 0.717647 0.717647
30 53 -2 0.717647 0.717647 0.717647
30 53 -3 0.717647 0.717647 0.717647
31 53 -2 0.717647 0.717647 0.717647
31 53 -3 0.717647 0.717647 0.717647
32 53 -2 0.717647 0.717647 0.717647
32 53 -3 0.717647 0.717647 0.717647
17 54 -2 0.717647 0.717647 0.717647
17 54 -3 0.717647 0.717647 0.717647
18 54 -2 0.717647 0.717647 0.717647
18 54 -3 0.717647 0.717647 0.717647
19 54 -2 0.717647 0.717647 0.717647
19 54 -3 0.717647 0.717647 0.717647
20 54 -2 0.717647 0.717647 0.717647
20 54 -3 0.717647 0.717647 0.717647
21 54 -2 0.717647 0.717647 0.717647
21 54 -3 0.717647 0.717647 0.717647
22 54 -2 0.717647 0.717647 0.717647
22 54 -3 0.717647 0.717647 0.717647
23 54 -2 0.717647 0.717647 0.717647
23 54 -3 0.717647 0.717647 0.717647
24 54 -2 0.717647 0.717647 0.717647
24 54 -3 0.717647 0.717647 0.717647
25 54 -2 0.717647 0.717647 0.717647
25 54 -3 0.717647 0.717647 0.717647
26 54 -2 0.717647 0.717647 0.717647
26 54 -3 0.717647 0.717647 0.717647
27 54 -2 0.717647 0.717647 0.717647
27 54 -3 0.717647 0.717647 0.717647
28 54 -2 0.717647 0.717647 0.717647
28 54 -3 0.717647 0.717647 0.717647
29 54 -2 0.717647 0.717647 0.717647
29 54 -3 0.717647 0.717647 0.717647
30 54 -2 0.717647 0.717647 0.717647
30 54 -3 0.717647 0.717647 0.717647
31 54 -2 0.717647 0.717647 0.717647
31 54 -3 0.717647 0.717647 0.717647
32 54 -2 0.717647 0.717647 0.717647
32 54 -3 0.717647 0.717647 0.717647
17 55 -2 0.717647 0.717647 0.717647
17 55 -3 0.717647 0.717647 0.717647
18 55 -2 0.717647 0.717647 0.717647
18 55 -3 0.717647 0.717647 0.717647
19 55 -2 0.717647 0.717647 0.717647
19 55 -3 0.717647 0.717647 0.717647
20 55 -2 0.717647 0.717647 0.717647
20 55 -3 0.717647 0.717647 0.717647
21 55 -2 0.717647 0.717647 0.717647
21 55 -3 0.717647 0.717647 0.717647
22 55 -2 0.717647 0.717647 0.717647
22 55 -3 0.717647 0.717647 0.717647
23 55 -2 0.717647 0.717647 0.717647
23 55 -3 0.717647 0.717647 0.717647
24 55 -2 0.717647 0.717647 0.717647
24 55 -3 0.717647 0.717647 0.717647
25 55 -2 0.717647 0.717647 0.717647
25 55 -3 0.717647 0.717647 0.717647
26 55 -2 0.717647 0.717647 0.717647
26 55 -3 0.717647 0.717647 0.717647
27 55 -2 0.717647 0.717647 0.717647
27 55 -3 0.717647 0.717647 0.717647
28 55 -2 0.717647 0.717647 0.717647
28 55 -3 0.717647 0.717647 0.717647
29 55 -2 0.717647 0.717647 0.717647
29 55 -3 0.717647 0.717647 0.717647
30 55 -2 0.717647 0.717647 0.717647
30 55 -3 0.717647 0.717647 0.717647
31 55 -2 0.717647 0.717647 0.717647
31 55 -3 0.717647 0.717647 0.717647
32 55 -2 0.717647 0.717647 0.717647
32 55 -3 0.717647 0.717647 0.717647
17 56 -2 0.717647 0.717647 0.717647
17 56 -3 0.717647 0.717647 0.717647
18 56 -2 0.717647 0.717647 0.717647
18 56 -3 0.717647 0.717647 0.717647
19 56 -2 0.717647 0.717647 0.717647
19 56 -3 0.717647 0.717647 0.717647
20 56 -2 0.717647 0.717647 0.717647
20 56 -3 0.717647 0.717647 0.717647
21 56 -2 0.717647 0.717647 0.717647
21 56 -3 0.717647 0.717647 0.717647
22 56 -2 0.717647 0.717647 0.717647
22 56 -3 0.717647 0.717647 0.717647
23 56 -2 0.717647 0.717647 0.717647
23 56 -3 0.717647 0.717647 0.717647
24 56 -2 0.717647 0.717647 0.717647
24 56 -3 0.717647 0.717647 0.717647
25 56 -2 0.717647 0.717647 0.717647
25 56 -3 0.717647 0.717647 0.717647
26 56 -2 0.717647 0.717647 0.717647
26 56 -3 0.717647 0.717647 0.717647
27 56 -2 0.717647 0.717647 0.717647
27 56 -3 0.717647 0.717647 0.717647
28 56 -2 0.717647 0.717647 0.717647
28 56 -3 0.717647 0.717647 0.717647
29 56 -2 0.717647 0.717647 0.717647
29 56 -3 0.717647 0.717647 0.717647
30 56 -2 0.717647 0.717647 0.717647
30 56 -3 0.717647 0.717647 0.717647
31 56 -2 0.717647 0.717647 0.717647
31 56 -3 0.717647 0.717647 0.717647
32 56 -2 0.717647 0.717647 0.717647
32 56 -3 0.717647 0.717647 0.717647
16 56 0 0.717647 0.717647 0.717647
17 56 -1 0.717647 0.717647 0.717647
17 57 -1 0.717647 0.717647 0.717647
16 57 0 0.717647 0.717647 0.717647
18 56 -1 0.717647 0.717647 0.717647
18 57 -1 0.717647 0.717647 0.717647
19 56 -1 0.717647 0.717647 0.717647
19 57 -1 0.717647 0.717647 0.717647
20 56 -1 0.717647 0.717647 0.717647
20 57 -1 0.717647 0.717647 0.717647
21 56 -1 0.717647 0.717647 0.717647
21 57 -1 0.717647 0.717647 0.717647
22 56 -1 0.717647 0.717647 0.717647
22 57 -1 0.717647 0.717647 0.717647
23 56 -1 0.717647 0.717647 0.717647
23 57 -1 0.717647 0.717647 0.717647
24 56 -1 0.717647 0.717647 0.717647
24 57 -1 0.717647 0.717647 0.717647
25 56 -1 0.717647 0.717647 0.717647
25 57 -1 0.717647 0.717647 0.717647
26 56 -1 0.717647 0.717647 0.717647
26 57 -1 0.717647 0.717647 0.717647
27 56 -1 0.717647 0.717647 0.717647
27 57 -1 0.717647 0.717647 0.717647
28 56 -1 0.717647 0.717647 0.717647
28 57 -1 0.717647 0.717647 0.717647
29 56 -1 0.717647 0.717647 0.717647
29 57 -1 0.717647 0.717647 0.717647
30 56 -1 0.717647 0.717647 0.717647
30 57 -1 0.717647 0.717647 0.717647
31 56 -1 0.717647 0.717647 0.717647
31 57 -1 0.717647 0.717647 0.717647
32 56 -1 0.717647 0.717647 0.717647
32 57 -1 0.717647 0.717647 0.717647
17 57 -2 0.717647 0.717647 0.717647
18 57 -2 0.717647 0.717647 0.717647
19 57 -2 0.717647 0.717647 0.717647
20 57 -2 0.717647 0.717647 0.717647
21 57 -2 0.717647 0.717647 0.717647
22 57 -2 0.717647 0.717647 0.717647
23 57 -2 0.717647 0.717647 0.717647
24 57 -2 0.717647 0.717647 0.717647
25 57 -2 0.717647 0.717647 0.717647
26 57 -2 0.717647 0.717647 0.717647
27 57 -2 0.717647 0.717647 0.717647
28 57 -2 0.717647 0.717647 0.717647
29 57 -2 0.717647 0.717647 0.717647
30 57 -2 0.717647 0.717647 0.717647
31 57 -2 0.717647 0.717647 0.717647
32 57 -2 0.717647 0.717647 0.717647
17 57 -3 0.717647 0.717647 0.717647
18 57 -3 0.717647 0.717647 0.717647
19 57 -3 0.717647 0.717647 0.717647
20 57 -3 0.717647 0.717647 0.717647
21 57 -3 0.717647 0.717647 0.717647
22 57 -3 0.717647 0.717647 0.717647
23 57 -3 0.717647 0.717647 0.717647
24 57 -3 0.717647 0.717647 0.717647
25 57 -3 0.717647 0.717647 0.717647
26 57 -3 0.717647 0.717647 0.717647
27 57 -3 0.717647 0.717647 0.717647
28 57 -3 0.717647 0.717647 0.717647
29 57 -3 0.717647 0.717647 0.717647
30 57 -3 0.717647 0.717647 0.717647
31 57 -3 0.717647 0.717647 0.717647
32 57 -3 0.717647 0.717647 0.717647
33 50 -2 0.717647 0.717647 0.717647
33 51 -2 0.717647 0.717647 0.717647
33 50 -3 0.717647 0.717647 0.717647
33 51 -3 0.717647 0.717647 0.717647
34 50 -2 0.717647 0.717647 0.717647
34 51 -2 0.717647 0.717647 0.717647
34 50 -3 0.717647 0.717647 0.717647
34 51 -3 0.717647 0.717647 0.717647
35 50 -2 0.717647 0.717647 0.717647
35 51 -2 0.717647 0.717647 0.717647
35 50 -3 0.717647 0.717647 0.717647
35 51 -3 0.717647 0.717647 0.717647
36 50 -2 0.717647 0.717647 0.717647
36 51 -2 0.717647 0.717647 0.717647
36 50 -3 0.717647 0.717647 0.717647
36 51 -3 0.717647 0.717647 0.717647
37 50 -2 0.717647 0.717647 0.717647
37 51 -2 0.717647 0.717647 0.717647
37 50 -3 0.717647 0.717647 0.717647
37 51 -3 0.717647 0.717647 0.717647
38 50 -2 0.717647 0.717647 0.717647
38 51 -2 0.717647 0.717647 0.717647
38 50 -3 0.717647 0.717647 0.717647
38 51 -3 0.717647 0.717647 0.717647
39 50 -2 0.717647 0.717647 0.717647
39 51 -2 0.717647 0.717647 0.717647
39 50 -3 0.717647 0.717647 0.717647
39 51 -3 0.717647 0.717647 0.717647
40 50 -2 0.717647 0.717647 0.717647
40 51 -2 0.717647 0.717647 0.717647
40 50 -3 0.717647 0.717647 0.717647
40 51 -3 0.717647 0.717647 0.717647
41 50 -2 0.717647 0.717647 0.717647
41 51 -2 0.717647 0.717647 0.717647
41 50 -3 0.717647 0.717647 0.717647
41 51 -3 0.717647 0.717647 0.717647
42 50 -2 0.717647 0.717647 0.717647
42 51 -2 0.717647 0.717647 0.717647
42 50 -3 0.717647 0.717647 0.717647
42 51 -3 0.717647 0.717647 0.717647
33 52 -2 0.717647 0.717647 0.717647
33 52 -3 0.717647 0.717647 0.717647
34 52 -2 0.717647 0.717647 0.717647
34 52 -3 0.717647 0.717647 0.717647
35 52 -2 0.717647 0.717647 0.717647
35 52 -3 0.717647 0.717647 0.717647
36 52 -2 0.717647 0.717647 0.717647
36 52 -3 0.717647 0.717647 0.717647
37 52 -2 0.717647 0.717647 0.717647
37 52 -3 0.717647 0.717647 0.717647
38 52 -2 0.717647 0.717647 0.717647
38 52 -3 0.717647 0.717647 0.717647
39 52 -2 0.717647 0.717647 0.717647
39 52 -3 0.717647 0.717647 0.717647
40 52 -2 0.717647 0.717647 0.717647
40 52 -3 0.717647 0.717647 0.717647
41 52 -2 0.717647 0.717647 0.717647
41 52 -3 0.717647 0.717647 0.717647
42 52 -2 0.717647 0.717647 0.717647
42 52 -3 0.717647 0.717647 0.717647
33 53 -2 0.717647 0.717647 0.717647
33 53 -3 0.717647 0.717647 0.717647
34 53 -2 0.717647 0.717647 0.717647
34 53 -3 0.717647 0.717647 0.717647
35 53 -2 0.717647 0.717647 0.717647
35 53 -3 0.717647 0.717647 0.717647
36 53 -2 0.717647 0.717647 0.717647
36 53 -3 0.717647 0.717647 0.717647
37 53 -2 0.717647 0.717647 0.717647
37 53 -3 0.717647 0.717647 0.717647
38 53 -2 0.717647 0.717647 0.717647
38 53 -3 0.717647 0.717647 0.717647
39 53 -2 0.717647 0.717647 0.717647
39 53 -3 0.717647 0.717647 0.717647
40 53 -2 0.717647 0.717647 0.717647
40 53 -3 0.717647 0.717647 0.717647
41 53 -2 0.717647 0.717647 0.717647
41 53 -3 0.717647 0.717647 0.717647
42 53 -2 0.717647 0.717647 0.717647
42 53 -3 0.717647 0.717647 0.717647
33 54 -2 0.717647 0.717647 0.717647
33 54 -3 0.717647 0.717647 0.717647
34 54 -2 0.717647 0.717647 0.717647
34 54 -3 0.717647 0.717647 0.717647
35 54 -2 0.717647 0.717647 0.717647
35 54 -3 0.717647 0.717647 0.717647
36 54 -2 0.717647 0.717647 0.717647
36 54 -3 0.717647 0.717647 0.717647
37 54 -2 0.717647 0.717647 0.717647
37 54 -3 0.717647 0.717647 0.717647
38 54 -2 0.717647 0.717647 0.717647
38 54 -3 0.717647 0.717647 0.717647
39 54 -2 0.717647 0.717647 0.717647
39 54 -3 0.717647 0.717647 0.717647
40 54 -2 0.717647 0.717647 0.717647
40 54 -3 0.717647 0.717647 0.717647
41 54 -2 0.717647 0.717647 0.717647
41 54 -3 0.717647 0.717647 0.717647
42 54 -2 0.717647 0.717647 0.717647
42 54 -3 0.717647 0.717647 0.717647
33 55 -2 0.717647 0.717647 0.717647
33 55 -3 0.717647 0.717647 0.717647
34 55 -2 0.717647 0.717647 0.717647
34 55 -3 0.717647 0.717647 0.717647
35 55 -2 0.717647 0.717647 0.717647
35 55 -3 0.717647 0.717647 0.717647
36 55 -2 0.717647 0.717647 0.717647
36 55 -3 0.717647 0.717647 0.717647
37 55 -2 0.717647 0.717647 0.717647
37 55 -3 0.717647 0.717647 0.717647
38 55 -2 0.717647 0.717647 0.717647
38 55 -3 0.717647 0.717647 0.717647
39 55 -2 0.717647 0.717647 0.717647
39 55 -3 0.717647 0.717647 0.717647
40 55 -2 0.717647 0.717647 0.717647
40 55 -3 0.717647 0.717647 0.717647
41 55 -2 0.717647 0.717647 0.717647
41 55 -3 0.717647 0.717647 0.717647
42 55 -2 0.717647 0.717647 0.717647
42 55 -3 0.717647 0.717647 0.717647
33 56 -2 0.717647 0.717647 0.717647
33 56 -3 0.717647 0.717647 0.717647
34 56 -2 0.717647 0.717647 0.717647
34 56 -3 0.717647 0.717647 0.717647
35 56 -2 0.717647 0.717647 0.717647
35 56 -3 0.717647 0.717647 0.717647
36 56 -2 0.717647 0.717647 0.717647
36 56 -3 0.717647 0.717647 0.717647
37 56 -2 0.717647 0.717647 0.717647
37 56 -3 0.717647 0.717647 0.717647
38 56 -2 0.717647 0.717647 0.717647
38 56 -3 0.717647 0.717647 0.717647
39 56 -2 0.717647 0.717647 0.717647
39 56 -3 0.717647 0.717647 0.717647
40 56 -2 0.717647 0.717647 0.717647
40 56 -3 0.717647 0.717647 0.717647
41 56 -2 0.717647 0.717647 0.717647
41 56 -3 0.717647 0.717647 0.717647
42 56 -2 0.717647 0.717647 0.717647
42 56 -3 0.717647 0.717647 0.717647
33 56 -1 0.717647 0.717647 0.717647
33 57 -1 0.717647 0.717647 0.717647
34 56 -1 0.717647 0.717647 0.717647
34 57 -1 0.717647 0.717647 0.717647
35 56 -1 0.717647 0.717647 0.717647
35 57 -1 0.717647 0.717647 0.717647
36 56 -1 0.717647 0.717647 0.717647
36 57 -1 0.717647 0.717647 0.717647
37 56 -1 0.717647 0.717647 0.717647
37 57 -1 0.717647 0.717647 0.717647
38 56 -1 0.717647 0.717647 0.717647
38 57 -1 0.717647 0.717647 0.717647
39 56 -1 0.717647 0.717647 0.717647
39 57 -1 0.717647 0.717647 0.717647
40 56 -1 0.717647 0.717647 0.717647
40 57 -1 0.717647 0.717647 0.717647
41 56 -1 0.717647 0.717647 0.717647
41 57 -1 0.717647 0.717647 0.717647
42 56 -1 0.717647 0.717647 0.717647
42 57 -1 0.717647 0.717647 0.717647
33 57 -2 0.717647 0.717647 0.717647
34 57 -2 0.717647 0.717647 0.717647
35 57 -2 0.717647 0.717647 0.717647
36 57 -2 0.717647 0.717647 0.717647
37 57 -2 0.717647 0.717647 0.717647
38 57 -2 0.717647 0.717647 0.717647
39 57 -2 0.717647 0.717647 0.717647
40 57 -2 0.717647 0.717647 0.717647
41 57 -2 0.717647 0.717647 0.717647
42 57 -2 0.717647 0.717647 0.717647
33 57 -3 0.717647 0.717647 0.717647
34 57 -3 0.717647 0.717647 0.717647
35 57 -3 0.717647 0.717647 0.717647
36 57 -3 0.717647 0.717647 0.717647
37 57 -3 0.717647 0.717647 0.717647
38 57 -3 0.717647 0.717647 0.717647
39 57 -3 0.717647 0.717647 0.717647
40 57 -3 0.717647 0.717647 0.717647
41 57 -3 0.717647 0.717647 0.717647
42 57 -3 0.717647 0.717647 0.717647
4 0 1 2 3
4 4 5 6 7
4 0 5 4 1
4 0 3 6 5
4 1 8 9 2
4 10 4 7 11
4 1 4 10 8
4 8 12 13 9
4 14 10 11 15
4 8 10 14 12
4 12 16 17 13
4 18 14 15 19
4 12 14 18 16
4 16 20 21 17
4 22 18 19 23
4 16 18 22 20
4 20 24 25 21
4 26 22 23 27
4 20 22 26 24
4 24 28 29 25
4 30 26 27 31
4 24 26 30 28
4 28 32 33 29
4 34 30 31 35
4 28 30 34 32
4 32 36 37 33
4 38 34 35 39
4 32 34 38 36
4 36 40 41 37
4 42 38 39 43
4 36 38 42 40
4 40 44 45 41
4 46 42 43 47
4 40 42 46 44
4 3 2 48 49
4 7 6 50 51
4 3 49 50 6
4 2 9 52 48
4 11 7 51 53
4 9 13 54 52
4 15 11 53 55
4 13 17 56 54
4 19 15 55 57
4 17 21 58 56
4 23 19 57 59
4 21 25 60 58
4 27 23 59 61
4 25 29 62 60
4 31 27 61 63
4 29 33 64 62
4 35 31 63 65
4 33 37 66 64
4 39 35 65 67
4 37 41 68 66
4 43 39 67 69
4 41 45 70 68
4 47 43 69 71
4 49 48 72 73
4 51 50 74 75
4 49 73 74 50
4 48 52 76 72
4 53 51 75 77
4 52 54 78 76
4 55 53 77 79
4 54 56 80 78
4 57 55 79 81
4 56 58 82 80
4 59 57 81 83
4 58 60 84 82
4 61 59 83 85
4 60 62 86 84
4 63 61 85 87
4 62 64 88 86
4 65 63 87 89
4 64 66 90 88
4 67 65 89 91
4 66 68 92 90
4 69 67 91 93
4 68 70 94 92
4 71 69 93 95
4 73 72 96 97
4 75 74 98 99
4 73 97 98 74
4 72 76 100 96
4 77 75 99 101
4 76 78 102 100
4 79 77 101 103
4 78 80 104 102
4 81 79 103 105
4 80 82 106 104
4 83 81 105 107
4 82 84 108 106
4 85 83 107 109
4 84 86 110 108
4 87 85 109 111
4 86 88 112 110
4 89 87 111 113
4 88 90 114 112
4 91 89 113 115
4 90 92 116 114
4 93 91 115 117
4 92 94 118 116
4 95 93 117 119
4 97 96 120 121
4 99 98 122 123
4 97 121 122 98
4 96 100 124 120
4 101 99 123 125
4 100 102 126 124
4 103 101 125 127
4 102 104 128 126
4 105 103 127 129
4 104 106 130 128
4 107 105 129 131
4 106 108 132 130
4 109 107 131 133
4 108 110 134 132
4 111 109 133 135
4 110 112 136 134
4 113 111 135 137
4 112 114 138 136
4 115 113 137 139
4 114 116 140 138
4 117 115 139 141
4 116 118 142 140
4 119 117 141 143
4 121 120 144 145
4 123 122 146 147
4 121 145 146 122
4 120 124 148 144
4 125 123 147 149
4 124 126 150 148
4 127 125 149 151
4 126 128 152 150
4 129 127 151 153
4 128 130 154 152
4 131 129 153 155
4 130 132 156 154
4 133 131 155 157
4 132 134 158 156
4 135 133 157 159
4 134 136 160 158
4 137 135 159 161
4 136 138 162 160
4 139 137 161 163
4 138 140 164 162
4 141 139 163 165
4 140 142 166 164
4 143 141 165 167
4 145 144 168 169
4 168 170 171 169
4 145 169 171 146
4 144 148 172 168
4 172 173 170 168
4 148 150 174 172
4 174 175 173 172
4 150 152 176 174
4 176 177 175 174
4 152 154 178 176
4 178 179 177 176
4 154 156 180 178
4 180 181 179 178
4 156 158 182 180
4 182 183 181 180
4 158 160 184 182
4 184 185 183 182
4 160 162 186 184
4 186 187 185 184
4 162 164 188 186
4 188 189 187 186
4 164 166 190 188
4 190 191 189 188
4 146 192 193 147
4 170 194 195 171
4 146 171 195 192
4 147 193 196 149
4 173 197 194 170
4 149 196 198 151
4 175 199 197 173
4 151 198 200 153
4 177 201 199 175
4 153 200 202 155
4 179 203 201 177
4 155 202 204 157
4 181 205 203 179
4 157 204 206 159
4 183 207 205 181
4 159 206 208 161
4 185 209 207 183
4 161 208 210 163
4 187 211 209 185
4 163 210 212 165
4 189 213 211 187
4 165 212 214 167
4 191 215 213 189
4 192 216 217 193
4 194 218 219 195
4 192 195 219 216
4 193 217 220 196
4 197 221 218 194
4 196 220 222 198
4 199 223 221 197
4 198 222 224 200
4 201 225 223 199
4 200 224 226 202
4 203 227 225 201
4 202 226 228 204
4 205 229 227 203
4 204 228 230 206
4 207 231 229 205
4 206 230 232 208
4 209 233 231 207
4 208 232 234 210
4 211 235 233 209
4 210 234 236 212
4 213 237 235 211
4 212 236 238 214
4 215 239 237 213
4 216 240 241 217
4 218 242 243 219
4 216 219 243 240
4 217 241 244 220
4 221 245 242 218
4 220 244 246 222
4 223 247 245 221
4 222 246 248 224
4 225 249 247 223
4 224 248 250 226
4 227 251 249 225
4 226 250 252 228
4 229 253 251 227
4 228 252 254 230
4 231 255 253 229
4 230 254 256 232
4 233 257 255 231
4 232 256 258 234
4 235 259 257 233
4 234 258 260 236
4 237 261 259 235
4 236 260 262 238
4 239 263 261 237
4 240 264 265 241
4 242 266 267 243
4 240 243 267 264
4 241 265 268 244
4 245 269 266 242
4 244 268 270 246
4 247 271 269 245
4 246 270 272 248
4 249 273 271 247
4 248 272 274 250
4 251 275 273 249
4 250 274 276 252
4 253 277 275 251
4 252 276 278 254
4 255 279 277 253
4 254 278 280 256
4 257 281 279 255
4 256 280 282 258
4 259 283 281 257
4 258 282 284 260
4 261 285 283 259
4 260 284 286 262
4 263 287 285 261
4 264 288 289 265
4 266 290 291 267
4 264 267 291 288
4 265 289 292 268
4 269 293 290 266
4 268 292 294 270
4 271 295 293 269
4 270 294 296 272
4 273 297 295 271
4 272 296 298 274
4 275 299 297 273
4 274 298 300 276
4 277 301 299 275
4 276 300 302 278
4 279 303 301 277
4 278 302 304 280
4 281 305 303 279
4 280 304 306 282
4 283 307 305 281
4 282 306 308 284
4 285 309 307 283
4 284 308 310 286
4 287 311 309 285
4 288 312 313 289
4 290 314 315 291
4 288 291 315 312
4 289 313 316 292
4 293 317 314 290
4 292 316 318 294
4 295 319 317 293
4 294 318 320 296
4 297 321 319 295
4 296 320 322 298
4 299 323 321 297
4 298 322 324 300
4 301 325 323 299
4 300 324 326 302
4 303 327 325 301
4 302 326 328 304
4 305 329 327 303
4 304 328 330 306
4 307 331 329 305
4 306 330 332 308
4 309 333 331 307
4 308 332 334 310
4 311 335 333 309
4 312 336 337 313
4 314 338 339 315
4 312 315 339 336
4 313 337 340 316
4 317 341 338 314
4 316 340 342 318
4 319 343 341 317
4 318 342 344 320
4 321 345 343 319
4 320 344 346 322
4 323 347 345 321
4 322 346 348 324
4 325 349 347 323
4 324 348 350 326
4 327 351 349 325
4 326 350 352 328
4 329 353 351 327
4 328 352 354 330
4 331 355 353 329
4 330 354 356 332
4 333 357 355 331
4 332 356 358 334
4 335 359 357 333
4 44 360 361 45
4 362 46 47 363
4 44 46 362 360
4 360 364 365 361
4 366 362 363 367
4 360 362 366 364
4 364 368 369 365
4 370 366 367 371
4 364 366 370 368
4 368 372 373 369
4 374 370 371 375
4 368 370 374 372
4 372 376 377 373
4 378 374 375 379
4 372 374 378 376
4 376 380 381 377
4 382 378 379 383
4 376 378 382 380
4 380 384 385 381
4 386 382 383 387
4 380 382 386 384
4 384 388 389 385
4 390 386 387 391
4 384 386 390 388
4 388 392 393 389
4 394 390 391 395
4 388 390 394 392
4 392 396 397 393
4 398 394 395 399
4 392 394 398 396
4 396 400 401 397
4 402 398 399 403
4 396 398 402 400
4 400 404 405 401
4 406 402 403 407
4 400 402 406 404
4 404 408 409 405
4 410 406 407 411
4 404 406 410 408
4 408 412 413 409
4 414 410 411 415
4 408 410 414 412
4 412 416 417 413
4 418 414 415 419
4 412 414 418 416
4 416 420 421 417
4 422 418 419 423
4 416 418 422 420
4 45 361 424 70
4 363 47 71 425
4 361 365 426 424
4 367 363 425 427
4 365 369 428 426
4 371 367 427 429
4 369 373 430 428
4 375 371 429 431
4 373 377 432 430
4 379 375 431 433
4 377 381 434 432
4 383 379 433 435
4 381 385 436 434
4 387 383 435 437
4 385 389 438 436
4 391 387 437 439
4 389 393 440 438
4 395 391 439 441
4 393 397 442 440
4 399 395 441 443
4 397 401 444 442
4 403 399 443 445
4 401 405 446 444
4 407 403 445 447
4 405 409 448 446
4 411 407 447 449
4 409 413 450 448
4 415 411 449 451
4 413 417 452 450
4 419 415 451 453
4 417 421 454 452
4 423 419 453 455
4 70 424 456 94
4 425 71 95 457
4 424 426 458 456
4 427 425 457 459
4 426 428 460 458
4 429 427 459 461
4 428 430 462 460
4 431 429 461 463
4 430 432 464 462
4 433 431 463 465
4 432 434 466 464
4 435 433 465 467
4 434 436 468 466
4 437 435 467 469
4 436 438 470 468
4 439 437 469 471
4 438 440 472 470
4 441 439 471 473
4 440 442 474 472
4 443 441 473 475
4 442 444 476 474
4 445 443 475 477
4 444 446 478 476
4 447 445 477 479
4 446 448 480 478
4 449 447 479 481
4 448 450 482 480
4 451 449 481 483
4 450 452 484 482
4 453 451 483 485
4 452 454 486 484
4 455 453 485 487
4 94 456 488 118
4 457 95 119 489
4 456 458 490 488
4 459 457 489 491
4 458 460 492 490
4 461 459 491 493
4 460 462 494 492
4 463 461 493 495
4 462 464 496 494
4 465 463 495 497
4 464 466 498 496
4 467 465 497 499
4 466 468 500 498
4 469 467 499 501
4 468 470 502 500
4 471 469 501 503
4 470 472 504 502
4 473 471 503 505
4 472 474 506 504
4 475 473 505 507
4 474 476 508 506
4 477 475 507 509
4 476 478 510 508
4 479 477 509 511
4 478 480 512 510
4 481 479 511 513
4 480 482 514 512
4 483 481 513 515
4 482 484 516 514
4 485 483 515 517
4 484 486 518 516
4 487 485 517 519
4 118 488 520 142
4 489 119 143 521
4 488 490 522 520
4 491 489 521 523
4 490 492 524 522
4 493 491 523 525
4 492 494 526 524
4 495 493 525 527
4 494 496 528 526
4 497 495 527 529
4 496 498 530 528
4 499 497 529 531
4 498 500 532 530
4 501 499 531 533
4 500 502 534 532
4 503 501 533 535
4 502 504 536 534
4 505 503 535 537
4 504 506 538 536
4 507 505 537 539
4 506 508 540 538
4 509 507 539 541
4 508 510 542 540
4 511 509 541 543
4 510 512 544 542
4 513 511 543 545
4 512 514 546 544
4 515 513 545 547
4 514 516 548 546
4 517 515 547 549
4 516 518 550 548
4 519 517 549 551
4 142 520 552 166
4 521 143 167 553
4 520 522 554 552
4 523 521 553 555
4 522 524 556 554
4 525 523 555 557
4 524 526 558 556
4 527 525 557 559
4 526 528 560 558
4 529 527 559 561
4 528 530 562 560
4 531 529 561 563
4 530 532 564 562
4 533 531 563 565
4 532 534 566 564
4 535 533 565 567
4 534 536 568 566
4 537 535 567 569
4 536 538 570 568
4 539 537 569 571
4 538 540 572 570
4 541 539 571 573
4 540 542 574 572
4 543 541 573 575
4 542 544 576 574
4 545 543 575 577
4 544 546 578 576
4 547 545 577 579
4 546 548 580 578
4 549 547 579 581
4 548 550 582 580
4 551 549 581 583
4 166 552 584 190
4 584 585 191 190
4 552 554 586 584
4 586 587 585 584
4 554 556 588 586
4 588 589 587 586
4 556 558 590 588
4 590 591 589 588
4 558 560 592 590
4 592 593 591 590
4 560 562 594 592
4 594 595 593 592
4 562 564 596 594
4 596 597 595 594
4 564 566 598 596
4 598 599 597 596
4 566 568 600 598
4 600 601 599 598
4 568 570 602 600
4 602 603 601 600
4 570 572 604 602
4 604 605 603 602
4 572 574 606 604
4 606 607 605 604
4 574 576 608 606
4 608 609 607 606
4 576 578 610 608
4 610 611 609 608
4 578 580 612 610
4 612 613 611 610
4 580 582 614 612
4 614 615 613 612
4 167 214 616 553
4 585 617 215 191
4 553 616 618 555
4 587 619 617 585
4 555 618 620 557
4 589 621 619 587
4 557 620 622 559
4 591 623 621 589
4 559 622 624 561
4 593 625 623 591
4 561 624 626 563
4 595 627 625 593
4 563 626 628 565
4 597 629 627 595
4 565 628 630 567
4 599 631 629 597
4 567 630 632 569
4 601 633 631 599
4 569 632 634 571
4 603 635 633 601
4 571 634 636 573
4 605 637 635 603
4 573 636 638 575
4 607 639 637 605
4 575 638 640 577
4 609 641 639 607
4 577 640 642 579
4 611 643 641 609
4 579 642 644 581
4 613 645 643 611
4 581 644 646 583
4 615 647 645 613
4 214 238 648 616
4 617 649 239 215
4 616 648 650 618
4 619 651 649 617
4 618 650 652 620
4 621 653 651 619
4 620 652 654 622
4 623 655 653 621
4 622 654 656 624
4 625 657 655 623
4 624 656 658 626
4 627 659 657 625
4 626 658 660 628
4 629 661 659 627
4 628 660 662 630
4 631 663 661 629
4 630 662 664 632
4 633 665 663 631
4 632 664 666 634
4 635 667 665 633
4 634 666 668 636
4 637 669 667 635
4 636 668 670 638
4 639 671 669 637
4 638 670 672 640
4 641 673 671 639
4 640 672 674 642
4 643 675 673 641
4 642 674 676 644
4 645 677 675 643
4 644 676 678 646
4 647 679 677 645
4 238 262 680 648
4 649 681 263 239
4 648 680 682 650
4 651 683 681 649
4 650 682 684 652
4 653 685 683 651
4 652 684 686 654
4 655 687 685 653
4 654 686 688 656
4 657 689 687 655
4 656 688 690 658
4 659 691 689 657
4 658 690 692 660
4 661 693 691 659
4 660 692 694 662
4 663 695 693 661
4 662 694 696 664
4 665 697 695 663
4 664 696 698 666
4 667 699 697 665
4 666 698 700 668
4 669 701 699 667
4 668 700 702 670
4 671 703 701 669
4 670 702 704 672
4 673 705 703 671
4 672 704 706 674
4 675 707 705 673
4 674 706 708 676
4 677 709 707 675
4 676 708 710 678
4 679 711 709 677
4 262 286 712 680
4 681 713 287 263
4 680 712 714 682
4 683 715 713 681
4 682 714 716 684
4 685 717 715 683
4 684 716 718 686
4 687 719 717 685
4 686 718 720 688
4 689 721 719 687
4 688 720 722 690
4 691 723 721 689
4 690 722 724 692
4 693 725 723 691
4 692 724 726 694
4 695 727 725 693
4 694 726 728 696
4 697 729 727 695
4 696 728 730 698
4 699 731 729 697
4 698 730 732 700
4 701 733 731 699
4 700 732 734 702
4 703 735 733 701
4 702 734 736 704
4 705 737 735 703
4 704 736 738 706
4 707 739 737 705
4 706 738 740 708
4 709 741 739 707
4 708 740 742 710
4 711 743 741 709
4 286 310 744 712
4 713 745 311 287
4 712 744 746 714
4 715 747 745 713
4 714 746 748 716
4 717 749 747 715
4 716 748 750 718
4 719 751 749 717
4 718 750 752 720
4 721 753 751 719
4 720 752 754 722
4 723 755 753 721
4 722 754 756 724
4 725 757 755 723
4 724 756 758 726
4 727 759 757 725
4 726 758 760 728
4 729 761 759 727
4 728 760 762 730
4 731 763 761 729
4 730 762 764 732
4 733 765 763 731
4 732 764 766 734
4 735 767 765 733
4 734 766 768 736
4 737 769 767 735
4 736 768 770 738
4 739 771 769 737
4 738 770 772 740
4 741 773 771 739
4 740 772 774 742
4 743 775 773 741
4 310 334 776 744
4 745 777 335 311
4 744 776 778 746
4 747 779 777 745
4 746 778 780 748
4 749 781 779 747
4 748 780 782 750
4 751 783 781 749
4 750 782 784 752
4 753 785 783 751
4 752 784 786 754
4 755 787 785 753
4 754 786 788 756
4 757 789 787 755
4 756 788 790 758
4 759 791 789 757
4 758 790 792 760
4 761 793 791 759
4 760 792 794 762
4 763 795 793 761
4 762 794 796 764
4 765 797 795 763
4 764 796 798 766
4 767 799 797 765
4 766 798 800 768
4 769 801 799 767
4 768 800 802 770
4 771 803 801 769
4 770 802 804 772
4 773 805 803 771
4 772 804 806 774
4 775 807 805 773
4 334 358 808 776
4 777 809 359 335
4 776 808 810 778
4 779 811 809 777
4 778 810 812 780
4 781 813 811 779
4 780 812 814 782
4 783 815 813 781
4 782 814 816 784
4 785 817 815 783
4 784 816 818 786
4 787 819 817 785
4 786 818 820 788
4 789 821 819 787
4 788 820 822 790
4 791 823 821 789
4 790 822 824 792
4 793 825 823 791
4 792 824 826 794
4 795 827 825 793
4 794 826 828 796
4 797 829 827 795
4 796 828 830 798
4 799 831 829 797
4 798 830 832 800
4 801 833 831 799
4 800 832 834 802
4 803 835 833 801
4 802 834 836 804
4 805 837 835 803
4 804 836 838 806
4 807 839 837 805
4 420 840 841 421
4 842 422 423 843
4 420 422 842 840
4 840 844 845 841
4 846 842 843 847
4 840 842 846 844
4 844 848 849 845
4 850 846 847 851
4 844 846 850 848
4 848 852 853 849
4 854 850 851 855
4 848 850 854 852
4 852 856 857 853
4 858 854 855 859
4 852 854 858 856
4 856 860 861 857
4 862 858 859 863
4 856 858 862 860
4 860 864 865 861
4 866 862 863 867
4 860 862 866 864
4 864 868 869 865
4 870 866 867 871
4 864 866 870 868
4 868 872 873 869
4 874 870 871 875
4 868 870 874 872
4 872 876 877 873
4 878 874 875 879
4 872 874 878 876
4 876 878 879 877
4 421 841 880 454
4 843 423 455 881
4 841 845 882 880
4 847 843 881 883
4 845 849 884 882
4 851 847 883 885
4 849 853 886 884
4 855 851 885 887
4 853 857 888 886
4 859 855 887 889
4 857 861 890 888
4 863 859 889 891
4 861 865 892 890
4 867 863 891 893
4 865 869 894 892
4 871 867 893 895
4 869 873 896 894
4 875 871 895 897
4 873 877 898 896
4 879 875 897 899
4 877 879 899 898
4 454 880 900 486
4 881 455 487 901
4 880 882 902 900
4 883 881 901 903
4 882 884 904 902
4 885 883 903 905
4 884 886 906 904
4 887 885 905 907
4 886 888 908 906
4 889 887 907 909
4 888 890 910 908
4 891 889 909 911
4 890 892 912 910
4 893 891 911 913
4 892 894 914 912
4 895 893 913 915
4 894 896 916 914
4 897 895 915 917
4 896 898 918 916
4 899 897 917 919
4 898 899 919 918
4 486 900 920 518
4 901 487 519 921
4 900 902 922 920
4 903 901 921 923
4 902 904 924 922
4 905 903 923 925
4 904 906 926 924
4 907 905 925 927
4 906 908 928 926
4 909 907 927 929
4 908 910 930 928
4 911 909 929 931
4 910 912 932 930
4 913 911 931 933
4 912 914 934 932
4 915 913 933 935
4 914 916 936 934
4 917 915 935 937
4 916 918 938 936
4 919 917 937 939
4 918 919 939 938
4 518 920 940 550
4 921 519 551 941
4 920 922 942 940
4 923 921 941 943
4 922 924 944 942
4 925 923 943 945
4 924 926 946 944
4 927 925 945 947
4 926 928 948 946
4 929 927 947 949
4 928 930 950 948
4 931 929 949 951
4 930 932 952 950
4 933 931 951 953
4 932 934 954 952
4 935 933 953 955
4 934 936 956 954
4 937 935 955 957
4 936 938 958 956
4 939 937 957 959
4 938 939 959 958
4 550 940 960 582
4 941 551 583 961
4 940 942 962 960
4 943 941 961 963
4 942 944 964 962
4 945 943 963 965
4 944 946 966 964
4 947 945 965 967
4 946 948 968 966
4 949 947 967 969
4 948 950 970 968
4 951 949 969 971
4 950 952 972 970
4 953 951 971 973
4 952 954 974 972
4 955 953 973 975
4 954 956 976 974
4 957 955 975 977
4 956 958 978 976
4 959 957 977 979
4 958 959 979 978
4 582 960 980 614
4 980 981 615 614
4 960 962 982 980
4 982 983 981 980
4 962 964 984 982
4 984 985 983 982
4 964 966 986 984
4 986 987 985 984
4 966 968 988 986
4 988 989 987 986
4 968 970 990 988
4 990 991 989 988
4 970 972 992 990
4 992 993 991 990
4 972 974 994 992
4 994 995 993 992
4 974 976 996 994
4 996 997 995 994
4 976 978 998 996
4 998 999 997 996
4 978 979 999 998
4 583 646 1000 961
4 981 1001 647 615
4 961 1000 1002 963
4 983 1003 1001 981
4 963 1002 1004 965
4 985 1005 1003 983
4 965 1004 1006 967
4 987 1007 1005 985
4 967 1006 1008 969
4 989 1009 1007 987
4 969 1008 1010 971
4 991 1011 1009 989
4 971 1010 1012 973
4 993 1013 1011 991
4 973 1012 1014 975
4 995 1015 1013 993
4 975 1014 1016 977
4 997 1017 1015 995
4 977 1016 1018 979
4 999 1019 1017 997
4 979 1018 1019 999
4 646 678 1020 1000
4 1001 1021 679 647
4 1000 1020 1022 1002
4 1003 1023 1021 1001
4 1002 1022 1024 1004
4 1005 1025 1023 1003
4 1004 1024 1026 1006
4 1007 1027 1025 1005
4 1006 1026 1028 1008
4 1009 1029 1027 1007
4 1008 1028 1030 1010
4 1011 1031 1029 1009
4 1010 1030 1032 1012
4 1013 1033 1031 1011
4 1012 1032 1034 1014
4 1015 1035 1033 1013
4 1014 1034 1036 1016
4 1017 1037 1035 1015
4 1016 1036 1038 1018
4 1019 1039 1037 1017
4 1018 1038 1039 1019
4 678 710 1040 1020
4 1021 1041 711 679
4 1020 1040 1042 1022
4 1023 1043 1041 1021
4 1022 1042 1044 1024
4 1025 1045 1043 1023
4 1024 1044 1046 1026
4 1027 1047 1045 1025
4 1026 1046 1048 1028
4 1029 1049 1047 1027
4 1028 1048 1050 1030
4 1031 1051 1049 1029
4 1030 1050 1052 1032
4 1033 1053 1051 1031
4 1032 1052 1054 1034
4 1035 1055 1053 1033
4 1034 1054 1056 1036
4 1037 1057 1055 1035
4 1036 1056 1058 1038
4 1039 1059 1057 1037
4 1038 1058 1059 1039
4 710 742 1060 1040
4 1041 1061 743 711
4 1040 1060 1062 1042
4 1043 1063 1061 1041
4 1042 1062 1064 1044
4 1045 1065 1063 1043
4 1044 1064 1066 1046
4 1047 1067 1065 1045
4 1046 1066 1068 1048
4 1049 1069 1067 1047
4 1048 1068 1070 1050
4 1051 1071 1069 1049
4 1050 1070 1072 1052
4 1053 1073 1071 1051
4 1052 1072 1074 1054
4 1055 1075 1073 1053
4 1054 1074 1076 1056
4 1057 1077 1075 1055
4 1056 1076 1078 1058
4 1059 1079 1077 1057
4 1058 1078 1079 1059
4 742 774 1080 1060
4 1061 1081 775 743
4 1060 1080 1082 1062
4 1063 1083 1081 1061
4 1062 1082 1084 1064
4 1065 1085 1083 1063
4 1064 1084 1086 1066
4 1067 1087 1085 1065
4 1066 1086 1088 1068
4 1069 1089 1087 1067
4 1068 1088 1090 1070
4 1071 1091 1089 1069
4 1070 1090 1092 1072
4 1073 1093 1091 1071
4 1072 1092 1094 1074
4 1075 1095 1093 1073
4 1074 1094 1096 1076
4 1077 1097 1095 1075
4 1076 1096 1098 1078
4 1079 1099 1097 1077
4 1078 1098 1099 1079
4 774 806 1100 1080
4 1081 1101 807 775
4 1080 1100 1102 1082
4 1083 1103 1101 1081
4 1082 1102 1104 1084
4 1085 1105 1103 1083
4 1084 1104 1106 1086
4 1087 1107 1105 1085
4 1086 1106 1108 1088
4 1089 1109 1107 1087
4 1088 1108 1110 1090
4 1091 1111 1109 1089
4 1090 1110 1112 1092
4 1093 1113 1111 1091
4 1092 1112 1114 1094
4 1095 1115 1113 1093
4 1094 1114 1116 1096
4 1097 1117 1115 1095
4 1096 1116 1118 1098
4 1099 1119 1117 1097
4 1098 1118 1119 1099
4 806 838 1120 1100
4 1101 1121 839 807
4 1100 1120 1122 1102
4 1103 1123 1121 1101
4 1102 1122 1124 1104
4 1105 1125 1123 1103
4 1104 1124 1126 1106
4 1107 1127 1125 1105
4 1106 1126 1128 1108
4 1109 1129 1127 1107
4 1108 1128 1130 1110
4 1111 1131 1129 1109
4 1110 1130 1132 1112
4 1113 1133 1131 1111
4 1112 1132 1134 1114
4 1115 1135 1133 1113
4 1114 1134 1136 1116
4 1117 1137 1135 1115
4 1116 1136 1138 1118
4 1119 1139 1137 1117
4 1118 1138 1139 1119
4 1140 1141 1142 1143
4 1144 1145 1146 1147
4 1140 1145 1144 1141
4 1140 1143 1146 1145
4 1141 1148 1149 1142
4 1150 1144 1147 1151
4 1141 1144 1150 1148
4 1148 1152 1153 1149
4 1154 1150 1151 1155
4 1148 1150 1154 1152
4 1152 1156 1157 1153
4 1158 1154 1155 1159
4 1152 1154 1158 1156
4 1156 1160 1161 1157
4 1162 1158 1159 1163
4 1156 1158 1162 1160
4 1160 1164 1165 1161
4 1166 1162 1163 1167
4 1160 1162 1166 1164
4 1164 1168 1169 1165
4 1170 1166 1167 1171
4 1164 1166 1170 1168
4 1168 1172 1173 1169
4 1174 1170 1171 1175
4 1168 1170 1174 1172
4 1172 1176 1177 1173
4 1178 1174 1175 1179
4 1172 1174 1178 1176
4 1176 1180 1181 1177
4 1182 1178 1179 1183
4 1176 1178 1182 1180
4 1180 1184 1185 1181
4 1186 1182 1183 1187
4 1180 1182 1186 1184
4 1143 1142 1188 1189
4 1147 1146 1190 1191
4 1143 1189 1190 1146
4 1142 1149 1192 1188
4 1151 1147 1191 1193
4 1149 1153 1194 1192
4 1155 1151 1193 1195
4 1153 1157 1196 1194
4 1159 1155 1195 1197
4 1157 1161 1198 1196
4 1163 1159 1197 1199
4 1161 1165 1200 1198
4 1167 1163 1199 1201
4 1165 1169 1202 1200
4 1171 1167 1201 1203
4 1169 1173 1204 1202
4 1175 1171 1203 1205
4 1173 1177 1206 1204
4 1179 1175 1205 1207
4 1177 1181 1208 1206
4 1183 1179 1207 1209
4 1181 1185 1210 1208
4 1187 1183 1209 1211
4 1189 1188 1212 1213
4 1191 1190 1214 1215
4 1189 1213 1214 1190
4 1188 1192 1216 1212
4 1193 1191 1215 1217
4 1192 1194 1218 1216
4 1195 1193 1217 1219
4 1194 1196 1220 1218
4 1197 1195 1219 1221
4 1196 1198 1222 1220
4 1199 1197 1221 1223
4 1198 1200 1224 1222
4 1201 1199 1223 1225
4 1200 1202 1226 1224
4 1203 1201 1225 1227
4 1202 1204 1228 1226
4 1205 1203 1227 1229
4 1204 1206 1230 1228
4 1207 1205 1229 1231
4 1206 1208 1232 1230
4 1209 1207 1231 1233
4 1208 1210 1234 1232
4 1211 1209 1233 1235
4 1213 1212 1236 1237
4 1215 1214 1238 1239
4 1213 1237 1238 1214
4 1212 1216 1240 1236
4 1217 1215 1239 1241
4 1216 1218 1242 1240
4 1219 1217 1241 1243
4 1218 1220 1244 1242
4 1221 1219 1243 1245
4 1220 1222 1246 1244
4 1223 1221 1245 1247
4 1222 1224 1248 1246
4 1225 1223 1247 1249
4 1224 1226 1250 1248
4 1227 1225 1249 1251
4 1226 1228 1252 1250
4 1229 1227 1251 1253
4 1228 1230 1254 1252
4 1231 1229 1253 1255
4 1230 1232 1256 1254
4 1233 1231 1255 1257
4 1232 1234 1258 1256
4 1235 1233 1257 1259
4 1237 1236 1260 1261
4 1239 1238 1262 1263
4 1237 1261 1262 1238
4 1236 1240 1264 1260
4 1241 1239 1263 1265
4 1240 1242 1266 1264
4 1243 1241 1265 1267
4 1242 1244 1268 1266
4 1245 1243 1267 1269
4 1244 1246 1270 1268
4 1247 1245 1269 1271
4 1246 1248 1272 1270
4 1249 1247 1271 1273
4 1248 1250 1274 1272
4 1251 1249 1273 1275
4 1250 1252 1276 1274
4 1253 1251 1275 1277
4 1252 1254 1278 1276
4 1255 1253 1277 1279
4 1254 1256 1280 1278
4 1257 1255 1279 1281
4 1256 1258 1282 1280
4 1259 1257 1281 1283
4 1261 1260 1284 1285
4 1263 1262 1286 1287
4 1261 1285 1286 1262
4 1260 1264 1288 1284
4 1265 1263 1287 1289
4 1264 1266 1290 1288
4 1267 1265 1289 1291
4 1266 1268 1292 1290
4 1269 1267 1291 1293
4 1268 1270 1294 1292
4 1271 1269 1293 1295
4 1270 1272 1296 1294
4 1273 1271 1295 1297
4 1272 1274 1298 1296
4 1275 1273 1297 1299
4 1274 1276 1300 1298
4 1277 1275 1299 1301
4 1276 1278 1302 1300
4 1279 1277 1301 1303
4 1278 1280 1304 1302
4 1281 1279 1303 1305
4 1280 1282 1306 1304
4 1283 1281 1305 1307
4 336 1308 1309 337
4 338 1310 1311 339
4 336 339 1311 1308
4 337 1309 1312 340
4 341 1313 1310 338
4 340 1312 1314 342
4 343 1315 1313 341
4 342 1314 1316 344
4 345 1317 1315 343
4 344 1316 1318 346
4 347 1319 1317 345
4 346 1318 1320 348
4 349 1321 1319 347
4 348 1320 1322 350
4 351 1323 1321 349
4 350 1322 1324 352
4 353 1325 1323 351
4 352 1324 1326 354
4 355 1327 1325 353
4 354 1326 1328 356
4 357 1329 1327 355
4 356 1328 1330 358
4 359 1331 1329 357
4 1308 1285 1284 1309
4 1310 1332 1333 1311
4 1308 1311 1333 1285
4 1309 1284 1288 1312
4 1313 1334 1332 1310
4 1312 1288 1290 1314
4 1315 1335 1334 1313
4 1314 1290 1292 1316
4 1317 1336 1335 1315
4 1316 1292 1294 1318
4 1319 1337 1336 1317
4 1318 1294 1296 1320
4 1321 1338 1337 1319
4 1320 1296 1298 1322
4 1323 1339 1338 1321
4 1322 1298 1300 1324
4 1325 1340 1339 1323
4 1324 1300 1302 1326
4 1327 1341 1340 1325
4 1326 1302 1304 1328
4 1329 1342 1341 1327
4 1328 1304 1306 1330
4 1331 1343 1342 1329
4 1287 1286 1344 1345
4 1332 1345 1344 1333
4 1285 1333 1344 1286
4 1289 1287 1345 1346
4 1334 1346 1345 1332
4 1291 1289 1346 1347
4 1335 1347 1346 1334
4 1293 1291 1347 1348
4 1336 1348 1347 1335
4 1295 1293 1348 1349
4 1337 1349 1348 1336
4 1297 1295 1349 1350
4 1338 1350 1349 1337
4 1299 1297 1350 1351
4 1339 1351 1350 1338
4 1301 1299 1351 1352
4 1340 1352 1351 1339
4 1303 1301 1352 1353
4 1341 1353 1352 1340
4 1305 1303 1353 1354
4 1342 1354 1353 1341
4 1307 1305 1354 1355
4 1343 1355 1354 1342
4 1184 1356 1357 1185
4 1358 1186 1187 1359
4 1184 1186 1358 1356
4 1356 1360 1361 1357
4 1362 1358 1359 1363
4 1356 1358 1362 1360
4 1360 1364 1365 1361
4 1366 1362 1363 1367
4 1360 1362 1366 1364
4 1364 1368 1369 1365
4 1370 1366 1367 1371
4 1364 1366 1370 1368
4 1368 1372 1373 1369
4 1374 1370 1371 1375
4 1368 1370 1374 1372
4 1372 1376 1377 1373
4 1378 1374 1375 1379
4 1372 1374 1378 1376
4 1376 1380 1381 1377
4 1382 1378 1379 1383
4 1376 1378 1382 1380
4 1380 1384 1385 1381
4 1386 1382 1383 1387
4 1380 1382 1386 1384
4 1384 1388 1389 1385
4 1390 1386 1387 1391
4 1384 1386 1390 1388
4 1388 1392 1393 1389
4 1394 1390 1391 1395
4 1388 1390 1394 1392
4 1392 1396 1397 1393
4 1398 1394 1395 1399
4 1392 1394 1398 1396
4 1396 1400 1401 1397
4 1402 1398 1399 1403
4 1396 1398 1402 1400
4 1400 1404 1405 1401
4 1406 1402 1403 1407
4 1400 1402 1406 1404
4 1404 1408 1409 1405
4 1410 1406 1407 1411
4 1404 1406 1410 1408
4 1408 1412 1413 1409
4 1414 1410 1411 1415
4 1408 1410 1414 1412
4 1412 1416 1417 1413
4 1418 1414 1415 1419
4 1412 1414 1418 1416
4 1185 1357 1420 1210
4 1359 1187 1211 1421
4 1357 1361 1422 1420
4 1363 1359 1421 1423
4 1361 1365 1424 1422
4 1367 1363 1423 1425
4 1365 1369 1426 1424
4 1371 1367 1425 1427
4 1369 1373 1428 1426
4 1375 1371 1427 1429
4 1373 1377 1430 1428
4 1379 1375 1429 1431
4 1377 1381 1432 1430
4 1383 1379 1431 1433
4 1381 1385 1434 1432
4 1387 1383 1433 1435
4 1385 1389 1436 1434
4 1391 1387 1435 1437
4 1389 1393 1438 1436
4 1395 1391 1437 1439
4 1393 1397 1440 1438
4 1399 1395 1439 1441
4 1397 1401 1442 1440
4 1403 1399 1441 1443
4 1401 1405 1444 1442
4 1407 1403 1443 1445
4 1405 1409 1446 1444
4 1411 1407 1445 1447
4 1409 1413 1448 1446
4 1415 1411 1447 1449
4 1413 1417 1450 1448
4 1419 1415 1449 1451
4 1210 1420 1452 1234
4 1421 1211 1235 1453
4 1420 1422 1454 1452
4 1423 1421 1453 1455
4 1422 1424 1456 1454
4 1425 1423 1455 1457
4 1424 1426 1458 1456
4 1427 1425 1457 1459
4 1426 1428 1460 1458
4 1429 1427 1459 1461
4 1428 1430 1462 1460
4 1431 1429 1461 1463
4 1430 1432 1464 1462
4 1433 1431 1463 1465
4 1432 1434 1466 1464
4 1435 1433 1465 1467
4 1434 1436 1468 1466
4 1437 1435 1467 1469
4 1436 1438 1470 1468
4 1439 1437 1469 1471
4 1438 1440 1472 1470
4 1441 1439 1471 1473
4 1440 1442 1474 1472
4 1443 1441 1473 1475
4 1442 1444 1476 1474
4 1445 1443 1475 1477
4 1444 1446 1478 1476
4 1447 1445 1477 1479
4 1446 1448 1480 1478
4 1449 1447 1479 1481
4 1448 1450 1482 1480
4 1451 1449 1481 1483
4 1234 1452 1484 1258
4 1453 1235 1259 1485
4 1452 1454 1486 1484
4 1455 1453 1485 1487
4 1454 1456 1488 1486
4 1457 1455 1487 1489
4 1456 1458 1490 1488
4 1459 1457 1489 1491
4 1458 1460 1492 1490
4 1461 1459 1491 1493
4 1460 1462 1494 1492
4 1463 1461 1493 1495
4 1462 1464 1496 1494
4 1465 1463 1495 1497
4 1464 1466 1498 1496
4 1467 1465 1497 1499
4 1466 1468 1500 1498
4 1469 1467 1499 1501
4 1468 1470 1502 1500
4 1471 1469 1501 1503
4 1470 1472 1504 1502
4 1473 1471 1503 1505
4 1472 1474 1506 1504
4 1475 1473 1505 1507
4 1474 1476 1508 1506
4 1477 1475 1507 1509
4 1476 1478 1510 1508
4 1479 1477 1509 1511
4 1478 1480 1512 1510
4 1481 1479 1511 1513
4 1480 1482 1514 1512
4 1483 1481 1513 1515
4 1258 1484 1516 1282
4 1485 1259 1283 1517
4 1484 1486 1518 1516
4 1487 1485 1517 1519
4 1486 1488 1520 1518
4 1489 1487 1519 1521
4 1488 1490 1522 1520
4 1491 1489 1521 1523
4 1490 1492 1524 1522
4 1493 1491 1523 1525
4 1492 1494 1526 1524
4 1495 1493 1525 1527
4 1494 1496 1528 1526
4 1497 1495 1527 1529
4 1496 1498 1530 1528
4 1499 1497 1529 1531
4 1498 1500 1532 1530
4 1501 1499 1531 1533
4 1500 1502 1534 1532
4 1503 1501 1533 1535
4 1502 1504 1536 1534
4 1505 1503 1535 1537
4 1504 1506 1538 1536
4 1507 1505 1537 1539
4 1506 1508 1540 1538
4 1509 1507 1539 1541
4 1508 1510 1542 1540
4 1511 1509 1541 1543
4 1510 1512 1544 1542
4 1513 1511 1543 1545
4 1512 1514 1546 1544
4 1515 1513 1545 1547
4 1282 1516 1548 1306
4 1517 1283 1307 1549
4 1516 1518 1550 1548
4 1519 1517 1549 1551
4 1518 1520 1552 1550
4 1521 1519 1551 1553
4 1520 1522 1554 1552
4 1523 1521 1553 1555
4 1522 1524 1556 1554
4 1525 1523 1555 1557
4 1524 1526 1558 1556
4 1527 1525 1557 1559
4 1526 1528 1560 1558
4 1529 1527 1559 1561
4 1528 1530 1562 1560
4 1531 1529 1561 1563
4 1530 1532 1564 1562
4 1533 1531 1563 1565
4 1532 1534 1566 1564
4 1535 1533 1565 1567
4 1534 1536 1568 1566
4 1537 1535 1567 1569
4 1536 1538 1570 1568
4 1539 1537 1569 1571
4 1538 1540 1572 1570
4 1541 1539 1571 1573
4 1540 1542 1574 1572
4 1543 1541 1573 1575
4 1542 1544 1576 1574
4 1545 1543 1575 1577
4 1544 1546 1578 1576
4 1547 1545 1577 1579
4 1580 1330 1581 808
4 809 1582 1331 1583
4 808 1581 1584 810
4 811 1585 1582 809
4 810 1584 1586 812
4 813 1587 1585 811
4 812 1586 1588 814
4 815 1589 1587 813
4 814 1588 1590 816
4 817 1591 1589 815
4 816 1590 1592 818
4 819 1593 1591 817
4 818 1592 1594 820
4 821 1595 1593 819
4 820 1594 1596 822
4 823 1597 1595 821
4 822 1596 1598 824
4 825 1599 1597 823
4 824 1598 1600 826
4 827 1601 1599 825
4 826 1600 1602 828
4 829 1603 1601 827
4 828 1602 1604 830
4 831 1605 1603 829
4 830 1604 1606 832
4 833 1607 1605 831
4 832 1606 1608 834
4 835 1609 1607 833
4 834 1608 1610 836
4 837 1611 1609 835
4 836 1610 1612 838
4 839 1613 1611 837
4 1330 1306 1548 1581
4 1582 1614 1343 1331
4 1581 1548 1550 1584
4 1585 1615 1614 1582
4 1584 1550 1552 1586
4 1587 1616 1615 1585
4 1586 1552 1554 1588
4 1589 1617 1616 1587
4 1588 1554 1556 1590
4 1591 1618 1617 1589
4 1590 1556 1558 1592
4 1593 1619 1618 1591
4 1592 1558 1560 1594
4 1595 1620 1619 1593
4 1594 1560 1562 1596
4 1597 1621 1620 1595
4 1596 1562 1564 1598
4 1599 1622 1621 1597
4 1598 1564 1566 1600
4 1601 1623 1622 1599
4 1600 1566 1568 1602
4 1603 1624 1623 1601
4 1602 1568 1570 1604
4 1605 1625 1624 1603
4 1604 1570 1572 1606
4 1607 1626 1625 1605
4 1606 1572 1574 1608
4 1609 1627 1626 1607
4 1608 1574 1576 1610
4 1611 1628 1627 1609
4 1610 1576 1578 1612
4 1613 1629 1628 1611
4 1549 1307 1355 1630
4 1614 1630 1355 1343
4 1551 1549 1630 1631
4 1615 1631 1630 1614
4 1553 1551 1631 1632
4 1616 1632 1631 1615
4 1555 1553 1632 1633
4 1617 1633 1632 1616
4 1557 1555 1633 1634
4 1618 1634 1633 1617
4 1559 1557 1634 1635
4 1619 1635 1634 1618
4 1561 1559 1635 1636
4 1620 1636 1635 1619
4 1563 1561 1636 1637
4 1621 1637 1636 1620
4 1565 1563 1637 1638
4 1622 1638 1637 1621
4 1567 1565 1638 1639
4 1623 1639 1638 1622
4 1569 1567 1639 1640
4 1624 1640 1639 1623
4 1571 1569 1640 1641
4 1625 1641 1640 1624
4 1573 1571 1641 1642
4 1626 1642 1641 1625
4 1575 1573 1642 1643
4 1627 1643 1642 1626
4 1577 1575 1643 1644
4 1628 1644 1643 1627
4 1579 1577 1644 1645
4 1629 1645 1644 1628
4 1416 1646 1647 1417
4 1648 1418 1419 1649
4 1416 1418 1648 1646
4 1646 1650 1651 1647
4 1652 1648 1649 1653
4 1646 1648 1652 1650
4 1650 1654 1655 1651
4 1656 1652 1653 1657
4 1650 1652 1656 1654
4 1654 1658 1659 1655
4 1660 1656 1657 1661
4 1654 1656 1660 1658
4 1658 1662 1663 1659
4 1664 1660 1661 1665
4 1658 1660 1664 1662
4 1662 1666 1667 1663
4 1668 1664 1665 1669
4 1662 1664 1668 1666
4 1666 1670 1671 1667
4 1672 1668 1669 1673
4 1666 1668 1672 1670
4 1670 1674 1675 1671
4 1676 1672 1673 1677
4 1670 1672 1676 1674
4 1674 1678 1679 1675
4 1680 1676 1677 1681
4 1674 1676 1680 1678
4 1678 1682 1683 1679
4 1684 1680 1681 1685
4 1678 1680 1684 1682
4 1682 1684 1685 1683
4 1417 1647 1686 1450
4 1649 1419 1451 1687
4 1647 1651 1688 1686
4 1653 1649 1687 1689
4 1651 1655 1690 1688
4 1657 1653 1689 1691
4 1655 1659 1692 1690
4 1661 1657 1691 1693
4 1659 1663 1694 1692
4 1665 1661 1693 1695
4 1663 1667 1696 1694
4 1669 1665 1695 1697
4 1667 1671 1698 1696
4 1673 1669 1697 1699
4 1671 1675 1700 1698
4 1677 1673 1699 1701
4 1675 1679 1702 1700
4 1681 1677 1701 1703
4 1679 1683 1704 1702
4 1685 1681 1703 1705
4 1683 1685 1705 1704
4 1450 1686 1706 1482
4 1687 1451 1483 1707
4 1686 1688 1708 1706
4 1689 1687 1707 1709
4 1688 1690 1710 1708
4 1691 1689 1709 1711
4 1690 1692 1712 1710
4 1693 1691 1711 1713
4 1692 1694 1714 1712
4 1695 1693 1713 1715
4 1694 1696 1716 1714
4 1697 1695 1715 1717
4 1696 1698 1718 1716
4 1699 1697 1717 1719
4 1698 1700 1720 1718
4 1701 1699 1719 1721
4 1700 1702 1722 1720
4 1703 1701 1721 1723
4 1702 1704 1724 1722
4 1705 1703 1723 1725
4 1704 1705 1725 1724
4 1482 1706 1726 1514
4 1707 1483 1515 1727
4 1706 1708 1728 1726
4 1709 1707 1727 1729
4 1708 1710 1730 1728
4 1711 1709 1729 1731
4 1710 1712 1732 1730
4 1713 1711 1731 1733
4 1712 1714 1734 1732
4 1715 1713 1733 1735
4 1714 1716 1736 1734
4 1717 1715 1735 1737
4 1716 1718 1738 1736
4 1719 1717 1737 1739
4 1718 1720 1740 1738
4 1721 1719 1739 1741
4 1720 1722 1742 1740
4 1723 1721 1741 1743
4 1722 1724 1744 1742
4 1725 1723 1743 1745
4 1724 1725 1745 1744
4 1514 1726 1746 1546
4 1727 1515 1547 1747
4 1726 1728 1748 1746
4 1729 1727 1747 1749
4 1728 1730 1750 1748
4 1731 1729 1749 1751
4 1730 1732 1752 1750
4 1733 1731 1751 1753
4 1732 1734 1754 1752
4 1735 1733 1753 1755
4 1734 1736 1756 1754
4 1737 1735 1755 1757
4 1736 1738 1758 1756
4 1739 1737 1757 1759
4 1738 1740 1760 1758
4 1741 1739 1759 1761
4 1740 1742 1762 1760
4 1743 1741 1761 1763
4 1742 1744 1764 1762
4 1745 1743 1763 1765
4 1744 1745 1765 1764
4 1546 1746 1766 1578
4 1747 1547 1579 1767
4 1746 1748 1768 1766
4 1749 1747 1767 1769
4 1748 1750 1770 1768
4 1751 1749 1769 1771
4 1750 1752 1772 1770
4 1753 1751 1771 1773
4 1752 1754 1774 1772
4 1755 1753 1773 1775
4 1754 1756 1776 1774
4 1757 1755 1775 1777
4 1756 1758 1778 1776
4 1759 1757 1777 1779
4 1758 1760 1780 1778
4 1761 1759 1779 1781
4 1760 1762 1782 1780
4 1763 1761 1781 1783
4 1762 1764 1784 1782
4 1765 1763 1783 1785
4 1764 1765 1785 1784
4 838 1612 1786 1120
4 1121 1787 1613 839
4 1120 1786 1788 1122
4 1123 1789 1787 1121
4 1122 1788 1790 1124
4 1125 1791 1789 1123
4 1124 1790 1792 1126
4 1127 1793 1791 1125
4 1126 1792 1794 1128
4 1129 1795 1793 1127
4 1128 1794 1796 1130
4 1131 1797 1795 1129
4 1130 1796 1798 1132
4 1133 1799 1797 1131
4 1132 1798 1800 1134
4 1135 1801 1799 1133
4 1134 1800 1802 1136
4 1137 1803 1801 1135
4 1136 1802 1804 1138
4 1139 1805 1803 1137
4 1138 1804 1805 1139
4 1612 1578 1766 1786
4 1787 1806 1629 1613
4 1786 1766 1768 1788
4 1789 1807 1806 1787
4 1788 1768 1770 1790
4 1791 1808 1807 1789
4 1790 1770 1772 1792
4 1793 1809 1808 1791
4 1792 1772 1774 1794
4 1795 1810 1809 1793
4 1794 1774 1776 1796
4 1797 1811 1810 1795
4 1796 1776 1778 1798
4 1799 1812 1811 1797
4 1798 1778 1780 1800
4 1801 1813 1812 1799
4 1800 1780 1782 1802
4 1803 1814 1813 1801
4 1802 1782 1784 1804
4 1805 1815 1814 1803
4 1804 1784 1815 1805
4 1767 1579 1645 1816
4 1806 1816 1645 1629
4 1769 1767 1816 1817
4 1807 1817 1816 1806
4 1771 1769 1817 1818
4 1808 1818 1817 1807
4 1773 1771 1818 1819
4 1809 1819 1818 1808
4 1775 1773 1819 1820
4 1810 1820 1819 1809
4 1777 1775 1820 1821
4 1811 1821 1820 1810
4 1779 1777 1821 1822
4 1812 1822 1821 1811
4 1781 1779 1822 1823
4 1813 1823 1822 1812
4 1783 1781 1823 1824
4 1814 1824 1823 1813
4 1785 1783 1824 1825
4 1815 1825 1824 1814
4 1784 1785 1825 1815
