ply
format ascii 1.0
comment Generated from Goxel 0.15.1
element vertex 8182
property float x
property float y
property float z
property float red
property float green
property float blue
element face 7560
property list uchar int vertex_indices
end_header
-13 30 13 0.349020 0.337255 0.321569
-12 30 13 0.349020 0.337255 0.321569
-12 31 13 0.349020 0.337255 0.321569
-13 31 13 0.349020 0.337255 0.321569
-13 30 12 0.349020 0.337255 0.321569
-12 30 12 0.349020 0.337255 0.321569
-13 31 12 0.349020 0.337255 0.321569
-11 30 13 0.349020 0.337255 0.321569
-11 31 13 0.349020 0.337255 0.321569
-11 30 12 0.349020 0.337255 0.321569
-12 31 12 0.349020 0.337255 0.321569
-11 31 12 0.349020 0.337255 0.321569
-10 30 13 0.349020 0.337255 0.321569
-10 31 13 0.349020 0.337255 0.321569
-10 30 12 0.349020 0.337255 0.321569
-10 31 12 0.349020 0.337255 0.321569
-9 30 13 0.349020 0.337255 0.321569
-9 31 13 0.349020 0.337255 0.321569
-9 30 12 0.349020 0.337255 0.321569
-9 31 12 0.349020 0.337255 0.321569
-8 30 13 0.349020 0.337255 0.321569
-8 31 13 0.349020 0.337255 0.321569
-8 30 12 0.349020 0.337255 0.321569
-8 31 12 0.349020 0.337255 0.321569
-7 30 13 0.349020 0.337255 0.321569
-7 31 13 0.349020 0.337255 0.321569
-7 30 12 0.349020 0.337255 0.321569
-7 31 12 0.349020 0.337255 0.321569
-6 30 13 0.349020 0.337255 0.321569
-6 31 13 0.349020 0.337255 0.321569
-6 30 12 0.349020 0.337255 0.321569
-6 31 12 0.349020 0.337255 0.321569
-5 30 13 0.349020 0.337255 0.321569
-5 31 13 0.349020 0.337255 0.321569
-5 30 12 0.349020 0.337255 0.321569
-5 31 12 0.349020 0.337255 0.321569
-4 30 13 0.349020 0.337255 0.321569
-4 31 13 0.349020 0.337255 0.321569
-4 30 12 0.349020 0.337255 0.321569
-4 31 12 0.349020 0.337255 0.321569
-3 30 13 0.349020 0.337255 0.321569
-3 31 13 0.349020 0.337255 0.321569
-3 30 12 0.349020 0.337255 0.321569
-3 31 12 0.349020 0.337255 0.321569
-2 30 13 0.349020 0.337255 0.321569
-2 31 13 0.349020 0.337255 0.321569
-2 30 12 0.349020 0.337255 0.321569
-2 31 12 0.349020 0.337255 0.321569
-1 30 13 0.349020 0.337255 0.321569
-1 31 13 0.349020 0.337255 0.321569
-1 30 12 0.349020 0.337255 0.321569
-1 31 12 0.349020 0.337255 0.321569
0 30 13 0.349020 0.337255 0.321569
0 31 13 0.349020 0.337255 0.321569
0 30 12 0.349020 0.337255 0.321569
0 31 12 0.349020 0.337255 0.321569
-13 30 11 0.349020 0.337255 0.321569
-12 30 11 0.349020 0.337255 0.321569
-12 31 11 0.349020 0.337255 0.321569
-13 31 11 0.349020 0.337255 0.321569
-13 30 10 0.349020 0.337255 0.321569
-12 30 10 0.349020 0.337255 0.321569
-12 31 10 0.349020 0.337255 0.321569
-13 31 10 0.349020 0.337255 0.321569
-13 30 9 0.349020 0.337255 0.321569
-12 30 9 0.349020 0.337255 0.321569
-12 31 9 0.349020 0.337255 0.321569
-13 31 9 0.349020 0.337255 0.321569
-13 30 8 0.349020 0.337255 0.321569
-12 30 8 0.349020 0.337255 0.321569
-12 31 8 0.349020 0.337255 0.321569
-13 31 8 0.349020 0.337255 0.321569
-13 30 7 0.349020 0.337255 0.321569
-12 30 7 0.349020 0.337255 0.321569
-12 31 7 0.349020 0.337255 0.321569
-13 31 7 0.349020 0.337255 0.321569
-13 30 6 0.349020 0.337255 0.321569
-12 30 6 0.349020 0.337255 0.321569
-12 31 6 0.349020 0.337255 0.321569
-13 31 6 0.349020 0.337255 0.321569
-13 30 5 0.349020 0.337255 0.321569
-12 30 5 0.349020 0.337255 0.321569
-12 31 5 0.349020 0.337255 0.321569
-13 31 5 0.349020 0.337255 0.321569
-13 30 4 0.349020 0.337255 0.321569
-12 30 4 0.349020 0.337255 0.321569
-12 31 4 0.349020 0.337255 0.321569
-13 31 4 0.349020 0.337255 0.321569
-13 30 3 0.349020 0.337255 0.321569
-12 30 3 0.349020 0.337255 0.321569
-12 31 3 0.349020 0.337255 0.321569
-13 31 3 0.349020 0.337255 0.321569
-13 30 2 0.349020 0.337255 0.321569
-12 30 2 0.349020 0.337255 0.321569
-12 31 2 0.349020 0.337255 0.321569
-13 31 2 0.349020 0.337255 0.321569
-13 30 1 0.349020 0.337255 0.321569
-12 30 1 0.349020 0.337255 0.321569
-12 31 1 0.349020 0.337255 0.321569
-13 31 1 0.349020 0.337255 0.321569
-13 30 0 0.349020 0.337255 0.321569
-12 30 0 0.349020 0.337255 0.321569
-12 31 0 0.349020 0.337255 0.321569
-13 31 0 0.349020 0.337255 0.321569
-12 32 13 0.349020 0.337255 0.321569
-13 32 13 0.349020 0.337255 0.321569
-13 32 12 0.349020 0.337255 0.321569
-11 32 13 0.349020 0.337255 0.321569
-12 32 12 0.349020 0.337255 0.321569
-11 32 12 0.349020 0.337255 0.321569
-10 32 13 0.349020 0.337255 0.321569
-10 32 12 0.349020 0.337255 0.321569
-9 32 13 0.349020 0.337255 0.321569
-9 32 12 0.349020 0.337255 0.321569
-8 32 13 0.349020 0.337255 0.321569
-8 32 12 0.349020 0.337255 0.321569
-7 32 13 0.349020 0.337255 0.321569
-7 32 12 0.349020 0.337255 0.321569
-6 32 13 0.349020 0.337255 0.321569
-6 32 12 0.349020 0.337255 0.321569
-5 32 13 0.349020 0.337255 0.321569
-5 32 12 0.349020 0.337255 0.321569
-4 32 13 0.349020 0.337255 0.321569
-4 32 12 0.349020 0.337255 0.321569
-3 32 13 0.349020 0.337255 0.321569
-3 32 12 0.349020 0.337255 0.321569
-2 32 13 0.349020 0.337255 0.321569
-2 32 12 0.349020 0.337255 0.321569
-1 32 13 0.349020 0.337255 0.321569
-1 32 12 0.349020 0.337255 0.321569
0 32 13 0.349020 0.337255 0.321569
0 32 12 0.349020 0.337255 0.321569
-12 32 11 0.349020 0.337255 0.321569
-13 32 11 0.349020 0.337255 0.321569
-12 32 10 0.349020 0.337255 0.321569
-13 32 10 0.349020 0.337255 0.321569
-12 32 9 0.349020 0.337255 0.321569
-13 32 9 0.349020 0.337255 0.321569
-12 32 8 0.349020 0.337255 0.321569
-13 32 8 0.349020 0.337255 0.321569
-12 32 7 0.349020 0.337255 0.321569
-13 32 7 0.349020 0.337255 0.321569
-12 32 6 0.349020 0.337255 0.321569
-13 32 6 0.349020 0.337255 0.321569
-12 32 5 0.349020 0.337255 0.321569
-13 32 5 0.349020 0.337255 0.321569
-12 32 4 0.349020 0.337255 0.321569
-13 32 4 0.349020 0.337255 0.321569
-12 32 3 0.349020 0.337255 0.321569
-13 32 3 0.349020 0.337255 0.321569
-12 32 2 0.349020 0.337255 0.321569
-13 32 2 0.349020 0.337255 0.321569
-12 32 1 0.349020 0.337255 0.321569
-13 32 1 0.349020 0.337255 0.321569
-12 32 0 0.349020 0.337255 0.321569
-13 32 0 0.349020 0.337255 0.321569
-13 30 -1 0.349020 0.337255 0.321569
-12 30 -1 0.349020 0.337255 0.321569
-12 31 -1 0.349020 0.337255 0.321569
-13 31 -1 0.349020 0.337255 0.321569
-13 30 -2 0.349020 0.337255 0.321569
-12 30 -2 0.349020 0.337255 0.321569
-12 31 -2 0.349020 0.337255 0.321569
-13 31 -2 0.349020 0.337255 0.321569
-13 30 -3 0.349020 0.337255 0.321569
-12 30 -3 0.349020 0.337255 0.321569
-12 31 -3 0.349020 0.337255 0.321569
-13 31 -3 0.349020 0.337255 0.321569
-13 30 -4 0.349020 0.337255 0.321569
-12 30 -4 0.349020 0.337255 0.321569
-12 31 -4 0.349020 0.337255 0.321569
-13 31 -4 0.349020 0.337255 0.321569
-13 30 -5 0.349020 0.337255 0.321569
-12 30 -5 0.349020 0.337255 0.321569
-12 31 -5 0.349020 0.337255 0.321569
-13 31 -5 0.349020 0.337255 0.321569
-13 30 -6 0.349020 0.337255 0.321569
-12 30 -6 0.349020 0.337255 0.321569
-12 31 -6 0.349020 0.337255 0.321569
-13 31 -6 0.349020 0.337255 0.321569
-12 30 -7 0.349020 0.337255 0.321569
-13 30 -7 0.349020 0.337255 0.321569
-13 31 -7 0.349020 0.337255 0.321569
-12 31 -7 0.349020 0.337255 0.321569
-11 30 -6 0.349020 0.337255 0.321569
-11 31 -6 0.349020 0.337255 0.321569
-11 30 -7 0.349020 0.337255 0.321569
-11 31 -7 0.349020 0.337255 0.321569
-10 30 -6 0.349020 0.337255 0.321569
-10 31 -6 0.349020 0.337255 0.321569
-10 30 -7 0.349020 0.337255 0.321569
-10 31 -7 0.349020 0.337255 0.321569
-9 30 -6 0.349020 0.337255 0.321569
-9 31 -6 0.349020 0.337255 0.321569
-9 30 -7 0.349020 0.337255 0.321569
-9 31 -7 0.349020 0.337255 0.321569
-8 30 -6 0.349020 0.337255 0.321569
-8 31 -6 0.349020 0.337255 0.321569
-8 30 -7 0.349020 0.337255 0.321569
-8 31 -7 0.349020 0.337255 0.321569
-7 30 -6 0.349020 0.337255 0.321569
-7 31 -6 0.349020 0.337255 0.321569
-7 30 -7 0.349020 0.337255 0.321569
-7 31 -7 0.349020 0.337255 0.321569
-6 30 -6 0.349020 0.337255 0.321569
-6 31 -6 0.349020 0.337255 0.321569
-6 30 -7 0.349020 0.337255 0.321569
-6 31 -7 0.349020 0.337255 0.321569
-5 30 -6 0.349020 0.337255 0.321569
-5 31 -6 0.349020 0.337255 0.321569
-5 30 -7 0.349020 0.337255 0.321569
-5 31 -7 0.349020 0.337255 0.321569
-4 30 -6 0.349020 0.337255 0.321569
-4 31 -6 0.349020 0.337255 0.321569
-4 30 -7 0.349020 0.337255 0.321569
-4 31 -7 0.349020 0.337255 0.321569
-3 30 -6 0.349020 0.337255 0.321569
-3 31 -6 0.349020 0.337255 0.321569
-3 30 -7 0.349020 0.337255 0.321569
-3 31 -7 0.349020 0.337255 0.321569
-2 30 -6 0.349020 0.337255 0.321569
-2 31 -6 0.349020 0.337255 0.321569
-2 30 -7 0.349020 0.337255 0.321569
-2 31 -7 0.349020 0.337255 0.321569
-1 30 -6 0.349020 0.337255 0.321569
-1 31 -6 0.349020 0.337255 0.321569
-1 30 -7 0.349020 0.337255 0.321569
-1 31 -7 0.349020 0.337255 0.321569
0 30 -6 0.349020 0.337255 0.321569
0 31 -6 0.349020 0.337255 0.321569
0 30 -7 0.349020 0.337255 0.321569
0 31 -7 0.349020 0.337255 0.321569
-12 32 -1 0.349020 0.337255 0.321569
-13 32 -1 0.349020 0.337255 0.321569
-12 32 -2 0.349020 0.337255 0.321569
-13 32 -2 0.349020 0.337255 0.321569
-12 32 -3 0.349020 0.337255 0.321569
-13 32 -3 0.349020 0.337255 0.321569
-12 32 -4 0.349020 0.337255 0.321569
-13 32 -4 0.349020 0.337255 0.321569
-12 32 -5 0.349020 0.337255 0.321569
-13 32 -5 0.349020 0.337255 0.321569
-12 32 -6 0.349020 0.337255 0.321569
-13 32 -6 0.349020 0.337255 0.321569
-13 32 -7 0.349020 0.337255 0.321569
-12 32 -7 0.349020 0.337255 0.321569
-11 32 -6 0.349020 0.337255 0.321569
-11 32 -7 0.349020 0.337255 0.321569
-10 32 -6 0.349020 0.337255 0.321569
-10 32 -7 0.349020 0.337255 0.321569
-9 32 -6 0.349020 0.337255 0.321569
-9 32 -7 0.349020 0.337255 0.321569
-8 32 -6 0.349020 0.337255 0.321569
-8 32 -7 0.349020 0.337255 0.321569
-7 32 -6 0.349020 0.337255 0.321569
-7 32 -7 0.349020 0.337255 0.321569
-6 32 -6 0.349020 0.337255 0.321569
-6 32 -7 0.349020 0.337255 0.321569
-5 32 -6 0.349020 0.337255 0.321569
-5 32 -7 0.349020 0.337255 0.321569
-4 32 -6 0.349020 0.337255 0.321569
-4 32 -7 0.349020 0.337255 0.321569
-3 32 -6 0.349020 0.337255 0.321569
-3 32 -7 0.349020 0.337255 0.321569
-2 32 -6 0.349020 0.337255 0.321569
-2 32 -7 0.349020 0.337255 0.321569
-1 32 -6 0.349020 0.337255 0.321569
-1 32 -7 0.349020 0.337255 0.321569
0 32 -6 0.349020 0.337255 0.321569
0 32 -7 0.349020 0.337255 0.321569
1 30 -6 0.349020 0.337255 0.321569
1 31 -6 0.349020 0.337255 0.321569
1 30 -7 0.349020 0.337255 0.321569
1 31 -7 0.349020 0.337255 0.321569
2 30 -6 0.349020 0.337255 0.321569
2 31 -6 0.349020 0.337255 0.321569
2 30 -7 0.349020 0.337255 0.321569
2 31 -7 0.349020 0.337255 0.321569
3 30 -6 0.349020 0.337255 0.321569
3 31 -6 0.349020 0.337255 0.321569
3 30 -7 0.349020 0.337255 0.321569
3 31 -7 0.349020 0.337255 0.321569
4 30 -6 0.349020 0.337255 0.321569
4 31 -6 0.349020 0.337255 0.321569
4 30 -7 0.349020 0.337255 0.321569
4 31 -7 0.349020 0.337255 0.321569
5 30 -6 0.349020 0.337255 0.321569
5 31 -6 0.349020 0.337255 0.321569
5 30 -7 0.349020 0.337255 0.321569
5 31 -7 0.349020 0.337255 0.321569
6 30 -6 0.349020 0.337255 0.321569
6 31 -6 0.349020 0.337255 0.321569
6 30 -7 0.349020 0.337255 0.321569
6 31 -7 0.349020 0.337255 0.321569
7 30 -6 0.349020 0.337255 0.321569
7 31 -6 0.349020 0.337255 0.321569
7 30 -7 0.349020 0.337255 0.321569
7 31 -7 0.349020 0.337255 0.321569
8 30 -6 0.349020 0.337255 0.321569
8 31 -6 0.349020 0.337255 0.321569
8 30 -7 0.349020 0.337255 0.321569
8 31 -7 0.349020 0.337255 0.321569
9 30 -6 0.349020 0.337255 0.321569
9 31 -6 0.349020 0.337255 0.321569
9 30 -7 0.349020 0.337255 0.321569
9 31 -7 0.349020 0.337255 0.321569
10 30 -6 0.349020 0.337255 0.321569
10 31 -6 0.349020 0.337255 0.321569
10 30 -7 0.349020 0.337255 0.321569
10 31 -7 0.349020 0.337255 0.321569
11 30 -6 0.349020 0.337255 0.321569
11 31 -6 0.349020 0.337255 0.321569
11 30 -7 0.349020 0.337255 0.321569
11 31 -7 0.349020 0.337255 0.321569
12 30 -6 0.349020 0.337255 0.321569
12 31 -6 0.349020 0.337255 0.321569
12 30 -7 0.349020 0.337255 0.321569
12 31 -7 0.349020 0.337255 0.321569
13 30 -6 0.349020 0.337255 0.321569
13 31 -6 0.349020 0.337255 0.321569
13 30 -7 0.349020 0.337255 0.321569
13 31 -7 0.349020 0.337255 0.321569
14 30 -6 0.349020 0.337255 0.321569
14 31 -6 0.349020 0.337255 0.321569
14 30 -7 0.349020 0.337255 0.321569
14 31 -7 0.349020 0.337255 0.321569
15 30 -6 0.349020 0.337255 0.321569
15 31 -6 0.349020 0.337255 0.321569
15 30 -7 0.349020 0.337255 0.321569
15 31 -7 0.349020 0.337255 0.321569
16 30 -6 0.349020 0.337255 0.321569
16 31 -6 0.349020 0.337255 0.321569
16 30 -7 0.349020 0.337255 0.321569
16 31 -7 0.349020 0.337255 0.321569
1 32 -6 0.349020 0.337255 0.321569
1 32 -7 0.349020 0.337255 0.321569
2 32 -6 0.349020 0.337255 0.321569
2 32 -7 0.349020 0.337255 0.321569
3 32 -6 0.349020 0.337255 0.321569
3 32 -7 0.349020 0.337255 0.321569
4 32 -6 0.349020 0.337255 0.321569
4 32 -7 0.349020 0.337255 0.321569
5 32 -6 0.349020 0.337255 0.321569
5 32 -7 0.349020 0.337255 0.321569
6 32 -6 0.349020 0.337255 0.321569
6 32 -7 0.349020 0.337255 0.321569
7 32 -6 0.349020 0.337255 0.321569
7 32 -7 0.349020 0.337255 0.321569
8 32 -6 0.349020 0.337255 0.321569
8 32 -7 0.349020 0.337255 0.321569
9 32 -6 0.349020 0.337255 0.321569
9 32 -7 0.349020 0.337255 0.321569
10 32 -6 0.349020 0.337255 0.321569
10 32 -7 0.349020 0.337255 0.321569
11 32 -6 0.349020 0.337255 0.321569
11 32 -7 0.349020 0.337255 0.321569
12 32 -6 0.349020 0.337255 0.321569
12 32 -7 0.349020 0.337255 0.321569
13 32 -6 0.349020 0.337255 0.321569
13 32 -7 0.349020 0.337255 0.321569
14 32 -6 0.349020 0.337255 0.321569
14 32 -7 0.349020 0.337255 0.321569
15 32 -6 0.349020 0.337255 0.321569
15 32 -7 0.349020 0.337255 0.321569
16 32 -6 0.349020 0.337255 0.321569
16 32 -7 0.349020 0.337255 0.321569
17 30 -6 0.349020 0.337255 0.321569
17 31 -6 0.349020 0.337255 0.321569
17 30 -7 0.349020 0.337255 0.321569
17 31 -7 0.349020 0.337255 0.321569
18 30 -6 0.349020 0.337255 0.321569
18 31 -6 0.349020 0.337255 0.321569
18 30 -7 0.349020 0.337255 0.321569
18 31 -7 0.349020 0.337255 0.321569
19 30 -6 0.349020 0.337255 0.321569
19 31 -6 0.349020 0.337255 0.321569
19 30 -7 0.349020 0.337255 0.321569
19 31 -7 0.349020 0.337255 0.321569
20 30 -6 0.349020 0.337255 0.321569
20 31 -6 0.349020 0.337255 0.321569
20 30 -7 0.349020 0.337255 0.321569
20 31 -7 0.349020 0.337255 0.321569
21 30 -6 0.349020 0.337255 0.321569
21 31 -6 0.349020 0.337255 0.321569
21 30 -7 0.349020 0.337255 0.321569
21 31 -7 0.349020 0.337255 0.321569
22 30 -6 0.349020 0.337255 0.321569
22 31 -6 0.349020 0.337255 0.321569
22 30 -7 0.349020 0.337255 0.321569
22 31 -7 0.349020 0.337255 0.321569
23 30 -6 0.349020 0.337255 0.321569
23 31 -6 0.349020 0.337255 0.321569
23 30 -7 0.349020 0.337255 0.321569
23 31 -7 0.349020 0.337255 0.321569
24 30 -6 0.349020 0.337255 0.321569
24 31 -6 0.349020 0.337255 0.321569
24 30 -7 0.349020 0.337255 0.321569
24 31 -7 0.349020 0.337255 0.321569
25 30 -6 0.349020 0.337255 0.321569
25 31 -6 0.349020 0.337255 0.321569
25 30 -7 0.349020 0.337255 0.321569
25 31 -7 0.349020 0.337255 0.321569
26 30 -6 0.349020 0.337255 0.321569
26 31 -6 0.349020 0.337255 0.321569
26 30 -7 0.349020 0.337255 0.321569
26 31 -7 0.349020 0.337255 0.321569
27 30 -6 0.349020 0.337255 0.321569
27 31 -6 0.349020 0.337255 0.321569
27 30 -7 0.349020 0.337255 0.321569
27 31 -7 0.349020 0.337255 0.321569
28 30 -6 0.349020 0.337255 0.321569
28 31 -6 0.349020 0.337255 0.321569
28 30 -7 0.349020 0.337255 0.321569
28 31 -7 0.349020 0.337255 0.321569
29 30 -6 0.349020 0.337255 0.321569
29 31 -6 0.349020 0.337255 0.321569
29 30 -7 0.349020 0.337255 0.321569
29 31 -7 0.349020 0.337255 0.321569
30 30 -6 0.349020 0.337255 0.321569
30 31 -6 0.349020 0.337255 0.321569
30 30 -7 0.349020 0.337255 0.321569
30 31 -7 0.349020 0.337255 0.321569
31 30 -6 0.349020 0.337255 0.321569
31 31 -6 0.349020 0.337255 0.321569
31 30 -7 0.349020 0.337255 0.321569
31 31 -7 0.349020 0.337255 0.321569
32 30 -6 0.349020 0.337255 0.321569
32 31 -6 0.349020 0.337255 0.321569
32 30 -7 0.349020 0.337255 0.321569
32 31 -7 0.349020 0.337255 0.321569
17 32 -6 0.349020 0.337255 0.321569
17 32 -7 0.349020 0.337255 0.321569
18 32 -6 0.349020 0.337255 0.321569
18 32 -7 0.349020 0.337255 0.321569
19 32 -6 0.349020 0.337255 0.321569
19 32 -7 0.349020 0.337255 0.321569
20 32 -6 0.349020 0.337255 0.321569
20 32 -7 0.349020 0.337255 0.321569
21 32 -6 0.349020 0.337255 0.321569
21 32 -7 0.349020 0.337255 0.321569
22 32 -6 0.349020 0.337255 0.321569
22 32 -7 0.349020 0.337255 0.321569
23 32 -6 0.349020 0.337255 0.321569
23 32 -7 0.349020 0.337255 0.321569
24 32 -6 0.349020 0.337255 0.321569
24 32 -7 0.349020 0.337255 0.321569
25 32 -6 0.349020 0.337255 0.321569
25 32 -7 0.349020 0.337255 0.321569
26 32 -6 0.349020 0.337255 0.321569
26 32 -7 0.349020 0.337255 0.321569
27 32 -6 0.349020 0.337255 0.321569
27 32 -7 0.349020 0.337255 0.321569
28 32 -6 0.349020 0.337255 0.321569
28 32 -7 0.349020 0.337255 0.321569
29 32 -6 0.349020 0.337255 0.321569
29 32 -7 0.349020 0.337255 0.321569
30 32 -6 0.349020 0.337255 0.321569
30 32 -7 0.349020 0.337255 0.321569
31 32 -6 0.349020 0.337255 0.321569
31 32 -7 0.349020 0.337255 0.321569
32 32 -6 0.349020 0.337255 0.321569
32 32 -7 0.349020 0.337255 0.321569
33 30 -6 0.349020 0.337255 0.321569
33 31 -6 0.349020 0.337255 0.321569
33 30 -7 0.349020 0.337255 0.321569
33 31 -7 0.349020 0.337255 0.321569
34 30 -6 0.349020 0.337255 0.321569
34 31 -6 0.349020 0.337255 0.321569
34 30 -7 0.349020 0.337255 0.321569
34 31 -7 0.349020 0.337255 0.321569
35 30 -6 0.349020 0.337255 0.321569
35 31 -6 0.349020 0.337255 0.321569
35 30 -7 0.349020 0.337255 0.321569
35 31 -7 0.349020 0.337255 0.321569
36 30 -6 0.349020 0.337255 0.321569
36 31 -6 0.349020 0.337255 0.321569
36 30 -7 0.349020 0.337255 0.321569
36 31 -7 0.349020 0.337255 0.321569
37 30 -6 0.349020 0.337255 0.321569
37 31 -6 0.349020 0.337255 0.321569
37 30 -7 0.349020 0.337255 0.321569
37 31 -7 0.349020 0.337255 0.321569
38 30 -6 0.349020 0.337255 0.321569
38 31 -6 0.349020 0.337255 0.321569
38 30 -7 0.349020 0.337255 0.321569
38 31 -7 0.349020 0.337255 0.321569
39 30 -6 0.349020 0.337255 0.321569
39 31 -6 0.349020 0.337255 0.321569
39 30 -7 0.349020 0.337255 0.321569
39 31 -7 0.349020 0.337255 0.321569
40 30 -6 0.349020 0.337255 0.321569
40 31 -6 0.349020 0.337255 0.321569
40 30 -7 0.349020 0.337255 0.321569
40 31 -7 0.349020 0.337255 0.321569
41 30 -6 0.349020 0.337255 0.321569
41 31 -6 0.349020 0.337255 0.321569
41 30 -7 0.349020 0.337255 0.321569
41 31 -7 0.349020 0.337255 0.321569
42 30 -6 0.349020 0.337255 0.321569
42 31 -6 0.349020 0.337255 0.321569
42 30 -7 0.349020 0.337255 0.321569
42 31 -7 0.349020 0.337255 0.321569
43 30 -6 0.349020 0.337255 0.321569
43 31 -6 0.349020 0.337255 0.321569
43 30 -7 0.349020 0.337255 0.321569
43 31 -7 0.349020 0.337255 0.321569
44 30 -6 0.349020 0.337255 0.321569
44 31 -6 0.349020 0.337255 0.321569
44 30 -7 0.349020 0.337255 0.321569
44 31 -7 0.349020 0.337255 0.321569
45 30 -6 0.349020 0.337255 0.321569
45 31 -6 0.349020 0.337255 0.321569
45 30 -7 0.349020 0.337255 0.321569
45 31 -7 0.349020 0.337255 0.321569
46 30 -6 0.349020 0.337255 0.321569
46 31 -6 0.349020 0.337255 0.321569
46 30 -7 0.349020 0.337255 0.321569
46 31 -7 0.349020 0.337255 0.321569
47 30 -6 0.349020 0.337255 0.321569
47 31 -6 0.349020 0.337255 0.321569
47 30 -7 0.349020 0.337255 0.321569
47 31 -7 0.349020 0.337255 0.321569
48 30 -6 0.349020 0.337255 0.321569
48 31 -6 0.349020 0.337255 0.321569
48 30 -7 0.349020 0.337255 0.321569
48 31 -7 0.349020 0.337255 0.321569
33 32 -6 0.349020 0.337255 0.321569
33 32 -7 0.349020 0.337255 0.321569
34 32 -6 0.349020 0.337255 0.321569
34 32 -7 0.349020 0.337255 0.321569
35 32 -6 0.349020 0.337255 0.321569
35 32 -7 0.349020 0.337255 0.321569
36 32 -6 0.349020 0.337255 0.321569
36 32 -7 0.349020 0.337255 0.321569
37 32 -6 0.349020 0.337255 0.321569
37 32 -7 0.349020 0.337255 0.321569
38 32 -6 0.349020 0.337255 0.321569
38 32 -7 0.349020 0.337255 0.321569
39 32 -6 0.349020 0.337255 0.321569
39 32 -7 0.349020 0.337255 0.321569
40 32 -6 0.349020 0.337255 0.321569
40 32 -7 0.349020 0.337255 0.321569
41 32 -6 0.349020 0.337255 0.321569
41 32 -7 0.349020 0.337255 0.321569
42 32 -6 0.349020 0.337255 0.321569
42 32 -7 0.349020 0.337255 0.321569
43 32 -6 0.349020 0.337255 0.321569
43 32 -7 0.349020 0.337255 0.321569
44 32 -6 0.349020 0.337255 0.321569
44 32 -7 0.349020 0.337255 0.321569
45 32 -6 0.349020 0.337255 0.321569
45 32 -7 0.349020 0.337255 0.321569
46 32 -6 0.349020 0.337255 0.321569
46 32 -7 0.349020 0.337255 0.321569
47 32 -6 0.349020 0.337255 0.321569
47 32 -7 0.349020 0.337255 0.321569
48 32 -6 0.349020 0.337255 0.321569
48 32 -7 0.349020 0.337255 0.321569
49 30 -6 0.349020 0.337255 0.321569
49 31 -6 0.349020 0.337255 0.321569
49 30 -7 0.349020 0.337255 0.321569
49 31 -7 0.349020 0.337255 0.321569
50 30 -6 0.349020 0.337255 0.321569
50 31 -6 0.349020 0.337255 0.321569
50 30 -7 0.349020 0.337255 0.321569
50 31 -7 0.349020 0.337255 0.321569
51 30 -6 0.349020 0.337255 0.321569
51 31 -6 0.349020 0.337255 0.321569
51 30 -7 0.349020 0.337255 0.321569
51 31 -7 0.349020 0.337255 0.321569
52 30 -6 0.349020 0.337255 0.321569
52 31 -6 0.349020 0.337255 0.321569
52 30 -7 0.349020 0.337255 0.321569
52 31 -7 0.349020 0.337255 0.321569
53 30 -6 0.349020 0.337255 0.321569
53 31 -6 0.349020 0.337255 0.321569
53 30 -7 0.349020 0.337255 0.321569
53 31 -7 0.349020 0.337255 0.321569
54 30 -6 0.349020 0.337255 0.321569
54 31 -6 0.349020 0.337255 0.321569
54 30 -7 0.349020 0.337255 0.321569
54 31 -7 0.349020 0.337255 0.321569
55 30 -6 0.349020 0.337255 0.321569
55 31 -6 0.349020 0.337255 0.321569
55 30 -7 0.349020 0.337255 0.321569
55 31 -7 0.349020 0.337255 0.321569
56 30 -6 0.349020 0.337255 0.321569
56 31 -6 0.349020 0.337255 0.321569
56 30 -7 0.349020 0.337255 0.321569
56 31 -7 0.349020 0.337255 0.321569
57 30 -6 0.349020 0.337255 0.321569
57 31 -6 0.349020 0.337255 0.321569
57 30 -7 0.349020 0.337255 0.321569
57 31 -7 0.349020 0.337255 0.321569
58 30 -6 0.349020 0.337255 0.321569
58 31 -6 0.349020 0.337255 0.321569
58 30 -7 0.349020 0.337255 0.321569
58 31 -7 0.349020 0.337255 0.321569
59 30 -6 0.349020 0.337255 0.321569
59 31 -6 0.349020 0.337255 0.321569
59 30 -7 0.349020 0.337255 0.321569
59 31 -7 0.349020 0.337255 0.321569
60 30 -6 0.349020 0.337255 0.321569
60 31 -6 0.349020 0.337255 0.321569
60 30 -7 0.349020 0.337255 0.321569
60 31 -7 0.349020 0.337255 0.321569
61 30 -6 0.349020 0.337255 0.321569
61 31 -6 0.349020 0.337255 0.321569
61 30 -7 0.349020 0.337255 0.321569
61 31 -7 0.349020 0.337255 0.321569
62 30 -6 0.349020 0.337255 0.321569
62 31 -6 0.349020 0.337255 0.321569
62 30 -7 0.349020 0.337255 0.321569
62 31 -7 0.349020 0.337255 0.321569
63 30 -6 0.349020 0.337255 0.321569
63 31 -6 0.349020 0.337255 0.321569
63 30 -7 0.349020 0.337255 0.321569
63 31 -7 0.349020 0.337255 0.321569
64 30 -6 0.349020 0.337255 0.321569
64 31 -6 0.349020 0.337255 0.321569
64 30 -7 0.349020 0.337255 0.321569
64 31 -7 0.349020 0.337255 0.321569
49 32 -6 0.349020 0.337255 0.321569
49 32 -7 0.349020 0.337255 0.321569
50 32 -6 0.349020 0.337255 0.321569
50 32 -7 0.349020 0.337255 0.321569
51 32 -6 0.349020 0.337255 0.321569
51 32 -7 0.349020 0.337255 0.321569
52 32 -6 0.349020 0.337255 0.321569
52 32 -7 0.349020 0.337255 0.321569
53 32 -6 0.349020 0.337255 0.321569
53 32 -7 0.349020 0.337255 0.321569
54 32 -6 0.349020 0.337255 0.321569
54 32 -7 0.349020 0.337255 0.321569
55 32 -6 0.349020 0.337255 0.321569
55 32 -7 0.349020 0.337255 0.321569
56 32 -6 0.349020 0.337255 0.321569
56 32 -7 0.349020 0.337255 0.321569
57 32 -6 0.349020 0.337255 0.321569
57 32 -7 0.349020 0.337255 0.321569
58 32 -6 0.349020 0.337255 0.321569
58 32 -7 0.349020 0.337255 0.321569
59 32 -6 0.349020 0.337255 0.321569
59 32 -7 0.349020 0.337255 0.321569
60 32 -6 0.349020 0.337255 0.321569
60 32 -7 0.349020 0.337255 0.321569
61 32 -6 0.349020 0.337255 0.321569
61 32 -7 0.349020 0.337255 0.321569
62 32 -6 0.349020 0.337255 0.321569
62 32 -7 0.349020 0.337255 0.321569
63 32 -6 0.349020 0.337255 0.321569
63 32 -7 0.349020 0.337255 0.321569
64 32 -6 0.349020 0.337255 0.321569
64 32 -7 0.349020 0.337255 0.321569
72 30 0 0.349020 0.337255 0.321569
72 30 -1 0.349020 0.337255 0.321569
73 30 -1 0.349020 0.337255 0.321569
73 30 0 0.349020 0.337255 0.321569
73 31 -1 0.349020 0.337255 0.321569
73 31 0 0.349020 0.337255 0.321569
72 31 0 0.349020 0.337255 0.321569
72 31 -1 0.349020 0.337255 0.321569
72 30 -2 0.349020 0.337255 0.321569
73 30 -2 0.349020 0.337255 0.321569
73 31 -2 0.349020 0.337255 0.321569
72 31 -2 0.349020 0.337255 0.321569
72 30 -3 0.349020 0.337255 0.321569
73 30 -3 0.349020 0.337255 0.321569
73 31 -3 0.349020 0.337255 0.321569
72 31 -3 0.349020 0.337255 0.321569
72 30 -4 0.349020 0.337255 0.321569
73 30 -4 0.349020 0.337255 0.321569
73 31 -4 0.349020 0.337255 0.321569
72 31 -4 0.349020 0.337255 0.321569
72 30 -5 0.349020 0.337255 0.321569
73 30 -5 0.349020 0.337255 0.321569
73 31 -5 0.349020 0.337255 0.321569
72 31 -5 0.349020 0.337255 0.321569
72 30 -6 0.349020 0.337255 0.321569
73 30 -6 0.349020 0.337255 0.321569
73 31 -6 0.349020 0.337255 0.321569
72 31 -6 0.349020 0.337255 0.321569
65 30 -6 0.349020 0.337255 0.321569
65 31 -6 0.349020 0.337255 0.321569
65 30 -7 0.349020 0.337255 0.321569
65 31 -7 0.349020 0.337255 0.321569
66 30 -6 0.349020 0.337255 0.321569
66 31 -6 0.349020 0.337255 0.321569
66 30 -7 0.349020 0.337255 0.321569
66 31 -7 0.349020 0.337255 0.321569
67 30 -6 0.349020 0.337255 0.321569
67 31 -6 0.349020 0.337255 0.321569
67 30 -7 0.349020 0.337255 0.321569
67 31 -7 0.349020 0.337255 0.321569
68 30 -6 0.349020 0.337255 0.321569
68 31 -6 0.349020 0.337255 0.321569
68 30 -7 0.349020 0.337255 0.321569
68 31 -7 0.349020 0.337255 0.321569
69 30 -6 0.349020 0.337255 0.321569
69 31 -6 0.349020 0.337255 0.321569
69 30 -7 0.349020 0.337255 0.321569
69 31 -7 0.349020 0.337255 0.321569
70 30 -6 0.349020 0.337255 0.321569
70 31 -6 0.349020 0.337255 0.321569
70 30 -7 0.349020 0.337255 0.321569
70 31 -7 0.349020 0.337255 0.321569
71 30 -6 0.349020 0.337255 0.321569
71 31 -6 0.349020 0.337255 0.321569
71 30 -7 0.349020 0.337255 0.321569
71 31 -7 0.349020 0.337255 0.321569
72 30 -7 0.349020 0.337255 0.321569
72 31 -7 0.349020 0.337255 0.321569
73 30 -7 0.349020 0.337255 0.321569
73 31 -7 0.349020 0.337255 0.321569
73 32 -1 0.349020 0.337255 0.321569
73 32 0 0.349020 0.337255 0.321569
72 32 0 0.349020 0.337255 0.321569
72 32 -1 0.349020 0.337255 0.321569
73 32 -2 0.349020 0.337255 0.321569
72 32 -2 0.349020 0.337255 0.321569
73 32 -3 0.349020 0.337255 0.321569
72 32 -3 0.349020 0.337255 0.321569
73 32 -4 0.349020 0.337255 0.321569
72 32 -4 0.349020 0.337255 0.321569
73 32 -5 0.349020 0.337255 0.321569
72 32 -5 0.349020 0.337255 0.321569
73 32 -6 0.349020 0.337255 0.321569
72 32 -6 0.349020 0.337255 0.321569
65 32 -6 0.349020 0.337255 0.321569
65 32 -7 0.349020 0.337255 0.321569
66 32 -6 0.349020 0.337255 0.321569
66 32 -7 0.349020 0.337255 0.321569
67 32 -6 0.349020 0.337255 0.321569
67 32 -7 0.349020 0.337255 0.321569
68 32 -6 0.349020 0.337255 0.321569
68 32 -7 0.349020 0.337255 0.321569
69 32 -6 0.349020 0.337255 0.321569
69 32 -7 0.349020 0.337255 0.321569
70 32 -6 0.349020 0.337255 0.321569
70 32 -7 0.349020 0.337255 0.321569
71 32 -6 0.349020 0.337255 0.321569
71 32 -7 0.349020 0.337255 0.321569
72 32 -7 0.349020 0.337255 0.321569
73 32 -7 0.349020 0.337255 0.321569
64 30 13 0.349020 0.337255 0.321569
65 30 13 0.349020 0.337255 0.321569
65 31 13 0.349020 0.337255 0.321569
64 31 13 0.349020 0.337255 0.321569
65 30 12 0.349020 0.337255 0.321569
64 30 12 0.349020 0.337255 0.321569
64 31 12 0.349020 0.337255 0.321569
65 31 12 0.349020 0.337255 0.321569
66 30 13 0.349020 0.337255 0.321569
66 31 13 0.349020 0.337255 0.321569
66 30 12 0.349020 0.337255 0.321569
66 31 12 0.349020 0.337255 0.321569
67 30 13 0.349020 0.337255 0.321569
67 31 13 0.349020 0.337255 0.321569
67 30 12 0.349020 0.337255 0.321569
67 31 12 0.349020 0.337255 0.321569
68 30 13 0.349020 0.337255 0.321569
68 31 13 0.349020 0.337255 0.321569
68 30 12 0.349020 0.337255 0.321569
68 31 12 0.349020 0.337255 0.321569
69 30 13 0.349020 0.337255 0.321569
69 31 13 0.349020 0.337255 0.321569
69 30 12 0.349020 0.337255 0.321569
69 31 12 0.349020 0.337255 0.321569
70 30 13 0.349020 0.337255 0.321569
70 31 13 0.349020 0.337255 0.321569
70 30 12 0.349020 0.337255 0.321569
70 31 12 0.349020 0.337255 0.321569
71 30 13 0.349020 0.337255 0.321569
71 31 13 0.349020 0.337255 0.321569
71 30 12 0.349020 0.337255 0.321569
71 31 12 0.349020 0.337255 0.321569
72 30 13 0.349020 0.337255 0.321569
72 31 13 0.349020 0.337255 0.321569
72 30 12 0.349020 0.337255 0.321569
72 31 12 0.349020 0.337255 0.321569
73 30 13 0.349020 0.337255 0.321569
73 31 13 0.349020 0.337255 0.321569
73 30 12 0.349020 0.337255 0.321569
73 31 12 0.349020 0.337255 0.321569
72 30 11 0.349020 0.337255 0.321569
73 30 11 0.349020 0.337255 0.321569
73 31 11 0.349020 0.337255 0.321569
72 31 11 0.349020 0.337255 0.321569
72 30 10 0.349020 0.337255 0.321569
73 30 10 0.349020 0.337255 0.321569
73 31 10 0.349020 0.337255 0.321569
72 31 10 0.349020 0.337255 0.321569
72 30 9 0.349020 0.337255 0.321569
73 30 9 0.349020 0.337255 0.321569
73 31 9 0.349020 0.337255 0.321569
72 31 9 0.349020 0.337255 0.321569
72 30 8 0.349020 0.337255 0.321569
73 30 8 0.349020 0.337255 0.321569
73 31 8 0.349020 0.337255 0.321569
72 31 8 0.349020 0.337255 0.321569
72 30 7 0.349020 0.337255 0.321569
73 30 7 0.349020 0.337255 0.321569
73 31 7 0.349020 0.337255 0.321569
72 31 7 0.349020 0.337255 0.321569
72 30 6 0.349020 0.337255 0.321569
73 30 6 0.349020 0.337255 0.321569
73 31 6 0.349020 0.337255 0.321569
72 31 6 0.349020 0.337255 0.321569
72 30 5 0.349020 0.337255 0.321569
73 30 5 0.349020 0.337255 0.321569
73 31 5 0.349020 0.337255 0.321569
72 31 5 0.349020 0.337255 0.321569
72 30 4 0.349020 0.337255 0.321569
73 30 4 0.349020 0.337255 0.321569
73 31 4 0.349020 0.337255 0.321569
72 31 4 0.349020 0.337255 0.321569
72 30 3 0.349020 0.337255 0.321569
73 30 3 0.349020 0.337255 0.321569
73 31 3 0.349020 0.337255 0.321569
72 31 3 0.349020 0.337255 0.321569
72 30 2 0.349020 0.337255 0.321569
73 30 2 0.349020 0.337255 0.321569
73 31 2 0.349020 0.337255 0.321569
72 31 2 0.349020 0.337255 0.321569
72 30 1 0.349020 0.337255 0.321569
73 30 1 0.349020 0.337255 0.321569
73 31 1 0.349020 0.337255 0.321569
72 31 1 0.349020 0.337255 0.321569
65 32 13 0.349020 0.337255 0.321569
64 32 13 0.349020 0.337255 0.321569
64 32 12 0.349020 0.337255 0.321569
65 32 12 0.349020 0.337255 0.321569
66 32 13 0.349020 0.337255 0.321569
66 32 12 0.349020 0.337255 0.321569
67 32 13 0.349020 0.337255 0.321569
67 32 12 0.349020 0.337255 0.321569
68 32 13 0.349020 0.337255 0.321569
68 32 12 0.349020 0.337255 0.321569
69 32 13 0.349020 0.337255 0.321569
69 32 12 0.349020 0.337255 0.321569
70 32 13 0.349020 0.337255 0.321569
70 32 12 0.349020 0.337255 0.321569
71 32 13 0.349020 0.337255 0.321569
71 32 12 0.349020 0.337255 0.321569
72 32 13 0.349020 0.337255 0.321569
72 32 12 0.349020 0.337255 0.321569
73 32 13 0.349020 0.337255 0.321569
73 32 12 0.349020 0.337255 0.321569
73 32 11 0.349020 0.337255 0.321569
72 32 11 0.349020 0.337255 0.321569
73 32 10 0.349020 0.337255 0.321569
72 32 10 0.349020 0.337255 0.321569
73 32 9 0.349020 0.337255 0.321569
72 32 9 0.349020 0.337255 0.321569
73 32 8 0.349020 0.337255 0.321569
72 32 8 0.349020 0.337255 0.321569
73 32 7 0.349020 0.337255 0.321569
72 32 7 0.349020 0.337255 0.321569
73 32 6 0.349020 0.337255 0.321569
72 32 6 0.349020 0.337255 0.321569
73 32 5 0.349020 0.337255 0.321569
72 32 5 0.349020 0.337255 0.321569
73 32 4 0.349020 0.337255 0.321569
72 32 4 0.349020 0.337255 0.321569
73 32 3 0.349020 0.337255 0.321569
72 32 3 0.349020 0.337255 0.321569
73 32 2 0.349020 0.337255 0.321569
72 32 2 0.349020 0.337255 0.321569
73 32 1 0.349020 0.337255 0.321569
72 32 1 0.349020 0.337255 0.321569
1 30 13 0.349020 0.337255 0.321569
1 31 13 0.349020 0.337255 0.321569
1 30 12 0.349020 0.337255 0.321569
1 31 12 0.349020 0.337255 0.321569
2 30 13 0.349020 0.337255 0.321569
2 31 13 0.349020 0.337255 0.321569
2 30 12 0.349020 0.337255 0.321569
2 31 12 0.349020 0.337255 0.321569
3 30 13 0.349020 0.337255 0.321569
3 31 13 0.349020 0.337255 0.321569
3 30 12 0.349020 0.337255 0.321569
3 31 12 0.349020 0.337255 0.321569
4 30 13 0.349020 0.337255 0.321569
4 31 13 0.349020 0.337255 0.321569
4 30 12 0.349020 0.337255 0.321569
4 31 12 0.349020 0.337255 0.321569
5 30 13 0.349020 0.337255 0.321569
5 31 13 0.349020 0.337255 0.321569
5 30 12 0.349020 0.337255 0.321569
5 31 12 0.349020 0.337255 0.321569
6 30 13 0.349020 0.337255 0.321569
6 31 13 0.349020 0.337255 0.321569
6 30 12 0.349020 0.337255 0.321569
6 31 12 0.349020 0.337255 0.321569
7 30 13 0.349020 0.337255 0.321569
7 31 13 0.349020 0.337255 0.321569
7 30 12 0.349020 0.337255 0.321569
7 31 12 0.349020 0.337255 0.321569
8 30 13 0.349020 0.337255 0.321569
8 31 13 0.349020 0.337255 0.321569
8 30 12 0.349020 0.337255 0.321569
8 31 12 0.349020 0.337255 0.321569
9 30 13 0.349020 0.337255 0.321569
9 31 13 0.349020 0.337255 0.321569
9 30 12 0.349020 0.337255 0.321569
9 31 12 0.349020 0.337255 0.321569
10 30 13 0.349020 0.337255 0.321569
10 31 13 0.349020 0.337255 0.321569
10 30 12 0.349020 0.337255 0.321569
10 31 12 0.349020 0.337255 0.321569
11 30 13 0.349020 0.337255 0.321569
11 31 13 0.349020 0.337255 0.321569
11 30 12 0.349020 0.337255 0.321569
11 31 12 0.349020 0.337255 0.321569
12 30 13 0.349020 0.337255 0.321569
12 31 13 0.349020 0.337255 0.321569
12 30 12 0.349020 0.337255 0.321569
12 31 12 0.349020 0.337255 0.321569
13 30 13 0.349020 0.337255 0.321569
13 31 13 0.349020 0.337255 0.321569
13 30 12 0.349020 0.337255 0.321569
13 31 12 0.349020 0.337255 0.321569
14 30 13 0.349020 0.337255 0.321569
14 31 13 0.349020 0.337255 0.321569
14 30 12 0.349020 0.337255 0.321569
14 31 12 0.349020 0.337255 0.321569
15 30 13 0.349020 0.337255 0.321569
15 31 13 0.349020 0.337255 0.321569
15 30 12 0.349020 0.337255 0.321569
15 31 12 0.349020 0.337255 0.321569
16 30 13 0.349020 0.337255 0.321569
16 31 13 0.349020 0.337255 0.321569
16 30 12 0.349020 0.337255 0.321569
16 31 12 0.349020 0.337255 0.321569
1 32 13 0.349020 0.337255 0.321569
1 32 12 0.349020 0.337255 0.321569
2 32 13 0.349020 0.337255 0.321569
2 32 12 0.349020 0.337255 0.321569
3 32 13 0.349020 0.337255 0.321569
3 32 12 0.349020 0.337255 0.321569
4 32 13 0.349020 0.337255 0.321569
4 32 12 0.349020 0.337255 0.321569
5 32 13 0.349020 0.337255 0.321569
5 32 12 0.349020 0.337255 0.321569
6 32 13 0.349020 0.337255 0.321569
6 32 12 0.349020 0.337255 0.321569
7 32 13 0.349020 0.337255 0.321569
7 32 12 0.349020 0.337255 0.321569
8 32 13 0.349020 0.337255 0.321569
8 32 12 0.349020 0.337255 0.321569
9 32 13 0.349020 0.337255 0.321569
9 32 12 0.349020 0.337255 0.321569
10 32 13 0.349020 0.337255 0.321569
10 32 12 0.349020 0.337255 0.321569
11 32 13 0.349020 0.337255 0.321569
11 32 12 0.349020 0.337255 0.321569
12 32 13 0.349020 0.337255 0.321569
12 32 12 0.349020 0.337255 0.321569
13 32 13 0.349020 0.337255 0.321569
13 32 12 0.349020 0.337255 0.321569
14 32 13 0.349020 0.337255 0.321569
14 32 12 0.349020 0.337255 0.321569
15 32 13 0.349020 0.337255 0.321569
15 32 12 0.349020 0.337255 0.321569
16 32 13 0.349020 0.337255 0.321569
16 32 12 0.349020 0.337255 0.321569
17 30 13 0.349020 0.337255 0.321569
17 31 13 0.349020 0.337255 0.321569
17 30 12 0.349020 0.337255 0.321569
17 31 12 0.349020 0.337255 0.321569
18 30 13 0.349020 0.337255 0.321569
18 31 13 0.349020 0.337255 0.321569
18 30 12 0.349020 0.337255 0.321569
18 31 12 0.349020 0.337255 0.321569
19 30 13 0.349020 0.337255 0.321569
19 31 13 0.349020 0.337255 0.321569
19 30 12 0.349020 0.337255 0.321569
19 31 12 0.349020 0.337255 0.321569
20 30 13 0.349020 0.337255 0.321569
20 31 13 0.349020 0.337255 0.321569
20 30 12 0.349020 0.337255 0.321569
20 31 12 0.349020 0.337255 0.321569
21 30 13 0.349020 0.337255 0.321569
21 31 13 0.349020 0.337255 0.321569
21 30 12 0.349020 0.337255 0.321569
21 31 12 0.349020 0.337255 0.321569
22 30 13 0.349020 0.337255 0.321569
22 31 13 0.349020 0.337255 0.321569
22 30 12 0.349020 0.337255 0.321569
22 31 12 0.349020 0.337255 0.321569
23 30 13 0.349020 0.337255 0.321569
23 31 13 0.349020 0.337255 0.321569
23 30 12 0.349020 0.337255 0.321569
23 31 12 0.349020 0.337255 0.321569
24 30 13 0.349020 0.337255 0.321569
24 31 13 0.349020 0.337255 0.321569
24 30 12 0.349020 0.337255 0.321569
24 31 12 0.349020 0.337255 0.321569
25 30 13 0.349020 0.337255 0.321569
25 31 13 0.349020 0.337255 0.321569
25 30 12 0.349020 0.337255 0.321569
25 31 12 0.349020 0.337255 0.321569
26 30 13 0.349020 0.337255 0.321569
26 31 13 0.349020 0.337255 0.321569
26 30 12 0.349020 0.337255 0.321569
26 31 12 0.349020 0.337255 0.321569
27 30 13 0.349020 0.337255 0.321569
27 31 13 0.349020 0.337255 0.321569
27 30 12 0.349020 0.337255 0.321569
27 31 12 0.349020 0.337255 0.321569
28 30 13 0.349020 0.337255 0.321569
28 31 13 0.349020 0.337255 0.321569
28 30 12 0.349020 0.337255 0.321569
28 31 12 0.349020 0.337255 0.321569
29 30 13 0.349020 0.337255 0.321569
29 31 13 0.349020 0.337255 0.321569
29 30 12 0.349020 0.337255 0.321569
29 31 12 0.349020 0.337255 0.321569
30 30 13 0.349020 0.337255 0.321569
30 31 13 0.349020 0.337255 0.321569
30 30 12 0.349020 0.337255 0.321569
30 31 12 0.349020 0.337255 0.321569
31 30 13 0.349020 0.337255 0.321569
31 31 13 0.349020 0.337255 0.321569
31 30 12 0.349020 0.337255 0.321569
31 31 12 0.349020 0.337255 0.321569
32 30 13 0.349020 0.337255 0.321569
32 31 13 0.349020 0.337255 0.321569
32 30 12 0.349020 0.337255 0.321569
32 31 12 0.349020 0.337255 0.321569
17 32 13 0.349020 0.337255 0.321569
17 32 12 0.349020 0.337255 0.321569
18 32 13 0.349020 0.337255 0.321569
18 32 12 0.349020 0.337255 0.321569
19 32 13 0.349020 0.337255 0.321569
19 32 12 0.349020 0.337255 0.321569
20 32 13 0.349020 0.337255 0.321569
20 32 12 0.349020 0.337255 0.321569
21 32 13 0.349020 0.337255 0.321569
21 32 12 0.349020 0.337255 0.321569
22 32 13 0.349020 0.337255 0.321569
22 32 12 0.349020 0.337255 0.321569
23 32 13 0.349020 0.337255 0.321569
23 32 12 0.349020 0.337255 0.321569
24 32 13 0.349020 0.337255 0.321569
24 32 12 0.349020 0.337255 0.321569
25 32 13 0.349020 0.337255 0.321569
25 32 12 0.349020 0.337255 0.321569
26 32 13 0.349020 0.337255 0.321569
26 32 12 0.349020 0.337255 0.321569
27 32 13 0.349020 0.337255 0.321569
27 32 12 0.349020 0.337255 0.321569
28 32 13 0.349020 0.337255 0.321569
28 32 12 0.349020 0.337255 0.321569
29 32 13 0.349020 0.337255 0.321569
29 32 12 0.349020 0.337255 0.321569
30 32 13 0.349020 0.337255 0.321569
30 32 12 0.349020 0.337255 0.321569
31 32 13 0.349020 0.337255 0.321569
31 32 12 0.349020 0.337255 0.321569
32 32 13 0.349020 0.337255 0.321569
32 32 12 0.349020 0.337255 0.321569
33 30 13 0.349020 0.337255 0.321569
33 31 13 0.349020 0.337255 0.321569
33 30 12 0.349020 0.337255 0.321569
33 31 12 0.349020 0.337255 0.321569
34 30 13 0.349020 0.337255 0.321569
34 31 13 0.349020 0.337255 0.321569
34 30 12 0.349020 0.337255 0.321569
34 31 12 0.349020 0.337255 0.321569
35 30 13 0.349020 0.337255 0.321569
35 31 13 0.349020 0.337255 0.321569
35 30 12 0.349020 0.337255 0.321569
35 31 12 0.349020 0.337255 0.321569
36 30 13 0.349020 0.337255 0.321569
36 31 13 0.349020 0.337255 0.321569
36 30 12 0.349020 0.337255 0.321569
36 31 12 0.349020 0.337255 0.321569
37 30 13 0.349020 0.337255 0.321569
37 31 13 0.349020 0.337255 0.321569
37 30 12 0.349020 0.337255 0.321569
37 31 12 0.349020 0.337255 0.321569
38 30 13 0.349020 0.337255 0.321569
38 31 13 0.349020 0.337255 0.321569
38 30 12 0.349020 0.337255 0.321569
38 31 12 0.349020 0.337255 0.321569
39 30 13 0.349020 0.337255 0.321569
39 31 13 0.349020 0.337255 0.321569
39 30 12 0.349020 0.337255 0.321569
39 31 12 0.349020 0.337255 0.321569
40 30 13 0.349020 0.337255 0.321569
40 31 13 0.349020 0.337255 0.321569
40 30 12 0.349020 0.337255 0.321569
40 31 12 0.349020 0.337255 0.321569
41 30 13 0.349020 0.337255 0.321569
41 31 13 0.349020 0.337255 0.321569
41 30 12 0.349020 0.337255 0.321569
41 31 12 0.349020 0.337255 0.321569
42 30 13 0.349020 0.337255 0.321569
42 31 13 0.349020 0.337255 0.321569
42 30 12 0.349020 0.337255 0.321569
42 31 12 0.349020 0.337255 0.321569
43 30 13 0.349020 0.337255 0.321569
43 31 13 0.349020 0.337255 0.321569
43 30 12 0.349020 0.337255 0.321569
43 31 12 0.349020 0.337255 0.321569
44 30 13 0.349020 0.337255 0.321569
44 31 13 0.349020 0.337255 0.321569
44 30 12 0.349020 0.337255 0.321569
44 31 12 0.349020 0.337255 0.321569
45 30 13 0.349020 0.337255 0.321569
45 31 13 0.349020 0.337255 0.321569
45 30 12 0.349020 0.337255 0.321569
45 31 12 0.349020 0.337255 0.321569
46 30 13 0.349020 0.337255 0.321569
46 31 13 0.349020 0.337255 0.321569
46 30 12 0.349020 0.337255 0.321569
46 31 12 0.349020 0.337255 0.321569
47 30 13 0.349020 0.337255 0.321569
47 31 13 0.349020 0.337255 0.321569
47 30 12 0.349020 0.337255 0.321569
47 31 12 0.349020 0.337255 0.321569
48 30 13 0.349020 0.337255 0.321569
48 31 13 0.349020 0.337255 0.321569
48 30 12 0.349020 0.337255 0.321569
48 31 12 0.349020 0.337255 0.321569
33 32 13 0.349020 0.337255 0.321569
33 32 12 0.349020 0.337255 0.321569
34 32 13 0.349020 0.337255 0.321569
34 32 12 0.349020 0.337255 0.321569
35 32 13 0.349020 0.337255 0.321569
35 32 12 0.349020 0.337255 0.321569
36 32 13 0.349020 0.337255 0.321569
36 32 12 0.349020 0.337255 0.321569
37 32 13 0.349020 0.337255 0.321569
37 32 12 0.349020 0.337255 0.321569
38 32 13 0.349020 0.337255 0.321569
38 32 12 0.349020 0.337255 0.321569
39 32 13 0.349020 0.337255 0.321569
39 32 12 0.349020 0.337255 0.321569
40 32 13 0.349020 0.337255 0.321569
40 32 12 0.349020 0.337255 0.321569
41 32 13 0.349020 0.337255 0.321569
41 32 12 0.349020 0.337255 0.321569
42 32 13 0.349020 0.337255 0.321569
42 32 12 0.349020 0.337255 0.321569
43 32 13 0.349020 0.337255 0.321569
43 32 12 0.349020 0.337255 0.321569
44 32 13 0.349020 0.337255 0.321569
44 32 12 0.349020 0.337255 0.321569
45 32 13 0.349020 0.337255 0.321569
45 32 12 0.349020 0.337255 0.321569
46 32 13 0.349020 0.337255 0.321569
46 32 12 0.349020 0.337255 0.321569
47 32 13 0.349020 0.337255 0.321569
47 32 12 0.349020 0.337255 0.321569
48 32 13 0.349020 0.337255 0.321569
48 32 12 0.349020 0.337255 0.321569
49 30 13 0.349020 0.337255 0.321569
49 31 13 0.349020 0.337255 0.321569
49 30 12 0.349020 0.337255 0.321569
49 31 12 0.349020 0.337255 0.321569
50 30 13 0.349020 0.337255 0.321569
50 31 13 0.349020 0.337255 0.321569
50 30 12 0.349020 0.337255 0.321569
50 31 12 0.349020 0.337255 0.321569
51 30 13 0.349020 0.337255 0.321569
51 31 13 0.349020 0.337255 0.321569
51 30 12 0.349020 0.337255 0.321569
51 31 12 0.349020 0.337255 0.321569
52 30 13 0.349020 0.337255 0.321569
52 31 13 0.349020 0.337255 0.321569
52 30 12 0.349020 0.337255 0.321569
52 31 12 0.349020 0.337255 0.321569
53 30 13 0.349020 0.337255 0.321569
53 31 13 0.349020 0.337255 0.321569
53 30 12 0.349020 0.337255 0.321569
53 31 12 0.349020 0.337255 0.321569
54 30 13 0.349020 0.337255 0.321569
54 31 13 0.349020 0.337255 0.321569
54 30 12 0.349020 0.337255 0.321569
54 31 12 0.349020 0.337255 0.321569
55 30 13 0.349020 0.337255 0.321569
55 31 13 0.349020 0.337255 0.321569
55 30 12 0.349020 0.337255 0.321569
55 31 12 0.349020 0.337255 0.321569
56 30 13 0.349020 0.337255 0.321569
56 31 13 0.349020 0.337255 0.321569
56 30 12 0.349020 0.337255 0.321569
56 31 12 0.349020 0.337255 0.321569
57 30 13 0.349020 0.337255 0.321569
57 31 13 0.349020 0.337255 0.321569
57 30 12 0.349020 0.337255 0.321569
57 31 12 0.349020 0.337255 0.321569
58 30 13 0.349020 0.337255 0.321569
58 31 13 0.349020 0.337255 0.321569
58 30 12 0.349020 0.337255 0.321569
58 31 12 0.349020 0.337255 0.321569
59 30 13 0.349020 0.337255 0.321569
59 31 13 0.349020 0.337255 0.321569
59 30 12 0.349020 0.337255 0.321569
59 31 12 0.349020 0.337255 0.321569
60 30 13 0.349020 0.337255 0.321569
60 31 13 0.349020 0.337255 0.321569
60 30 12 0.349020 0.337255 0.321569
60 31 12 0.349020 0.337255 0.321569
61 30 13 0.349020 0.337255 0.321569
61 31 13 0.349020 0.337255 0.321569
61 30 12 0.349020 0.337255 0.321569
61 31 12 0.349020 0.337255 0.321569
62 30 13 0.349020 0.337255 0.321569
62 31 13 0.349020 0.337255 0.321569
62 30 12 0.349020 0.337255 0.321569
62 31 12 0.349020 0.337255 0.321569
63 30 13 0.349020 0.337255 0.321569
63 31 13 0.349020 0.337255 0.321569
63 30 12 0.349020 0.337255 0.321569
63 31 12 0.349020 0.337255 0.321569
49 32 13 0.349020 0.337255 0.321569
49 32 12 0.349020 0.337255 0.321569
50 32 13 0.349020 0.337255 0.321569
50 32 12 0.349020 0.337255 0.321569
51 32 13 0.349020 0.337255 0.321569
51 32 12 0.349020 0.337255 0.321569
52 32 13 0.349020 0.337255 0.321569
52 32 12 0.349020 0.337255 0.321569
53 32 13 0.349020 0.337255 0.321569
53 32 12 0.349020 0.337255 0.321569
54 32 13 0.349020 0.337255 0.321569
54 32 12 0.349020 0.337255 0.321569
55 32 13 0.349020 0.337255 0.321569
55 32 12 0.349020 0.337255 0.321569
56 32 13 0.349020 0.337255 0.321569
56 32 12 0.349020 0.337255 0.321569
57 32 13 0.349020 0.337255 0.321569
57 32 12 0.349020 0.337255 0.321569
58 32 13 0.349020 0.337255 0.321569
58 32 12 0.349020 0.337255 0.321569
59 32 13 0.349020 0.337255 0.321569
59 32 12 0.349020 0.337255 0.321569
60 32 13 0.349020 0.337255 0.321569
60 32 12 0.349020 0.337255 0.321569
61 32 13 0.349020 0.337255 0.321569
61 32 12 0.349020 0.337255 0.321569
62 32 13 0.349020 0.337255 0.321569
62 32 12 0.349020 0.337255 0.321569
63 32 13 0.349020 0.337255 0.321569
63 32 12 0.349020 0.337255 0.321569
-13 32 13 0.349020 0.337255 0.321569
-12 32 13 0.349020 0.337255 0.321569
-12 33 13 0.349020 0.337255 0.321569
-13 33 13 0.349020 0.337255 0.321569
-13 33 12 0.349020 0.337255 0.321569
-13 32 12 0.349020 0.337255 0.321569
-11 32 13 0.349020 0.337255 0.321569
-11 33 13 0.349020 0.337255 0.321569
-11 32 12 0.349020 0.337255 0.321569
-12 32 12 0.349020 0.337255 0.321569
-12 33 12 0.349020 0.337255 0.321569
-11 33 12 0.349020 0.337255 0.321569
-10 32 13 0.349020 0.337255 0.321569
-10 33 13 0.349020 0.337255 0.321569
-10 32 12 0.349020 0.337255 0.321569
-10 33 12 0.349020 0.337255 0.321569
-9 32 13 0.349020 0.337255 0.321569
-9 33 13 0.349020 0.337255 0.321569
-9 32 12 0.349020 0.337255 0.321569
-9 33 12 0.349020 0.337255 0.321569
-8 32 13 0.349020 0.337255 0.321569
-8 33 13 0.349020 0.337255 0.321569
-8 32 12 0.349020 0.337255 0.321569
-8 33 12 0.349020 0.337255 0.321569
-7 32 13 0.349020 0.337255 0.321569
-7 33 13 0.349020 0.337255 0.321569
-7 32 12 0.349020 0.337255 0.321569
-7 33 12 0.349020 0.337255 0.321569
-6 32 13 0.349020 0.337255 0.321569
-6 33 13 0.349020 0.337255 0.321569
-6 32 12 0.349020 0.337255 0.321569
-6 33 12 0.349020 0.337255 0.321569
-5 32 13 0.349020 0.337255 0.321569
-5 33 13 0.349020 0.337255 0.321569
-5 32 12 0.349020 0.337255 0.321569
-5 33 12 0.349020 0.337255 0.321569
-4 32 13 0.349020 0.337255 0.321569
-4 33 13 0.349020 0.337255 0.321569
-4 32 12 0.349020 0.337255 0.321569
-4 33 12 0.349020 0.337255 0.321569
-3 32 13 0.349020 0.337255 0.321569
-3 33 13 0.349020 0.337255 0.321569
-3 32 12 0.349020 0.337255 0.321569
-3 33 12 0.349020 0.337255 0.321569
-2 32 13 0.349020 0.337255 0.321569
-2 33 13 0.349020 0.337255 0.321569
-2 32 12 0.349020 0.337255 0.321569
-2 33 12 0.349020 0.337255 0.321569
-1 32 13 0.349020 0.337255 0.321569
-1 33 13 0.349020 0.337255 0.321569
-1 32 12 0.349020 0.337255 0.321569
-1 33 12 0.349020 0.337255 0.321569
0 32 13 0.349020 0.337255 0.321569
0 33 13 0.349020 0.337255 0.321569
0 32 12 0.349020 0.337255 0.321569
0 33 12 0.349020 0.337255 0.321569
-12 32 11 0.349020 0.337255 0.321569
-12 33 11 0.349020 0.337255 0.321569
-13 33 11 0.349020 0.337255 0.321569
-13 32 11 0.349020 0.337255 0.321569
-12 32 10 0.349020 0.337255 0.321569
-12 33 10 0.349020 0.337255 0.321569
-13 33 10 0.349020 0.337255 0.321569
-13 32 10 0.349020 0.337255 0.321569
-12 32 9 0.349020 0.337255 0.321569
-12 33 9 0.349020 0.337255 0.321569
-13 33 9 0.349020 0.337255 0.321569
-13 32 9 0.349020 0.337255 0.321569
-12 32 8 0.349020 0.337255 0.321569
-12 33 8 0.349020 0.337255 0.321569
-13 33 8 0.349020 0.337255 0.321569
-13 32 8 0.349020 0.337255 0.321569
-12 32 7 0.349020 0.337255 0.321569
-12 33 7 0.349020 0.337255 0.321569
-13 33 7 0.349020 0.337255 0.321569
-13 32 7 0.349020 0.337255 0.321569
-12 32 6 0.349020 0.337255 0.321569
-12 33 6 0.349020 0.337255 0.321569
-13 33 6 0.349020 0.337255 0.321569
-13 32 6 0.349020 0.337255 0.321569
-12 32 5 0.349020 0.337255 0.321569
-12 33 5 0.349020 0.337255 0.321569
-13 33 5 0.349020 0.337255 0.321569
-13 32 5 0.349020 0.337255 0.321569
-12 32 4 0.349020 0.337255 0.321569
-12 33 4 0.349020 0.337255 0.321569
-13 33 4 0.349020 0.337255 0.321569
-13 32 4 0.349020 0.337255 0.321569
-12 32 3 0.349020 0.337255 0.321569
-12 33 3 0.349020 0.337255 0.321569
-13 33 3 0.349020 0.337255 0.321569
-13 32 3 0.349020 0.337255 0.321569
-12 32 2 0.349020 0.337255 0.321569
-12 33 2 0.349020 0.337255 0.321569
-13 33 2 0.349020 0.337255 0.321569
-13 32 2 0.349020 0.337255 0.321569
-12 32 1 0.349020 0.337255 0.321569
-12 33 1 0.349020 0.337255 0.321569
-13 33 1 0.349020 0.337255 0.321569
-13 32 1 0.349020 0.337255 0.321569
-12 32 0 0.349020 0.337255 0.321569
-12 33 0 0.349020 0.337255 0.321569
-13 33 0 0.349020 0.337255 0.321569
-13 32 0 0.349020 0.337255 0.321569
-12 34 13 0.349020 0.337255 0.321569
-13 34 13 0.349020 0.337255 0.321569
-13 34 12 0.349020 0.337255 0.321569
-11 34 13 0.349020 0.337255 0.321569
-12 34 12 0.349020 0.337255 0.321569
-11 34 12 0.349020 0.337255 0.321569
-10 34 13 0.349020 0.337255 0.321569
-10 34 12 0.349020 0.337255 0.321569
-9 34 13 0.349020 0.337255 0.321569
-9 34 12 0.349020 0.337255 0.321569
-8 34 13 0.349020 0.337255 0.321569
-8 34 12 0.349020 0.337255 0.321569
-7 34 13 0.349020 0.337255 0.321569
-7 34 12 0.349020 0.337255 0.321569
-6 34 13 0.349020 0.337255 0.321569
-6 34 12 0.349020 0.337255 0.321569
-5 34 13 0.349020 0.337255 0.321569
-5 34 12 0.349020 0.337255 0.321569
-4 34 13 0.349020 0.337255 0.321569
-4 34 12 0.349020 0.337255 0.321569
-3 34 13 0.349020 0.337255 0.321569
-3 34 12 0.349020 0.337255 0.321569
-2 34 13 0.349020 0.337255 0.321569
-2 34 12 0.349020 0.337255 0.321569
-1 34 13 0.349020 0.337255 0.321569
-1 34 12 0.349020 0.337255 0.321569
0 34 13 0.349020 0.337255 0.321569
0 34 12 0.349020 0.337255 0.321569
-12 34 11 0.349020 0.337255 0.321569
-13 34 11 0.349020 0.337255 0.321569
-12 34 10 0.349020 0.337255 0.321569
-13 34 10 0.349020 0.337255 0.321569
-12 34 9 0.349020 0.337255 0.321569
-13 34 9 0.349020 0.337255 0.321569
-12 34 8 0.349020 0.337255 0.321569
-13 34 8 0.349020 0.337255 0.321569
-12 34 7 0.349020 0.337255 0.321569
-13 34 7 0.349020 0.337255 0.321569
-12 34 6 0.349020 0.337255 0.321569
-13 34 6 0.349020 0.337255 0.321569
-12 34 5 0.349020 0.337255 0.321569
-13 34 5 0.349020 0.337255 0.321569
-12 34 4 0.349020 0.337255 0.321569
-13 34 4 0.349020 0.337255 0.321569
-12 34 3 0.349020 0.337255 0.321569
-13 34 3 0.349020 0.337255 0.321569
-12 34 2 0.349020 0.337255 0.321569
-13 34 2 0.349020 0.337255 0.321569
-12 34 1 0.349020 0.337255 0.321569
-13 34 1 0.349020 0.337255 0.321569
-12 34 0 0.349020 0.337255 0.321569
-13 34 0 0.349020 0.337255 0.321569
-12 35 13 0.349020 0.337255 0.321569
-13 35 13 0.349020 0.337255 0.321569
-13 35 12 0.349020 0.337255 0.321569
-11 35 13 0.349020 0.337255 0.321569
-12 35 12 0.349020 0.337255 0.321569
-11 35 12 0.349020 0.337255 0.321569
-10 35 13 0.349020 0.337255 0.321569
-10 35 12 0.349020 0.337255 0.321569
-9 35 13 0.349020 0.337255 0.321569
-9 35 12 0.349020 0.337255 0.321569
-8 35 13 0.349020 0.337255 0.321569
-8 35 12 0.349020 0.337255 0.321569
-7 35 13 0.349020 0.337255 0.321569
-7 35 12 0.349020 0.337255 0.321569
-6 35 13 0.349020 0.337255 0.321569
-6 35 12 0.349020 0.337255 0.321569
-5 35 13 0.349020 0.337255 0.321569
-5 35 12 0.349020 0.337255 0.321569
-4 35 13 0.349020 0.337255 0.321569
-4 35 12 0.349020 0.337255 0.321569
-3 35 13 0.349020 0.337255 0.321569
-3 35 12 0.349020 0.337255 0.321569
-2 35 13 0.349020 0.337255 0.321569
-2 35 12 0.349020 0.337255 0.321569
-1 35 13 0.349020 0.337255 0.321569
-1 35 12 0.349020 0.337255 0.321569
0 35 13 0.349020 0.337255 0.321569
0 35 12 0.349020 0.337255 0.321569
-12 35 11 0.349020 0.337255 0.321569
-13 35 11 0.349020 0.337255 0.321569
-12 35 10 0.349020 0.337255 0.321569
-13 35 10 0.349020 0.337255 0.321569
-12 35 9 0.349020 0.337255 0.321569
-13 35 9 0.349020 0.337255 0.321569
-12 35 8 0.349020 0.337255 0.321569
-13 35 8 0.349020 0.337255 0.321569
-12 35 7 0.349020 0.337255 0.321569
-13 35 7 0.349020 0.337255 0.321569
-12 35 6 0.349020 0.337255 0.321569
-13 35 6 0.349020 0.337255 0.321569
-12 35 5 0.349020 0.337255 0.321569
-13 35 5 0.349020 0.337255 0.321569
-12 35 4 0.349020 0.337255 0.321569
-13 35 4 0.349020 0.337255 0.321569
-12 35 3 0.349020 0.337255 0.321569
-13 35 3 0.349020 0.337255 0.321569
-12 35 2 0.349020 0.337255 0.321569
-13 35 2 0.349020 0.337255 0.321569
-12 35 1 0.349020 0.337255 0.321569
-13 35 1 0.349020 0.337255 0.321569
-12 35 0 0.349020 0.337255 0.321569
-13 35 0 0.349020 0.337255 0.321569
-12 36 13 0.349020 0.337255 0.321569
-13 36 13 0.349020 0.337255 0.321569
-13 36 12 0.349020 0.337255 0.321569
-11 36 13 0.349020 0.337255 0.321569
-12 36 12 0.349020 0.337255 0.321569
-11 36 12 0.349020 0.337255 0.321569
-10 36 13 0.349020 0.337255 0.321569
-10 36 12 0.349020 0.337255 0.321569
-9 36 13 0.349020 0.337255 0.321569
-9 36 12 0.349020 0.337255 0.321569
-8 36 13 0.349020 0.337255 0.321569
-8 36 12 0.349020 0.337255 0.321569
-7 36 13 0.349020 0.337255 0.321569
-7 36 12 0.349020 0.337255 0.321569
-6 36 13 0.349020 0.337255 0.321569
-6 36 12 0.349020 0.337255 0.321569
-5 36 13 0.349020 0.337255 0.321569
-5 36 12 0.349020 0.337255 0.321569
-4 36 13 0.349020 0.337255 0.321569
-4 36 12 0.349020 0.337255 0.321569
-3 36 13 0.349020 0.337255 0.321569
-3 36 12 0.349020 0.337255 0.321569
-2 36 13 0.349020 0.337255 0.321569
-2 36 12 0.349020 0.337255 0.321569
-1 36 13 0.349020 0.337255 0.321569
-1 36 12 0.349020 0.337255 0.321569
0 36 13 0.349020 0.337255 0.321569
0 36 12 0.349020 0.337255 0.321569
-12 36 11 0.349020 0.337255 0.321569
-13 36 11 0.349020 0.337255 0.321569
-12 36 10 0.349020 0.337255 0.321569
-13 36 10 0.349020 0.337255 0.321569
-12 36 9 0.349020 0.337255 0.321569
-13 36 9 0.349020 0.337255 0.321569
-12 36 8 0.349020 0.337255 0.321569
-13 36 8 0.349020 0.337255 0.321569
-12 36 7 0.349020 0.337255 0.321569
-13 36 7 0.349020 0.337255 0.321569
-12 36 6 0.349020 0.337255 0.321569
-13 36 6 0.349020 0.337255 0.321569
-12 36 5 0.349020 0.337255 0.321569
-13 36 5 0.349020 0.337255 0.321569
-12 36 4 0.349020 0.337255 0.321569
-13 36 4 0.349020 0.337255 0.321569
-12 36 3 0.349020 0.337255 0.321569
-13 36 3 0.349020 0.337255 0.321569
-12 36 2 0.349020 0.337255 0.321569
-13 36 2 0.349020 0.337255 0.321569
-12 36 1 0.349020 0.337255 0.321569
-13 36 1 0.349020 0.337255 0.321569
-12 36 0 0.349020 0.337255 0.321569
-13 36 0 0.349020 0.337255 0.321569
-12 37 13 0.349020 0.337255 0.321569
-13 37 13 0.349020 0.337255 0.321569
-13 37 12 0.349020 0.337255 0.321569
-11 37 13 0.349020 0.337255 0.321569
-12 37 12 0.349020 0.337255 0.321569
-11 37 12 0.349020 0.337255 0.321569
-10 37 13 0.349020 0.337255 0.321569
-10 37 12 0.349020 0.337255 0.321569
-9 37 13 0.349020 0.337255 0.321569
-9 37 12 0.349020 0.337255 0.321569
-8 37 13 0.349020 0.337255 0.321569
-8 37 12 0.349020 0.337255 0.321569
-7 37 13 0.349020 0.337255 0.321569
-7 37 12 0.349020 0.337255 0.321569
-6 37 13 0.349020 0.337255 0.321569
-6 37 12 0.349020 0.337255 0.321569
-5 37 13 0.349020 0.337255 0.321569
-5 37 12 0.349020 0.337255 0.321569
-4 37 13 0.349020 0.337255 0.321569
-4 37 12 0.349020 0.337255 0.321569
-3 37 13 0.349020 0.337255 0.321569
-3 37 12 0.349020 0.337255 0.321569
-2 37 13 0.349020 0.337255 0.321569
-2 37 12 0.349020 0.337255 0.321569
-1 37 13 0.349020 0.337255 0.321569
-1 37 12 0.349020 0.337255 0.321569
0 37 13 0.349020 0.337255 0.321569
0 37 12 0.349020 0.337255 0.321569
-12 37 11 0.349020 0.337255 0.321569
-13 37 11 0.349020 0.337255 0.321569
-12 37 10 0.349020 0.337255 0.321569
-13 37 10 0.349020 0.337255 0.321569
-12 37 9 0.349020 0.337255 0.321569
-13 37 9 0.349020 0.337255 0.321569
-12 37 8 0.349020 0.337255 0.321569
-13 37 8 0.349020 0.337255 0.321569
-12 37 7 0.349020 0.337255 0.321569
-13 37 7 0.349020 0.337255 0.321569
-12 37 6 0.349020 0.337255 0.321569
-13 37 6 0.349020 0.337255 0.321569
-12 37 5 0.349020 0.337255 0.321569
-13 37 5 0.349020 0.337255 0.321569
-12 37 4 0.349020 0.337255 0.321569
-13 37 4 0.349020 0.337255 0.321569
-12 37 3 0.349020 0.337255 0.321569
-13 37 3 0.349020 0.337255 0.321569
-12 37 2 0.349020 0.337255 0.321569
-13 37 2 0.349020 0.337255 0.321569
-12 37 1 0.349020 0.337255 0.321569
-13 37 1 0.349020 0.337255 0.321569
-12 37 0 0.349020 0.337255 0.321569
-13 37 0 0.349020 0.337255 0.321569
-12 38 13 0.349020 0.337255 0.321569
-13 38 13 0.349020 0.337255 0.321569
-13 38 12 0.349020 0.337255 0.321569
-11 38 13 0.349020 0.337255 0.321569
-12 38 12 0.349020 0.337255 0.321569
-11 38 12 0.349020 0.337255 0.321569
-10 38 13 0.349020 0.337255 0.321569
-10 38 12 0.349020 0.337255 0.321569
-9 38 13 0.349020 0.337255 0.321569
-9 38 12 0.349020 0.337255 0.321569
-8 38 13 0.349020 0.337255 0.321569
-8 38 12 0.349020 0.337255 0.321569
-7 38 13 0.349020 0.337255 0.321569
-7 38 12 0.349020 0.337255 0.321569
-6 38 13 0.349020 0.337255 0.321569
-6 38 12 0.349020 0.337255 0.321569
-5 38 13 0.349020 0.337255 0.321569
-5 38 12 0.349020 0.337255 0.321569
-4 38 13 0.349020 0.337255 0.321569
-4 38 12 0.349020 0.337255 0.321569
-3 38 13 0.349020 0.337255 0.321569
-3 38 12 0.349020 0.337255 0.321569
-2 38 13 0.349020 0.337255 0.321569
-2 38 12 0.349020 0.337255 0.321569
-1 38 13 0.349020 0.337255 0.321569
-1 38 12 0.349020 0.337255 0.321569
0 38 13 0.349020 0.337255 0.321569
0 38 12 0.349020 0.337255 0.321569
-12 38 11 0.349020 0.337255 0.321569
-13 38 11 0.349020 0.337255 0.321569
-12 38 10 0.349020 0.337255 0.321569
-13 38 10 0.349020 0.337255 0.321569
-12 38 9 0.349020 0.337255 0.321569
-13 38 9 0.349020 0.337255 0.321569
-12 38 8 0.349020 0.337255 0.321569
-13 38 8 0.349020 0.337255 0.321569
-12 38 7 0.349020 0.337255 0.321569
-13 38 7 0.349020 0.337255 0.321569
-12 38 6 0.349020 0.337255 0.321569
-13 38 6 0.349020 0.337255 0.321569
-12 38 5 0.349020 0.337255 0.321569
-13 38 5 0.349020 0.337255 0.321569
-12 38 4 0.349020 0.337255 0.321569
-13 38 4 0.349020 0.337255 0.321569
-12 38 3 0.349020 0.337255 0.321569
-13 38 3 0.349020 0.337255 0.321569
-12 38 2 0.349020 0.337255 0.321569
-13 38 2 0.349020 0.337255 0.321569
-12 38 1 0.349020 0.337255 0.321569
-13 38 1 0.349020 0.337255 0.321569
-12 38 0 0.349020 0.337255 0.321569
-13 38 0 0.349020 0.337255 0.321569
-12 39 13 0.349020 0.337255 0.321569
-13 39 13 0.349020 0.337255 0.321569
-12 39 12 0.349020 0.337255 0.321569
-13 39 12 0.349020 0.337255 0.321569
-11 39 13 0.349020 0.337255 0.321569
-11 39 12 0.349020 0.337255 0.321569
-10 39 13 0.349020 0.337255 0.321569
-10 39 12 0.349020 0.337255 0.321569
-9 39 13 0.349020 0.337255 0.321569
-9 39 12 0.349020 0.337255 0.321569
-8 39 13 0.349020 0.337255 0.321569
-8 39 12 0.349020 0.337255 0.321569
-7 39 13 0.349020 0.337255 0.321569
-7 39 12 0.349020 0.337255 0.321569
-6 39 13 0.349020 0.337255 0.321569
-6 39 12 0.349020 0.337255 0.321569
-5 39 13 0.349020 0.337255 0.321569
-5 39 12 0.349020 0.337255 0.321569
-4 39 13 0.349020 0.337255 0.321569
-4 39 12 0.349020 0.337255 0.321569
-3 39 13 0.349020 0.337255 0.321569
-3 39 12 0.349020 0.337255 0.321569
-2 39 13 0.349020 0.337255 0.321569
-2 39 12 0.349020 0.337255 0.321569
-1 39 13 0.349020 0.337255 0.321569
-1 39 12 0.349020 0.337255 0.321569
0 39 13 0.349020 0.337255 0.321569
0 39 12 0.349020 0.337255 0.321569
-12 39 11 0.349020 0.337255 0.321569
-13 39 11 0.349020 0.337255 0.321569
-11 38 11 0.349020 0.337255 0.321569
-10 38 11 0.349020 0.337255 0.321569
-11 39 11 0.349020 0.337255 0.321569
-10 39 11 0.349020 0.337255 0.321569
-9 38 11 0.349020 0.337255 0.321569
-9 39 11 0.349020 0.337255 0.321569
-8 38 11 0.349020 0.337255 0.321569
-8 39 11 0.349020 0.337255 0.321569
-7 38 11 0.349020 0.337255 0.321569
-7 39 11 0.349020 0.337255 0.321569
-6 38 11 0.349020 0.337255 0.321569
-6 39 11 0.349020 0.337255 0.321569
-5 38 11 0.349020 0.337255 0.321569
-5 39 11 0.349020 0.337255 0.321569
-4 38 11 0.349020 0.337255 0.321569
-4 39 11 0.349020 0.337255 0.321569
-3 38 11 0.349020 0.337255 0.321569
-3 39 11 0.349020 0.337255 0.321569
-2 38 11 0.349020 0.337255 0.321569
-2 39 11 0.349020 0.337255 0.321569
-1 38 11 0.349020 0.337255 0.321569
-1 39 11 0.349020 0.337255 0.321569
0 38 11 0.349020 0.337255 0.321569
0 39 11 0.349020 0.337255 0.321569
-12 39 10 0.349020 0.337255 0.321569
-13 39 10 0.349020 0.337255 0.321569
-11 38 10 0.349020 0.337255 0.321569
-11 39 10 0.349020 0.337255 0.321569
-12 39 9 0.349020 0.337255 0.321569
-13 39 9 0.349020 0.337255 0.321569
-11 38 9 0.349020 0.337255 0.321569
-11 39 9 0.349020 0.337255 0.321569
-12 39 8 0.349020 0.337255 0.321569
-13 39 8 0.349020 0.337255 0.321569
-11 38 8 0.349020 0.337255 0.321569
-11 39 8 0.349020 0.337255 0.321569
-12 39 7 0.349020 0.337255 0.321569
-13 39 7 0.349020 0.337255 0.321569
-11 38 7 0.349020 0.337255 0.321569
-11 39 7 0.349020 0.337255 0.321569
-12 39 6 0.349020 0.337255 0.321569
-13 39 6 0.349020 0.337255 0.321569
-11 38 6 0.349020 0.337255 0.321569
-11 39 6 0.349020 0.337255 0.321569
-12 39 5 0.349020 0.337255 0.321569
-13 39 5 0.349020 0.337255 0.321569
-11 38 5 0.349020 0.337255 0.321569
-11 39 5 0.349020 0.337255 0.321569
-12 39 4 0.349020 0.337255 0.321569
-13 39 4 0.349020 0.337255 0.321569
-11 38 4 0.349020 0.337255 0.321569
-11 39 4 0.349020 0.337255 0.321569
-12 39 3 0.349020 0.337255 0.321569
-13 39 3 0.349020 0.337255 0.321569
-11 38 3 0.349020 0.337255 0.321569
-11 39 3 0.349020 0.337255 0.321569
-12 39 2 0.349020 0.337255 0.321569
-13 39 2 0.349020 0.337255 0.321569
-11 38 2 0.349020 0.337255 0.321569
-11 39 2 0.349020 0.337255 0.321569
-12 39 1 0.349020 0.337255 0.321569
-13 39 1 0.349020 0.337255 0.321569
-11 38 1 0.349020 0.337255 0.321569
-11 39 1 0.349020 0.337255 0.321569
-12 39 0 0.349020 0.337255 0.321569
-13 39 0 0.349020 0.337255 0.321569
-11 38 0 0.349020 0.337255 0.321569
-11 39 0 0.349020 0.337255 0.321569
-11 40 12 0.349020 0.337255 0.321569
-12 40 12 0.349020 0.337255 0.321569
-11 40 11 0.349020 0.337255 0.321569
-12 40 11 0.349020 0.337255 0.321569
-10 40 12 0.349020 0.337255 0.321569
-10 40 11 0.349020 0.337255 0.321569
-9 40 12 0.349020 0.337255 0.321569
-9 40 11 0.349020 0.337255 0.321569
-8 40 12 0.349020 0.337255 0.321569
-8 40 11 0.349020 0.337255 0.321569
-7 40 12 0.349020 0.337255 0.321569
-7 40 11 0.349020 0.337255 0.321569
-6 40 12 0.349020 0.337255 0.321569
-6 40 11 0.349020 0.337255 0.321569
-5 40 12 0.349020 0.337255 0.321569
-5 40 11 0.349020 0.337255 0.321569
-4 40 12 0.349020 0.337255 0.321569
-4 40 11 0.349020 0.337255 0.321569
-3 40 12 0.349020 0.337255 0.321569
-3 40 11 0.349020 0.337255 0.321569
-2 40 12 0.349020 0.337255 0.321569
-2 40 11 0.349020 0.337255 0.321569
-1 40 12 0.349020 0.337255 0.321569
-1 40 11 0.349020 0.337255 0.321569
0 40 12 0.349020 0.337255 0.321569
0 40 11 0.349020 0.337255 0.321569
-11 40 10 0.349020 0.337255 0.321569
-12 40 10 0.349020 0.337255 0.321569
-10 39 10 0.349020 0.337255 0.321569
-10 40 10 0.349020 0.337255 0.321569
-9 39 10 0.349020 0.337255 0.321569
-9 40 10 0.349020 0.337255 0.321569
-8 39 10 0.349020 0.337255 0.321569
-8 40 10 0.349020 0.337255 0.321569
-7 39 10 0.349020 0.337255 0.321569
-7 40 10 0.349020 0.337255 0.321569
-6 39 10 0.349020 0.337255 0.321569
-6 40 10 0.349020 0.337255 0.321569
-5 39 10 0.349020 0.337255 0.321569
-5 40 10 0.349020 0.337255 0.321569
-4 39 10 0.349020 0.337255 0.321569
-4 40 10 0.349020 0.337255 0.321569
-3 39 10 0.349020 0.337255 0.321569
-3 40 10 0.349020 0.337255 0.321569
-2 39 10 0.349020 0.337255 0.321569
-2 40 10 0.349020 0.337255 0.321569
-1 39 10 0.349020 0.337255 0.321569
-1 40 10 0.349020 0.337255 0.321569
0 39 10 0.349020 0.337255 0.321569
0 40 10 0.349020 0.337255 0.321569
-11 40 9 0.349020 0.337255 0.321569
-12 40 9 0.349020 0.337255 0.321569
-10 39 9 0.349020 0.337255 0.321569
-10 40 9 0.349020 0.337255 0.321569
-9 39 9 0.349020 0.337255 0.321569
-9 40 9 0.349020 0.337255 0.321569
-8 39 9 0.349020 0.337255 0.321569
-8 40 9 0.349020 0.337255 0.321569
-7 39 9 0.349020 0.337255 0.321569
-7 40 9 0.349020 0.337255 0.321569
-6 39 9 0.349020 0.337255 0.321569
-6 40 9 0.349020 0.337255 0.321569
-5 39 9 0.349020 0.337255 0.321569
-5 40 9 0.349020 0.337255 0.321569
-4 39 9 0.349020 0.337255 0.321569
-4 40 9 0.349020 0.337255 0.321569
-3 39 9 0.349020 0.337255 0.321569
-3 40 9 0.349020 0.337255 0.321569
-2 39 9 0.349020 0.337255 0.321569
-2 40 9 0.349020 0.337255 0.321569
-1 39 9 0.349020 0.337255 0.321569
-1 40 9 0.349020 0.337255 0.321569
0 39 9 0.349020 0.337255 0.321569
0 40 9 0.349020 0.337255 0.321569
-11 40 8 0.349020 0.337255 0.321569
-12 40 8 0.349020 0.337255 0.321569
-10 39 8 0.349020 0.337255 0.321569
-10 40 8 0.349020 0.337255 0.321569
-9 39 8 0.349020 0.337255 0.321569
-9 40 8 0.349020 0.337255 0.321569
-8 39 8 0.349020 0.337255 0.321569
-8 40 8 0.349020 0.337255 0.321569
-7 39 8 0.349020 0.337255 0.321569
-6 39 8 0.349020 0.337255 0.321569
-5 39 8 0.349020 0.337255 0.321569
-4 39 8 0.349020 0.337255 0.321569
-3 39 8 0.349020 0.337255 0.321569
-2 39 8 0.349020 0.337255 0.321569
-1 39 8 0.349020 0.337255 0.321569
0 39 8 0.349020 0.337255 0.321569
-11 40 7 0.349020 0.337255 0.321569
-12 40 7 0.349020 0.337255 0.321569
-10 39 7 0.349020 0.337255 0.321569
-10 40 7 0.349020 0.337255 0.321569
-9 39 7 0.349020 0.337255 0.321569
-9 40 7 0.349020 0.337255 0.321569
-8 39 7 0.349020 0.337255 0.321569
-7 39 7 0.349020 0.337255 0.321569
-6 39 7 0.349020 0.337255 0.321569
-5 39 7 0.349020 0.337255 0.321569
-4 39 7 0.349020 0.337255 0.321569
-3 39 7 0.349020 0.337255 0.321569
-2 39 7 0.349020 0.337255 0.321569
-1 39 7 0.349020 0.337255 0.321569
0 39 7 0.349020 0.337255 0.321569
-11 40 6 0.349020 0.337255 0.321569
-12 40 6 0.349020 0.337255 0.321569
-10 39 6 0.349020 0.337255 0.321569
-10 40 6 0.349020 0.337255 0.321569
-9 39 6 0.349020 0.337255 0.321569
-9 40 6 0.349020 0.337255 0.321569
-8 39 6 0.349020 0.337255 0.321569
-7 39 6 0.349020 0.337255 0.321569
-6 39 6 0.349020 0.337255 0.321569
-5 39 6 0.349020 0.337255 0.321569
-4 39 6 0.349020 0.337255 0.321569
-3 39 6 0.349020 0.337255 0.321569
-2 39 6 0.349020 0.337255 0.321569
-1 39 6 0.349020 0.337255 0.321569
0 39 6 0.349020 0.337255 0.321569
-11 40 5 0.349020 0.337255 0.321569
-12 40 5 0.349020 0.337255 0.321569
-10 39 5 0.349020 0.337255 0.321569
-10 40 5 0.349020 0.337255 0.321569
-9 39 5 0.349020 0.337255 0.321569
-9 40 5 0.349020 0.337255 0.321569
-8 39 5 0.349020 0.337255 0.321569
-7 39 5 0.349020 0.337255 0.321569
-6 39 5 0.349020 0.337255 0.321569
-5 39 5 0.349020 0.337255 0.321569
-4 39 5 0.349020 0.337255 0.321569
-3 39 5 0.349020 0.337255 0.321569
-2 39 5 0.349020 0.337255 0.321569
-1 39 5 0.349020 0.337255 0.321569
0 39 5 0.349020 0.337255 0.321569
-11 40 4 0.349020 0.337255 0.321569
-12 40 4 0.349020 0.337255 0.321569
-10 39 4 0.349020 0.337255 0.321569
-10 40 4 0.349020 0.337255 0.321569
-9 39 4 0.349020 0.337255 0.321569
-9 40 4 0.349020 0.337255 0.321569
-8 39 4 0.349020 0.337255 0.321569
-7 39 4 0.349020 0.337255 0.321569
-6 39 4 0.349020 0.337255 0.321569
-5 39 4 0.349020 0.337255 0.321569
-4 39 4 0.349020 0.337255 0.321569
-3 39 4 0.349020 0.337255 0.321569
-2 39 4 0.349020 0.337255 0.321569
-1 39 4 0.349020 0.337255 0.321569
0 39 4 0.349020 0.337255 0.321569
-11 40 3 0.349020 0.337255 0.321569
-12 40 3 0.349020 0.337255 0.321569
-10 39 3 0.349020 0.337255 0.321569
-10 40 3 0.349020 0.337255 0.321569
-9 39 3 0.349020 0.337255 0.321569
-9 40 3 0.349020 0.337255 0.321569
-8 39 3 0.349020 0.337255 0.321569
-7 39 3 0.349020 0.337255 0.321569
-6 39 3 0.349020 0.337255 0.321569
-5 39 3 0.349020 0.337255 0.321569
-4 39 3 0.349020 0.337255 0.321569
-3 39 3 0.349020 0.337255 0.321569
-2 39 3 0.349020 0.337255 0.321569
-1 39 3 0.349020 0.337255 0.321569
0 39 3 0.349020 0.337255 0.321569
-11 40 2 0.349020 0.337255 0.321569
-12 40 2 0.349020 0.337255 0.321569
-10 39 2 0.349020 0.337255 0.321569
-10 40 2 0.349020 0.337255 0.321569
-9 39 2 0.349020 0.337255 0.321569
-9 40 2 0.349020 0.337255 0.321569
-8 39 2 0.349020 0.337255 0.321569
-7 39 2 0.349020 0.337255 0.321569
-6 39 2 0.349020 0.337255 0.321569
-5 39 2 0.349020 0.337255 0.321569
-4 39 2 0.349020 0.337255 0.321569
-3 39 2 0.349020 0.337255 0.321569
-2 39 2 0.349020 0.337255 0.321569
-1 39 2 0.349020 0.337255 0.321569
0 39 2 0.349020 0.337255 0.321569
-11 40 1 0.349020 0.337255 0.321569
-12 40 1 0.349020 0.337255 0.321569
-10 39 1 0.349020 0.337255 0.321569
-10 40 1 0.349020 0.337255 0.321569
-9 39 1 0.349020 0.337255 0.321569
-9 40 1 0.349020 0.337255 0.321569
-8 39 1 0.349020 0.337255 0.321569
-7 39 1 0.349020 0.337255 0.321569
-6 39 1 0.349020 0.337255 0.321569
-5 39 1 0.349020 0.337255 0.321569
-4 39 1 0.349020 0.337255 0.321569
-3 39 1 0.349020 0.337255 0.321569
-2 39 1 0.349020 0.337255 0.321569
-1 39 1 0.349020 0.337255 0.321569
0 39 1 0.349020 0.337255 0.321569
-11 40 0 0.349020 0.337255 0.321569
-12 40 0 0.349020 0.337255 0.321569
-10 39 0 0.349020 0.337255 0.321569
-10 40 0 0.349020 0.337255 0.321569
-9 39 0 0.349020 0.337255 0.321569
-9 40 0 0.349020 0.337255 0.321569
-8 39 0 0.349020 0.337255 0.321569
-7 39 0 0.349020 0.337255 0.321569
-6 39 0 0.349020 0.337255 0.321569
-5 39 0 0.349020 0.337255 0.321569
-4 39 0 0.349020 0.337255 0.321569
-3 39 0 0.349020 0.337255 0.321569
-2 39 0 0.349020 0.337255 0.321569
-1 39 0 0.349020 0.337255 0.321569
0 39 0 0.349020 0.337255 0.321569
-7 41 9 0.349020 0.337255 0.321569
-8 41 9 0.349020 0.337255 0.321569
-7 41 8 0.349020 0.337255 0.321569
-8 41 8 0.349020 0.337255 0.321569
-6 41 9 0.349020 0.337255 0.321569
-6 41 8 0.349020 0.337255 0.321569
-5 41 9 0.349020 0.337255 0.321569
-5 41 8 0.349020 0.337255 0.321569
-4 41 9 0.349020 0.337255 0.321569
-4 41 8 0.349020 0.337255 0.321569
-3 41 9 0.349020 0.337255 0.321569
-3 41 8 0.349020 0.337255 0.321569
-2 41 9 0.349020 0.337255 0.321569
-2 41 8 0.349020 0.337255 0.321569
-1 41 9 0.349020 0.337255 0.321569
-1 41 8 0.349020 0.337255 0.321569
0 41 9 0.349020 0.337255 0.321569
0 41 8 0.349020 0.337255 0.321569
-9 41 8 0.349020 0.337255 0.321569
-8 41 7 0.349020 0.337255 0.321569
-9 41 7 0.349020 0.337255 0.321569
-7 41 7 0.349020 0.337255 0.321569
-6 41 7 0.349020 0.337255 0.321569
-5 41 7 0.349020 0.337255 0.321569
-4 41 7 0.349020 0.337255 0.321569
-3 41 7 0.349020 0.337255 0.321569
-2 41 7 0.349020 0.337255 0.321569
-1 41 7 0.349020 0.337255 0.321569
0 41 7 0.349020 0.337255 0.321569
-8 41 6 0.349020 0.337255 0.321569
-9 41 6 0.349020 0.337255 0.321569
-7 41 6 0.349020 0.337255 0.321569
-6 41 6 0.349020 0.337255 0.321569
-5 41 6 0.349020 0.337255 0.321569
-4 41 6 0.349020 0.337255 0.321569
-3 41 6 0.349020 0.337255 0.321569
-2 41 6 0.349020 0.337255 0.321569
-1 41 6 0.349020 0.337255 0.321569
0 41 6 0.349020 0.337255 0.321569
-8 41 5 0.349020 0.337255 0.321569
-9 41 5 0.349020 0.337255 0.321569
-7 41 5 0.349020 0.337255 0.321569
-6 41 5 0.349020 0.337255 0.321569
-5 41 5 0.349020 0.337255 0.321569
-4 41 5 0.349020 0.337255 0.321569
-3 41 5 0.349020 0.337255 0.321569
-2 41 5 0.349020 0.337255 0.321569
-1 41 5 0.349020 0.337255 0.321569
0 41 5 0.349020 0.337255 0.321569
-8 41 4 0.349020 0.337255 0.321569
-9 41 4 0.349020 0.337255 0.321569
-7 41 4 0.349020 0.337255 0.321569
-6 41 4 0.349020 0.337255 0.321569
-5 41 4 0.349020 0.337255 0.321569
-4 41 4 0.349020 0.337255 0.321569
-3 41 4 0.349020 0.337255 0.321569
-2 41 4 0.349020 0.337255 0.321569
-1 41 4 0.349020 0.337255 0.321569
0 41 4 0.349020 0.337255 0.321569
-8 41 3 0.349020 0.337255 0.321569
-9 41 3 0.349020 0.337255 0.321569
-7 41 3 0.349020 0.337255 0.321569
-6 41 3 0.349020 0.337255 0.321569
-5 41 3 0.349020 0.337255 0.321569
-4 41 3 0.349020 0.337255 0.321569
-3 41 3 0.349020 0.337255 0.321569
-2 41 3 0.349020 0.337255 0.321569
-1 41 3 0.349020 0.337255 0.321569
0 41 3 0.349020 0.337255 0.321569
-8 41 2 0.349020 0.337255 0.321569
-9 41 2 0.349020 0.337255 0.321569
-7 41 2 0.349020 0.337255 0.321569
-6 41 2 0.349020 0.337255 0.321569
-5 41 2 0.349020 0.337255 0.321569
-4 41 2 0.349020 0.337255 0.321569
-3 41 2 0.349020 0.337255 0.321569
-2 41 2 0.349020 0.337255 0.321569
-1 41 2 0.349020 0.337255 0.321569
0 41 2 0.349020 0.337255 0.321569
-8 41 1 0.349020 0.337255 0.321569
-9 41 1 0.349020 0.337255 0.321569
-7 41 1 0.349020 0.337255 0.321569
-6 41 1 0.349020 0.337255 0.321569
-5 41 1 0.349020 0.337255 0.321569
-4 41 1 0.349020 0.337255 0.321569
-3 41 1 0.349020 0.337255 0.321569
-2 41 1 0.349020 0.337255 0.321569
-1 41 1 0.349020 0.337255 0.321569
0 41 1 0.349020 0.337255 0.321569
-8 41 0 0.349020 0.337255 0.321569
-9 41 0 0.349020 0.337255 0.321569
-7 41 0 0.349020 0.337255 0.321569
-6 41 0 0.349020 0.337255 0.321569
-5 41 0 0.349020 0.337255 0.321569
-4 41 0 0.349020 0.337255 0.321569
-3 41 0 0.349020 0.337255 0.321569
-2 41 0 0.349020 0.337255 0.321569
-1 41 0 0.349020 0.337255 0.321569
0 41 0 0.349020 0.337255 0.321569
1 32 13 0.349020 0.337255 0.321569
1 33 13 0.349020 0.337255 0.321569
1 32 12 0.349020 0.337255 0.321569
1 33 12 0.349020 0.337255 0.321569
2 32 13 0.349020 0.337255 0.321569
2 33 13 0.349020 0.337255 0.321569
2 32 12 0.349020 0.337255 0.321569
2 33 12 0.349020 0.337255 0.321569
3 32 13 0.349020 0.337255 0.321569
3 33 13 0.349020 0.337255 0.321569
3 32 12 0.349020 0.337255 0.321569
3 33 12 0.349020 0.337255 0.321569
4 32 13 0.349020 0.337255 0.321569
4 33 13 0.349020 0.337255 0.321569
4 32 12 0.349020 0.337255 0.321569
4 33 12 0.349020 0.337255 0.321569
5 32 13 0.349020 0.337255 0.321569
5 33 13 0.349020 0.337255 0.321569
5 32 12 0.349020 0.337255 0.321569
5 33 12 0.349020 0.337255 0.321569
6 32 13 0.349020 0.337255 0.321569
6 33 13 0.349020 0.337255 0.321569
6 32 12 0.349020 0.337255 0.321569
6 33 12 0.349020 0.337255 0.321569
7 32 13 0.349020 0.337255 0.321569
7 33 13 0.349020 0.337255 0.321569
7 32 12 0.349020 0.337255 0.321569
7 33 12 0.349020 0.337255 0.321569
8 32 13 0.349020 0.337255 0.321569
8 33 13 0.349020 0.337255 0.321569
8 32 12 0.349020 0.337255 0.321569
8 33 12 0.349020 0.337255 0.321569
9 32 13 0.349020 0.337255 0.321569
9 33 13 0.349020 0.337255 0.321569
9 32 12 0.349020 0.337255 0.321569
9 33 12 0.349020 0.337255 0.321569
10 32 13 0.349020 0.337255 0.321569
10 33 13 0.349020 0.337255 0.321569
10 32 12 0.349020 0.337255 0.321569
10 33 12 0.349020 0.337255 0.321569
11 32 13 0.349020 0.337255 0.321569
11 33 13 0.349020 0.337255 0.321569
11 32 12 0.349020 0.337255 0.321569
11 33 12 0.349020 0.337255 0.321569
12 32 13 0.349020 0.337255 0.321569
12 33 13 0.349020 0.337255 0.321569
12 32 12 0.349020 0.337255 0.321569
12 33 12 0.349020 0.337255 0.321569
13 32 13 0.349020 0.337255 0.321569
13 33 13 0.349020 0.337255 0.321569
13 32 12 0.349020 0.337255 0.321569
13 33 12 0.349020 0.337255 0.321569
14 32 13 0.349020 0.337255 0.321569
14 33 13 0.349020 0.337255 0.321569
14 32 12 0.349020 0.337255 0.321569
14 33 12 0.349020 0.337255 0.321569
15 32 13 0.349020 0.337255 0.321569
15 33 13 0.349020 0.337255 0.321569
15 32 12 0.349020 0.337255 0.321569
15 33 12 0.349020 0.337255 0.321569
16 32 13 0.349020 0.337255 0.321569
16 33 13 0.349020 0.337255 0.321569
16 32 12 0.349020 0.337255 0.321569
16 33 12 0.349020 0.337255 0.321569
1 34 13 0.349020 0.337255 0.321569
1 34 12 0.349020 0.337255 0.321569
2 34 13 0.349020 0.337255 0.321569
2 34 12 0.349020 0.337255 0.321569
3 34 13 0.349020 0.337255 0.321569
3 34 12 0.349020 0.337255 0.321569
4 34 13 0.349020 0.337255 0.321569
4 34 12 0.349020 0.337255 0.321569
5 34 13 0.349020 0.337255 0.321569
5 34 12 0.349020 0.337255 0.321569
6 34 13 0.349020 0.337255 0.321569
6 34 12 0.349020 0.337255 0.321569
7 34 13 0.349020 0.337255 0.321569
7 34 12 0.349020 0.337255 0.321569
8 34 13 0.349020 0.337255 0.321569
8 34 12 0.349020 0.337255 0.321569
9 34 13 0.349020 0.337255 0.321569
9 34 12 0.349020 0.337255 0.321569
10 34 13 0.349020 0.337255 0.321569
10 34 12 0.349020 0.337255 0.321569
11 34 13 0.349020 0.337255 0.321569
11 34 12 0.349020 0.337255 0.321569
12 34 13 0.349020 0.337255 0.321569
12 34 12 0.349020 0.337255 0.321569
13 34 13 0.349020 0.337255 0.321569
13 34 12 0.349020 0.337255 0.321569
14 34 13 0.349020 0.337255 0.321569
14 34 12 0.349020 0.337255 0.321569
15 34 13 0.349020 0.337255 0.321569
15 34 12 0.349020 0.337255 0.321569
16 34 13 0.349020 0.337255 0.321569
16 34 12 0.349020 0.337255 0.321569
1 35 13 0.349020 0.337255 0.321569
1 35 12 0.349020 0.337255 0.321569
2 35 13 0.349020 0.337255 0.321569
2 35 12 0.349020 0.337255 0.321569
3 35 13 0.349020 0.337255 0.321569
3 35 12 0.349020 0.337255 0.321569
4 35 13 0.349020 0.337255 0.321569
4 35 12 0.349020 0.337255 0.321569
5 35 13 0.349020 0.337255 0.321569
5 35 12 0.349020 0.337255 0.321569
6 35 13 0.349020 0.337255 0.321569
6 35 12 0.349020 0.337255 0.321569
7 35 13 0.349020 0.337255 0.321569
7 35 12 0.349020 0.337255 0.321569
8 35 13 0.349020 0.337255 0.321569
8 35 12 0.349020 0.337255 0.321569
9 35 13 0.349020 0.337255 0.321569
9 35 12 0.349020 0.337255 0.321569
10 35 13 0.349020 0.337255 0.321569
10 35 12 0.349020 0.337255 0.321569
11 35 13 0.349020 0.337255 0.321569
11 35 12 0.349020 0.337255 0.321569
12 35 13 0.349020 0.337255 0.321569
12 35 12 0.349020 0.337255 0.321569
13 35 13 0.349020 0.337255 0.321569
13 35 12 0.349020 0.337255 0.321569
14 35 13 0.349020 0.337255 0.321569
14 35 12 0.349020 0.337255 0.321569
15 35 13 0.349020 0.337255 0.321569
15 35 12 0.349020 0.337255 0.321569
16 35 13 0.349020 0.337255 0.321569
16 35 12 0.349020 0.337255 0.321569
1 36 13 0.349020 0.337255 0.321569
1 36 12 0.349020 0.337255 0.321569
2 36 13 0.349020 0.337255 0.321569
2 36 12 0.349020 0.337255 0.321569
3 36 13 0.349020 0.337255 0.321569
3 36 12 0.349020 0.337255 0.321569
4 36 13 0.349020 0.337255 0.321569
4 36 12 0.349020 0.337255 0.321569
5 36 13 0.349020 0.337255 0.321569
5 36 12 0.349020 0.337255 0.321569
6 36 13 0.349020 0.337255 0.321569
6 36 12 0.349020 0.337255 0.321569
7 36 13 0.349020 0.337255 0.321569
7 36 12 0.349020 0.337255 0.321569
8 36 13 0.349020 0.337255 0.321569
8 36 12 0.349020 0.337255 0.321569
9 36 13 0.349020 0.337255 0.321569
9 36 12 0.349020 0.337255 0.321569
10 36 13 0.349020 0.337255 0.321569
10 36 12 0.349020 0.337255 0.321569
11 36 13 0.349020 0.337255 0.321569
11 36 12 0.349020 0.337255 0.321569
12 36 13 0.349020 0.337255 0.321569
12 36 12 0.349020 0.337255 0.321569
13 36 13 0.349020 0.337255 0.321569
13 36 12 0.349020 0.337255 0.321569
14 36 13 0.349020 0.337255 0.321569
14 36 12 0.349020 0.337255 0.321569
15 36 13 0.349020 0.337255 0.321569
15 36 12 0.349020 0.337255 0.321569
16 36 13 0.349020 0.337255 0.321569
16 36 12 0.349020 0.337255 0.321569
1 37 13 0.349020 0.337255 0.321569
1 37 12 0.349020 0.337255 0.321569
2 37 13 0.349020 0.337255 0.321569
2 37 12 0.349020 0.337255 0.321569
3 37 13 0.349020 0.337255 0.321569
3 37 12 0.349020 0.337255 0.321569
4 37 13 0.349020 0.337255 0.321569
4 37 12 0.349020 0.337255 0.321569
5 37 13 0.349020 0.337255 0.321569
5 37 12 0.349020 0.337255 0.321569
6 37 13 0.349020 0.337255 0.321569
6 37 12 0.349020 0.337255 0.321569
7 37 13 0.349020 0.337255 0.321569
7 37 12 0.349020 0.337255 0.321569
8 37 13 0.349020 0.337255 0.321569
8 37 12 0.349020 0.337255 0.321569
9 37 13 0.349020 0.337255 0.321569
9 37 12 0.349020 0.337255 0.321569
10 37 13 0.349020 0.337255 0.321569
10 37 12 0.349020 0.337255 0.321569
11 37 13 0.349020 0.337255 0.321569
11 37 12 0.349020 0.337255 0.321569
12 37 13 0.349020 0.337255 0.321569
12 37 12 0.349020 0.337255 0.321569
13 37 13 0.349020 0.337255 0.321569
13 37 12 0.349020 0.337255 0.321569
14 37 13 0.349020 0.337255 0.321569
14 37 12 0.349020 0.337255 0.321569
15 37 13 0.349020 0.337255 0.321569
15 37 12 0.349020 0.337255 0.321569
16 37 13 0.349020 0.337255 0.321569
16 37 12 0.349020 0.337255 0.321569
1 38 13 0.349020 0.337255 0.321569
1 38 12 0.349020 0.337255 0.321569
2 38 13 0.349020 0.337255 0.321569
2 38 12 0.349020 0.337255 0.321569
3 38 13 0.349020 0.337255 0.321569
3 38 12 0.349020 0.337255 0.321569
4 38 13 0.349020 0.337255 0.321569
4 38 12 0.349020 0.337255 0.321569
5 38 13 0.349020 0.337255 0.321569
5 38 12 0.349020 0.337255 0.321569
6 38 13 0.349020 0.337255 0.321569
6 38 12 0.349020 0.337255 0.321569
7 38 13 0.349020 0.337255 0.321569
7 38 12 0.349020 0.337255 0.321569
8 38 13 0.349020 0.337255 0.321569
8 38 12 0.349020 0.337255 0.321569
9 38 13 0.349020 0.337255 0.321569
9 38 12 0.349020 0.337255 0.321569
10 38 13 0.349020 0.337255 0.321569
10 38 12 0.349020 0.337255 0.321569
11 38 13 0.349020 0.337255 0.321569
11 38 12 0.349020 0.337255 0.321569
12 38 13 0.349020 0.337255 0.321569
12 38 12 0.349020 0.337255 0.321569
13 38 13 0.349020 0.337255 0.321569
13 38 12 0.349020 0.337255 0.321569
14 38 13 0.349020 0.337255 0.321569
14 38 12 0.349020 0.337255 0.321569
15 38 13 0.349020 0.337255 0.321569
15 38 12 0.349020 0.337255 0.321569
16 38 13 0.349020 0.337255 0.321569
16 38 12 0.349020 0.337255 0.321569
1 39 13 0.349020 0.337255 0.321569
1 39 12 0.349020 0.337255 0.321569
2 39 13 0.349020 0.337255 0.321569
2 39 12 0.349020 0.337255 0.321569
3 39 13 0.349020 0.337255 0.321569
3 39 12 0.349020 0.337255 0.321569
4 39 13 0.349020 0.337255 0.321569
4 39 12 0.349020 0.337255 0.321569
5 39 13 0.349020 0.337255 0.321569
5 39 12 0.349020 0.337255 0.321569
6 39 13 0.349020 0.337255 0.321569
6 39 12 0.349020 0.337255 0.321569
7 39 13 0.349020 0.337255 0.321569
7 39 12 0.349020 0.337255 0.321569
8 39 13 0.349020 0.337255 0.321569
8 39 12 0.349020 0.337255 0.321569
9 39 13 0.349020 0.337255 0.321569
9 39 12 0.349020 0.337255 0.321569
10 39 13 0.349020 0.337255 0.321569
10 39 12 0.349020 0.337255 0.321569
11 39 13 0.349020 0.337255 0.321569
11 39 12 0.349020 0.337255 0.321569
12 39 13 0.349020 0.337255 0.321569
12 39 12 0.349020 0.337255 0.321569
13 39 13 0.349020 0.337255 0.321569
13 39 12 0.349020 0.337255 0.321569
14 39 13 0.349020 0.337255 0.321569
14 39 12 0.349020 0.337255 0.321569
15 39 13 0.349020 0.337255 0.321569
15 39 12 0.349020 0.337255 0.321569
16 39 13 0.349020 0.337255 0.321569
16 39 12 0.349020 0.337255 0.321569
1 38 11 0.349020 0.337255 0.321569
1 39 11 0.349020 0.337255 0.321569
2 38 11 0.349020 0.337255 0.321569
2 39 11 0.349020 0.337255 0.321569
3 38 11 0.349020 0.337255 0.321569
3 39 11 0.349020 0.337255 0.321569
4 38 11 0.349020 0.337255 0.321569
4 39 11 0.349020 0.337255 0.321569
5 38 11 0.349020 0.337255 0.321569
5 39 11 0.349020 0.337255 0.321569
6 38 11 0.349020 0.337255 0.321569
6 39 11 0.349020 0.337255 0.321569
7 38 11 0.349020 0.337255 0.321569
7 39 11 0.349020 0.337255 0.321569
8 38 11 0.349020 0.337255 0.321569
8 39 11 0.349020 0.337255 0.321569
9 38 11 0.349020 0.337255 0.321569
9 39 11 0.349020 0.337255 0.321569
10 38 11 0.349020 0.337255 0.321569
10 39 11 0.349020 0.337255 0.321569
11 38 11 0.349020 0.337255 0.321569
11 39 11 0.349020 0.337255 0.321569
12 38 11 0.349020 0.337255 0.321569
12 39 11 0.349020 0.337255 0.321569
13 38 11 0.349020 0.337255 0.321569
13 39 11 0.349020 0.337255 0.321569
14 38 11 0.349020 0.337255 0.321569
14 39 11 0.349020 0.337255 0.321569
15 38 11 0.349020 0.337255 0.321569
15 39 11 0.349020 0.337255 0.321569
16 38 11 0.349020 0.337255 0.321569
16 39 11 0.349020 0.337255 0.321569
1 40 12 0.349020 0.337255 0.321569
1 40 11 0.349020 0.337255 0.321569
2 40 12 0.349020 0.337255 0.321569
2 40 11 0.349020 0.337255 0.321569
3 40 12 0.349020 0.337255 0.321569
3 40 11 0.349020 0.337255 0.321569
4 40 12 0.349020 0.337255 0.321569
4 40 11 0.349020 0.337255 0.321569
5 40 12 0.349020 0.337255 0.321569
5 40 11 0.349020 0.337255 0.321569
6 40 12 0.349020 0.337255 0.321569
6 40 11 0.349020 0.337255 0.321569
7 40 12 0.349020 0.337255 0.321569
7 40 11 0.349020 0.337255 0.321569
8 40 12 0.349020 0.337255 0.321569
8 40 11 0.349020 0.337255 0.321569
9 40 12 0.349020 0.337255 0.321569
9 40 11 0.349020 0.337255 0.321569
10 40 12 0.349020 0.337255 0.321569
10 40 11 0.349020 0.337255 0.321569
11 40 12 0.349020 0.337255 0.321569
11 40 11 0.349020 0.337255 0.321569
12 40 12 0.349020 0.337255 0.321569
12 40 11 0.349020 0.337255 0.321569
13 40 12 0.349020 0.337255 0.321569
13 40 11 0.349020 0.337255 0.321569
14 40 12 0.349020 0.337255 0.321569
14 40 11 0.349020 0.337255 0.321569
15 40 12 0.349020 0.337255 0.321569
15 40 11 0.349020 0.337255 0.321569
16 40 12 0.349020 0.337255 0.321569
16 40 11 0.349020 0.337255 0.321569
1 39 10 0.349020 0.337255 0.321569
1 40 10 0.349020 0.337255 0.321569
2 39 10 0.349020 0.337255 0.321569
2 40 10 0.349020 0.337255 0.321569
3 39 10 0.349020 0.337255 0.321569
3 40 10 0.349020 0.337255 0.321569
4 39 10 0.349020 0.337255 0.321569
4 40 10 0.349020 0.337255 0.321569
5 39 10 0.349020 0.337255 0.321569
5 40 10 0.349020 0.337255 0.321569
6 39 10 0.349020 0.337255 0.321569
6 40 10 0.349020 0.337255 0.321569
7 39 10 0.349020 0.337255 0.321569
7 40 10 0.349020 0.337255 0.321569
8 39 10 0.349020 0.337255 0.321569
8 40 10 0.349020 0.337255 0.321569
9 39 10 0.349020 0.337255 0.321569
9 40 10 0.349020 0.337255 0.321569
10 39 10 0.349020 0.337255 0.321569
10 40 10 0.349020 0.337255 0.321569
11 39 10 0.349020 0.337255 0.321569
11 40 10 0.349020 0.337255 0.321569
12 39 10 0.349020 0.337255 0.321569
12 40 10 0.349020 0.337255 0.321569
13 39 10 0.349020 0.337255 0.321569
13 40 10 0.349020 0.337255 0.321569
14 39 10 0.349020 0.337255 0.321569
14 40 10 0.349020 0.337255 0.321569
15 39 10 0.349020 0.337255 0.321569
15 40 10 0.349020 0.337255 0.321569
16 39 10 0.349020 0.337255 0.321569
16 40 10 0.349020 0.337255 0.321569
1 39 9 0.349020 0.337255 0.321569
1 40 9 0.349020 0.337255 0.321569
2 39 9 0.349020 0.337255 0.321569
2 40 9 0.349020 0.337255 0.321569
3 39 9 0.349020 0.337255 0.321569
3 40 9 0.349020 0.337255 0.321569
4 39 9 0.349020 0.337255 0.321569
4 40 9 0.349020 0.337255 0.321569
5 39 9 0.349020 0.337255 0.321569
5 40 9 0.349020 0.337255 0.321569
6 39 9 0.349020 0.337255 0.321569
6 40 9 0.349020 0.337255 0.321569
7 39 9 0.349020 0.337255 0.321569
7 40 9 0.349020 0.337255 0.321569
8 39 9 0.349020 0.337255 0.321569
8 40 9 0.349020 0.337255 0.321569
9 39 9 0.349020 0.337255 0.321569
9 40 9 0.349020 0.337255 0.321569
10 39 9 0.349020 0.337255 0.321569
10 40 9 0.349020 0.337255 0.321569
11 39 9 0.349020 0.337255 0.321569
11 40 9 0.349020 0.337255 0.321569
12 39 9 0.349020 0.337255 0.321569
12 40 9 0.349020 0.337255 0.321569
13 39 9 0.349020 0.337255 0.321569
13 40 9 0.349020 0.337255 0.321569
14 39 9 0.349020 0.337255 0.321569
14 40 9 0.349020 0.337255 0.321569
15 39 9 0.349020 0.337255 0.321569
15 40 9 0.349020 0.337255 0.321569
16 39 9 0.349020 0.337255 0.321569
16 40 9 0.349020 0.337255 0.321569
1 39 8 0.349020 0.337255 0.321569
2 39 8 0.349020 0.337255 0.321569
3 39 8 0.349020 0.337255 0.321569
4 39 8 0.349020 0.337255 0.321569
5 39 8 0.349020 0.337255 0.321569
6 39 8 0.349020 0.337255 0.321569
7 39 8 0.349020 0.337255 0.321569
8 39 8 0.349020 0.337255 0.321569
9 39 8 0.349020 0.337255 0.321569
10 39 8 0.349020 0.337255 0.321569
11 39 8 0.349020 0.337255 0.321569
12 39 8 0.349020 0.337255 0.321569
13 39 8 0.349020 0.337255 0.321569
14 39 8 0.349020 0.337255 0.321569
15 39 8 0.349020 0.337255 0.321569
16 39 8 0.349020 0.337255 0.321569
1 39 7 0.349020 0.337255 0.321569
2 39 7 0.349020 0.337255 0.321569
3 39 7 0.349020 0.337255 0.321569
4 39 7 0.349020 0.337255 0.321569
5 39 7 0.349020 0.337255 0.321569
6 39 7 0.349020 0.337255 0.321569
7 39 7 0.349020 0.337255 0.321569
8 39 7 0.349020 0.337255 0.321569
9 39 7 0.349020 0.337255 0.321569
10 39 7 0.349020 0.337255 0.321569
11 39 7 0.349020 0.337255 0.321569
12 39 7 0.349020 0.337255 0.321569
13 39 7 0.349020 0.337255 0.321569
14 39 7 0.349020 0.337255 0.321569
15 39 7 0.349020 0.337255 0.321569
16 39 7 0.349020 0.337255 0.321569
1 39 6 0.349020 0.337255 0.321569
2 39 6 0.349020 0.337255 0.321569
3 39 6 0.349020 0.337255 0.321569
4 39 6 0.349020 0.337255 0.321569
5 39 6 0.349020 0.337255 0.321569
6 39 6 0.349020 0.337255 0.321569
7 39 6 0.349020 0.337255 0.321569
8 39 6 0.349020 0.337255 0.321569
9 39 6 0.349020 0.337255 0.321569
10 39 6 0.349020 0.337255 0.321569
11 39 6 0.349020 0.337255 0.321569
12 39 6 0.349020 0.337255 0.321569
13 39 6 0.349020 0.337255 0.321569
14 39 6 0.349020 0.337255 0.321569
15 39 6 0.349020 0.337255 0.321569
16 39 6 0.349020 0.337255 0.321569
1 39 5 0.349020 0.337255 0.321569
2 39 5 0.349020 0.337255 0.321569
3 39 5 0.349020 0.337255 0.321569
4 39 5 0.349020 0.337255 0.321569
5 39 5 0.349020 0.337255 0.321569
6 39 5 0.349020 0.337255 0.321569
7 39 5 0.349020 0.337255 0.321569
8 39 5 0.349020 0.337255 0.321569
9 39 5 0.349020 0.337255 0.321569
10 39 5 0.349020 0.337255 0.321569
11 39 5 0.349020 0.337255 0.321569
12 39 5 0.349020 0.337255 0.321569
13 39 5 0.349020 0.337255 0.321569
14 39 5 0.349020 0.337255 0.321569
15 39 5 0.349020 0.337255 0.321569
16 39 5 0.349020 0.337255 0.321569
1 39 4 0.349020 0.337255 0.321569
2 39 4 0.349020 0.337255 0.321569
3 39 4 0.349020 0.337255 0.321569
4 39 4 0.349020 0.337255 0.321569
5 39 4 0.349020 0.337255 0.321569
6 39 4 0.349020 0.337255 0.321569
7 39 4 0.349020 0.337255 0.321569
8 39 4 0.349020 0.337255 0.321569
9 39 4 0.349020 0.337255 0.321569
10 39 4 0.349020 0.337255 0.321569
11 39 4 0.349020 0.337255 0.321569
12 39 4 0.349020 0.337255 0.321569
13 39 4 0.349020 0.337255 0.321569
14 39 4 0.349020 0.337255 0.321569
15 39 4 0.349020 0.337255 0.321569
16 39 4 0.349020 0.337255 0.321569
1 39 3 0.349020 0.337255 0.321569
2 39 3 0.349020 0.337255 0.321569
3 39 3 0.349020 0.337255 0.321569
4 39 3 0.349020 0.337255 0.321569
5 39 3 0.349020 0.337255 0.321569
6 39 3 0.349020 0.337255 0.321569
7 39 3 0.349020 0.337255 0.321569
8 39 3 0.349020 0.337255 0.321569
9 39 3 0.349020 0.337255 0.321569
10 39 3 0.349020 0.337255 0.321569
11 39 3 0.349020 0.337255 0.321569
12 39 3 0.349020 0.337255 0.321569
13 39 3 0.349020 0.337255 0.321569
14 39 3 0.349020 0.337255 0.321569
15 39 3 0.349020 0.337255 0.321569
16 39 3 0.349020 0.337255 0.321569
1 39 2 0.349020 0.337255 0.321569
2 39 2 0.349020 0.337255 0.321569
3 39 2 0.349020 0.337255 0.321569
4 39 2 0.349020 0.337255 0.321569
5 39 2 0.349020 0.337255 0.321569
6 39 2 0.349020 0.337255 0.321569
7 39 2 0.349020 0.337255 0.321569
8 39 2 0.349020 0.337255 0.321569
9 39 2 0.349020 0.337255 0.321569
10 39 2 0.349020 0.337255 0.321569
11 39 2 0.349020 0.337255 0.321569
12 39 2 0.349020 0.337255 0.321569
13 39 2 0.349020 0.337255 0.321569
14 39 2 0.349020 0.337255 0.321569
15 39 2 0.349020 0.337255 0.321569
16 39 2 0.349020 0.337255 0.321569
1 39 1 0.349020 0.337255 0.321569
2 39 1 0.349020 0.337255 0.321569
3 39 1 0.349020 0.337255 0.321569
4 39 1 0.349020 0.337255 0.321569
5 39 1 0.349020 0.337255 0.321569
6 39 1 0.349020 0.337255 0.321569
7 39 1 0.349020 0.337255 0.321569
8 39 1 0.349020 0.337255 0.321569
9 39 1 0.349020 0.337255 0.321569
10 39 1 0.349020 0.337255 0.321569
11 39 1 0.349020 0.337255 0.321569
12 39 1 0.349020 0.337255 0.321569
13 39 1 0.349020 0.337255 0.321569
14 39 1 0.349020 0.337255 0.321569
15 39 1 0.349020 0.337255 0.321569
16 39 1 0.349020 0.337255 0.321569
1 39 0 0.349020 0.337255 0.321569
2 39 0 0.349020 0.337255 0.321569
3 39 0 0.349020 0.337255 0.321569
4 39 0 0.349020 0.337255 0.321569
5 39 0 0.349020 0.337255 0.321569
6 39 0 0.349020 0.337255 0.321569
7 39 0 0.349020 0.337255 0.321569
8 39 0 0.349020 0.337255 0.321569
9 39 0 0.349020 0.337255 0.321569
10 39 0 0.349020 0.337255 0.321569
11 39 0 0.349020 0.337255 0.321569
12 39 0 0.349020 0.337255 0.321569
13 39 0 0.349020 0.337255 0.321569
14 39 0 0.349020 0.337255 0.321569
15 39 0 0.349020 0.337255 0.321569
16 39 0 0.349020 0.337255 0.321569
1 41 9 0.349020 0.337255 0.321569
1 41 8 0.349020 0.337255 0.321569
2 41 9 0.349020 0.337255 0.321569
2 41 8 0.349020 0.337255 0.321569
3 41 9 0.349020 0.337255 0.321569
3 41 8 0.349020 0.337255 0.321569
4 41 9 0.349020 0.337255 0.321569
4 41 8 0.349020 0.337255 0.321569
5 41 9 0.349020 0.337255 0.321569
5 41 8 0.349020 0.337255 0.321569
6 41 9 0.349020 0.337255 0.321569
6 41 8 0.349020 0.337255 0.321569
7 41 9 0.349020 0.337255 0.321569
7 41 8 0.349020 0.337255 0.321569
8 41 9 0.349020 0.337255 0.321569
8 41 8 0.349020 0.337255 0.321569
9 41 9 0.349020 0.337255 0.321569
9 41 8 0.349020 0.337255 0.321569
10 41 9 0.349020 0.337255 0.321569
10 41 8 0.349020 0.337255 0.321569
11 41 9 0.349020 0.337255 0.321569
11 41 8 0.349020 0.337255 0.321569
12 41 9 0.349020 0.337255 0.321569
12 41 8 0.349020 0.337255 0.321569
13 41 9 0.349020 0.337255 0.321569
13 41 8 0.349020 0.337255 0.321569
14 41 9 0.349020 0.337255 0.321569
14 41 8 0.349020 0.337255 0.321569
15 41 9 0.349020 0.337255 0.321569
15 41 8 0.349020 0.337255 0.321569
16 41 9 0.349020 0.337255 0.321569
16 41 8 0.349020 0.337255 0.321569
1 41 7 0.349020 0.337255 0.321569
2 41 7 0.349020 0.337255 0.321569
3 41 7 0.349020 0.337255 0.321569
4 41 7 0.349020 0.337255 0.321569
5 41 7 0.349020 0.337255 0.321569
6 41 7 0.349020 0.337255 0.321569
7 41 7 0.349020 0.337255 0.321569
8 41 7 0.349020 0.337255 0.321569
9 41 7 0.349020 0.337255 0.321569
10 41 7 0.349020 0.337255 0.321569
11 41 7 0.349020 0.337255 0.321569
12 41 7 0.349020 0.337255 0.321569
13 41 7 0.349020 0.337255 0.321569
14 41 7 0.349020 0.337255 0.321569
15 41 7 0.349020 0.337255 0.321569
16 41 7 0.349020 0.337255 0.321569
1 41 6 0.349020 0.337255 0.321569
2 41 6 0.349020 0.337255 0.321569
3 41 6 0.349020 0.337255 0.321569
4 41 6 0.349020 0.337255 0.321569
5 41 6 0.349020 0.337255 0.321569
6 41 6 0.349020 0.337255 0.321569
7 41 6 0.349020 0.337255 0.321569
8 41 6 0.349020 0.337255 0.321569
9 41 6 0.349020 0.337255 0.321569
10 41 6 0.349020 0.337255 0.321569
11 41 6 0.349020 0.337255 0.321569
12 41 6 0.349020 0.337255 0.321569
13 41 6 0.349020 0.337255 0.321569
14 41 6 0.349020 0.337255 0.321569
15 41 6 0.349020 0.337255 0.321569
16 41 6 0.349020 0.337255 0.321569
1 41 5 0.349020 0.337255 0.321569
2 41 5 0.349020 0.337255 0.321569
3 41 5 0.349020 0.337255 0.321569
4 41 5 0.349020 0.337255 0.321569
5 41 5 0.349020 0.337255 0.321569
6 41 5 0.349020 0.337255 0.321569
7 41 5 0.349020 0.337255 0.321569
8 41 5 0.349020 0.337255 0.321569
9 41 5 0.349020 0.337255 0.321569
10 41 5 0.349020 0.337255 0.321569
11 41 5 0.349020 0.337255 0.321569
12 41 5 0.349020 0.337255 0.321569
13 41 5 0.349020 0.337255 0.321569
14 41 5 0.349020 0.337255 0.321569
15 41 5 0.349020 0.337255 0.321569
16 41 5 0.349020 0.337255 0.321569
1 41 4 0.349020 0.337255 0.321569
2 41 4 0.349020 0.337255 0.321569
3 41 4 0.349020 0.337255 0.321569
4 41 4 0.349020 0.337255 0.321569
5 41 4 0.349020 0.337255 0.321569
6 41 4 0.349020 0.337255 0.321569
7 41 4 0.349020 0.337255 0.321569
8 41 4 0.349020 0.337255 0.321569
9 41 4 0.349020 0.337255 0.321569
10 41 4 0.349020 0.337255 0.321569
11 41 4 0.349020 0.337255 0.321569
12 41 4 0.349020 0.337255 0.321569
13 41 4 0.349020 0.337255 0.321569
14 41 4 0.349020 0.337255 0.321569
15 41 4 0.349020 0.337255 0.321569
16 41 4 0.349020 0.337255 0.321569
1 41 3 0.349020 0.337255 0.321569
2 41 3 0.349020 0.337255 0.321569
3 41 3 0.349020 0.337255 0.321569
4 41 3 0.349020 0.337255 0.321569
5 41 3 0.349020 0.337255 0.321569
6 41 3 0.349020 0.337255 0.321569
7 41 3 0.349020 0.337255 0.321569
8 41 3 0.349020 0.337255 0.321569
9 41 3 0.349020 0.337255 0.321569
10 41 3 0.349020 0.337255 0.321569
11 41 3 0.349020 0.337255 0.321569
12 41 3 0.349020 0.337255 0.321569
13 41 3 0.349020 0.337255 0.321569
14 41 3 0.349020 0.337255 0.321569
15 41 3 0.349020 0.337255 0.321569
16 41 3 0.349020 0.337255 0.321569
1 41 2 0.349020 0.337255 0.321569
2 41 2 0.349020 0.337255 0.321569
3 41 2 0.349020 0.337255 0.321569
4 41 2 0.349020 0.337255 0.321569
5 41 2 0.349020 0.337255 0.321569
6 41 2 0.349020 0.337255 0.321569
7 41 2 0.349020 0.337255 0.321569
8 41 2 0.349020 0.337255 0.321569
9 41 2 0.349020 0.337255 0.321569
10 41 2 0.349020 0.337255 0.321569
11 41 2 0.349020 0.337255 0.321569
12 41 2 0.349020 0.337255 0.321569
13 41 2 0.349020 0.337255 0.321569
14 41 2 0.349020 0.337255 0.321569
15 41 2 0.349020 0.337255 0.321569
16 41 2 0.349020 0.337255 0.321569
1 41 1 0.349020 0.337255 0.321569
2 41 1 0.349020 0.337255 0.321569
3 41 1 0.349020 0.337255 0.321569
4 41 1 0.349020 0.337255 0.321569
5 41 1 0.349020 0.337255 0.321569
6 41 1 0.349020 0.337255 0.321569
7 41 1 0.349020 0.337255 0.321569
8 41 1 0.349020 0.337255 0.321569
9 41 1 0.349020 0.337255 0.321569
10 41 1 0.349020 0.337255 0.321569
11 41 1 0.349020 0.337255 0.321569
12 41 1 0.349020 0.337255 0.321569
13 41 1 0.349020 0.337255 0.321569
14 41 1 0.349020 0.337255 0.321569
15 41 1 0.349020 0.337255 0.321569
16 41 1 0.349020 0.337255 0.321569
1 41 0 0.349020 0.337255 0.321569
2 41 0 0.349020 0.337255 0.321569
3 41 0 0.349020 0.337255 0.321569
4 41 0 0.349020 0.337255 0.321569
5 41 0 0.349020 0.337255 0.321569
6 41 0 0.349020 0.337255 0.321569
7 41 0 0.349020 0.337255 0.321569
8 41 0 0.349020 0.337255 0.321569
9 41 0 0.349020 0.337255 0.321569
10 41 0 0.349020 0.337255 0.321569
11 41 0 0.349020 0.337255 0.321569
12 41 0 0.349020 0.337255 0.321569
13 41 0 0.349020 0.337255 0.321569
14 41 0 0.349020 0.337255 0.321569
15 41 0 0.349020 0.337255 0.321569
16 41 0 0.349020 0.337255 0.321569
17 32 13 0.349020 0.337255 0.321569
17 33 13 0.349020 0.337255 0.321569
17 32 12 0.349020 0.337255 0.321569
17 33 12 0.349020 0.337255 0.321569
18 32 13 0.349020 0.337255 0.321569
18 33 13 0.349020 0.337255 0.321569
18 32 12 0.349020 0.337255 0.321569
18 33 12 0.349020 0.337255 0.321569
19 32 13 0.349020 0.337255 0.321569
19 33 13 0.349020 0.337255 0.321569
19 32 12 0.349020 0.337255 0.321569
19 33 12 0.349020 0.337255 0.321569
20 32 13 0.349020 0.337255 0.321569
20 33 13 0.349020 0.337255 0.321569
20 32 12 0.349020 0.337255 0.321569
20 33 12 0.349020 0.337255 0.321569
21 32 13 0.349020 0.337255 0.321569
21 33 13 0.349020 0.337255 0.321569
21 32 12 0.349020 0.337255 0.321569
21 33 12 0.349020 0.337255 0.321569
22 32 13 0.349020 0.337255 0.321569
22 33 13 0.349020 0.337255 0.321569
22 32 12 0.349020 0.337255 0.321569
22 33 12 0.349020 0.337255 0.321569
23 32 13 0.349020 0.337255 0.321569
23 33 13 0.349020 0.337255 0.321569
23 32 12 0.349020 0.337255 0.321569
23 33 12 0.349020 0.337255 0.321569
24 32 13 0.349020 0.337255 0.321569
24 33 13 0.349020 0.337255 0.321569
24 32 12 0.349020 0.337255 0.321569
24 33 12 0.349020 0.337255 0.321569
25 32 13 0.349020 0.337255 0.321569
25 33 13 0.349020 0.337255 0.321569
25 32 12 0.349020 0.337255 0.321569
25 33 12 0.349020 0.337255 0.321569
26 32 13 0.349020 0.337255 0.321569
26 33 13 0.349020 0.337255 0.321569
26 32 12 0.349020 0.337255 0.321569
26 33 12 0.349020 0.337255 0.321569
27 32 13 0.349020 0.337255 0.321569
27 33 13 0.349020 0.337255 0.321569
27 32 12 0.349020 0.337255 0.321569
27 33 12 0.349020 0.337255 0.321569
28 32 13 0.349020 0.337255 0.321569
28 33 13 0.349020 0.337255 0.321569
28 32 12 0.349020 0.337255 0.321569
28 33 12 0.349020 0.337255 0.321569
29 32 13 0.349020 0.337255 0.321569
29 33 13 0.349020 0.337255 0.321569
29 32 12 0.349020 0.337255 0.321569
29 33 12 0.349020 0.337255 0.321569
30 32 13 0.349020 0.337255 0.321569
30 33 13 0.349020 0.337255 0.321569
30 32 12 0.349020 0.337255 0.321569
30 33 12 0.349020 0.337255 0.321569
31 32 13 0.349020 0.337255 0.321569
31 33 13 0.349020 0.337255 0.321569
31 32 12 0.349020 0.337255 0.321569
31 33 12 0.349020 0.337255 0.321569
32 32 13 0.349020 0.337255 0.321569
32 33 13 0.349020 0.337255 0.321569
32 32 12 0.349020 0.337255 0.321569
32 33 12 0.349020 0.337255 0.321569
17 34 13 0.349020 0.337255 0.321569
17 34 12 0.349020 0.337255 0.321569
18 34 13 0.349020 0.337255 0.321569
18 34 12 0.349020 0.337255 0.321569
19 34 13 0.349020 0.337255 0.321569
19 34 12 0.349020 0.337255 0.321569
20 34 13 0.349020 0.337255 0.321569
20 34 12 0.349020 0.337255 0.321569
21 34 13 0.349020 0.337255 0.321569
21 34 12 0.349020 0.337255 0.321569
22 34 13 0.349020 0.337255 0.321569
22 34 12 0.349020 0.337255 0.321569
23 34 13 0.349020 0.337255 0.321569
23 34 12 0.349020 0.337255 0.321569
24 34 13 0.349020 0.337255 0.321569
24 34 12 0.349020 0.337255 0.321569
25 34 13 0.349020 0.337255 0.321569
25 34 12 0.349020 0.337255 0.321569
26 34 13 0.349020 0.337255 0.321569
26 34 12 0.349020 0.337255 0.321569
27 34 13 0.349020 0.337255 0.321569
27 34 12 0.349020 0.337255 0.321569
28 34 13 0.349020 0.337255 0.321569
28 34 12 0.349020 0.337255 0.321569
29 34 13 0.349020 0.337255 0.321569
29 34 12 0.349020 0.337255 0.321569
30 34 13 0.349020 0.337255 0.321569
30 34 12 0.349020 0.337255 0.321569
31 34 13 0.349020 0.337255 0.321569
31 34 12 0.349020 0.337255 0.321569
32 34 13 0.349020 0.337255 0.321569
32 34 12 0.349020 0.337255 0.321569
17 35 13 0.349020 0.337255 0.321569
17 35 12 0.349020 0.337255 0.321569
18 35 13 0.349020 0.337255 0.321569
18 35 12 0.349020 0.337255 0.321569
19 35 13 0.349020 0.337255 0.321569
19 35 12 0.349020 0.337255 0.321569
20 35 13 0.349020 0.337255 0.321569
20 35 12 0.349020 0.337255 0.321569
21 35 13 0.349020 0.337255 0.321569
21 35 12 0.349020 0.337255 0.321569
22 35 13 0.349020 0.337255 0.321569
22 35 12 0.349020 0.337255 0.321569
23 35 13 0.349020 0.337255 0.321569
23 35 12 0.349020 0.337255 0.321569
24 35 13 0.349020 0.337255 0.321569
24 35 12 0.349020 0.337255 0.321569
25 35 13 0.349020 0.337255 0.321569
25 35 12 0.349020 0.337255 0.321569
26 35 13 0.349020 0.337255 0.321569
26 35 12 0.349020 0.337255 0.321569
27 35 13 0.349020 0.337255 0.321569
27 35 12 0.349020 0.337255 0.321569
28 35 13 0.349020 0.337255 0.321569
28 35 12 0.349020 0.337255 0.321569
29 35 13 0.349020 0.337255 0.321569
29 35 12 0.349020 0.337255 0.321569
30 35 13 0.349020 0.337255 0.321569
30 35 12 0.349020 0.337255 0.321569
31 35 13 0.349020 0.337255 0.321569
31 35 12 0.349020 0.337255 0.321569
32 35 13 0.349020 0.337255 0.321569
32 35 12 0.349020 0.337255 0.321569
17 36 13 0.349020 0.337255 0.321569
17 36 12 0.349020 0.337255 0.321569
18 36 13 0.349020 0.337255 0.321569
18 36 12 0.349020 0.337255 0.321569
19 36 13 0.349020 0.337255 0.321569
19 36 12 0.349020 0.337255 0.321569
20 36 13 0.349020 0.337255 0.321569
20 36 12 0.349020 0.337255 0.321569
21 36 13 0.349020 0.337255 0.321569
21 36 12 0.349020 0.337255 0.321569
22 36 13 0.349020 0.337255 0.321569
22 36 12 0.349020 0.337255 0.321569
23 36 13 0.349020 0.337255 0.321569
23 36 12 0.349020 0.337255 0.321569
24 36 13 0.349020 0.337255 0.321569
24 36 12 0.349020 0.337255 0.321569
25 36 13 0.349020 0.337255 0.321569
25 36 12 0.349020 0.337255 0.321569
26 36 13 0.349020 0.337255 0.321569
26 36 12 0.349020 0.337255 0.321569
27 36 13 0.349020 0.337255 0.321569
27 36 12 0.349020 0.337255 0.321569
28 36 13 0.349020 0.337255 0.321569
28 36 12 0.349020 0.337255 0.321569
29 36 13 0.349020 0.337255 0.321569
29 36 12 0.349020 0.337255 0.321569
30 36 13 0.349020 0.337255 0.321569
30 36 12 0.349020 0.337255 0.321569
31 36 13 0.349020 0.337255 0.321569
31 36 12 0.349020 0.337255 0.321569
32 36 13 0.349020 0.337255 0.321569
32 36 12 0.349020 0.337255 0.321569
17 37 13 0.349020 0.337255 0.321569
17 37 12 0.349020 0.337255 0.321569
18 37 13 0.349020 0.337255 0.321569
18 37 12 0.349020 0.337255 0.321569
19 37 13 0.349020 0.337255 0.321569
19 37 12 0.349020 0.337255 0.321569
20 37 13 0.349020 0.337255 0.321569
20 37 12 0.349020 0.337255 0.321569
21 37 13 0.349020 0.337255 0.321569
21 37 12 0.349020 0.337255 0.321569
22 37 13 0.349020 0.337255 0.321569
22 37 12 0.349020 0.337255 0.321569
23 37 13 0.349020 0.337255 0.321569
23 37 12 0.349020 0.337255 0.321569
24 37 13 0.349020 0.337255 0.321569
24 37 12 0.349020 0.337255 0.321569
25 37 13 0.349020 0.337255 0.321569
25 37 12 0.349020 0.337255 0.321569
26 37 13 0.349020 0.337255 0.321569
26 37 12 0.349020 0.337255 0.321569
27 37 13 0.349020 0.337255 0.321569
27 37 12 0.349020 0.337255 0.321569
28 37 13 0.349020 0.337255 0.321569
28 37 12 0.349020 0.337255 0.321569
29 37 13 0.349020 0.337255 0.321569
29 37 12 0.349020 0.337255 0.321569
30 37 13 0.349020 0.337255 0.321569
30 37 12 0.349020 0.337255 0.321569
31 37 13 0.349020 0.337255 0.321569
31 37 12 0.349020 0.337255 0.321569
32 37 13 0.349020 0.337255 0.321569
32 37 12 0.349020 0.337255 0.321569
17 38 13 0.349020 0.337255 0.321569
17 38 12 0.349020 0.337255 0.321569
18 38 13 0.349020 0.337255 0.321569
18 38 12 0.349020 0.337255 0.321569
19 38 13 0.349020 0.337255 0.321569
19 38 12 0.349020 0.337255 0.321569
20 38 13 0.349020 0.337255 0.321569
20 38 12 0.349020 0.337255 0.321569
21 38 13 0.349020 0.337255 0.321569
21 38 12 0.349020 0.337255 0.321569
22 38 13 0.349020 0.337255 0.321569
22 38 12 0.349020 0.337255 0.321569
23 38 13 0.349020 0.337255 0.321569
23 38 12 0.349020 0.337255 0.321569
24 38 13 0.349020 0.337255 0.321569
24 38 12 0.349020 0.337255 0.321569
25 38 13 0.349020 0.337255 0.321569
25 38 12 0.349020 0.337255 0.321569
26 38 13 0.349020 0.337255 0.321569
26 38 12 0.349020 0.337255 0.321569
27 38 13 0.349020 0.337255 0.321569
27 38 12 0.349020 0.337255 0.321569
28 38 13 0.349020 0.337255 0.321569
28 38 12 0.349020 0.337255 0.321569
29 38 13 0.349020 0.337255 0.321569
29 38 12 0.349020 0.337255 0.321569
30 38 13 0.349020 0.337255 0.321569
30 38 12 0.349020 0.337255 0.321569
31 38 13 0.349020 0.337255 0.321569
31 38 12 0.349020 0.337255 0.321569
32 38 13 0.349020 0.337255 0.321569
32 38 12 0.349020 0.337255 0.321569
17 39 13 0.349020 0.337255 0.321569
17 39 12 0.349020 0.337255 0.321569
18 39 13 0.349020 0.337255 0.321569
18 39 12 0.349020 0.337255 0.321569
19 39 13 0.349020 0.337255 0.321569
19 39 12 0.349020 0.337255 0.321569
20 39 13 0.349020 0.337255 0.321569
20 39 12 0.349020 0.337255 0.321569
21 39 13 0.349020 0.337255 0.321569
21 39 12 0.349020 0.337255 0.321569
22 39 13 0.349020 0.337255 0.321569
22 39 12 0.349020 0.337255 0.321569
23 39 13 0.349020 0.337255 0.321569
23 39 12 0.349020 0.337255 0.321569
24 39 13 0.349020 0.337255 0.321569
24 39 12 0.349020 0.337255 0.321569
25 39 13 0.349020 0.337255 0.321569
25 39 12 0.349020 0.337255 0.321569
26 39 13 0.349020 0.337255 0.321569
26 39 12 0.349020 0.337255 0.321569
27 39 13 0.349020 0.337255 0.321569
27 39 12 0.349020 0.337255 0.321569
28 39 13 0.349020 0.337255 0.321569
28 39 12 0.349020 0.337255 0.321569
29 39 13 0.349020 0.337255 0.321569
29 39 12 0.349020 0.337255 0.321569
30 39 13 0.349020 0.337255 0.321569
30 39 12 0.349020 0.337255 0.321569
31 39 13 0.349020 0.337255 0.321569
31 39 12 0.349020 0.337255 0.321569
32 39 13 0.349020 0.337255 0.321569
32 39 12 0.349020 0.337255 0.321569
17 38 11 0.349020 0.337255 0.321569
17 39 11 0.349020 0.337255 0.321569
18 38 11 0.349020 0.337255 0.321569
18 39 11 0.349020 0.337255 0.321569
19 38 11 0.349020 0.337255 0.321569
19 39 11 0.349020 0.337255 0.321569
20 38 11 0.349020 0.337255 0.321569
20 39 11 0.349020 0.337255 0.321569
21 38 11 0.349020 0.337255 0.321569
21 39 11 0.349020 0.337255 0.321569
22 38 11 0.349020 0.337255 0.321569
22 39 11 0.349020 0.337255 0.321569
23 38 11 0.349020 0.337255 0.321569
23 39 11 0.349020 0.337255 0.321569
24 38 11 0.349020 0.337255 0.321569
24 39 11 0.349020 0.337255 0.321569
25 38 11 0.349020 0.337255 0.321569
25 39 11 0.349020 0.337255 0.321569
26 38 11 0.349020 0.337255 0.321569
26 39 11 0.349020 0.337255 0.321569
27 38 11 0.349020 0.337255 0.321569
27 39 11 0.349020 0.337255 0.321569
28 38 11 0.349020 0.337255 0.321569
28 39 11 0.349020 0.337255 0.321569
29 38 11 0.349020 0.337255 0.321569
29 39 11 0.349020 0.337255 0.321569
30 38 11 0.349020 0.337255 0.321569
30 39 11 0.349020 0.337255 0.321569
31 38 11 0.349020 0.337255 0.321569
31 39 11 0.349020 0.337255 0.321569
32 38 11 0.349020 0.337255 0.321569
32 39 11 0.349020 0.337255 0.321569
17 40 12 0.349020 0.337255 0.321569
17 40 11 0.349020 0.337255 0.321569
18 40 12 0.349020 0.337255 0.321569
18 40 11 0.349020 0.337255 0.321569
19 40 12 0.349020 0.337255 0.321569
19 40 11 0.349020 0.337255 0.321569
20 40 12 0.349020 0.337255 0.321569
20 40 11 0.349020 0.337255 0.321569
21 40 12 0.349020 0.337255 0.321569
21 40 11 0.349020 0.337255 0.321569
22 40 12 0.349020 0.337255 0.321569
22 40 11 0.349020 0.337255 0.321569
23 40 12 0.349020 0.337255 0.321569
23 40 11 0.349020 0.337255 0.321569
24 40 12 0.349020 0.337255 0.321569
24 40 11 0.349020 0.337255 0.321569
25 40 12 0.349020 0.337255 0.321569
25 40 11 0.349020 0.337255 0.321569
26 40 12 0.349020 0.337255 0.321569
26 40 11 0.349020 0.337255 0.321569
27 40 12 0.349020 0.337255 0.321569
27 40 11 0.349020 0.337255 0.321569
28 40 12 0.349020 0.337255 0.321569
28 40 11 0.349020 0.337255 0.321569
29 40 12 0.349020 0.337255 0.321569
29 40 11 0.349020 0.337255 0.321569
30 40 12 0.349020 0.337255 0.321569
30 40 11 0.349020 0.337255 0.321569
31 40 12 0.349020 0.337255 0.321569
31 40 11 0.349020 0.337255 0.321569
32 40 12 0.349020 0.337255 0.321569
32 40 11 0.349020 0.337255 0.321569
17 39 10 0.349020 0.337255 0.321569
17 40 10 0.349020 0.337255 0.321569
18 39 10 0.349020 0.337255 0.321569
18 40 10 0.349020 0.337255 0.321569
19 39 10 0.349020 0.337255 0.321569
19 40 10 0.349020 0.337255 0.321569
20 39 10 0.349020 0.337255 0.321569
20 40 10 0.349020 0.337255 0.321569
21 39 10 0.349020 0.337255 0.321569
21 40 10 0.349020 0.337255 0.321569
22 39 10 0.349020 0.337255 0.321569
22 40 10 0.349020 0.337255 0.321569
23 39 10 0.349020 0.337255 0.321569
23 40 10 0.349020 0.337255 0.321569
24 39 10 0.349020 0.337255 0.321569
24 40 10 0.349020 0.337255 0.321569
25 39 10 0.349020 0.337255 0.321569
25 40 10 0.349020 0.337255 0.321569
26 39 10 0.349020 0.337255 0.321569
26 40 10 0.349020 0.337255 0.321569
27 39 10 0.349020 0.337255 0.321569
27 40 10 0.349020 0.337255 0.321569
28 39 10 0.349020 0.337255 0.321569
28 40 10 0.349020 0.337255 0.321569
29 39 10 0.349020 0.337255 0.321569
29 40 10 0.349020 0.337255 0.321569
30 39 10 0.349020 0.337255 0.321569
30 40 10 0.349020 0.337255 0.321569
31 39 10 0.349020 0.337255 0.321569
31 40 10 0.349020 0.337255 0.321569
32 39 10 0.349020 0.337255 0.321569
32 40 10 0.349020 0.337255 0.321569
17 39 9 0.349020 0.337255 0.321569
17 40 9 0.349020 0.337255 0.321569
18 39 9 0.349020 0.337255 0.321569
18 40 9 0.349020 0.337255 0.321569
19 39 9 0.349020 0.337255 0.321569
19 40 9 0.349020 0.337255 0.321569
20 39 9 0.349020 0.337255 0.321569
20 40 9 0.349020 0.337255 0.321569
21 39 9 0.349020 0.337255 0.321569
21 40 9 0.349020 0.337255 0.321569
22 39 9 0.349020 0.337255 0.321569
22 40 9 0.349020 0.337255 0.321569
23 39 9 0.349020 0.337255 0.321569
23 40 9 0.349020 0.337255 0.321569
24 39 9 0.349020 0.337255 0.321569
24 40 9 0.349020 0.337255 0.321569
25 39 9 0.349020 0.337255 0.321569
25 40 9 0.349020 0.337255 0.321569
26 39 9 0.349020 0.337255 0.321569
26 40 9 0.349020 0.337255 0.321569
27 39 9 0.349020 0.337255 0.321569
27 40 9 0.349020 0.337255 0.321569
28 39 9 0.349020 0.337255 0.321569
28 40 9 0.349020 0.337255 0.321569
29 39 9 0.349020 0.337255 0.321569
29 40 9 0.349020 0.337255 0.321569
30 39 9 0.349020 0.337255 0.321569
30 40 9 0.349020 0.337255 0.321569
31 39 9 0.349020 0.337255 0.321569
31 40 9 0.349020 0.337255 0.321569
32 39 9 0.349020 0.337255 0.321569
32 40 9 0.349020 0.337255 0.321569
17 39 8 0.349020 0.337255 0.321569
18 39 8 0.349020 0.337255 0.321569
19 39 8 0.349020 0.337255 0.321569
20 39 8 0.349020 0.337255 0.321569
21 39 8 0.349020 0.337255 0.321569
22 39 8 0.349020 0.337255 0.321569
23 39 8 0.349020 0.337255 0.321569
24 39 8 0.349020 0.337255 0.321569
25 39 8 0.349020 0.337255 0.321569
26 39 8 0.349020 0.337255 0.321569
27 39 8 0.349020 0.337255 0.321569
28 39 8 0.349020 0.337255 0.321569
29 39 8 0.349020 0.337255 0.321569
30 39 8 0.349020 0.337255 0.321569
31 39 8 0.349020 0.337255 0.321569
32 39 8 0.349020 0.337255 0.321569
17 39 7 0.349020 0.337255 0.321569
18 39 7 0.349020 0.337255 0.321569
19 39 7 0.349020 0.337255 0.321569
20 39 7 0.349020 0.337255 0.321569
21 39 7 0.349020 0.337255 0.321569
22 39 7 0.349020 0.337255 0.321569
23 39 7 0.349020 0.337255 0.321569
24 39 7 0.349020 0.337255 0.321569
25 39 7 0.349020 0.337255 0.321569
26 39 7 0.349020 0.337255 0.321569
27 39 7 0.349020 0.337255 0.321569
28 39 7 0.349020 0.337255 0.321569
29 39 7 0.349020 0.337255 0.321569
30 39 7 0.349020 0.337255 0.321569
31 39 7 0.349020 0.337255 0.321569
32 39 7 0.349020 0.337255 0.321569
17 39 6 0.349020 0.337255 0.321569
18 39 6 0.349020 0.337255 0.321569
19 39 6 0.349020 0.337255 0.321569
20 39 6 0.349020 0.337255 0.321569
21 39 6 0.349020 0.337255 0.321569
22 39 6 0.349020 0.337255 0.321569
23 39 6 0.349020 0.337255 0.321569
24 39 6 0.349020 0.337255 0.321569
25 39 6 0.349020 0.337255 0.321569
26 39 6 0.349020 0.337255 0.321569
27 39 6 0.349020 0.337255 0.321569
28 39 6 0.349020 0.337255 0.321569
29 39 6 0.349020 0.337255 0.321569
30 39 6 0.349020 0.337255 0.321569
31 39 6 0.349020 0.337255 0.321569
32 39 6 0.349020 0.337255 0.321569
17 39 5 0.349020 0.337255 0.321569
18 39 5 0.349020 0.337255 0.321569
19 39 5 0.349020 0.337255 0.321569
20 39 5 0.349020 0.337255 0.321569
21 39 5 0.349020 0.337255 0.321569
22 39 5 0.349020 0.337255 0.321569
23 39 5 0.349020 0.337255 0.321569
24 39 5 0.349020 0.337255 0.321569
25 39 5 0.349020 0.337255 0.321569
26 39 5 0.349020 0.337255 0.321569
27 39 5 0.349020 0.337255 0.321569
28 39 5 0.349020 0.337255 0.321569
29 39 5 0.349020 0.337255 0.321569
30 39 5 0.349020 0.337255 0.321569
31 39 5 0.349020 0.337255 0.321569
32 39 5 0.349020 0.337255 0.321569
17 39 4 0.349020 0.337255 0.321569
18 39 4 0.349020 0.337255 0.321569
19 39 4 0.349020 0.337255 0.321569
20 39 4 0.349020 0.337255 0.321569
21 39 4 0.349020 0.337255 0.321569
22 39 4 0.349020 0.337255 0.321569
23 39 4 0.349020 0.337255 0.321569
24 39 4 0.349020 0.337255 0.321569
25 39 4 0.349020 0.337255 0.321569
26 39 4 0.349020 0.337255 0.321569
27 39 4 0.349020 0.337255 0.321569
28 39 4 0.349020 0.337255 0.321569
29 39 4 0.349020 0.337255 0.321569
30 39 4 0.349020 0.337255 0.321569
31 39 4 0.349020 0.337255 0.321569
32 39 4 0.349020 0.337255 0.321569
17 39 3 0.349020 0.337255 0.321569
18 39 3 0.349020 0.337255 0.321569
19 39 3 0.349020 0.337255 0.321569
20 39 3 0.349020 0.337255 0.321569
21 39 3 0.349020 0.337255 0.321569
22 39 3 0.349020 0.337255 0.321569
23 39 3 0.349020 0.337255 0.321569
24 39 3 0.349020 0.337255 0.321569
25 39 3 0.349020 0.337255 0.321569
26 39 3 0.349020 0.337255 0.321569
27 39 3 0.349020 0.337255 0.321569
28 39 3 0.349020 0.337255 0.321569
29 39 3 0.349020 0.337255 0.321569
30 39 3 0.349020 0.337255 0.321569
31 39 3 0.349020 0.337255 0.321569
32 39 3 0.349020 0.337255 0.321569
17 39 2 0.349020 0.337255 0.321569
18 39 2 0.349020 0.337255 0.321569
19 39 2 0.349020 0.337255 0.321569
20 39 2 0.349020 0.337255 0.321569
21 39 2 0.349020 0.337255 0.321569
22 39 2 0.349020 0.337255 0.321569
23 39 2 0.349020 0.337255 0.321569
24 39 2 0.349020 0.337255 0.321569
25 39 2 0.349020 0.337255 0.321569
26 39 2 0.349020 0.337255 0.321569
27 39 2 0.349020 0.337255 0.321569
28 39 2 0.349020 0.337255 0.321569
29 39 2 0.349020 0.337255 0.321569
30 39 2 0.349020 0.337255 0.321569
31 39 2 0.349020 0.337255 0.321569
32 39 2 0.349020 0.337255 0.321569
17 39 1 0.349020 0.337255 0.321569
18 39 1 0.349020 0.337255 0.321569
19 39 1 0.349020 0.337255 0.321569
20 39 1 0.349020 0.337255 0.321569
21 39 1 0.349020 0.337255 0.321569
22 39 1 0.349020 0.337255 0.321569
23 39 1 0.349020 0.337255 0.321569
24 39 1 0.349020 0.337255 0.321569
25 39 1 0.349020 0.337255 0.321569
26 39 1 0.349020 0.337255 0.321569
27 39 1 0.349020 0.337255 0.321569
28 39 1 0.349020 0.337255 0.321569
29 39 1 0.349020 0.337255 0.321569
30 39 1 0.349020 0.337255 0.321569
31 39 1 0.349020 0.337255 0.321569
32 39 1 0.349020 0.337255 0.321569
17 39 0 0.349020 0.337255 0.321569
18 39 0 0.349020 0.337255 0.321569
19 39 0 0.349020 0.337255 0.321569
20 39 0 0.349020 0.337255 0.321569
21 39 0 0.349020 0.337255 0.321569
22 39 0 0.349020 0.337255 0.321569
23 39 0 0.349020 0.337255 0.321569
24 39 0 0.349020 0.337255 0.321569
25 39 0 0.349020 0.337255 0.321569
26 39 0 0.349020 0.337255 0.321569
27 39 0 0.349020 0.337255 0.321569
28 39 0 0.349020 0.337255 0.321569
29 39 0 0.349020 0.337255 0.321569
30 39 0 0.349020 0.337255 0.321569
31 39 0 0.349020 0.337255 0.321569
32 39 0 0.349020 0.337255 0.321569
17 41 9 0.349020 0.337255 0.321569
17 41 8 0.349020 0.337255 0.321569
18 41 9 0.349020 0.337255 0.321569
18 41 8 0.349020 0.337255 0.321569
19 41 9 0.349020 0.337255 0.321569
19 41 8 0.349020 0.337255 0.321569
20 41 9 0.349020 0.337255 0.321569
20 41 8 0.349020 0.337255 0.321569
21 41 9 0.349020 0.337255 0.321569
21 41 8 0.349020 0.337255 0.321569
22 41 9 0.349020 0.337255 0.321569
22 41 8 0.349020 0.337255 0.321569
23 41 9 0.349020 0.337255 0.321569
23 41 8 0.349020 0.337255 0.321569
24 41 9 0.349020 0.337255 0.321569
24 41 8 0.349020 0.337255 0.321569
25 41 9 0.349020 0.337255 0.321569
25 41 8 0.349020 0.337255 0.321569
26 41 9 0.349020 0.337255 0.321569
26 41 8 0.349020 0.337255 0.321569
27 41 9 0.349020 0.337255 0.321569
27 41 8 0.349020 0.337255 0.321569
28 41 9 0.349020 0.337255 0.321569
28 41 8 0.349020 0.337255 0.321569
29 41 9 0.349020 0.337255 0.321569
29 41 8 0.349020 0.337255 0.321569
30 41 9 0.349020 0.337255 0.321569
30 41 8 0.349020 0.337255 0.321569
31 41 9 0.349020 0.337255 0.321569
31 41 8 0.349020 0.337255 0.321569
32 41 9 0.349020 0.337255 0.321569
32 41 8 0.349020 0.337255 0.321569
17 41 7 0.349020 0.337255 0.321569
18 41 7 0.349020 0.337255 0.321569
19 41 7 0.349020 0.337255 0.321569
20 41 7 0.349020 0.337255 0.321569
21 41 7 0.349020 0.337255 0.321569
22 41 7 0.349020 0.337255 0.321569
23 41 7 0.349020 0.337255 0.321569
24 41 7 0.349020 0.337255 0.321569
25 41 7 0.349020 0.337255 0.321569
26 41 7 0.349020 0.337255 0.321569
27 41 7 0.349020 0.337255 0.321569
28 41 7 0.349020 0.337255 0.321569
29 41 7 0.349020 0.337255 0.321569
30 41 7 0.349020 0.337255 0.321569
31 41 7 0.349020 0.337255 0.321569
32 41 7 0.349020 0.337255 0.321569
17 41 6 0.349020 0.337255 0.321569
18 41 6 0.349020 0.337255 0.321569
19 41 6 0.349020 0.337255 0.321569
20 41 6 0.349020 0.337255 0.321569
21 41 6 0.349020 0.337255 0.321569
22 41 6 0.349020 0.337255 0.321569
23 41 6 0.349020 0.337255 0.321569
24 41 6 0.349020 0.337255 0.321569
25 41 6 0.349020 0.337255 0.321569
26 41 6 0.349020 0.337255 0.321569
27 41 6 0.349020 0.337255 0.321569
28 41 6 0.349020 0.337255 0.321569
29 41 6 0.349020 0.337255 0.321569
30 41 6 0.349020 0.337255 0.321569
31 41 6 0.349020 0.337255 0.321569
32 41 6 0.349020 0.337255 0.321569
17 41 5 0.349020 0.337255 0.321569
18 41 5 0.349020 0.337255 0.321569
19 41 5 0.349020 0.337255 0.321569
20 41 5 0.349020 0.337255 0.321569
21 41 5 0.349020 0.337255 0.321569
22 41 5 0.349020 0.337255 0.321569
23 41 5 0.349020 0.337255 0.321569
24 41 5 0.349020 0.337255 0.321569
25 41 5 0.349020 0.337255 0.321569
26 41 5 0.349020 0.337255 0.321569
27 41 5 0.349020 0.337255 0.321569
28 41 5 0.349020 0.337255 0.321569
29 41 5 0.349020 0.337255 0.321569
30 41 5 0.349020 0.337255 0.321569
31 41 5 0.349020 0.337255 0.321569
32 41 5 0.349020 0.337255 0.321569
17 41 4 0.349020 0.337255 0.321569
18 41 4 0.349020 0.337255 0.321569
19 41 4 0.349020 0.337255 0.321569
20 41 4 0.349020 0.337255 0.321569
21 41 4 0.349020 0.337255 0.321569
22 41 4 0.349020 0.337255 0.321569
23 41 4 0.349020 0.337255 0.321569
24 41 4 0.349020 0.337255 0.321569
25 41 4 0.349020 0.337255 0.321569
26 41 4 0.349020 0.337255 0.321569
27 41 4 0.349020 0.337255 0.321569
28 41 4 0.349020 0.337255 0.321569
29 41 4 0.349020 0.337255 0.321569
30 41 4 0.349020 0.337255 0.321569
31 41 4 0.349020 0.337255 0.321569
32 41 4 0.349020 0.337255 0.321569
17 41 3 0.349020 0.337255 0.321569
18 41 3 0.349020 0.337255 0.321569
19 41 3 0.349020 0.337255 0.321569
20 41 3 0.349020 0.337255 0.321569
21 41 3 0.349020 0.337255 0.321569
22 41 3 0.349020 0.337255 0.321569
23 41 3 0.349020 0.337255 0.321569
24 41 3 0.349020 0.337255 0.321569
25 41 3 0.349020 0.337255 0.321569
26 41 3 0.349020 0.337255 0.321569
27 41 3 0.349020 0.337255 0.321569
28 41 3 0.349020 0.337255 0.321569
29 41 3 0.349020 0.337255 0.321569
30 41 3 0.349020 0.337255 0.321569
31 41 3 0.349020 0.337255 0.321569
32 41 3 0.349020 0.337255 0.321569
17 41 2 0.349020 0.337255 0.321569
18 41 2 0.349020 0.337255 0.321569
19 41 2 0.349020 0.337255 0.321569
20 41 2 0.349020 0.337255 0.321569
21 41 2 0.349020 0.337255 0.321569
22 41 2 0.349020 0.337255 0.321569
23 41 2 0.349020 0.337255 0.321569
24 41 2 0.349020 0.337255 0.321569
25 41 2 0.349020 0.337255 0.321569
26 41 2 0.349020 0.337255 0.321569
27 41 2 0.349020 0.337255 0.321569
28 41 2 0.349020 0.337255 0.321569
29 41 2 0.349020 0.337255 0.321569
30 41 2 0.349020 0.337255 0.321569
31 41 2 0.349020 0.337255 0.321569
32 41 2 0.349020 0.337255 0.321569
17 41 1 0.349020 0.337255 0.321569
18 41 1 0.349020 0.337255 0.321569
19 41 1 0.349020 0.337255 0.321569
20 41 1 0.349020 0.337255 0.321569
21 41 1 0.349020 0.337255 0.321569
22 41 1 0.349020 0.337255 0.321569
23 41 1 0.349020 0.337255 0.321569
24 41 1 0.349020 0.337255 0.321569
25 41 1 0.349020 0.337255 0.321569
26 41 1 0.349020 0.337255 0.321569
27 41 1 0.349020 0.337255 0.321569
28 41 1 0.349020 0.337255 0.321569
29 41 1 0.349020 0.337255 0.321569
30 41 1 0.349020 0.337255 0.321569
31 41 1 0.349020 0.337255 0.321569
32 41 1 0.349020 0.337255 0.321569
17 41 0 0.349020 0.337255 0.321569
18 41 0 0.349020 0.337255 0.321569
19 41 0 0.349020 0.337255 0.321569
20 41 0 0.349020 0.337255 0.321569
21 41 0 0.349020 0.337255 0.321569
22 41 0 0.349020 0.337255 0.321569
23 41 0 0.349020 0.337255 0.321569
24 41 0 0.349020 0.337255 0.321569
25 41 0 0.349020 0.337255 0.321569
26 41 0 0.349020 0.337255 0.321569
27 41 0 0.349020 0.337255 0.321569
28 41 0 0.349020 0.337255 0.321569
29 41 0 0.349020 0.337255 0.321569
30 41 0 0.349020 0.337255 0.321569
31 41 0 0.349020 0.337255 0.321569
32 41 0 0.349020 0.337255 0.321569
33 32 13 0.349020 0.337255 0.321569
33 33 13 0.349020 0.337255 0.321569
33 32 12 0.349020 0.337255 0.321569
33 33 12 0.349020 0.337255 0.321569
34 32 13 0.349020 0.337255 0.321569
34 33 13 0.349020 0.337255 0.321569
34 32 12 0.349020 0.337255 0.321569
34 33 12 0.349020 0.337255 0.321569
35 32 13 0.349020 0.337255 0.321569
35 33 13 0.349020 0.337255 0.321569
35 32 12 0.349020 0.337255 0.321569
35 33 12 0.349020 0.337255 0.321569
36 32 13 0.349020 0.337255 0.321569
36 33 13 0.349020 0.337255 0.321569
36 32 12 0.349020 0.337255 0.321569
36 33 12 0.349020 0.337255 0.321569
37 32 13 0.349020 0.337255 0.321569
37 33 13 0.349020 0.337255 0.321569
37 32 12 0.349020 0.337255 0.321569
37 33 12 0.349020 0.337255 0.321569
38 32 13 0.349020 0.337255 0.321569
38 33 13 0.349020 0.337255 0.321569
38 32 12 0.349020 0.337255 0.321569
38 33 12 0.349020 0.337255 0.321569
39 32 13 0.349020 0.337255 0.321569
39 33 13 0.349020 0.337255 0.321569
39 32 12 0.349020 0.337255 0.321569
39 33 12 0.349020 0.337255 0.321569
40 32 13 0.349020 0.337255 0.321569
40 33 13 0.349020 0.337255 0.321569
40 32 12 0.349020 0.337255 0.321569
40 33 12 0.349020 0.337255 0.321569
41 32 13 0.349020 0.337255 0.321569
41 33 13 0.349020 0.337255 0.321569
41 32 12 0.349020 0.337255 0.321569
41 33 12 0.349020 0.337255 0.321569
42 32 13 0.349020 0.337255 0.321569
42 33 13 0.349020 0.337255 0.321569
42 32 12 0.349020 0.337255 0.321569
42 33 12 0.349020 0.337255 0.321569
43 32 13 0.349020 0.337255 0.321569
43 33 13 0.349020 0.337255 0.321569
43 32 12 0.349020 0.337255 0.321569
43 33 12 0.349020 0.337255 0.321569
44 32 13 0.349020 0.337255 0.321569
44 33 13 0.349020 0.337255 0.321569
44 32 12 0.349020 0.337255 0.321569
44 33 12 0.349020 0.337255 0.321569
45 32 13 0.349020 0.337255 0.321569
45 33 13 0.349020 0.337255 0.321569
45 32 12 0.349020 0.337255 0.321569
45 33 12 0.349020 0.337255 0.321569
46 32 13 0.349020 0.337255 0.321569
46 33 13 0.349020 0.337255 0.321569
46 32 12 0.349020 0.337255 0.321569
46 33 12 0.349020 0.337255 0.321569
47 32 13 0.349020 0.337255 0.321569
47 33 13 0.349020 0.337255 0.321569
47 32 12 0.349020 0.337255 0.321569
47 33 12 0.349020 0.337255 0.321569
48 32 13 0.349020 0.337255 0.321569
48 33 13 0.349020 0.337255 0.321569
48 32 12 0.349020 0.337255 0.321569
48 33 12 0.349020 0.337255 0.321569
33 34 13 0.349020 0.337255 0.321569
33 34 12 0.349020 0.337255 0.321569
34 34 13 0.349020 0.337255 0.321569
34 34 12 0.349020 0.337255 0.321569
35 34 13 0.349020 0.337255 0.321569
35 34 12 0.349020 0.337255 0.321569
36 34 13 0.349020 0.337255 0.321569
36 34 12 0.349020 0.337255 0.321569
37 34 13 0.349020 0.337255 0.321569
37 34 12 0.349020 0.337255 0.321569
38 34 13 0.349020 0.337255 0.321569
38 34 12 0.349020 0.337255 0.321569
39 34 13 0.349020 0.337255 0.321569
39 34 12 0.349020 0.337255 0.321569
40 34 13 0.349020 0.337255 0.321569
40 34 12 0.349020 0.337255 0.321569
41 34 13 0.349020 0.337255 0.321569
41 34 12 0.349020 0.337255 0.321569
42 34 13 0.349020 0.337255 0.321569
42 34 12 0.349020 0.337255 0.321569
43 34 13 0.349020 0.337255 0.321569
43 34 12 0.349020 0.337255 0.321569
44 34 13 0.349020 0.337255 0.321569
44 34 12 0.349020 0.337255 0.321569
45 34 13 0.349020 0.337255 0.321569
45 34 12 0.349020 0.337255 0.321569
46 34 13 0.349020 0.337255 0.321569
46 34 12 0.349020 0.337255 0.321569
47 34 13 0.349020 0.337255 0.321569
47 34 12 0.349020 0.337255 0.321569
48 34 13 0.349020 0.337255 0.321569
48 34 12 0.349020 0.337255 0.321569
33 35 13 0.349020 0.337255 0.321569
33 35 12 0.349020 0.337255 0.321569
34 35 13 0.349020 0.337255 0.321569
34 35 12 0.349020 0.337255 0.321569
35 35 13 0.349020 0.337255 0.321569
35 35 12 0.349020 0.337255 0.321569
36 35 13 0.349020 0.337255 0.321569
36 35 12 0.349020 0.337255 0.321569
37 35 13 0.349020 0.337255 0.321569
37 35 12 0.349020 0.337255 0.321569
38 35 13 0.349020 0.337255 0.321569
38 35 12 0.349020 0.337255 0.321569
39 35 13 0.349020 0.337255 0.321569
39 35 12 0.349020 0.337255 0.321569
40 35 13 0.349020 0.337255 0.321569
40 35 12 0.349020 0.337255 0.321569
41 35 13 0.349020 0.337255 0.321569
41 35 12 0.349020 0.337255 0.321569
42 35 13 0.349020 0.337255 0.321569
42 35 12 0.349020 0.337255 0.321569
43 35 13 0.349020 0.337255 0.321569
43 35 12 0.349020 0.337255 0.321569
44 35 13 0.349020 0.337255 0.321569
44 35 12 0.349020 0.337255 0.321569
45 35 13 0.349020 0.337255 0.321569
45 35 12 0.349020 0.337255 0.321569
46 35 13 0.349020 0.337255 0.321569
46 35 12 0.349020 0.337255 0.321569
47 35 13 0.349020 0.337255 0.321569
47 35 12 0.349020 0.337255 0.321569
48 35 13 0.349020 0.337255 0.321569
48 35 12 0.349020 0.337255 0.321569
33 36 13 0.349020 0.337255 0.321569
33 36 12 0.349020 0.337255 0.321569
34 36 13 0.349020 0.337255 0.321569
34 36 12 0.349020 0.337255 0.321569
35 36 13 0.349020 0.337255 0.321569
35 36 12 0.349020 0.337255 0.321569
36 36 13 0.349020 0.337255 0.321569
36 36 12 0.349020 0.337255 0.321569
37 36 13 0.349020 0.337255 0.321569
37 36 12 0.349020 0.337255 0.321569
38 36 13 0.349020 0.337255 0.321569
38 36 12 0.349020 0.337255 0.321569
39 36 13 0.349020 0.337255 0.321569
39 36 12 0.349020 0.337255 0.321569
40 36 13 0.349020 0.337255 0.321569
40 36 12 0.349020 0.337255 0.321569
41 36 13 0.349020 0.337255 0.321569
41 36 12 0.349020 0.337255 0.321569
42 36 13 0.349020 0.337255 0.321569
42 36 12 0.349020 0.337255 0.321569
43 36 13 0.349020 0.337255 0.321569
43 36 12 0.349020 0.337255 0.321569
44 36 13 0.349020 0.337255 0.321569
44 36 12 0.349020 0.337255 0.321569
45 36 13 0.349020 0.337255 0.321569
45 36 12 0.349020 0.337255 0.321569
46 36 13 0.349020 0.337255 0.321569
46 36 12 0.349020 0.337255 0.321569
47 36 13 0.349020 0.337255 0.321569
47 36 12 0.349020 0.337255 0.321569
48 36 13 0.349020 0.337255 0.321569
48 36 12 0.349020 0.337255 0.321569
33 37 13 0.349020 0.337255 0.321569
33 37 12 0.349020 0.337255 0.321569
34 37 13 0.349020 0.337255 0.321569
34 37 12 0.349020 0.337255 0.321569
35 37 13 0.349020 0.337255 0.321569
35 37 12 0.349020 0.337255 0.321569
36 37 13 0.349020 0.337255 0.321569
36 37 12 0.349020 0.337255 0.321569
37 37 13 0.349020 0.337255 0.321569
37 37 12 0.349020 0.337255 0.321569
38 37 13 0.349020 0.337255 0.321569
38 37 12 0.349020 0.337255 0.321569
39 37 13 0.349020 0.337255 0.321569
39 37 12 0.349020 0.337255 0.321569
40 37 13 0.349020 0.337255 0.321569
40 37 12 0.349020 0.337255 0.321569
41 37 13 0.349020 0.337255 0.321569
41 37 12 0.349020 0.337255 0.321569
42 37 13 0.349020 0.337255 0.321569
42 37 12 0.349020 0.337255 0.321569
43 37 13 0.349020 0.337255 0.321569
43 37 12 0.349020 0.337255 0.321569
44 37 13 0.349020 0.337255 0.321569
44 37 12 0.349020 0.337255 0.321569
45 37 13 0.349020 0.337255 0.321569
45 37 12 0.349020 0.337255 0.321569
46 37 13 0.349020 0.337255 0.321569
46 37 12 0.349020 0.337255 0.321569
47 37 13 0.349020 0.337255 0.321569
47 37 12 0.349020 0.337255 0.321569
48 37 13 0.349020 0.337255 0.321569
48 37 12 0.349020 0.337255 0.321569
33 38 13 0.349020 0.337255 0.321569
33 38 12 0.349020 0.337255 0.321569
34 38 13 0.349020 0.337255 0.321569
34 38 12 0.349020 0.337255 0.321569
35 38 13 0.349020 0.337255 0.321569
35 38 12 0.349020 0.337255 0.321569
36 38 13 0.349020 0.337255 0.321569
36 38 12 0.349020 0.337255 0.321569
37 38 13 0.349020 0.337255 0.321569
37 38 12 0.349020 0.337255 0.321569
38 38 13 0.349020 0.337255 0.321569
38 38 12 0.349020 0.337255 0.321569
39 38 13 0.349020 0.337255 0.321569
39 38 12 0.349020 0.337255 0.321569
40 38 13 0.349020 0.337255 0.321569
40 38 12 0.349020 0.337255 0.321569
41 38 13 0.349020 0.337255 0.321569
41 38 12 0.349020 0.337255 0.321569
42 38 13 0.349020 0.337255 0.321569
42 38 12 0.349020 0.337255 0.321569
43 38 13 0.349020 0.337255 0.321569
43 38 12 0.349020 0.337255 0.321569
44 38 13 0.349020 0.337255 0.321569
44 38 12 0.349020 0.337255 0.321569
45 38 13 0.349020 0.337255 0.321569
45 38 12 0.349020 0.337255 0.321569
46 38 13 0.349020 0.337255 0.321569
46 38 12 0.349020 0.337255 0.321569
47 38 13 0.349020 0.337255 0.321569
47 38 12 0.349020 0.337255 0.321569
48 38 13 0.349020 0.337255 0.321569
48 38 12 0.349020 0.337255 0.321569
33 39 13 0.349020 0.337255 0.321569
33 39 12 0.349020 0.337255 0.321569
34 39 13 0.349020 0.337255 0.321569
34 39 12 0.349020 0.337255 0.321569
35 39 13 0.349020 0.337255 0.321569
35 39 12 0.349020 0.337255 0.321569
36 39 13 0.349020 0.337255 0.321569
36 39 12 0.349020 0.337255 0.321569
37 39 13 0.349020 0.337255 0.321569
37 39 12 0.349020 0.337255 0.321569
38 39 13 0.349020 0.337255 0.321569
38 39 12 0.349020 0.337255 0.321569
39 39 13 0.349020 0.337255 0.321569
39 39 12 0.349020 0.337255 0.321569
40 39 13 0.349020 0.337255 0.321569
40 39 12 0.349020 0.337255 0.321569
41 39 13 0.349020 0.337255 0.321569
41 39 12 0.349020 0.337255 0.321569
42 39 13 0.349020 0.337255 0.321569
42 39 12 0.349020 0.337255 0.321569
43 39 13 0.349020 0.337255 0.321569
43 39 12 0.349020 0.337255 0.321569
44 39 13 0.349020 0.337255 0.321569
44 39 12 0.349020 0.337255 0.321569
45 39 13 0.349020 0.337255 0.321569
45 39 12 0.349020 0.337255 0.321569
46 39 13 0.349020 0.337255 0.321569
46 39 12 0.349020 0.337255 0.321569
47 39 13 0.349020 0.337255 0.321569
47 39 12 0.349020 0.337255 0.321569
48 39 13 0.349020 0.337255 0.321569
48 39 12 0.349020 0.337255 0.321569
33 38 11 0.349020 0.337255 0.321569
33 39 11 0.349020 0.337255 0.321569
34 38 11 0.349020 0.337255 0.321569
34 39 11 0.349020 0.337255 0.321569
35 38 11 0.349020 0.337255 0.321569
35 39 11 0.349020 0.337255 0.321569
36 38 11 0.349020 0.337255 0.321569
36 39 11 0.349020 0.337255 0.321569
37 38 11 0.349020 0.337255 0.321569
37 39 11 0.349020 0.337255 0.321569
38 38 11 0.349020 0.337255 0.321569
38 39 11 0.349020 0.337255 0.321569
39 38 11 0.349020 0.337255 0.321569
39 39 11 0.349020 0.337255 0.321569
40 38 11 0.349020 0.337255 0.321569
40 39 11 0.349020 0.337255 0.321569
41 38 11 0.349020 0.337255 0.321569
41 39 11 0.349020 0.337255 0.321569
42 38 11 0.349020 0.337255 0.321569
42 39 11 0.349020 0.337255 0.321569
43 38 11 0.349020 0.337255 0.321569
43 39 11 0.349020 0.337255 0.321569
44 38 11 0.349020 0.337255 0.321569
44 39 11 0.349020 0.337255 0.321569
45 38 11 0.349020 0.337255 0.321569
45 39 11 0.349020 0.337255 0.321569
46 38 11 0.349020 0.337255 0.321569
46 39 11 0.349020 0.337255 0.321569
47 38 11 0.349020 0.337255 0.321569
47 39 11 0.349020 0.337255 0.321569
48 38 11 0.349020 0.337255 0.321569
48 39 11 0.349020 0.337255 0.321569
33 40 12 0.349020 0.337255 0.321569
33 40 11 0.349020 0.337255 0.321569
34 40 12 0.349020 0.337255 0.321569
34 40 11 0.349020 0.337255 0.321569
35 40 12 0.349020 0.337255 0.321569
35 40 11 0.349020 0.337255 0.321569
36 40 12 0.349020 0.337255 0.321569
36 40 11 0.349020 0.337255 0.321569
37 40 12 0.349020 0.337255 0.321569
37 40 11 0.349020 0.337255 0.321569
38 40 12 0.349020 0.337255 0.321569
38 40 11 0.349020 0.337255 0.321569
39 40 12 0.349020 0.337255 0.321569
39 40 11 0.349020 0.337255 0.321569
40 40 12 0.349020 0.337255 0.321569
40 40 11 0.349020 0.337255 0.321569
41 40 12 0.349020 0.337255 0.321569
41 40 11 0.349020 0.337255 0.321569
42 40 12 0.349020 0.337255 0.321569
42 40 11 0.349020 0.337255 0.321569
43 40 12 0.349020 0.337255 0.321569
43 40 11 0.349020 0.337255 0.321569
44 40 12 0.349020 0.337255 0.321569
44 40 11 0.349020 0.337255 0.321569
45 40 12 0.349020 0.337255 0.321569
45 40 11 0.349020 0.337255 0.321569
46 40 12 0.349020 0.337255 0.321569
46 40 11 0.349020 0.337255 0.321569
47 40 12 0.349020 0.337255 0.321569
47 40 11 0.349020 0.337255 0.321569
48 40 12 0.349020 0.337255 0.321569
48 40 11 0.349020 0.337255 0.321569
33 39 10 0.349020 0.337255 0.321569
33 40 10 0.349020 0.337255 0.321569
34 39 10 0.349020 0.337255 0.321569
34 40 10 0.349020 0.337255 0.321569
35 39 10 0.349020 0.337255 0.321569
35 40 10 0.349020 0.337255 0.321569
36 39 10 0.349020 0.337255 0.321569
36 40 10 0.349020 0.337255 0.321569
37 39 10 0.349020 0.337255 0.321569
37 40 10 0.349020 0.337255 0.321569
38 39 10 0.349020 0.337255 0.321569
38 40 10 0.349020 0.337255 0.321569
39 39 10 0.349020 0.337255 0.321569
39 40 10 0.349020 0.337255 0.321569
40 39 10 0.349020 0.337255 0.321569
40 40 10 0.349020 0.337255 0.321569
41 39 10 0.349020 0.337255 0.321569
41 40 10 0.349020 0.337255 0.321569
42 39 10 0.349020 0.337255 0.321569
42 40 10 0.349020 0.337255 0.321569
43 39 10 0.349020 0.337255 0.321569
43 40 10 0.349020 0.337255 0.321569
44 39 10 0.349020 0.337255 0.321569
44 40 10 0.349020 0.337255 0.321569
45 39 10 0.349020 0.337255 0.321569
45 40 10 0.349020 0.337255 0.321569
46 39 10 0.349020 0.337255 0.321569
46 40 10 0.349020 0.337255 0.321569
47 39 10 0.349020 0.337255 0.321569
47 40 10 0.349020 0.337255 0.321569
48 39 10 0.349020 0.337255 0.321569
48 40 10 0.349020 0.337255 0.321569
33 39 9 0.349020 0.337255 0.321569
33 40 9 0.349020 0.337255 0.321569
34 39 9 0.349020 0.337255 0.321569
34 40 9 0.349020 0.337255 0.321569
35 39 9 0.349020 0.337255 0.321569
35 40 9 0.349020 0.337255 0.321569
36 39 9 0.349020 0.337255 0.321569
36 40 9 0.349020 0.337255 0.321569
37 39 9 0.349020 0.337255 0.321569
37 40 9 0.349020 0.337255 0.321569
38 39 9 0.349020 0.337255 0.321569
38 40 9 0.349020 0.337255 0.321569
39 39 9 0.349020 0.337255 0.321569
39 40 9 0.349020 0.337255 0.321569
40 39 9 0.349020 0.337255 0.321569
40 40 9 0.349020 0.337255 0.321569
41 39 9 0.349020 0.337255 0.321569
41 40 9 0.349020 0.337255 0.321569
42 39 9 0.349020 0.337255 0.321569
42 40 9 0.349020 0.337255 0.321569
43 39 9 0.349020 0.337255 0.321569
43 40 9 0.349020 0.337255 0.321569
44 39 9 0.349020 0.337255 0.321569
44 40 9 0.349020 0.337255 0.321569
45 39 9 0.349020 0.337255 0.321569
45 40 9 0.349020 0.337255 0.321569
46 39 9 0.349020 0.337255 0.321569
46 40 9 0.349020 0.337255 0.321569
47 39 9 0.349020 0.337255 0.321569
47 40 9 0.349020 0.337255 0.321569
48 39 9 0.349020 0.337255 0.321569
48 40 9 0.349020 0.337255 0.321569
33 39 8 0.349020 0.337255 0.321569
34 39 8 0.349020 0.337255 0.321569
35 39 8 0.349020 0.337255 0.321569
36 39 8 0.349020 0.337255 0.321569
37 39 8 0.349020 0.337255 0.321569
38 39 8 0.349020 0.337255 0.321569
39 39 8 0.349020 0.337255 0.321569
40 39 8 0.349020 0.337255 0.321569
41 39 8 0.349020 0.337255 0.321569
42 39 8 0.349020 0.337255 0.321569
43 39 8 0.349020 0.337255 0.321569
44 39 8 0.349020 0.337255 0.321569
45 39 8 0.349020 0.337255 0.321569
46 39 8 0.349020 0.337255 0.321569
47 39 8 0.349020 0.337255 0.321569
48 39 8 0.349020 0.337255 0.321569
33 39 7 0.349020 0.337255 0.321569
34 39 7 0.349020 0.337255 0.321569
35 39 7 0.349020 0.337255 0.321569
36 39 7 0.349020 0.337255 0.321569
37 39 7 0.349020 0.337255 0.321569
38 39 7 0.349020 0.337255 0.321569
39 39 7 0.349020 0.337255 0.321569
40 39 7 0.349020 0.337255 0.321569
41 39 7 0.349020 0.337255 0.321569
42 39 7 0.349020 0.337255 0.321569
43 39 7 0.349020 0.337255 0.321569
44 39 7 0.349020 0.337255 0.321569
45 39 7 0.349020 0.337255 0.321569
46 39 7 0.349020 0.337255 0.321569
47 39 7 0.349020 0.337255 0.321569
48 39 7 0.349020 0.337255 0.321569
33 39 6 0.349020 0.337255 0.321569
34 39 6 0.349020 0.337255 0.321569
35 39 6 0.349020 0.337255 0.321569
36 39 6 0.349020 0.337255 0.321569
37 39 6 0.349020 0.337255 0.321569
38 39 6 0.349020 0.337255 0.321569
39 39 6 0.349020 0.337255 0.321569
40 39 6 0.349020 0.337255 0.321569
41 39 6 0.349020 0.337255 0.321569
42 39 6 0.349020 0.337255 0.321569
43 39 6 0.349020 0.337255 0.321569
44 39 6 0.349020 0.337255 0.321569
45 39 6 0.349020 0.337255 0.321569
46 39 6 0.349020 0.337255 0.321569
47 39 6 0.349020 0.337255 0.321569
48 39 6 0.349020 0.337255 0.321569
33 39 5 0.349020 0.337255 0.321569
34 39 5 0.349020 0.337255 0.321569
35 39 5 0.349020 0.337255 0.321569
36 39 5 0.349020 0.337255 0.321569
37 39 5 0.349020 0.337255 0.321569
38 39 5 0.349020 0.337255 0.321569
39 39 5 0.349020 0.337255 0.321569
40 39 5 0.349020 0.337255 0.321569
41 39 5 0.349020 0.337255 0.321569
42 39 5 0.349020 0.337255 0.321569
43 39 5 0.349020 0.337255 0.321569
44 39 5 0.349020 0.337255 0.321569
45 39 5 0.349020 0.337255 0.321569
46 39 5 0.349020 0.337255 0.321569
47 39 5 0.349020 0.337255 0.321569
48 39 5 0.349020 0.337255 0.321569
33 39 4 0.349020 0.337255 0.321569
34 39 4 0.349020 0.337255 0.321569
35 39 4 0.349020 0.337255 0.321569
36 39 4 0.349020 0.337255 0.321569
37 39 4 0.349020 0.337255 0.321569
38 39 4 0.349020 0.337255 0.321569
39 39 4 0.349020 0.337255 0.321569
40 39 4 0.349020 0.337255 0.321569
41 39 4 0.349020 0.337255 0.321569
42 39 4 0.349020 0.337255 0.321569
43 39 4 0.349020 0.337255 0.321569
44 39 4 0.349020 0.337255 0.321569
45 39 4 0.349020 0.337255 0.321569
46 39 4 0.349020 0.337255 0.321569
47 39 4 0.349020 0.337255 0.321569
48 39 4 0.349020 0.337255 0.321569
33 39 3 0.349020 0.337255 0.321569
34 39 3 0.349020 0.337255 0.321569
35 39 3 0.349020 0.337255 0.321569
36 39 3 0.349020 0.337255 0.321569
37 39 3 0.349020 0.337255 0.321569
38 39 3 0.349020 0.337255 0.321569
39 39 3 0.349020 0.337255 0.321569
40 39 3 0.349020 0.337255 0.321569
41 39 3 0.349020 0.337255 0.321569
42 39 3 0.349020 0.337255 0.321569
43 39 3 0.349020 0.337255 0.321569
44 39 3 0.349020 0.337255 0.321569
45 39 3 0.349020 0.337255 0.321569
46 39 3 0.349020 0.337255 0.321569
47 39 3 0.349020 0.337255 0.321569
48 39 3 0.349020 0.337255 0.321569
33 39 2 0.349020 0.337255 0.321569
34 39 2 0.349020 0.337255 0.321569
35 39 2 0.349020 0.337255 0.321569
36 39 2 0.349020 0.337255 0.321569
37 39 2 0.349020 0.337255 0.321569
38 39 2 0.349020 0.337255 0.321569
39 39 2 0.349020 0.337255 0.321569
40 39 2 0.349020 0.337255 0.321569
41 39 2 0.349020 0.337255 0.321569
42 39 2 0.349020 0.337255 0.321569
43 39 2 0.349020 0.337255 0.321569
44 39 2 0.349020 0.337255 0.321569
45 39 2 0.349020 0.337255 0.321569
46 39 2 0.349020 0.337255 0.321569
47 39 2 0.349020 0.337255 0.321569
48 39 2 0.349020 0.337255 0.321569
33 39 1 0.349020 0.337255 0.321569
34 39 1 0.349020 0.337255 0.321569
35 39 1 0.349020 0.337255 0.321569
36 39 1 0.349020 0.337255 0.321569
37 39 1 0.349020 0.337255 0.321569
38 39 1 0.349020 0.337255 0.321569
39 39 1 0.349020 0.337255 0.321569
40 39 1 0.349020 0.337255 0.321569
41 39 1 0.349020 0.337255 0.321569
42 39 1 0.349020 0.337255 0.321569
43 39 1 0.349020 0.337255 0.321569
44 39 1 0.349020 0.337255 0.321569
45 39 1 0.349020 0.337255 0.321569
46 39 1 0.349020 0.337255 0.321569
47 39 1 0.349020 0.337255 0.321569
48 39 1 0.349020 0.337255 0.321569
33 39 0 0.349020 0.337255 0.321569
34 39 0 0.349020 0.337255 0.321569
35 39 0 0.349020 0.337255 0.321569
36 39 0 0.349020 0.337255 0.321569
37 39 0 0.349020 0.337255 0.321569
38 39 0 0.349020 0.337255 0.321569
39 39 0 0.349020 0.337255 0.321569
40 39 0 0.349020 0.337255 0.321569
41 39 0 0.349020 0.337255 0.321569
42 39 0 0.349020 0.337255 0.321569
43 39 0 0.349020 0.337255 0.321569
44 39 0 0.349020 0.337255 0.321569
45 39 0 0.349020 0.337255 0.321569
46 39 0 0.349020 0.337255 0.321569
47 39 0 0.349020 0.337255 0.321569
48 39 0 0.349020 0.337255 0.321569
33 41 9 0.349020 0.337255 0.321569
33 41 8 0.349020 0.337255 0.321569
34 41 9 0.349020 0.337255 0.321569
34 41 8 0.349020 0.337255 0.321569
35 41 9 0.349020 0.337255 0.321569
35 41 8 0.349020 0.337255 0.321569
36 41 9 0.349020 0.337255 0.321569
36 41 8 0.349020 0.337255 0.321569
37 41 9 0.349020 0.337255 0.321569
37 41 8 0.349020 0.337255 0.321569
38 41 9 0.349020 0.337255 0.321569
38 41 8 0.349020 0.337255 0.321569
39 41 9 0.349020 0.337255 0.321569
39 41 8 0.349020 0.337255 0.321569
40 41 9 0.349020 0.337255 0.321569
40 41 8 0.349020 0.337255 0.321569
41 41 9 0.349020 0.337255 0.321569
41 41 8 0.349020 0.337255 0.321569
42 41 9 0.349020 0.337255 0.321569
42 41 8 0.349020 0.337255 0.321569
43 41 9 0.349020 0.337255 0.321569
43 41 8 0.349020 0.337255 0.321569
44 41 9 0.349020 0.337255 0.321569
44 41 8 0.349020 0.337255 0.321569
45 41 9 0.349020 0.337255 0.321569
45 41 8 0.349020 0.337255 0.321569
46 41 9 0.349020 0.337255 0.321569
46 41 8 0.349020 0.337255 0.321569
47 41 9 0.349020 0.337255 0.321569
47 41 8 0.349020 0.337255 0.321569
48 41 9 0.349020 0.337255 0.321569
48 41 8 0.349020 0.337255 0.321569
33 41 7 0.349020 0.337255 0.321569
34 41 7 0.349020 0.337255 0.321569
35 41 7 0.349020 0.337255 0.321569
36 41 7 0.349020 0.337255 0.321569
37 41 7 0.349020 0.337255 0.321569
38 41 7 0.349020 0.337255 0.321569
39 41 7 0.349020 0.337255 0.321569
40 41 7 0.349020 0.337255 0.321569
41 41 7 0.349020 0.337255 0.321569
42 41 7 0.349020 0.337255 0.321569
43 41 7 0.349020 0.337255 0.321569
44 41 7 0.349020 0.337255 0.321569
45 41 7 0.349020 0.337255 0.321569
46 41 7 0.349020 0.337255 0.321569
47 41 7 0.349020 0.337255 0.321569
48 41 7 0.349020 0.337255 0.321569
33 41 6 0.349020 0.337255 0.321569
34 41 6 0.349020 0.337255 0.321569
35 41 6 0.349020 0.337255 0.321569
36 41 6 0.349020 0.337255 0.321569
37 41 6 0.349020 0.337255 0.321569
38 41 6 0.349020 0.337255 0.321569
39 41 6 0.349020 0.337255 0.321569
40 41 6 0.349020 0.337255 0.321569
41 41 6 0.349020 0.337255 0.321569
42 41 6 0.349020 0.337255 0.321569
43 41 6 0.349020 0.337255 0.321569
44 41 6 0.349020 0.337255 0.321569
45 41 6 0.349020 0.337255 0.321569
46 41 6 0.349020 0.337255 0.321569
47 41 6 0.349020 0.337255 0.321569
48 41 6 0.349020 0.337255 0.321569
33 41 5 0.349020 0.337255 0.321569
34 41 5 0.349020 0.337255 0.321569
35 41 5 0.349020 0.337255 0.321569
36 41 5 0.349020 0.337255 0.321569
37 41 5 0.349020 0.337255 0.321569
38 41 5 0.349020 0.337255 0.321569
39 41 5 0.349020 0.337255 0.321569
40 41 5 0.349020 0.337255 0.321569
41 41 5 0.349020 0.337255 0.321569
42 41 5 0.349020 0.337255 0.321569
43 41 5 0.349020 0.337255 0.321569
44 41 5 0.349020 0.337255 0.321569
45 41 5 0.349020 0.337255 0.321569
46 41 5 0.349020 0.337255 0.321569
47 41 5 0.349020 0.337255 0.321569
48 41 5 0.349020 0.337255 0.321569
33 41 4 0.349020 0.337255 0.321569
34 41 4 0.349020 0.337255 0.321569
35 41 4 0.349020 0.337255 0.321569
36 41 4 0.349020 0.337255 0.321569
37 41 4 0.349020 0.337255 0.321569
38 41 4 0.349020 0.337255 0.321569
39 41 4 0.349020 0.337255 0.321569
40 41 4 0.349020 0.337255 0.321569
41 41 4 0.349020 0.337255 0.321569
42 41 4 0.349020 0.337255 0.321569
43 41 4 0.349020 0.337255 0.321569
44 41 4 0.349020 0.337255 0.321569
45 41 4 0.349020 0.337255 0.321569
46 41 4 0.349020 0.337255 0.321569
47 41 4 0.349020 0.337255 0.321569
48 41 4 0.349020 0.337255 0.321569
33 41 3 0.349020 0.337255 0.321569
34 41 3 0.349020 0.337255 0.321569
35 41 3 0.349020 0.337255 0.321569
36 41 3 0.349020 0.337255 0.321569
37 41 3 0.349020 0.337255 0.321569
38 41 3 0.349020 0.337255 0.321569
39 41 3 0.349020 0.337255 0.321569
40 41 3 0.349020 0.337255 0.321569
41 41 3 0.349020 0.337255 0.321569
42 41 3 0.349020 0.337255 0.321569
43 41 3 0.349020 0.337255 0.321569
44 41 3 0.349020 0.337255 0.321569
45 41 3 0.349020 0.337255 0.321569
46 41 3 0.349020 0.337255 0.321569
47 41 3 0.349020 0.337255 0.321569
48 41 3 0.349020 0.337255 0.321569
33 41 2 0.349020 0.337255 0.321569
34 41 2 0.349020 0.337255 0.321569
35 41 2 0.349020 0.337255 0.321569
36 41 2 0.349020 0.337255 0.321569
37 41 2 0.349020 0.337255 0.321569
38 41 2 0.349020 0.337255 0.321569
39 41 2 0.349020 0.337255 0.321569
40 41 2 0.349020 0.337255 0.321569
41 41 2 0.349020 0.337255 0.321569
42 41 2 0.349020 0.337255 0.321569
43 41 2 0.349020 0.337255 0.321569
44 41 2 0.349020 0.337255 0.321569
45 41 2 0.349020 0.337255 0.321569
46 41 2 0.349020 0.337255 0.321569
47 41 2 0.349020 0.337255 0.321569
48 41 2 0.349020 0.337255 0.321569
33 41 1 0.349020 0.337255 0.321569
34 41 1 0.349020 0.337255 0.321569
35 41 1 0.349020 0.337255 0.321569
36 41 1 0.349020 0.337255 0.321569
37 41 1 0.349020 0.337255 0.321569
38 41 1 0.349020 0.337255 0.321569
39 41 1 0.349020 0.337255 0.321569
40 41 1 0.349020 0.337255 0.321569
41 41 1 0.349020 0.337255 0.321569
42 41 1 0.349020 0.337255 0.321569
43 41 1 0.349020 0.337255 0.321569
44 41 1 0.349020 0.337255 0.321569
45 41 1 0.349020 0.337255 0.321569
46 41 1 0.349020 0.337255 0.321569
47 41 1 0.349020 0.337255 0.321569
48 41 1 0.349020 0.337255 0.321569
33 41 0 0.349020 0.337255 0.321569
34 41 0 0.349020 0.337255 0.321569
35 41 0 0.349020 0.337255 0.321569
36 41 0 0.349020 0.337255 0.321569
37 41 0 0.349020 0.337255 0.321569
38 41 0 0.349020 0.337255 0.321569
39 41 0 0.349020 0.337255 0.321569
40 41 0 0.349020 0.337255 0.321569
41 41 0 0.349020 0.337255 0.321569
42 41 0 0.349020 0.337255 0.321569
43 41 0 0.349020 0.337255 0.321569
44 41 0 0.349020 0.337255 0.321569
45 41 0 0.349020 0.337255 0.321569
46 41 0 0.349020 0.337255 0.321569
47 41 0 0.349020 0.337255 0.321569
48 41 0 0.349020 0.337255 0.321569
49 32 13 0.349020 0.337255 0.321569
49 33 13 0.349020 0.337255 0.321569
49 32 12 0.349020 0.337255 0.321569
49 33 12 0.349020 0.337255 0.321569
50 32 13 0.349020 0.337255 0.321569
50 33 13 0.349020 0.337255 0.321569
50 32 12 0.349020 0.337255 0.321569
50 33 12 0.349020 0.337255 0.321569
51 32 13 0.349020 0.337255 0.321569
51 33 13 0.349020 0.337255 0.321569
51 32 12 0.349020 0.337255 0.321569
51 33 12 0.349020 0.337255 0.321569
52 32 13 0.349020 0.337255 0.321569
52 33 13 0.349020 0.337255 0.321569
52 32 12 0.349020 0.337255 0.321569
52 33 12 0.349020 0.337255 0.321569
53 32 13 0.349020 0.337255 0.321569
53 33 13 0.349020 0.337255 0.321569
53 32 12 0.349020 0.337255 0.321569
53 33 12 0.349020 0.337255 0.321569
54 32 13 0.349020 0.337255 0.321569
54 33 13 0.349020 0.337255 0.321569
54 32 12 0.349020 0.337255 0.321569
54 33 12 0.349020 0.337255 0.321569
55 32 13 0.349020 0.337255 0.321569
55 33 13 0.349020 0.337255 0.321569
55 32 12 0.349020 0.337255 0.321569
55 33 12 0.349020 0.337255 0.321569
56 32 13 0.349020 0.337255 0.321569
56 33 13 0.349020 0.337255 0.321569
56 32 12 0.349020 0.337255 0.321569
56 33 12 0.349020 0.337255 0.321569
57 32 13 0.349020 0.337255 0.321569
57 33 13 0.349020 0.337255 0.321569
57 32 12 0.349020 0.337255 0.321569
57 33 12 0.349020 0.337255 0.321569
58 32 13 0.349020 0.337255 0.321569
58 33 13 0.349020 0.337255 0.321569
58 32 12 0.349020 0.337255 0.321569
58 33 12 0.349020 0.337255 0.321569
59 32 13 0.349020 0.337255 0.321569
59 33 13 0.349020 0.337255 0.321569
59 32 12 0.349020 0.337255 0.321569
59 33 12 0.349020 0.337255 0.321569
60 32 13 0.349020 0.337255 0.321569
60 33 13 0.349020 0.337255 0.321569
60 32 12 0.349020 0.337255 0.321569
60 33 12 0.349020 0.337255 0.321569
61 32 13 0.349020 0.337255 0.321569
61 33 13 0.349020 0.337255 0.321569
61 32 12 0.349020 0.337255 0.321569
61 33 12 0.349020 0.337255 0.321569
62 32 13 0.349020 0.337255 0.321569
62 33 13 0.349020 0.337255 0.321569
62 32 12 0.349020 0.337255 0.321569
62 33 12 0.349020 0.337255 0.321569
63 32 13 0.349020 0.337255 0.321569
63 33 13 0.349020 0.337255 0.321569
63 32 12 0.349020 0.337255 0.321569
63 33 12 0.349020 0.337255 0.321569
64 32 13 0.349020 0.337255 0.321569
64 33 13 0.349020 0.337255 0.321569
64 32 12 0.349020 0.337255 0.321569
64 33 12 0.349020 0.337255 0.321569
49 34 13 0.349020 0.337255 0.321569
49 34 12 0.349020 0.337255 0.321569
50 34 13 0.349020 0.337255 0.321569
50 34 12 0.349020 0.337255 0.321569
51 34 13 0.349020 0.337255 0.321569
51 34 12 0.349020 0.337255 0.321569
52 34 13 0.349020 0.337255 0.321569
52 34 12 0.349020 0.337255 0.321569
53 34 13 0.349020 0.337255 0.321569
53 34 12 0.349020 0.337255 0.321569
54 34 13 0.349020 0.337255 0.321569
54 34 12 0.349020 0.337255 0.321569
55 34 13 0.349020 0.337255 0.321569
55 34 12 0.349020 0.337255 0.321569
56 34 13 0.349020 0.337255 0.321569
56 34 12 0.349020 0.337255 0.321569
57 34 13 0.349020 0.337255 0.321569
57 34 12 0.349020 0.337255 0.321569
58 34 13 0.349020 0.337255 0.321569
58 34 12 0.349020 0.337255 0.321569
59 34 13 0.349020 0.337255 0.321569
59 34 12 0.349020 0.337255 0.321569
60 34 13 0.349020 0.337255 0.321569
60 34 12 0.349020 0.337255 0.321569
61 34 13 0.349020 0.337255 0.321569
61 34 12 0.349020 0.337255 0.321569
62 34 13 0.349020 0.337255 0.321569
62 34 12 0.349020 0.337255 0.321569
63 34 13 0.349020 0.337255 0.321569
63 34 12 0.349020 0.337255 0.321569
64 34 13 0.349020 0.337255 0.321569
64 34 12 0.349020 0.337255 0.321569
49 35 13 0.349020 0.337255 0.321569
49 35 12 0.349020 0.337255 0.321569
50 35 13 0.349020 0.337255 0.321569
50 35 12 0.349020 0.337255 0.321569
51 35 13 0.349020 0.337255 0.321569
51 35 12 0.349020 0.337255 0.321569
52 35 13 0.349020 0.337255 0.321569
52 35 12 0.349020 0.337255 0.321569
53 35 13 0.349020 0.337255 0.321569
53 35 12 0.349020 0.337255 0.321569
54 35 13 0.349020 0.337255 0.321569
54 35 12 0.349020 0.337255 0.321569
55 35 13 0.349020 0.337255 0.321569
55 35 12 0.349020 0.337255 0.321569
56 35 13 0.349020 0.337255 0.321569
56 35 12 0.349020 0.337255 0.321569
57 35 13 0.349020 0.337255 0.321569
57 35 12 0.349020 0.337255 0.321569
58 35 13 0.349020 0.337255 0.321569
58 35 12 0.349020 0.337255 0.321569
59 35 13 0.349020 0.337255 0.321569
59 35 12 0.349020 0.337255 0.321569
60 35 13 0.349020 0.337255 0.321569
60 35 12 0.349020 0.337255 0.321569
61 35 13 0.349020 0.337255 0.321569
61 35 12 0.349020 0.337255 0.321569
62 35 13 0.349020 0.337255 0.321569
62 35 12 0.349020 0.337255 0.321569
63 35 13 0.349020 0.337255 0.321569
63 35 12 0.349020 0.337255 0.321569
64 35 13 0.349020 0.337255 0.321569
64 35 12 0.349020 0.337255 0.321569
49 36 13 0.349020 0.337255 0.321569
49 36 12 0.349020 0.337255 0.321569
50 36 13 0.349020 0.337255 0.321569
50 36 12 0.349020 0.337255 0.321569
51 36 13 0.349020 0.337255 0.321569
51 36 12 0.349020 0.337255 0.321569
52 36 13 0.349020 0.337255 0.321569
52 36 12 0.349020 0.337255 0.321569
53 36 13 0.349020 0.337255 0.321569
53 36 12 0.349020 0.337255 0.321569
54 36 13 0.349020 0.337255 0.321569
54 36 12 0.349020 0.337255 0.321569
55 36 13 0.349020 0.337255 0.321569
55 36 12 0.349020 0.337255 0.321569
56 36 13 0.349020 0.337255 0.321569
56 36 12 0.349020 0.337255 0.321569
57 36 13 0.349020 0.337255 0.321569
57 36 12 0.349020 0.337255 0.321569
58 36 13 0.349020 0.337255 0.321569
58 36 12 0.349020 0.337255 0.321569
59 36 13 0.349020 0.337255 0.321569
59 36 12 0.349020 0.337255 0.321569
60 36 13 0.349020 0.337255 0.321569
60 36 12 0.349020 0.337255 0.321569
61 36 13 0.349020 0.337255 0.321569
61 36 12 0.349020 0.337255 0.321569
62 36 13 0.349020 0.337255 0.321569
62 36 12 0.349020 0.337255 0.321569
63 36 13 0.349020 0.337255 0.321569
63 36 12 0.349020 0.337255 0.321569
64 36 13 0.349020 0.337255 0.321569
64 36 12 0.349020 0.337255 0.321569
49 37 13 0.349020 0.337255 0.321569
49 37 12 0.349020 0.337255 0.321569
50 37 13 0.349020 0.337255 0.321569
50 37 12 0.349020 0.337255 0.321569
51 37 13 0.349020 0.337255 0.321569
51 37 12 0.349020 0.337255 0.321569
52 37 13 0.349020 0.337255 0.321569
52 37 12 0.349020 0.337255 0.321569
53 37 13 0.349020 0.337255 0.321569
53 37 12 0.349020 0.337255 0.321569
54 37 13 0.349020 0.337255 0.321569
54 37 12 0.349020 0.337255 0.321569
55 37 13 0.349020 0.337255 0.321569
55 37 12 0.349020 0.337255 0.321569
56 37 13 0.349020 0.337255 0.321569
56 37 12 0.349020 0.337255 0.321569
57 37 13 0.349020 0.337255 0.321569
57 37 12 0.349020 0.337255 0.321569
58 37 13 0.349020 0.337255 0.321569
58 37 12 0.349020 0.337255 0.321569
59 37 13 0.349020 0.337255 0.321569
59 37 12 0.349020 0.337255 0.321569
60 37 13 0.349020 0.337255 0.321569
60 37 12 0.349020 0.337255 0.321569
61 37 13 0.349020 0.337255 0.321569
61 37 12 0.349020 0.337255 0.321569
62 37 13 0.349020 0.337255 0.321569
62 37 12 0.349020 0.337255 0.321569
63 37 13 0.349020 0.337255 0.321569
63 37 12 0.349020 0.337255 0.321569
64 37 13 0.349020 0.337255 0.321569
64 37 12 0.349020 0.337255 0.321569
49 38 13 0.349020 0.337255 0.321569
49 38 12 0.349020 0.337255 0.321569
50 38 13 0.349020 0.337255 0.321569
50 38 12 0.349020 0.337255 0.321569
51 38 13 0.349020 0.337255 0.321569
51 38 12 0.349020 0.337255 0.321569
52 38 13 0.349020 0.337255 0.321569
52 38 12 0.349020 0.337255 0.321569
53 38 13 0.349020 0.337255 0.321569
53 38 12 0.349020 0.337255 0.321569
54 38 13 0.349020 0.337255 0.321569
54 38 12 0.349020 0.337255 0.321569
55 38 13 0.349020 0.337255 0.321569
55 38 12 0.349020 0.337255 0.321569
56 38 13 0.349020 0.337255 0.321569
56 38 12 0.349020 0.337255 0.321569
57 38 13 0.349020 0.337255 0.321569
57 38 12 0.349020 0.337255 0.321569
58 38 13 0.349020 0.337255 0.321569
58 38 12 0.349020 0.337255 0.321569
59 38 13 0.349020 0.337255 0.321569
59 38 12 0.349020 0.337255 0.321569
60 38 13 0.349020 0.337255 0.321569
60 38 12 0.349020 0.337255 0.321569
61 38 13 0.349020 0.337255 0.321569
61 38 12 0.349020 0.337255 0.321569
62 38 13 0.349020 0.337255 0.321569
62 38 12 0.349020 0.337255 0.321569
63 38 13 0.349020 0.337255 0.321569
63 38 12 0.349020 0.337255 0.321569
64 38 13 0.349020 0.337255 0.321569
64 38 12 0.349020 0.337255 0.321569
49 39 13 0.349020 0.337255 0.321569
49 39 12 0.349020 0.337255 0.321569
50 39 13 0.349020 0.337255 0.321569
50 39 12 0.349020 0.337255 0.321569
51 39 13 0.349020 0.337255 0.321569
51 39 12 0.349020 0.337255 0.321569
52 39 13 0.349020 0.337255 0.321569
52 39 12 0.349020 0.337255 0.321569
53 39 13 0.349020 0.337255 0.321569
53 39 12 0.349020 0.337255 0.321569
54 39 13 0.349020 0.337255 0.321569
54 39 12 0.349020 0.337255 0.321569
55 39 13 0.349020 0.337255 0.321569
55 39 12 0.349020 0.337255 0.321569
56 39 13 0.349020 0.337255 0.321569
56 39 12 0.349020 0.337255 0.321569
57 39 13 0.349020 0.337255 0.321569
57 39 12 0.349020 0.337255 0.321569
58 39 13 0.349020 0.337255 0.321569
58 39 12 0.349020 0.337255 0.321569
59 39 13 0.349020 0.337255 0.321569
59 39 12 0.349020 0.337255 0.321569
60 39 13 0.349020 0.337255 0.321569
60 39 12 0.349020 0.337255 0.321569
61 39 13 0.349020 0.337255 0.321569
61 39 12 0.349020 0.337255 0.321569
62 39 13 0.349020 0.337255 0.321569
62 39 12 0.349020 0.337255 0.321569
63 39 13 0.349020 0.337255 0.321569
63 39 12 0.349020 0.337255 0.321569
64 39 13 0.349020 0.337255 0.321569
64 39 12 0.349020 0.337255 0.321569
49 38 11 0.349020 0.337255 0.321569
49 39 11 0.349020 0.337255 0.321569
50 38 11 0.349020 0.337255 0.321569
50 39 11 0.349020 0.337255 0.321569
51 38 11 0.349020 0.337255 0.321569
51 39 11 0.349020 0.337255 0.321569
52 38 11 0.349020 0.337255 0.321569
52 39 11 0.349020 0.337255 0.321569
53 38 11 0.349020 0.337255 0.321569
53 39 11 0.349020 0.337255 0.321569
54 38 11 0.349020 0.337255 0.321569
54 39 11 0.349020 0.337255 0.321569
55 38 11 0.349020 0.337255 0.321569
55 39 11 0.349020 0.337255 0.321569
56 38 11 0.349020 0.337255 0.321569
56 39 11 0.349020 0.337255 0.321569
57 38 11 0.349020 0.337255 0.321569
57 39 11 0.349020 0.337255 0.321569
58 38 11 0.349020 0.337255 0.321569
58 39 11 0.349020 0.337255 0.321569
59 38 11 0.349020 0.337255 0.321569
59 39 11 0.349020 0.337255 0.321569
60 38 11 0.349020 0.337255 0.321569
60 39 11 0.349020 0.337255 0.321569
61 38 11 0.349020 0.337255 0.321569
61 39 11 0.349020 0.337255 0.321569
62 38 11 0.349020 0.337255 0.321569
62 39 11 0.349020 0.337255 0.321569
63 38 11 0.349020 0.337255 0.321569
63 39 11 0.349020 0.337255 0.321569
64 38 11 0.349020 0.337255 0.321569
64 39 11 0.349020 0.337255 0.321569
49 40 12 0.349020 0.337255 0.321569
49 40 11 0.349020 0.337255 0.321569
50 40 12 0.349020 0.337255 0.321569
50 40 11 0.349020 0.337255 0.321569
51 40 12 0.349020 0.337255 0.321569
51 40 11 0.349020 0.337255 0.321569
52 40 12 0.349020 0.337255 0.321569
52 40 11 0.349020 0.337255 0.321569
53 40 12 0.349020 0.337255 0.321569
53 40 11 0.349020 0.337255 0.321569
54 40 12 0.349020 0.337255 0.321569
54 40 11 0.349020 0.337255 0.321569
55 40 12 0.349020 0.337255 0.321569
55 40 11 0.349020 0.337255 0.321569
56 40 12 0.349020 0.337255 0.321569
56 40 11 0.349020 0.337255 0.321569
57 40 12 0.349020 0.337255 0.321569
57 40 11 0.349020 0.337255 0.321569
58 40 12 0.349020 0.337255 0.321569
58 40 11 0.349020 0.337255 0.321569
59 40 12 0.349020 0.337255 0.321569
59 40 11 0.349020 0.337255 0.321569
60 40 12 0.349020 0.337255 0.321569
60 40 11 0.349020 0.337255 0.321569
61 40 12 0.349020 0.337255 0.321569
61 40 11 0.349020 0.337255 0.321569
62 40 12 0.349020 0.337255 0.321569
62 40 11 0.349020 0.337255 0.321569
63 40 12 0.349020 0.337255 0.321569
63 40 11 0.349020 0.337255 0.321569
64 40 12 0.349020 0.337255 0.321569
64 40 11 0.349020 0.337255 0.321569
49 39 10 0.349020 0.337255 0.321569
49 40 10 0.349020 0.337255 0.321569
50 39 10 0.349020 0.337255 0.321569
50 40 10 0.349020 0.337255 0.321569
51 39 10 0.349020 0.337255 0.321569
51 40 10 0.349020 0.337255 0.321569
52 39 10 0.349020 0.337255 0.321569
52 40 10 0.349020 0.337255 0.321569
53 39 10 0.349020 0.337255 0.321569
53 40 10 0.349020 0.337255 0.321569
54 39 10 0.349020 0.337255 0.321569
54 40 10 0.349020 0.337255 0.321569
55 39 10 0.349020 0.337255 0.321569
55 40 10 0.349020 0.337255 0.321569
56 39 10 0.349020 0.337255 0.321569
56 40 10 0.349020 0.337255 0.321569
57 39 10 0.349020 0.337255 0.321569
57 40 10 0.349020 0.337255 0.321569
58 39 10 0.349020 0.337255 0.321569
58 40 10 0.349020 0.337255 0.321569
59 39 10 0.349020 0.337255 0.321569
59 40 10 0.349020 0.337255 0.321569
60 39 10 0.349020 0.337255 0.321569
60 40 10 0.349020 0.337255 0.321569
61 39 10 0.349020 0.337255 0.321569
61 40 10 0.349020 0.337255 0.321569
62 39 10 0.349020 0.337255 0.321569
62 40 10 0.349020 0.337255 0.321569
63 39 10 0.349020 0.337255 0.321569
63 40 10 0.349020 0.337255 0.321569
64 39 10 0.349020 0.337255 0.321569
64 40 10 0.349020 0.337255 0.321569
49 39 9 0.349020 0.337255 0.321569
49 40 9 0.349020 0.337255 0.321569
50 39 9 0.349020 0.337255 0.321569
50 40 9 0.349020 0.337255 0.321569
51 39 9 0.349020 0.337255 0.321569
51 40 9 0.349020 0.337255 0.321569
52 39 9 0.349020 0.337255 0.321569
52 40 9 0.349020 0.337255 0.321569
53 39 9 0.349020 0.337255 0.321569
53 40 9 0.349020 0.337255 0.321569
54 39 9 0.349020 0.337255 0.321569
54 40 9 0.349020 0.337255 0.321569
55 39 9 0.349020 0.337255 0.321569
55 40 9 0.349020 0.337255 0.321569
56 39 9 0.349020 0.337255 0.321569
56 40 9 0.349020 0.337255 0.321569
57 39 9 0.349020 0.337255 0.321569
57 40 9 0.349020 0.337255 0.321569
58 39 9 0.349020 0.337255 0.321569
58 40 9 0.349020 0.337255 0.321569
59 39 9 0.349020 0.337255 0.321569
59 40 9 0.349020 0.337255 0.321569
60 39 9 0.349020 0.337255 0.321569
60 40 9 0.349020 0.337255 0.321569
61 39 9 0.349020 0.337255 0.321569
61 40 9 0.349020 0.337255 0.321569
62 39 9 0.349020 0.337255 0.321569
62 40 9 0.349020 0.337255 0.321569
63 39 9 0.349020 0.337255 0.321569
63 40 9 0.349020 0.337255 0.321569
64 39 9 0.349020 0.337255 0.321569
64 40 9 0.349020 0.337255 0.321569
49 39 8 0.349020 0.337255 0.321569
50 39 8 0.349020 0.337255 0.321569
51 39 8 0.349020 0.337255 0.321569
52 39 8 0.349020 0.337255 0.321569
53 39 8 0.349020 0.337255 0.321569
54 39 8 0.349020 0.337255 0.321569
55 39 8 0.349020 0.337255 0.321569
56 39 8 0.349020 0.337255 0.321569
57 39 8 0.349020 0.337255 0.321569
58 39 8 0.349020 0.337255 0.321569
59 39 8 0.349020 0.337255 0.321569
60 39 8 0.349020 0.337255 0.321569
61 39 8 0.349020 0.337255 0.321569
62 39 8 0.349020 0.337255 0.321569
63 39 8 0.349020 0.337255 0.321569
64 39 8 0.349020 0.337255 0.321569
49 39 7 0.349020 0.337255 0.321569
50 39 7 0.349020 0.337255 0.321569
51 39 7 0.349020 0.337255 0.321569
52 39 7 0.349020 0.337255 0.321569
53 39 7 0.349020 0.337255 0.321569
54 39 7 0.349020 0.337255 0.321569
55 39 7 0.349020 0.337255 0.321569
56 39 7 0.349020 0.337255 0.321569
57 39 7 0.349020 0.337255 0.321569
58 39 7 0.349020 0.337255 0.321569
59 39 7 0.349020 0.337255 0.321569
60 39 7 0.349020 0.337255 0.321569
61 39 7 0.349020 0.337255 0.321569
62 39 7 0.349020 0.337255 0.321569
63 39 7 0.349020 0.337255 0.321569
64 39 7 0.349020 0.337255 0.321569
49 39 6 0.349020 0.337255 0.321569
50 39 6 0.349020 0.337255 0.321569
51 39 6 0.349020 0.337255 0.321569
52 39 6 0.349020 0.337255 0.321569
53 39 6 0.349020 0.337255 0.321569
54 39 6 0.349020 0.337255 0.321569
55 39 6 0.349020 0.337255 0.321569
56 39 6 0.349020 0.337255 0.321569
57 39 6 0.349020 0.337255 0.321569
58 39 6 0.349020 0.337255 0.321569
59 39 6 0.349020 0.337255 0.321569
60 39 6 0.349020 0.337255 0.321569
61 39 6 0.349020 0.337255 0.321569
62 39 6 0.349020 0.337255 0.321569
63 39 6 0.349020 0.337255 0.321569
64 39 6 0.349020 0.337255 0.321569
49 39 5 0.349020 0.337255 0.321569
50 39 5 0.349020 0.337255 0.321569
51 39 5 0.349020 0.337255 0.321569
52 39 5 0.349020 0.337255 0.321569
53 39 5 0.349020 0.337255 0.321569
54 39 5 0.349020 0.337255 0.321569
55 39 5 0.349020 0.337255 0.321569
56 39 5 0.349020 0.337255 0.321569
57 39 5 0.349020 0.337255 0.321569
58 39 5 0.349020 0.337255 0.321569
59 39 5 0.349020 0.337255 0.321569
60 39 5 0.349020 0.337255 0.321569
61 39 5 0.349020 0.337255 0.321569
62 39 5 0.349020 0.337255 0.321569
63 39 5 0.349020 0.337255 0.321569
64 39 5 0.349020 0.337255 0.321569
49 39 4 0.349020 0.337255 0.321569
50 39 4 0.349020 0.337255 0.321569
51 39 4 0.349020 0.337255 0.321569
52 39 4 0.349020 0.337255 0.321569
53 39 4 0.349020 0.337255 0.321569
54 39 4 0.349020 0.337255 0.321569
55 39 4 0.349020 0.337255 0.321569
56 39 4 0.349020 0.337255 0.321569
57 39 4 0.349020 0.337255 0.321569
58 39 4 0.349020 0.337255 0.321569
59 39 4 0.349020 0.337255 0.321569
60 39 4 0.349020 0.337255 0.321569
61 39 4 0.349020 0.337255 0.321569
62 39 4 0.349020 0.337255 0.321569
63 39 4 0.349020 0.337255 0.321569
64 39 4 0.349020 0.337255 0.321569
49 39 3 0.349020 0.337255 0.321569
50 39 3 0.349020 0.337255 0.321569
51 39 3 0.349020 0.337255 0.321569
52 39 3 0.349020 0.337255 0.321569
53 39 3 0.349020 0.337255 0.321569
54 39 3 0.349020 0.337255 0.321569
55 39 3 0.349020 0.337255 0.321569
56 39 3 0.349020 0.337255 0.321569
57 39 3 0.349020 0.337255 0.321569
58 39 3 0.349020 0.337255 0.321569
59 39 3 0.349020 0.337255 0.321569
60 39 3 0.349020 0.337255 0.321569
61 39 3 0.349020 0.337255 0.321569
62 39 3 0.349020 0.337255 0.321569
63 39 3 0.349020 0.337255 0.321569
64 39 3 0.349020 0.337255 0.321569
49 39 2 0.349020 0.337255 0.321569
50 39 2 0.349020 0.337255 0.321569
51 39 2 0.349020 0.337255 0.321569
52 39 2 0.349020 0.337255 0.321569
53 39 2 0.349020 0.337255 0.321569
54 39 2 0.349020 0.337255 0.321569
55 39 2 0.349020 0.337255 0.321569
56 39 2 0.349020 0.337255 0.321569
57 39 2 0.349020 0.337255 0.321569
58 39 2 0.349020 0.337255 0.321569
59 39 2 0.349020 0.337255 0.321569
60 39 2 0.349020 0.337255 0.321569
61 39 2 0.349020 0.337255 0.321569
62 39 2 0.349020 0.337255 0.321569
63 39 2 0.349020 0.337255 0.321569
64 39 2 0.349020 0.337255 0.321569
49 39 1 0.349020 0.337255 0.321569
50 39 1 0.349020 0.337255 0.321569
51 39 1 0.349020 0.337255 0.321569
52 39 1 0.349020 0.337255 0.321569
53 39 1 0.349020 0.337255 0.321569
54 39 1 0.349020 0.337255 0.321569
55 39 1 0.349020 0.337255 0.321569
56 39 1 0.349020 0.337255 0.321569
57 39 1 0.349020 0.337255 0.321569
58 39 1 0.349020 0.337255 0.321569
59 39 1 0.349020 0.337255 0.321569
60 39 1 0.349020 0.337255 0.321569
61 39 1 0.349020 0.337255 0.321569
62 39 1 0.349020 0.337255 0.321569
63 39 1 0.349020 0.337255 0.321569
64 39 1 0.349020 0.337255 0.321569
49 39 0 0.349020 0.337255 0.321569
50 39 0 0.349020 0.337255 0.321569
51 39 0 0.349020 0.337255 0.321569
52 39 0 0.349020 0.337255 0.321569
53 39 0 0.349020 0.337255 0.321569
54 39 0 0.349020 0.337255 0.321569
55 39 0 0.349020 0.337255 0.321569
56 39 0 0.349020 0.337255 0.321569
57 39 0 0.349020 0.337255 0.321569
58 39 0 0.349020 0.337255 0.321569
59 39 0 0.349020 0.337255 0.321569
60 39 0 0.349020 0.337255 0.321569
61 39 0 0.349020 0.337255 0.321569
62 39 0 0.349020 0.337255 0.321569
63 39 0 0.349020 0.337255 0.321569
64 39 0 0.349020 0.337255 0.321569
49 41 9 0.349020 0.337255 0.321569
49 41 8 0.349020 0.337255 0.321569
50 41 9 0.349020 0.337255 0.321569
50 41 8 0.349020 0.337255 0.321569
51 41 9 0.349020 0.337255 0.321569
51 41 8 0.349020 0.337255 0.321569
52 41 9 0.349020 0.337255 0.321569
52 41 8 0.349020 0.337255 0.321569
53 41 9 0.349020 0.337255 0.321569
53 41 8 0.349020 0.337255 0.321569
54 41 9 0.349020 0.337255 0.321569
54 41 8 0.349020 0.337255 0.321569
55 41 9 0.349020 0.337255 0.321569
55 41 8 0.349020 0.337255 0.321569
56 41 9 0.349020 0.337255 0.321569
56 41 8 0.349020 0.337255 0.321569
57 41 9 0.349020 0.337255 0.321569
57 41 8 0.349020 0.337255 0.321569
58 41 9 0.349020 0.337255 0.321569
58 41 8 0.349020 0.337255 0.321569
59 41 9 0.349020 0.337255 0.321569
59 41 8 0.349020 0.337255 0.321569
60 41 9 0.349020 0.337255 0.321569
60 41 8 0.349020 0.337255 0.321569
61 41 9 0.349020 0.337255 0.321569
61 41 8 0.349020 0.337255 0.321569
62 41 9 0.349020 0.337255 0.321569
62 41 8 0.349020 0.337255 0.321569
63 41 9 0.349020 0.337255 0.321569
63 41 8 0.349020 0.337255 0.321569
64 41 9 0.349020 0.337255 0.321569
64 41 8 0.349020 0.337255 0.321569
49 41 7 0.349020 0.337255 0.321569
50 41 7 0.349020 0.337255 0.321569
51 41 7 0.349020 0.337255 0.321569
52 41 7 0.349020 0.337255 0.321569
53 41 7 0.349020 0.337255 0.321569
54 41 7 0.349020 0.337255 0.321569
55 41 7 0.349020 0.337255 0.321569
56 41 7 0.349020 0.337255 0.321569
57 41 7 0.349020 0.337255 0.321569
58 41 7 0.349020 0.337255 0.321569
59 41 7 0.349020 0.337255 0.321569
60 41 7 0.349020 0.337255 0.321569
61 41 7 0.349020 0.337255 0.321569
62 41 7 0.349020 0.337255 0.321569
63 41 7 0.349020 0.337255 0.321569
64 41 7 0.349020 0.337255 0.321569
49 41 6 0.349020 0.337255 0.321569
50 41 6 0.349020 0.337255 0.321569
51 41 6 0.349020 0.337255 0.321569
52 41 6 0.349020 0.337255 0.321569
53 41 6 0.349020 0.337255 0.321569
54 41 6 0.349020 0.337255 0.321569
55 41 6 0.349020 0.337255 0.321569
56 41 6 0.349020 0.337255 0.321569
57 41 6 0.349020 0.337255 0.321569
58 41 6 0.349020 0.337255 0.321569
59 41 6 0.349020 0.337255 0.321569
60 41 6 0.349020 0.337255 0.321569
61 41 6 0.349020 0.337255 0.321569
62 41 6 0.349020 0.337255 0.321569
63 41 6 0.349020 0.337255 0.321569
64 41 6 0.349020 0.337255 0.321569
49 41 5 0.349020 0.337255 0.321569
50 41 5 0.349020 0.337255 0.321569
51 41 5 0.349020 0.337255 0.321569
52 41 5 0.349020 0.337255 0.321569
53 41 5 0.349020 0.337255 0.321569
54 41 5 0.349020 0.337255 0.321569
55 41 5 0.349020 0.337255 0.321569
56 41 5 0.349020 0.337255 0.321569
57 41 5 0.349020 0.337255 0.321569
58 41 5 0.349020 0.337255 0.321569
59 41 5 0.349020 0.337255 0.321569
60 41 5 0.349020 0.337255 0.321569
61 41 5 0.349020 0.337255 0.321569
62 41 5 0.349020 0.337255 0.321569
63 41 5 0.349020 0.337255 0.321569
64 41 5 0.349020 0.337255 0.321569
49 41 4 0.349020 0.337255 0.321569
50 41 4 0.349020 0.337255 0.321569
51 41 4 0.349020 0.337255 0.321569
52 41 4 0.349020 0.337255 0.321569
53 41 4 0.349020 0.337255 0.321569
54 41 4 0.349020 0.337255 0.321569
55 41 4 0.349020 0.337255 0.321569
56 41 4 0.349020 0.337255 0.321569
57 41 4 0.349020 0.337255 0.321569
58 41 4 0.349020 0.337255 0.321569
59 41 4 0.349020 0.337255 0.321569
60 41 4 0.349020 0.337255 0.321569
61 41 4 0.349020 0.337255 0.321569
62 41 4 0.349020 0.337255 0.321569
63 41 4 0.349020 0.337255 0.321569
64 41 4 0.349020 0.337255 0.321569
49 41 3 0.349020 0.337255 0.321569
50 41 3 0.349020 0.337255 0.321569
51 41 3 0.349020 0.337255 0.321569
52 41 3 0.349020 0.337255 0.321569
53 41 3 0.349020 0.337255 0.321569
54 41 3 0.349020 0.337255 0.321569
55 41 3 0.349020 0.337255 0.321569
56 41 3 0.349020 0.337255 0.321569
57 41 3 0.349020 0.337255 0.321569
58 41 3 0.349020 0.337255 0.321569
59 41 3 0.349020 0.337255 0.321569
60 41 3 0.349020 0.337255 0.321569
61 41 3 0.349020 0.337255 0.321569
62 41 3 0.349020 0.337255 0.321569
63 41 3 0.349020 0.337255 0.321569
64 41 3 0.349020 0.337255 0.321569
49 41 2 0.349020 0.337255 0.321569
50 41 2 0.349020 0.337255 0.321569
51 41 2 0.349020 0.337255 0.321569
52 41 2 0.349020 0.337255 0.321569
53 41 2 0.349020 0.337255 0.321569
54 41 2 0.349020 0.337255 0.321569
55 41 2 0.349020 0.337255 0.321569
56 41 2 0.349020 0.337255 0.321569
57 41 2 0.349020 0.337255 0.321569
58 41 2 0.349020 0.337255 0.321569
59 41 2 0.349020 0.337255 0.321569
60 41 2 0.349020 0.337255 0.321569
61 41 2 0.349020 0.337255 0.321569
62 41 2 0.349020 0.337255 0.321569
63 41 2 0.349020 0.337255 0.321569
64 41 2 0.349020 0.337255 0.321569
49 41 1 0.349020 0.337255 0.321569
50 41 1 0.349020 0.337255 0.321569
51 41 1 0.349020 0.337255 0.321569
52 41 1 0.349020 0.337255 0.321569
53 41 1 0.349020 0.337255 0.321569
54 41 1 0.349020 0.337255 0.321569
55 41 1 0.349020 0.337255 0.321569
56 41 1 0.349020 0.337255 0.321569
57 41 1 0.349020 0.337255 0.321569
58 41 1 0.349020 0.337255 0.321569
59 41 1 0.349020 0.337255 0.321569
60 41 1 0.349020 0.337255 0.321569
61 41 1 0.349020 0.337255 0.321569
62 41 1 0.349020 0.337255 0.321569
63 41 1 0.349020 0.337255 0.321569
64 41 1 0.349020 0.337255 0.321569
49 41 0 0.349020 0.337255 0.321569
50 41 0 0.349020 0.337255 0.321569
51 41 0 0.349020 0.337255 0.321569
52 41 0 0.349020 0.337255 0.321569
53 41 0 0.349020 0.337255 0.321569
54 41 0 0.349020 0.337255 0.321569
55 41 0 0.349020 0.337255 0.321569
56 41 0 0.349020 0.337255 0.321569
57 41 0 0.349020 0.337255 0.321569
58 41 0 0.349020 0.337255 0.321569
59 41 0 0.349020 0.337255 0.321569
60 41 0 0.349020 0.337255 0.321569
61 41 0 0.349020 0.337255 0.321569
62 41 0 0.349020 0.337255 0.321569
63 41 0 0.349020 0.337255 0.321569
64 41 0 0.349020 0.337255 0.321569
65 32 13 0.349020 0.337255 0.321569
65 33 13 0.349020 0.337255 0.321569
65 32 12 0.349020 0.337255 0.321569
65 33 12 0.349020 0.337255 0.321569
66 32 13 0.349020 0.337255 0.321569
66 33 13 0.349020 0.337255 0.321569
66 32 12 0.349020 0.337255 0.321569
66 33 12 0.349020 0.337255 0.321569
67 32 13 0.349020 0.337255 0.321569
67 33 13 0.349020 0.337255 0.321569
67 32 12 0.349020 0.337255 0.321569
67 33 12 0.349020 0.337255 0.321569
68 32 13 0.349020 0.337255 0.321569
68 33 13 0.349020 0.337255 0.321569
68 32 12 0.349020 0.337255 0.321569
68 33 12 0.349020 0.337255 0.321569
69 32 13 0.349020 0.337255 0.321569
69 33 13 0.349020 0.337255 0.321569
69 32 12 0.349020 0.337255 0.321569
69 33 12 0.349020 0.337255 0.321569
70 32 13 0.349020 0.337255 0.321569
70 33 13 0.349020 0.337255 0.321569
70 32 12 0.349020 0.337255 0.321569
70 33 12 0.349020 0.337255 0.321569
71 32 13 0.349020 0.337255 0.321569
71 33 13 0.349020 0.337255 0.321569
71 32 12 0.349020 0.337255 0.321569
71 33 12 0.349020 0.337255 0.321569
72 32 13 0.349020 0.337255 0.321569
72 33 13 0.349020 0.337255 0.321569
72 32 12 0.349020 0.337255 0.321569
72 33 12 0.349020 0.337255 0.321569
73 32 13 0.349020 0.337255 0.321569
73 33 13 0.349020 0.337255 0.321569
73 32 12 0.349020 0.337255 0.321569
73 33 12 0.349020 0.337255 0.321569
73 32 11 0.349020 0.337255 0.321569
73 33 11 0.349020 0.337255 0.321569
72 33 11 0.349020 0.337255 0.321569
72 32 11 0.349020 0.337255 0.321569
73 32 10 0.349020 0.337255 0.321569
73 33 10 0.349020 0.337255 0.321569
72 33 10 0.349020 0.337255 0.321569
72 32 10 0.349020 0.337255 0.321569
73 32 9 0.349020 0.337255 0.321569
73 33 9 0.349020 0.337255 0.321569
72 33 9 0.349020 0.337255 0.321569
72 32 9 0.349020 0.337255 0.321569
73 32 8 0.349020 0.337255 0.321569
73 33 8 0.349020 0.337255 0.321569
72 33 8 0.349020 0.337255 0.321569
72 32 8 0.349020 0.337255 0.321569
73 32 7 0.349020 0.337255 0.321569
73 33 7 0.349020 0.337255 0.321569
72 33 7 0.349020 0.337255 0.321569
72 32 7 0.349020 0.337255 0.321569
73 32 6 0.349020 0.337255 0.321569
73 33 6 0.349020 0.337255 0.321569
72 33 6 0.349020 0.337255 0.321569
72 32 6 0.349020 0.337255 0.321569
73 32 5 0.349020 0.337255 0.321569
73 33 5 0.349020 0.337255 0.321569
72 33 5 0.349020 0.337255 0.321569
72 32 5 0.349020 0.337255 0.321569
73 32 4 0.349020 0.337255 0.321569
73 33 4 0.349020 0.337255 0.321569
72 33 4 0.349020 0.337255 0.321569
72 32 4 0.349020 0.337255 0.321569
73 32 3 0.349020 0.337255 0.321569
73 33 3 0.349020 0.337255 0.321569
72 33 3 0.349020 0.337255 0.321569
72 32 3 0.349020 0.337255 0.321569
73 32 2 0.349020 0.337255 0.321569
73 33 2 0.349020 0.337255 0.321569
72 33 2 0.349020 0.337255 0.321569
72 32 2 0.349020 0.337255 0.321569
73 32 1 0.349020 0.337255 0.321569
73 33 1 0.349020 0.337255 0.321569
72 33 1 0.349020 0.337255 0.321569
72 32 1 0.349020 0.337255 0.321569
73 32 0 0.349020 0.337255 0.321569
73 33 0 0.349020 0.337255 0.321569
72 33 0 0.349020 0.337255 0.321569
72 32 0 0.349020 0.337255 0.321569
65 34 13 0.349020 0.337255 0.321569
65 34 12 0.349020 0.337255 0.321569
66 34 13 0.349020 0.337255 0.321569
66 34 12 0.349020 0.337255 0.321569
67 34 13 0.349020 0.337255 0.321569
67 34 12 0.349020 0.337255 0.321569
68 34 13 0.349020 0.337255 0.321569
68 34 12 0.349020 0.337255 0.321569
69 34 13 0.349020 0.337255 0.321569
69 34 12 0.349020 0.337255 0.321569
70 34 13 0.349020 0.337255 0.321569
70 34 12 0.349020 0.337255 0.321569
71 34 13 0.349020 0.337255 0.321569
71 34 12 0.349020 0.337255 0.321569
72 34 13 0.349020 0.337255 0.321569
72 34 12 0.349020 0.337255 0.321569
73 34 13 0.349020 0.337255 0.321569
73 34 12 0.349020 0.337255 0.321569
73 34 11 0.349020 0.337255 0.321569
72 34 11 0.349020 0.337255 0.321569
73 34 10 0.349020 0.337255 0.321569
72 34 10 0.349020 0.337255 0.321569
73 34 9 0.349020 0.337255 0.321569
72 34 9 0.349020 0.337255 0.321569
73 34 8 0.349020 0.337255 0.321569
72 34 8 0.349020 0.337255 0.321569
73 34 7 0.349020 0.337255 0.321569
72 34 7 0.349020 0.337255 0.321569
73 34 6 0.349020 0.337255 0.321569
72 34 6 0.349020 0.337255 0.321569
73 34 5 0.349020 0.337255 0.321569
72 34 5 0.349020 0.337255 0.321569
73 34 4 0.349020 0.337255 0.321569
72 34 4 0.349020 0.337255 0.321569
73 34 3 0.349020 0.337255 0.321569
72 34 3 0.349020 0.337255 0.321569
73 34 2 0.349020 0.337255 0.321569
72 34 2 0.349020 0.337255 0.321569
73 34 1 0.349020 0.337255 0.321569
72 34 1 0.349020 0.337255 0.321569
73 34 0 0.349020 0.337255 0.321569
72 34 0 0.349020 0.337255 0.321569
65 35 13 0.349020 0.337255 0.321569
65 35 12 0.349020 0.337255 0.321569
66 35 13 0.349020 0.337255 0.321569
66 35 12 0.349020 0.337255 0.321569
67 35 13 0.349020 0.337255 0.321569
67 35 12 0.349020 0.337255 0.321569
68 35 13 0.349020 0.337255 0.321569
68 35 12 0.349020 0.337255 0.321569
69 35 13 0.349020 0.337255 0.321569
69 35 12 0.349020 0.337255 0.321569
70 35 13 0.349020 0.337255 0.321569
70 35 12 0.349020 0.337255 0.321569
71 35 13 0.349020 0.337255 0.321569
71 35 12 0.349020 0.337255 0.321569
72 35 13 0.349020 0.337255 0.321569
72 35 12 0.349020 0.337255 0.321569
73 35 13 0.349020 0.337255 0.321569
73 35 12 0.349020 0.337255 0.321569
73 35 11 0.349020 0.337255 0.321569
72 35 11 0.349020 0.337255 0.321569
73 35 10 0.349020 0.337255 0.321569
72 35 10 0.349020 0.337255 0.321569
73 35 9 0.349020 0.337255 0.321569
72 35 9 0.349020 0.337255 0.321569
73 35 8 0.349020 0.337255 0.321569
72 35 8 0.349020 0.337255 0.321569
73 35 7 0.349020 0.337255 0.321569
72 35 7 0.349020 0.337255 0.321569
73 35 6 0.349020 0.337255 0.321569
72 35 6 0.349020 0.337255 0.321569
73 35 5 0.349020 0.337255 0.321569
72 35 5 0.349020 0.337255 0.321569
73 35 4 0.349020 0.337255 0.321569
72 35 4 0.349020 0.337255 0.321569
73 35 3 0.349020 0.337255 0.321569
72 35 3 0.349020 0.337255 0.321569
73 35 2 0.349020 0.337255 0.321569
72 35 2 0.349020 0.337255 0.321569
73 35 1 0.349020 0.337255 0.321569
72 35 1 0.349020 0.337255 0.321569
73 35 0 0.349020 0.337255 0.321569
72 35 0 0.349020 0.337255 0.321569
65 36 13 0.349020 0.337255 0.321569
65 36 12 0.349020 0.337255 0.321569
66 36 13 0.349020 0.337255 0.321569
66 36 12 0.349020 0.337255 0.321569
67 36 13 0.349020 0.337255 0.321569
67 36 12 0.349020 0.337255 0.321569
68 36 13 0.349020 0.337255 0.321569
68 36 12 0.349020 0.337255 0.321569
69 36 13 0.349020 0.337255 0.321569
69 36 12 0.349020 0.337255 0.321569
70 36 13 0.349020 0.337255 0.321569
70 36 12 0.349020 0.337255 0.321569
71 36 13 0.349020 0.337255 0.321569
71 36 12 0.349020 0.337255 0.321569
72 36 13 0.349020 0.337255 0.321569
72 36 12 0.349020 0.337255 0.321569
73 36 13 0.349020 0.337255 0.321569
73 36 12 0.349020 0.337255 0.321569
73 36 11 0.349020 0.337255 0.321569
72 36 11 0.349020 0.337255 0.321569
73 36 10 0.349020 0.337255 0.321569
72 36 10 0.349020 0.337255 0.321569
73 36 9 0.349020 0.337255 0.321569
72 36 9 0.349020 0.337255 0.321569
73 36 8 0.349020 0.337255 0.321569
72 36 8 0.349020 0.337255 0.321569
73 36 7 0.349020 0.337255 0.321569
72 36 7 0.349020 0.337255 0.321569
73 36 6 0.349020 0.337255 0.321569
72 36 6 0.349020 0.337255 0.321569
73 36 5 0.349020 0.337255 0.321569
72 36 5 0.349020 0.337255 0.321569
73 36 4 0.349020 0.337255 0.321569
72 36 4 0.349020 0.337255 0.321569
73 36 3 0.349020 0.337255 0.321569
72 36 3 0.349020 0.337255 0.321569
73 36 2 0.349020 0.337255 0.321569
72 36 2 0.349020 0.337255 0.321569
73 36 1 0.349020 0.337255 0.321569
72 36 1 0.349020 0.337255 0.321569
73 36 0 0.349020 0.337255 0.321569
72 36 0 0.349020 0.337255 0.321569
65 37 13 0.349020 0.337255 0.321569
65 37 12 0.349020 0.337255 0.321569
66 37 13 0.349020 0.337255 0.321569
66 37 12 0.349020 0.337255 0.321569
67 37 13 0.349020 0.337255 0.321569
67 37 12 0.349020 0.337255 0.321569
68 37 13 0.349020 0.337255 0.321569
68 37 12 0.349020 0.337255 0.321569
69 37 13 0.349020 0.337255 0.321569
69 37 12 0.349020 0.337255 0.321569
70 37 13 0.349020 0.337255 0.321569
70 37 12 0.349020 0.337255 0.321569
71 37 13 0.349020 0.337255 0.321569
71 37 12 0.349020 0.337255 0.321569
72 37 13 0.349020 0.337255 0.321569
72 37 12 0.349020 0.337255 0.321569
73 37 13 0.349020 0.337255 0.321569
73 37 12 0.349020 0.337255 0.321569
73 37 11 0.349020 0.337255 0.321569
72 37 11 0.349020 0.337255 0.321569
73 37 10 0.349020 0.337255 0.321569
72 37 10 0.349020 0.337255 0.321569
73 37 9 0.349020 0.337255 0.321569
72 37 9 0.349020 0.337255 0.321569
73 37 8 0.349020 0.337255 0.321569
72 37 8 0.349020 0.337255 0.321569
73 37 7 0.349020 0.337255 0.321569
72 37 7 0.349020 0.337255 0.321569
73 37 6 0.349020 0.337255 0.321569
72 37 6 0.349020 0.337255 0.321569
73 37 5 0.349020 0.337255 0.321569
72 37 5 0.349020 0.337255 0.321569
73 37 4 0.349020 0.337255 0.321569
72 37 4 0.349020 0.337255 0.321569
73 37 3 0.349020 0.337255 0.321569
72 37 3 0.349020 0.337255 0.321569
73 37 2 0.349020 0.337255 0.321569
72 37 2 0.349020 0.337255 0.321569
73 37 1 0.349020 0.337255 0.321569
72 37 1 0.349020 0.337255 0.321569
73 37 0 0.349020 0.337255 0.321569
72 37 0 0.349020 0.337255 0.321569
65 38 13 0.349020 0.337255 0.321569
65 38 12 0.349020 0.337255 0.321569
66 38 13 0.349020 0.337255 0.321569
66 38 12 0.349020 0.337255 0.321569
67 38 13 0.349020 0.337255 0.321569
67 38 12 0.349020 0.337255 0.321569
68 38 13 0.349020 0.337255 0.321569
68 38 12 0.349020 0.337255 0.321569
69 38 13 0.349020 0.337255 0.321569
69 38 12 0.349020 0.337255 0.321569
70 38 13 0.349020 0.337255 0.321569
70 38 12 0.349020 0.337255 0.321569
71 38 13 0.349020 0.337255 0.321569
71 38 12 0.349020 0.337255 0.321569
72 38 13 0.349020 0.337255 0.321569
72 38 12 0.349020 0.337255 0.321569
73 38 13 0.349020 0.337255 0.321569
73 38 12 0.349020 0.337255 0.321569
73 38 11 0.349020 0.337255 0.321569
72 38 11 0.349020 0.337255 0.321569
73 38 10 0.349020 0.337255 0.321569
72 38 10 0.349020 0.337255 0.321569
73 38 9 0.349020 0.337255 0.321569
72 38 9 0.349020 0.337255 0.321569
73 38 8 0.349020 0.337255 0.321569
72 38 8 0.349020 0.337255 0.321569
73 38 7 0.349020 0.337255 0.321569
72 38 7 0.349020 0.337255 0.321569
73 38 6 0.349020 0.337255 0.321569
72 38 6 0.349020 0.337255 0.321569
73 38 5 0.349020 0.337255 0.321569
72 38 5 0.349020 0.337255 0.321569
73 38 4 0.349020 0.337255 0.321569
72 38 4 0.349020 0.337255 0.321569
73 38 3 0.349020 0.337255 0.321569
72 38 3 0.349020 0.337255 0.321569
73 38 2 0.349020 0.337255 0.321569
72 38 2 0.349020 0.337255 0.321569
73 38 1 0.349020 0.337255 0.321569
72 38 1 0.349020 0.337255 0.321569
73 38 0 0.349020 0.337255 0.321569
72 38 0 0.349020 0.337255 0.321569
65 39 13 0.349020 0.337255 0.321569
65 39 12 0.349020 0.337255 0.321569
66 39 13 0.349020 0.337255 0.321569
66 39 12 0.349020 0.337255 0.321569
67 39 13 0.349020 0.337255 0.321569
67 39 12 0.349020 0.337255 0.321569
68 39 13 0.349020 0.337255 0.321569
68 39 12 0.349020 0.337255 0.321569
69 39 13 0.349020 0.337255 0.321569
69 39 12 0.349020 0.337255 0.321569
70 39 13 0.349020 0.337255 0.321569
70 39 12 0.349020 0.337255 0.321569
71 39 13 0.349020 0.337255 0.321569
71 39 12 0.349020 0.337255 0.321569
72 39 13 0.349020 0.337255 0.321569
72 39 12 0.349020 0.337255 0.321569
73 39 13 0.349020 0.337255 0.321569
73 39 12 0.349020 0.337255 0.321569
65 38 11 0.349020 0.337255 0.321569
65 39 11 0.349020 0.337255 0.321569
66 38 11 0.349020 0.337255 0.321569
66 39 11 0.349020 0.337255 0.321569
67 38 11 0.349020 0.337255 0.321569
67 39 11 0.349020 0.337255 0.321569
68 38 11 0.349020 0.337255 0.321569
68 39 11 0.349020 0.337255 0.321569
69 38 11 0.349020 0.337255 0.321569
69 39 11 0.349020 0.337255 0.321569
70 38 11 0.349020 0.337255 0.321569
70 39 11 0.349020 0.337255 0.321569
71 38 11 0.349020 0.337255 0.321569
71 39 11 0.349020 0.337255 0.321569
73 39 11 0.349020 0.337255 0.321569
72 39 11 0.349020 0.337255 0.321569
71 38 10 0.349020 0.337255 0.321569
71 39 10 0.349020 0.337255 0.321569
73 39 10 0.349020 0.337255 0.321569
72 39 10 0.349020 0.337255 0.321569
71 38 9 0.349020 0.337255 0.321569
71 39 9 0.349020 0.337255 0.321569
73 39 9 0.349020 0.337255 0.321569
72 39 9 0.349020 0.337255 0.321569
71 38 8 0.349020 0.337255 0.321569
71 39 8 0.349020 0.337255 0.321569
73 39 8 0.349020 0.337255 0.321569
72 39 8 0.349020 0.337255 0.321569
71 38 7 0.349020 0.337255 0.321569
71 39 7 0.349020 0.337255 0.321569
73 39 7 0.349020 0.337255 0.321569
72 39 7 0.349020 0.337255 0.321569
71 38 6 0.349020 0.337255 0.321569
71 39 6 0.349020 0.337255 0.321569
73 39 6 0.349020 0.337255 0.321569
72 39 6 0.349020 0.337255 0.321569
71 38 5 0.349020 0.337255 0.321569
71 39 5 0.349020 0.337255 0.321569
73 39 5 0.349020 0.337255 0.321569
72 39 5 0.349020 0.337255 0.321569
71 38 4 0.349020 0.337255 0.321569
71 39 4 0.349020 0.337255 0.321569
73 39 4 0.349020 0.337255 0.321569
72 39 4 0.349020 0.337255 0.321569
71 38 3 0.349020 0.337255 0.321569
71 39 3 0.349020 0.337255 0.321569
73 39 3 0.349020 0.337255 0.321569
72 39 3 0.349020 0.337255 0.321569
71 38 2 0.349020 0.337255 0.321569
71 39 2 0.349020 0.337255 0.321569
73 39 2 0.349020 0.337255 0.321569
72 39 2 0.349020 0.337255 0.321569
71 38 1 0.349020 0.337255 0.321569
71 39 1 0.349020 0.337255 0.321569
73 39 1 0.349020 0.337255 0.321569
72 39 1 0.349020 0.337255 0.321569
71 38 0 0.349020 0.337255 0.321569
71 39 0 0.349020 0.337255 0.321569
73 39 0 0.349020 0.337255 0.321569
72 39 0 0.349020 0.337255 0.321569
65 40 12 0.349020 0.337255 0.321569
65 40 11 0.349020 0.337255 0.321569
66 40 12 0.349020 0.337255 0.321569
66 40 11 0.349020 0.337255 0.321569
67 40 12 0.349020 0.337255 0.321569
67 40 11 0.349020 0.337255 0.321569
68 40 12 0.349020 0.337255 0.321569
68 40 11 0.349020 0.337255 0.321569
69 40 12 0.349020 0.337255 0.321569
69 40 11 0.349020 0.337255 0.321569
70 40 12 0.349020 0.337255 0.321569
70 40 11 0.349020 0.337255 0.321569
71 40 12 0.349020 0.337255 0.321569
71 40 11 0.349020 0.337255 0.321569
72 40 12 0.349020 0.337255 0.321569
72 40 11 0.349020 0.337255 0.321569
65 39 10 0.349020 0.337255 0.321569
65 40 10 0.349020 0.337255 0.321569
66 39 10 0.349020 0.337255 0.321569
66 40 10 0.349020 0.337255 0.321569
67 39 10 0.349020 0.337255 0.321569
67 40 10 0.349020 0.337255 0.321569
68 39 10 0.349020 0.337255 0.321569
68 40 10 0.349020 0.337255 0.321569
69 39 10 0.349020 0.337255 0.321569
69 40 10 0.349020 0.337255 0.321569
70 39 10 0.349020 0.337255 0.321569
70 40 10 0.349020 0.337255 0.321569
71 40 10 0.349020 0.337255 0.321569
72 40 10 0.349020 0.337255 0.321569
65 39 9 0.349020 0.337255 0.321569
65 40 9 0.349020 0.337255 0.321569
66 39 9 0.349020 0.337255 0.321569
66 40 9 0.349020 0.337255 0.321569
67 39 9 0.349020 0.337255 0.321569
67 40 9 0.349020 0.337255 0.321569
68 39 9 0.349020 0.337255 0.321569
68 40 9 0.349020 0.337255 0.321569
69 39 9 0.349020 0.337255 0.321569
69 40 9 0.349020 0.337255 0.321569
70 39 9 0.349020 0.337255 0.321569
70 40 9 0.349020 0.337255 0.321569
71 40 9 0.349020 0.337255 0.321569
72 40 9 0.349020 0.337255 0.321569
65 39 8 0.349020 0.337255 0.321569
66 39 8 0.349020 0.337255 0.321569
67 39 8 0.349020 0.337255 0.321569
68 39 8 0.349020 0.337255 0.321569
69 39 8 0.349020 0.337255 0.321569
69 40 8 0.349020 0.337255 0.321569
68 40 8 0.349020 0.337255 0.321569
70 39 8 0.349020 0.337255 0.321569
70 40 8 0.349020 0.337255 0.321569
71 40 8 0.349020 0.337255 0.321569
72 40 8 0.349020 0.337255 0.321569
65 39 7 0.349020 0.337255 0.321569
66 39 7 0.349020 0.337255 0.321569
67 39 7 0.349020 0.337255 0.321569
68 39 7 0.349020 0.337255 0.321569
69 39 7 0.349020 0.337255 0.321569
70 39 7 0.349020 0.337255 0.321569
70 40 7 0.349020 0.337255 0.321569
69 40 7 0.349020 0.337255 0.321569
71 40 7 0.349020 0.337255 0.321569
72 40 7 0.349020 0.337255 0.321569
65 39 6 0.349020 0.337255 0.321569
66 39 6 0.349020 0.337255 0.321569
67 39 6 0.349020 0.337255 0.321569
68 39 6 0.349020 0.337255 0.321569
69 39 6 0.349020 0.337255 0.321569
70 39 6 0.349020 0.337255 0.321569
70 40 6 0.349020 0.337255 0.321569
69 40 6 0.349020 0.337255 0.321569
71 40 6 0.349020 0.337255 0.321569
72 40 6 0.349020 0.337255 0.321569
65 39 5 0.349020 0.337255 0.321569
66 39 5 0.349020 0.337255 0.321569
67 39 5 0.349020 0.337255 0.321569
68 39 5 0.349020 0.337255 0.321569
69 39 5 0.349020 0.337255 0.321569
70 39 5 0.349020 0.337255 0.321569
70 40 5 0.349020 0.337255 0.321569
69 40 5 0.349020 0.337255 0.321569
71 40 5 0.349020 0.337255 0.321569
72 40 5 0.349020 0.337255 0.321569
65 39 4 0.349020 0.337255 0.321569
66 39 4 0.349020 0.337255 0.321569
67 39 4 0.349020 0.337255 0.321569
68 39 4 0.349020 0.337255 0.321569
69 39 4 0.349020 0.337255 0.321569
70 39 4 0.349020 0.337255 0.321569
70 40 4 0.349020 0.337255 0.321569
69 40 4 0.349020 0.337255 0.321569
71 40 4 0.349020 0.337255 0.321569
72 40 4 0.349020 0.337255 0.321569
65 39 3 0.349020 0.337255 0.321569
66 39 3 0.349020 0.337255 0.321569
67 39 3 0.349020 0.337255 0.321569
68 39 3 0.349020 0.337255 0.321569
69 39 3 0.349020 0.337255 0.321569
70 39 3 0.349020 0.337255 0.321569
70 40 3 0.349020 0.337255 0.321569
69 40 3 0.349020 0.337255 0.321569
71 40 3 0.349020 0.337255 0.321569
72 40 3 0.349020 0.337255 0.321569
65 39 2 0.349020 0.337255 0.321569
66 39 2 0.349020 0.337255 0.321569
67 39 2 0.349020 0.337255 0.321569
68 39 2 0.349020 0.337255 0.321569
69 39 2 0.349020 0.337255 0.321569
70 39 2 0.349020 0.337255 0.321569
70 40 2 0.349020 0.337255 0.321569
69 40 2 0.349020 0.337255 0.321569
71 40 2 0.349020 0.337255 0.321569
72 40 2 0.349020 0.337255 0.321569
65 39 1 0.349020 0.337255 0.321569
66 39 1 0.349020 0.337255 0.321569
67 39 1 0.349020 0.337255 0.321569
68 39 1 0.349020 0.337255 0.321569
69 39 1 0.349020 0.337255 0.321569
70 39 1 0.349020 0.337255 0.321569
70 40 1 0.349020 0.337255 0.321569
69 40 1 0.349020 0.337255 0.321569
71 40 1 0.349020 0.337255 0.321569
72 40 1 0.349020 0.337255 0.321569
65 39 0 0.349020 0.337255 0.321569
66 39 0 0.349020 0.337255 0.321569
67 39 0 0.349020 0.337255 0.321569
68 39 0 0.349020 0.337255 0.321569
69 39 0 0.349020 0.337255 0.321569
70 39 0 0.349020 0.337255 0.321569
70 40 0 0.349020 0.337255 0.321569
69 40 0 0.349020 0.337255 0.321569
71 40 0 0.349020 0.337255 0.321569
72 40 0 0.349020 0.337255 0.321569
65 41 9 0.349020 0.337255 0.321569
65 41 8 0.349020 0.337255 0.321569
66 41 9 0.349020 0.337255 0.321569
66 41 8 0.349020 0.337255 0.321569
67 41 9 0.349020 0.337255 0.321569
67 41 8 0.349020 0.337255 0.321569
68 41 9 0.349020 0.337255 0.321569
68 41 8 0.349020 0.337255 0.321569
65 41 7 0.349020 0.337255 0.321569
66 41 7 0.349020 0.337255 0.321569
67 41 7 0.349020 0.337255 0.321569
68 41 7 0.349020 0.337255 0.321569
69 41 8 0.349020 0.337255 0.321569
69 41 7 0.349020 0.337255 0.321569
65 41 6 0.349020 0.337255 0.321569
66 41 6 0.349020 0.337255 0.321569
67 41 6 0.349020 0.337255 0.321569
68 41 6 0.349020 0.337255 0.321569
69 41 6 0.349020 0.337255 0.321569
65 41 5 0.349020 0.337255 0.321569
66 41 5 0.349020 0.337255 0.321569
67 41 5 0.349020 0.337255 0.321569
68 41 5 0.349020 0.337255 0.321569
69 41 5 0.349020 0.337255 0.321569
65 41 4 0.349020 0.337255 0.321569
66 41 4 0.349020 0.337255 0.321569
67 41 4 0.349020 0.337255 0.321569
68 41 4 0.349020 0.337255 0.321569
69 41 4 0.349020 0.337255 0.321569
65 41 3 0.349020 0.337255 0.321569
66 41 3 0.349020 0.337255 0.321569
67 41 3 0.349020 0.337255 0.321569
68 41 3 0.349020 0.337255 0.321569
69 41 3 0.349020 0.337255 0.321569
65 41 2 0.349020 0.337255 0.321569
66 41 2 0.349020 0.337255 0.321569
67 41 2 0.349020 0.337255 0.321569
68 41 2 0.349020 0.337255 0.321569
69 41 2 0.349020 0.337255 0.321569
65 41 1 0.349020 0.337255 0.321569
66 41 1 0.349020 0.337255 0.321569
67 41 1 0.349020 0.337255 0.321569
68 41 1 0.349020 0.337255 0.321569
69 41 1 0.349020 0.337255 0.321569
65 41 0 0.349020 0.337255 0.321569
66 41 0 0.349020 0.337255 0.321569
67 41 0 0.349020 0.337255 0.321569
68 41 0 0.349020 0.337255 0.321569
69 41 0 0.349020 0.337255 0.321569
-12 32 0 0.349020 0.337255 0.321569
-12 32 -1 0.349020 0.337255 0.321569
-12 33 -1 0.349020 0.337255 0.321569
-12 33 0 0.349020 0.337255 0.321569
-13 32 0 0.349020 0.337255 0.321569
-13 33 0 0.349020 0.337255 0.321569
-13 33 -1 0.349020 0.337255 0.321569
-13 32 -1 0.349020 0.337255 0.321569
-12 32 -2 0.349020 0.337255 0.321569
-12 33 -2 0.349020 0.337255 0.321569
-13 33 -2 0.349020 0.337255 0.321569
-13 32 -2 0.349020 0.337255 0.321569
-12 32 -3 0.349020 0.337255 0.321569
-12 33 -3 0.349020 0.337255 0.321569
-13 33 -3 0.349020 0.337255 0.321569
-13 32 -3 0.349020 0.337255 0.321569
-12 32 -4 0.349020 0.337255 0.321569
-12 33 -4 0.349020 0.337255 0.321569
-13 33 -4 0.349020 0.337255 0.321569
-13 32 -4 0.349020 0.337255 0.321569
-12 32 -5 0.349020 0.337255 0.321569
-12 33 -5 0.349020 0.337255 0.321569
-13 33 -5 0.349020 0.337255 0.321569
-13 32 -5 0.349020 0.337255 0.321569
-12 32 -6 0.349020 0.337255 0.321569
-12 33 -6 0.349020 0.337255 0.321569
-13 33 -6 0.349020 0.337255 0.321569
-13 32 -6 0.349020 0.337255 0.321569
-12 32 -7 0.349020 0.337255 0.321569
-13 32 -7 0.349020 0.337255 0.321569
-13 33 -7 0.349020 0.337255 0.321569
-12 33 -7 0.349020 0.337255 0.321569
-11 32 -6 0.349020 0.337255 0.321569
-11 33 -6 0.349020 0.337255 0.321569
-11 32 -7 0.349020 0.337255 0.321569
-11 33 -7 0.349020 0.337255 0.321569
-10 32 -6 0.349020 0.337255 0.321569
-10 33 -6 0.349020 0.337255 0.321569
-10 32 -7 0.349020 0.337255 0.321569
-10 33 -7 0.349020 0.337255 0.321569
-9 32 -6 0.349020 0.337255 0.321569
-9 33 -6 0.349020 0.337255 0.321569
-9 32 -7 0.349020 0.337255 0.321569
-9 33 -7 0.349020 0.337255 0.321569
-8 32 -6 0.349020 0.337255 0.321569
-8 33 -6 0.349020 0.337255 0.321569
-8 32 -7 0.349020 0.337255 0.321569
-8 33 -7 0.349020 0.337255 0.321569
-7 32 -6 0.349020 0.337255 0.321569
-7 33 -6 0.349020 0.337255 0.321569
-7 32 -7 0.349020 0.337255 0.321569
-7 33 -7 0.349020 0.337255 0.321569
-6 32 -6 0.349020 0.337255 0.321569
-6 33 -6 0.349020 0.337255 0.321569
-6 32 -7 0.349020 0.337255 0.321569
-6 33 -7 0.349020 0.337255 0.321569
-5 32 -6 0.349020 0.337255 0.321569
-5 33 -6 0.349020 0.337255 0.321569
-5 32 -7 0.349020 0.337255 0.321569
-5 33 -7 0.349020 0.337255 0.321569
-4 32 -6 0.349020 0.337255 0.321569
-4 33 -6 0.349020 0.337255 0.321569
-4 32 -7 0.349020 0.337255 0.321569
-4 33 -7 0.349020 0.337255 0.321569
-3 32 -6 0.349020 0.337255 0.321569
-3 33 -6 0.349020 0.337255 0.321569
-3 32 -7 0.349020 0.337255 0.321569
-3 33 -7 0.349020 0.337255 0.321569
-2 32 -6 0.349020 0.337255 0.321569
-2 33 -6 0.349020 0.337255 0.321569
-2 32 -7 0.349020 0.337255 0.321569
-2 33 -7 0.349020 0.337255 0.321569
-1 32 -6 0.349020 0.337255 0.321569
-1 33 -6 0.349020 0.337255 0.321569
-1 32 -7 0.349020 0.337255 0.321569
-1 33 -7 0.349020 0.337255 0.321569
0 32 -6 0.349020 0.337255 0.321569
0 33 -6 0.349020 0.337255 0.321569
0 32 -7 0.349020 0.337255 0.321569
0 33 -7 0.349020 0.337255 0.321569
-12 34 -1 0.349020 0.337255 0.321569
-12 34 0 0.349020 0.337255 0.321569
-13 34 0 0.349020 0.337255 0.321569
-13 34 -1 0.349020 0.337255 0.321569
-12 34 -2 0.349020 0.337255 0.321569
-13 34 -2 0.349020 0.337255 0.321569
-12 34 -3 0.349020 0.337255 0.321569
-13 34 -3 0.349020 0.337255 0.321569
-12 34 -4 0.349020 0.337255 0.321569
-13 34 -4 0.349020 0.337255 0.321569
-12 34 -5 0.349020 0.337255 0.321569
-13 34 -5 0.349020 0.337255 0.321569
-12 34 -6 0.349020 0.337255 0.321569
-13 34 -6 0.349020 0.337255 0.321569
-13 34 -7 0.349020 0.337255 0.321569
-12 34 -7 0.349020 0.337255 0.321569
-11 34 -6 0.349020 0.337255 0.321569
-11 34 -7 0.349020 0.337255 0.321569
-10 34 -6 0.349020 0.337255 0.321569
-10 34 -7 0.349020 0.337255 0.321569
-9 34 -6 0.349020 0.337255 0.321569
-9 34 -7 0.349020 0.337255 0.321569
-8 34 -6 0.349020 0.337255 0.321569
-8 34 -7 0.349020 0.337255 0.321569
-7 34 -6 0.349020 0.337255 0.321569
-7 34 -7 0.349020 0.337255 0.321569
-6 34 -6 0.349020 0.337255 0.321569
-6 34 -7 0.349020 0.337255 0.321569
-5 34 -6 0.349020 0.337255 0.321569
-5 34 -7 0.349020 0.337255 0.321569
-4 34 -6 0.349020 0.337255 0.321569
-4 34 -7 0.349020 0.337255 0.321569
-3 34 -6 0.349020 0.337255 0.321569
-3 34 -7 0.349020 0.337255 0.321569
-2 34 -6 0.349020 0.337255 0.321569
-2 34 -7 0.349020 0.337255 0.321569
-1 34 -6 0.349020 0.337255 0.321569
-1 34 -7 0.349020 0.337255 0.321569
0 34 -6 0.349020 0.337255 0.321569
0 34 -7 0.349020 0.337255 0.321569
-12 35 -1 0.349020 0.337255 0.321569
-12 35 0 0.349020 0.337255 0.321569
-13 35 0 0.349020 0.337255 0.321569
-13 35 -1 0.349020 0.337255 0.321569
-12 35 -2 0.349020 0.337255 0.321569
-13 35 -2 0.349020 0.337255 0.321569
-12 35 -3 0.349020 0.337255 0.321569
-13 35 -3 0.349020 0.337255 0.321569
-12 35 -4 0.349020 0.337255 0.321569
-13 35 -4 0.349020 0.337255 0.321569
-12 35 -5 0.349020 0.337255 0.321569
-13 35 -5 0.349020 0.337255 0.321569
-12 35 -6 0.349020 0.337255 0.321569
-13 35 -6 0.349020 0.337255 0.321569
-13 35 -7 0.349020 0.337255 0.321569
-12 35 -7 0.349020 0.337255 0.321569
-11 35 -6 0.349020 0.337255 0.321569
-11 35 -7 0.349020 0.337255 0.321569
-10 35 -6 0.349020 0.337255 0.321569
-10 35 -7 0.349020 0.337255 0.321569
-9 35 -6 0.349020 0.337255 0.321569
-9 35 -7 0.349020 0.337255 0.321569
-8 35 -6 0.349020 0.337255 0.321569
-8 35 -7 0.349020 0.337255 0.321569
-7 35 -6 0.349020 0.337255 0.321569
-7 35 -7 0.349020 0.337255 0.321569
-6 35 -6 0.349020 0.337255 0.321569
-6 35 -7 0.349020 0.337255 0.321569
-5 35 -6 0.349020 0.337255 0.321569
-5 35 -7 0.349020 0.337255 0.321569
-4 35 -6 0.349020 0.337255 0.321569
-4 35 -7 0.349020 0.337255 0.321569
-3 35 -6 0.349020 0.337255 0.321569
-3 35 -7 0.349020 0.337255 0.321569
-2 35 -6 0.349020 0.337255 0.321569
-2 35 -7 0.349020 0.337255 0.321569
-1 35 -6 0.349020 0.337255 0.321569
-1 35 -7 0.349020 0.337255 0.321569
0 35 -6 0.349020 0.337255 0.321569
0 35 -7 0.349020 0.337255 0.321569
-12 36 -1 0.349020 0.337255 0.321569
-12 36 0 0.349020 0.337255 0.321569
-13 36 0 0.349020 0.337255 0.321569
-13 36 -1 0.349020 0.337255 0.321569
-12 36 -2 0.349020 0.337255 0.321569
-13 36 -2 0.349020 0.337255 0.321569
-12 36 -3 0.349020 0.337255 0.321569
-13 36 -3 0.349020 0.337255 0.321569
-12 36 -4 0.349020 0.337255 0.321569
-13 36 -4 0.349020 0.337255 0.321569
-12 36 -5 0.349020 0.337255 0.321569
-13 36 -5 0.349020 0.337255 0.321569
-12 36 -6 0.349020 0.337255 0.321569
-13 36 -6 0.349020 0.337255 0.321569
-13 36 -7 0.349020 0.337255 0.321569
-12 36 -7 0.349020 0.337255 0.321569
-11 36 -6 0.349020 0.337255 0.321569
-11 36 -7 0.349020 0.337255 0.321569
-10 36 -6 0.349020 0.337255 0.321569
-10 36 -7 0.349020 0.337255 0.321569
-9 36 -6 0.349020 0.337255 0.321569
-9 36 -7 0.349020 0.337255 0.321569
-8 36 -6 0.349020 0.337255 0.321569
-8 36 -7 0.349020 0.337255 0.321569
-7 36 -6 0.349020 0.337255 0.321569
-7 36 -7 0.349020 0.337255 0.321569
-6 36 -6 0.349020 0.337255 0.321569
-6 36 -7 0.349020 0.337255 0.321569
-5 36 -6 0.349020 0.337255 0.321569
-5 36 -7 0.349020 0.337255 0.321569
-4 36 -6 0.349020 0.337255 0.321569
-4 36 -7 0.349020 0.337255 0.321569
-3 36 -6 0.349020 0.337255 0.321569
-3 36 -7 0.349020 0.337255 0.321569
-2 36 -6 0.349020 0.337255 0.321569
-2 36 -7 0.349020 0.337255 0.321569
-1 36 -6 0.349020 0.337255 0.321569
-1 36 -7 0.349020 0.337255 0.321569
0 36 -6 0.349020 0.337255 0.321569
0 36 -7 0.349020 0.337255 0.321569
-12 37 -1 0.349020 0.337255 0.321569
-12 37 0 0.349020 0.337255 0.321569
-13 37 0 0.349020 0.337255 0.321569
-13 37 -1 0.349020 0.337255 0.321569
-12 37 -2 0.349020 0.337255 0.321569
-13 37 -2 0.349020 0.337255 0.321569
-12 37 -3 0.349020 0.337255 0.321569
-13 37 -3 0.349020 0.337255 0.321569
-12 37 -4 0.349020 0.337255 0.321569
-13 37 -4 0.349020 0.337255 0.321569
-12 37 -5 0.349020 0.337255 0.321569
-13 37 -5 0.349020 0.337255 0.321569
-12 37 -6 0.349020 0.337255 0.321569
-13 37 -6 0.349020 0.337255 0.321569
-13 37 -7 0.349020 0.337255 0.321569
-12 37 -7 0.349020 0.337255 0.321569
-11 37 -6 0.349020 0.337255 0.321569
-11 37 -7 0.349020 0.337255 0.321569
-10 37 -6 0.349020 0.337255 0.321569
-10 37 -7 0.349020 0.337255 0.321569
-9 37 -6 0.349020 0.337255 0.321569
-9 37 -7 0.349020 0.337255 0.321569
-8 37 -6 0.349020 0.337255 0.321569
-8 37 -7 0.349020 0.337255 0.321569
-7 37 -6 0.349020 0.337255 0.321569
-7 37 -7 0.349020 0.337255 0.321569
-6 37 -6 0.349020 0.337255 0.321569
-6 37 -7 0.349020 0.337255 0.321569
-5 37 -6 0.349020 0.337255 0.321569
-5 37 -7 0.349020 0.337255 0.321569
-4 37 -6 0.349020 0.337255 0.321569
-4 37 -7 0.349020 0.337255 0.321569
-3 37 -6 0.349020 0.337255 0.321569
-3 37 -7 0.349020 0.337255 0.321569
-2 37 -6 0.349020 0.337255 0.321569
-2 37 -7 0.349020 0.337255 0.321569
-1 37 -6 0.349020 0.337255 0.321569
-1 37 -7 0.349020 0.337255 0.321569
0 37 -6 0.349020 0.337255 0.321569
0 37 -7 0.349020 0.337255 0.321569
-12 38 -1 0.349020 0.337255 0.321569
-12 38 0 0.349020 0.337255 0.321569
-13 38 0 0.349020 0.337255 0.321569
-13 38 -1 0.349020 0.337255 0.321569
-12 38 -2 0.349020 0.337255 0.321569
-13 38 -2 0.349020 0.337255 0.321569
-12 38 -3 0.349020 0.337255 0.321569
-13 38 -3 0.349020 0.337255 0.321569
-12 38 -4 0.349020 0.337255 0.321569
-13 38 -4 0.349020 0.337255 0.321569
-12 38 -5 0.349020 0.337255 0.321569
-13 38 -5 0.349020 0.337255 0.321569
-12 38 -6 0.349020 0.337255 0.321569
-13 38 -6 0.349020 0.337255 0.321569
-13 38 -7 0.349020 0.337255 0.321569
-12 38 -7 0.349020 0.337255 0.321569
-11 38 -6 0.349020 0.337255 0.321569
-11 38 -7 0.349020 0.337255 0.321569
-10 38 -6 0.349020 0.337255 0.321569
-10 38 -7 0.349020 0.337255 0.321569
-9 38 -6 0.349020 0.337255 0.321569
-9 38 -7 0.349020 0.337255 0.321569
-8 38 -6 0.349020 0.337255 0.321569
-8 38 -7 0.349020 0.337255 0.321569
-7 38 -6 0.349020 0.337255 0.321569
-7 38 -7 0.349020 0.337255 0.321569
-6 38 -6 0.349020 0.337255 0.321569
-6 38 -7 0.349020 0.337255 0.321569
-5 38 -6 0.349020 0.337255 0.321569
-5 38 -7 0.349020 0.337255 0.321569
-4 38 -6 0.349020 0.337255 0.321569
-4 38 -7 0.349020 0.337255 0.321569
-3 38 -6 0.349020 0.337255 0.321569
-3 38 -7 0.349020 0.337255 0.321569
-2 38 -6 0.349020 0.337255 0.321569
-2 38 -7 0.349020 0.337255 0.321569
-1 38 -6 0.349020 0.337255 0.321569
-1 38 -7 0.349020 0.337255 0.321569
0 38 -6 0.349020 0.337255 0.321569
0 38 -7 0.349020 0.337255 0.321569
-12 39 0 0.349020 0.337255 0.321569
-12 39 -1 0.349020 0.337255 0.321569
-13 39 -1 0.349020 0.337255 0.321569
-13 39 0 0.349020 0.337255 0.321569
-11 38 -1 0.349020 0.337255 0.321569
-11 38 0 0.349020 0.337255 0.321569
-11 39 -1 0.349020 0.337255 0.321569
-11 39 0 0.349020 0.337255 0.321569
-12 39 -2 0.349020 0.337255 0.321569
-13 39 -2 0.349020 0.337255 0.321569
-11 38 -2 0.349020 0.337255 0.321569
-11 39 -2 0.349020 0.337255 0.321569
-12 39 -3 0.349020 0.337255 0.321569
-13 39 -3 0.349020 0.337255 0.321569
-11 38 -3 0.349020 0.337255 0.321569
-11 39 -3 0.349020 0.337255 0.321569
-12 39 -4 0.349020 0.337255 0.321569
-13 39 -4 0.349020 0.337255 0.321569
-11 38 -4 0.349020 0.337255 0.321569
-11 39 -4 0.349020 0.337255 0.321569
-12 39 -5 0.349020 0.337255 0.321569
-13 39 -5 0.349020 0.337255 0.321569
-11 38 -5 0.349020 0.337255 0.321569
-11 39 -5 0.349020 0.337255 0.321569
-12 39 -6 0.349020 0.337255 0.321569
-13 39 -6 0.349020 0.337255 0.321569
-10 38 -5 0.349020 0.337255 0.321569
-10 39 -5 0.349020 0.337255 0.321569
-9 38 -5 0.349020 0.337255 0.321569
-9 39 -5 0.349020 0.337255 0.321569
-8 38 -5 0.349020 0.337255 0.321569
-8 39 -5 0.349020 0.337255 0.321569
-7 38 -5 0.349020 0.337255 0.321569
-7 39 -5 0.349020 0.337255 0.321569
-6 38 -5 0.349020 0.337255 0.321569
-6 39 -5 0.349020 0.337255 0.321569
-5 38 -5 0.349020 0.337255 0.321569
-5 39 -5 0.349020 0.337255 0.321569
-4 38 -5 0.349020 0.337255 0.321569
-4 39 -5 0.349020 0.337255 0.321569
-3 38 -5 0.349020 0.337255 0.321569
-3 39 -5 0.349020 0.337255 0.321569
-2 38 -5 0.349020 0.337255 0.321569
-2 39 -5 0.349020 0.337255 0.321569
-1 38 -5 0.349020 0.337255 0.321569
-1 39 -5 0.349020 0.337255 0.321569
0 38 -5 0.349020 0.337255 0.321569
0 39 -5 0.349020 0.337255 0.321569
-13 39 -7 0.349020 0.337255 0.321569
-12 39 -7 0.349020 0.337255 0.321569
-11 39 -7 0.349020 0.337255 0.321569
-11 39 -6 0.349020 0.337255 0.321569
-10 39 -7 0.349020 0.337255 0.321569
-10 39 -6 0.349020 0.337255 0.321569
-9 39 -7 0.349020 0.337255 0.321569
-9 39 -6 0.349020 0.337255 0.321569
-8 39 -7 0.349020 0.337255 0.321569
-8 39 -6 0.349020 0.337255 0.321569
-7 39 -7 0.349020 0.337255 0.321569
-7 39 -6 0.349020 0.337255 0.321569
-6 39 -7 0.349020 0.337255 0.321569
-6 39 -6 0.349020 0.337255 0.321569
-5 39 -7 0.349020 0.337255 0.321569
-5 39 -6 0.349020 0.337255 0.321569
-4 39 -7 0.349020 0.337255 0.321569
-4 39 -6 0.349020 0.337255 0.321569
-3 39 -7 0.349020 0.337255 0.321569
-3 39 -6 0.349020 0.337255 0.321569
-2 39 -7 0.349020 0.337255 0.321569
-2 39 -6 0.349020 0.337255 0.321569
-1 39 -7 0.349020 0.337255 0.321569
-1 39 -6 0.349020 0.337255 0.321569
0 39 -7 0.349020 0.337255 0.321569
0 39 -6 0.349020 0.337255 0.321569
-11 40 0 0.349020 0.337255 0.321569
-11 40 -1 0.349020 0.337255 0.321569
-12 40 -1 0.349020 0.337255 0.321569
-12 40 0 0.349020 0.337255 0.321569
-10 39 -1 0.349020 0.337255 0.321569
-10 39 0 0.349020 0.337255 0.321569
-10 40 0 0.349020 0.337255 0.321569
-10 40 -1 0.349020 0.337255 0.321569
-9 39 -1 0.349020 0.337255 0.321569
-9 39 0 0.349020 0.337255 0.321569
-9 40 0 0.349020 0.337255 0.321569
-9 40 -1 0.349020 0.337255 0.321569
-8 39 -1 0.349020 0.337255 0.321569
-8 39 0 0.349020 0.337255 0.321569
-7 39 -1 0.349020 0.337255 0.321569
-7 39 0 0.349020 0.337255 0.321569
-6 39 -1 0.349020 0.337255 0.321569
-6 39 0 0.349020 0.337255 0.321569
-5 39 -1 0.349020 0.337255 0.321569
-5 39 0 0.349020 0.337255 0.321569
-4 39 -1 0.349020 0.337255 0.321569
-4 39 0 0.349020 0.337255 0.321569
-3 39 -1 0.349020 0.337255 0.321569
-3 39 0 0.349020 0.337255 0.321569
-2 39 -1 0.349020 0.337255 0.321569
-2 39 0 0.349020 0.337255 0.321569
-1 39 -1 0.349020 0.337255 0.321569
-1 39 0 0.349020 0.337255 0.321569
0 39 -1 0.349020 0.337255 0.321569
0 39 0 0.349020 0.337255 0.321569
-11 40 -2 0.349020 0.337255 0.321569
-12 40 -2 0.349020 0.337255 0.321569
-10 39 -2 0.349020 0.337255 0.321569
-10 40 -2 0.349020 0.337255 0.321569
-9 39 -2 0.349020 0.337255 0.321569
-9 40 -2 0.349020 0.337255 0.321569
-8 39 -2 0.349020 0.337255 0.321569
-7 39 -2 0.349020 0.337255 0.321569
-6 39 -2 0.349020 0.337255 0.321569
-5 39 -2 0.349020 0.337255 0.321569
-4 39 -2 0.349020 0.337255 0.321569
-3 39 -2 0.349020 0.337255 0.321569
-2 39 -2 0.349020 0.337255 0.321569
-1 39 -2 0.349020 0.337255 0.321569
0 39 -2 0.349020 0.337255 0.321569
-11 40 -3 0.349020 0.337255 0.321569
-12 40 -3 0.349020 0.337255 0.321569
-10 39 -3 0.349020 0.337255 0.321569
-10 40 -3 0.349020 0.337255 0.321569
-9 39 -3 0.349020 0.337255 0.321569
-9 40 -3 0.349020 0.337255 0.321569
-8 39 -3 0.349020 0.337255 0.321569
-8 40 -2 0.349020 0.337255 0.321569
-8 40 -3 0.349020 0.337255 0.321569
-7 39 -3 0.349020 0.337255 0.321569
-6 39 -3 0.349020 0.337255 0.321569
-5 39 -3 0.349020 0.337255 0.321569
-4 39 -3 0.349020 0.337255 0.321569
-3 39 -3 0.349020 0.337255 0.321569
-2 39 -3 0.349020 0.337255 0.321569
-1 39 -3 0.349020 0.337255 0.321569
0 39 -3 0.349020 0.337255 0.321569
-11 40 -4 0.349020 0.337255 0.321569
-12 40 -4 0.349020 0.337255 0.321569
-10 39 -4 0.349020 0.337255 0.321569
-10 40 -4 0.349020 0.337255 0.321569
-9 39 -4 0.349020 0.337255 0.321569
-9 40 -4 0.349020 0.337255 0.321569
-8 39 -4 0.349020 0.337255 0.321569
-8 40 -4 0.349020 0.337255 0.321569
-7 39 -4 0.349020 0.337255 0.321569
-7 40 -3 0.349020 0.337255 0.321569
-7 40 -4 0.349020 0.337255 0.321569
-6 39 -4 0.349020 0.337255 0.321569
-6 40 -3 0.349020 0.337255 0.321569
-6 40 -4 0.349020 0.337255 0.321569
-5 39 -4 0.349020 0.337255 0.321569
-5 40 -3 0.349020 0.337255 0.321569
-5 40 -4 0.349020 0.337255 0.321569
-4 39 -4 0.349020 0.337255 0.321569
-4 40 -3 0.349020 0.337255 0.321569
-4 40 -4 0.349020 0.337255 0.321569
-3 39 -4 0.349020 0.337255 0.321569
-3 40 -3 0.349020 0.337255 0.321569
-3 40 -4 0.349020 0.337255 0.321569
-2 39 -4 0.349020 0.337255 0.321569
-2 40 -3 0.349020 0.337255 0.321569
-2 40 -4 0.349020 0.337255 0.321569
-1 39 -4 0.349020 0.337255 0.321569
-1 40 -3 0.349020 0.337255 0.321569
-1 40 -4 0.349020 0.337255 0.321569
0 39 -4 0.349020 0.337255 0.321569
0 40 -3 0.349020 0.337255 0.321569
0 40 -4 0.349020 0.337255 0.321569
-11 40 -5 0.349020 0.337255 0.321569
-12 40 -5 0.349020 0.337255 0.321569
-10 40 -5 0.349020 0.337255 0.321569
-9 40 -5 0.349020 0.337255 0.321569
-8 40 -5 0.349020 0.337255 0.321569
-7 40 -5 0.349020 0.337255 0.321569
-6 40 -5 0.349020 0.337255 0.321569
-5 40 -5 0.349020 0.337255 0.321569
-4 40 -5 0.349020 0.337255 0.321569
-3 40 -5 0.349020 0.337255 0.321569
-2 40 -5 0.349020 0.337255 0.321569
-1 40 -5 0.349020 0.337255 0.321569
0 40 -5 0.349020 0.337255 0.321569
-12 40 -6 0.349020 0.337255 0.321569
-11 40 -6 0.349020 0.337255 0.321569
-10 40 -6 0.349020 0.337255 0.321569
-9 40 -6 0.349020 0.337255 0.321569
-8 40 -6 0.349020 0.337255 0.321569
-7 40 -6 0.349020 0.337255 0.321569
-6 40 -6 0.349020 0.337255 0.321569
-5 40 -6 0.349020 0.337255 0.321569
-4 40 -6 0.349020 0.337255 0.321569
-3 40 -6 0.349020 0.337255 0.321569
-2 40 -6 0.349020 0.337255 0.321569
-1 40 -6 0.349020 0.337255 0.321569
0 40 -6 0.349020 0.337255 0.321569
-8 41 0 0.349020 0.337255 0.321569
-8 41 -1 0.349020 0.337255 0.321569
-9 41 -1 0.349020 0.337255 0.321569
-9 41 0 0.349020 0.337255 0.321569
-7 41 0 0.349020 0.337255 0.321569
-7 41 -1 0.349020 0.337255 0.321569
-6 41 0 0.349020 0.337255 0.321569
-6 41 -1 0.349020 0.337255 0.321569
-5 41 0 0.349020 0.337255 0.321569
-5 41 -1 0.349020 0.337255 0.321569
-4 41 0 0.349020 0.337255 0.321569
-4 41 -1 0.349020 0.337255 0.321569
-3 41 0 0.349020 0.337255 0.321569
-3 41 -1 0.349020 0.337255 0.321569
-2 41 0 0.349020 0.337255 0.321569
-2 41 -1 0.349020 0.337255 0.321569
-1 41 0 0.349020 0.337255 0.321569
-1 41 -1 0.349020 0.337255 0.321569
0 41 0 0.349020 0.337255 0.321569
0 41 -1 0.349020 0.337255 0.321569
-9 41 -2 0.349020 0.337255 0.321569
-8 41 -2 0.349020 0.337255 0.321569
-7 41 -2 0.349020 0.337255 0.321569
-6 41 -2 0.349020 0.337255 0.321569
-5 41 -2 0.349020 0.337255 0.321569
-4 41 -2 0.349020 0.337255 0.321569
-3 41 -2 0.349020 0.337255 0.321569
-2 41 -2 0.349020 0.337255 0.321569
-1 41 -2 0.349020 0.337255 0.321569
0 41 -2 0.349020 0.337255 0.321569
-8 41 -3 0.349020 0.337255 0.321569
-7 41 -3 0.349020 0.337255 0.321569
-6 41 -3 0.349020 0.337255 0.321569
-5 41 -3 0.349020 0.337255 0.321569
-4 41 -3 0.349020 0.337255 0.321569
-3 41 -3 0.349020 0.337255 0.321569
-2 41 -3 0.349020 0.337255 0.321569
-1 41 -3 0.349020 0.337255 0.321569
0 41 -3 0.349020 0.337255 0.321569
1 32 -6 0.349020 0.337255 0.321569
1 33 -6 0.349020 0.337255 0.321569
1 32 -7 0.349020 0.337255 0.321569
1 33 -7 0.349020 0.337255 0.321569
2 32 -6 0.349020 0.337255 0.321569
2 33 -6 0.349020 0.337255 0.321569
2 32 -7 0.349020 0.337255 0.321569
2 33 -7 0.349020 0.337255 0.321569
3 32 -6 0.349020 0.337255 0.321569
3 33 -6 0.349020 0.337255 0.321569
3 32 -7 0.349020 0.337255 0.321569
3 33 -7 0.349020 0.337255 0.321569
4 32 -6 0.349020 0.337255 0.321569
4 33 -6 0.349020 0.337255 0.321569
4 32 -7 0.349020 0.337255 0.321569
4 33 -7 0.349020 0.337255 0.321569
5 32 -6 0.349020 0.337255 0.321569
5 33 -6 0.349020 0.337255 0.321569
5 32 -7 0.349020 0.337255 0.321569
5 33 -7 0.349020 0.337255 0.321569
6 32 -6 0.349020 0.337255 0.321569
6 33 -6 0.349020 0.337255 0.321569
6 32 -7 0.349020 0.337255 0.321569
6 33 -7 0.349020 0.337255 0.321569
7 32 -6 0.349020 0.337255 0.321569
7 33 -6 0.349020 0.337255 0.321569
7 32 -7 0.349020 0.337255 0.321569
7 33 -7 0.349020 0.337255 0.321569
8 32 -6 0.349020 0.337255 0.321569
8 33 -6 0.349020 0.337255 0.321569
8 32 -7 0.349020 0.337255 0.321569
8 33 -7 0.349020 0.337255 0.321569
9 32 -6 0.349020 0.337255 0.321569
9 33 -6 0.349020 0.337255 0.321569
9 32 -7 0.349020 0.337255 0.321569
9 33 -7 0.349020 0.337255 0.321569
10 32 -6 0.349020 0.337255 0.321569
10 33 -6 0.349020 0.337255 0.321569
10 32 -7 0.349020 0.337255 0.321569
10 33 -7 0.349020 0.337255 0.321569
11 32 -6 0.349020 0.337255 0.321569
11 33 -6 0.349020 0.337255 0.321569
11 32 -7 0.349020 0.337255 0.321569
11 33 -7 0.349020 0.337255 0.321569
12 32 -6 0.349020 0.337255 0.321569
12 33 -6 0.349020 0.337255 0.321569
12 32 -7 0.349020 0.337255 0.321569
12 33 -7 0.349020 0.337255 0.321569
13 32 -6 0.349020 0.337255 0.321569
13 33 -6 0.349020 0.337255 0.321569
13 32 -7 0.349020 0.337255 0.321569
13 33 -7 0.349020 0.337255 0.321569
14 32 -6 0.349020 0.337255 0.321569
14 33 -6 0.349020 0.337255 0.321569
14 32 -7 0.349020 0.337255 0.321569
14 33 -7 0.349020 0.337255 0.321569
15 32 -6 0.349020 0.337255 0.321569
15 33 -6 0.349020 0.337255 0.321569
15 32 -7 0.349020 0.337255 0.321569
15 33 -7 0.349020 0.337255 0.321569
16 32 -6 0.349020 0.337255 0.321569
16 33 -6 0.349020 0.337255 0.321569
16 32 -7 0.349020 0.337255 0.321569
16 33 -7 0.349020 0.337255 0.321569
1 34 -6 0.349020 0.337255 0.321569
1 34 -7 0.349020 0.337255 0.321569
2 34 -6 0.349020 0.337255 0.321569
2 34 -7 0.349020 0.337255 0.321569
3 34 -6 0.349020 0.337255 0.321569
3 34 -7 0.349020 0.337255 0.321569
4 34 -6 0.349020 0.337255 0.321569
4 34 -7 0.349020 0.337255 0.321569
5 34 -6 0.349020 0.337255 0.321569
5 34 -7 0.349020 0.337255 0.321569
6 34 -6 0.349020 0.337255 0.321569
6 34 -7 0.349020 0.337255 0.321569
7 34 -6 0.349020 0.337255 0.321569
7 34 -7 0.349020 0.337255 0.321569
8 34 -6 0.349020 0.337255 0.321569
8 34 -7 0.349020 0.337255 0.321569
9 34 -6 0.349020 0.337255 0.321569
9 34 -7 0.349020 0.337255 0.321569
10 34 -6 0.349020 0.337255 0.321569
10 34 -7 0.349020 0.337255 0.321569
11 34 -6 0.349020 0.337255 0.321569
11 34 -7 0.349020 0.337255 0.321569
12 34 -6 0.349020 0.337255 0.321569
12 34 -7 0.349020 0.337255 0.321569
13 34 -6 0.349020 0.337255 0.321569
13 34 -7 0.349020 0.337255 0.321569
14 34 -6 0.349020 0.337255 0.321569
14 34 -7 0.349020 0.337255 0.321569
15 34 -6 0.349020 0.337255 0.321569
15 34 -7 0.349020 0.337255 0.321569
16 34 -6 0.349020 0.337255 0.321569
16 34 -7 0.349020 0.337255 0.321569
1 35 -6 0.349020 0.337255 0.321569
1 35 -7 0.349020 0.337255 0.321569
2 35 -6 0.349020 0.337255 0.321569
2 35 -7 0.349020 0.337255 0.321569
3 35 -6 0.349020 0.337255 0.321569
3 35 -7 0.349020 0.337255 0.321569
4 35 -6 0.349020 0.337255 0.321569
4 35 -7 0.349020 0.337255 0.321569
5 35 -6 0.349020 0.337255 0.321569
5 35 -7 0.349020 0.337255 0.321569
6 35 -6 0.349020 0.337255 0.321569
6 35 -7 0.349020 0.337255 0.321569
7 35 -6 0.349020 0.337255 0.321569
7 35 -7 0.349020 0.337255 0.321569
8 35 -6 0.349020 0.337255 0.321569
8 35 -7 0.349020 0.337255 0.321569
9 35 -6 0.349020 0.337255 0.321569
9 35 -7 0.349020 0.337255 0.321569
10 35 -6 0.349020 0.337255 0.321569
10 35 -7 0.349020 0.337255 0.321569
11 35 -6 0.349020 0.337255 0.321569
11 35 -7 0.349020 0.337255 0.321569
12 35 -6 0.349020 0.337255 0.321569
12 35 -7 0.349020 0.337255 0.321569
13 35 -6 0.349020 0.337255 0.321569
13 35 -7 0.349020 0.337255 0.321569
14 35 -6 0.349020 0.337255 0.321569
14 35 -7 0.349020 0.337255 0.321569
15 35 -6 0.349020 0.337255 0.321569
15 35 -7 0.349020 0.337255 0.321569
16 35 -6 0.349020 0.337255 0.321569
16 35 -7 0.349020 0.337255 0.321569
1 36 -6 0.349020 0.337255 0.321569
1 36 -7 0.349020 0.337255 0.321569
2 36 -6 0.349020 0.337255 0.321569
2 36 -7 0.349020 0.337255 0.321569
3 36 -6 0.349020 0.337255 0.321569
3 36 -7 0.349020 0.337255 0.321569
4 36 -6 0.349020 0.337255 0.321569
4 36 -7 0.349020 0.337255 0.321569
5 36 -6 0.349020 0.337255 0.321569
5 36 -7 0.349020 0.337255 0.321569
6 36 -6 0.349020 0.337255 0.321569
6 36 -7 0.349020 0.337255 0.321569
7 36 -6 0.349020 0.337255 0.321569
7 36 -7 0.349020 0.337255 0.321569
8 36 -6 0.349020 0.337255 0.321569
8 36 -7 0.349020 0.337255 0.321569
9 36 -6 0.349020 0.337255 0.321569
9 36 -7 0.349020 0.337255 0.321569
10 36 -6 0.349020 0.337255 0.321569
10 36 -7 0.349020 0.337255 0.321569
11 36 -6 0.349020 0.337255 0.321569
11 36 -7 0.349020 0.337255 0.321569
12 36 -6 0.349020 0.337255 0.321569
12 36 -7 0.349020 0.337255 0.321569
13 36 -6 0.349020 0.337255 0.321569
13 36 -7 0.349020 0.337255 0.321569
14 36 -6 0.349020 0.337255 0.321569
14 36 -7 0.349020 0.337255 0.321569
15 36 -6 0.349020 0.337255 0.321569
15 36 -7 0.349020 0.337255 0.321569
16 36 -6 0.349020 0.337255 0.321569
16 36 -7 0.349020 0.337255 0.321569
1 37 -6 0.349020 0.337255 0.321569
1 37 -7 0.349020 0.337255 0.321569
2 37 -6 0.349020 0.337255 0.321569
2 37 -7 0.349020 0.337255 0.321569
3 37 -6 0.349020 0.337255 0.321569
3 37 -7 0.349020 0.337255 0.321569
4 37 -6 0.349020 0.337255 0.321569
4 37 -7 0.349020 0.337255 0.321569
5 37 -6 0.349020 0.337255 0.321569
5 37 -7 0.349020 0.337255 0.321569
6 37 -6 0.349020 0.337255 0.321569
6 37 -7 0.349020 0.337255 0.321569
7 37 -6 0.349020 0.337255 0.321569
7 37 -7 0.349020 0.337255 0.321569
8 37 -6 0.349020 0.337255 0.321569
8 37 -7 0.349020 0.337255 0.321569
9 37 -6 0.349020 0.337255 0.321569
9 37 -7 0.349020 0.337255 0.321569
10 37 -6 0.349020 0.337255 0.321569
10 37 -7 0.349020 0.337255 0.321569
11 37 -6 0.349020 0.337255 0.321569
11 37 -7 0.349020 0.337255 0.321569
12 37 -6 0.349020 0.337255 0.321569
12 37 -7 0.349020 0.337255 0.321569
13 37 -6 0.349020 0.337255 0.321569
13 37 -7 0.349020 0.337255 0.321569
14 37 -6 0.349020 0.337255 0.321569
14 37 -7 0.349020 0.337255 0.321569
15 37 -6 0.349020 0.337255 0.321569
15 37 -7 0.349020 0.337255 0.321569
16 37 -6 0.349020 0.337255 0.321569
16 37 -7 0.349020 0.337255 0.321569
1 38 -6 0.349020 0.337255 0.321569
1 38 -7 0.349020 0.337255 0.321569
2 38 -6 0.349020 0.337255 0.321569
2 38 -7 0.349020 0.337255 0.321569
3 38 -6 0.349020 0.337255 0.321569
3 38 -7 0.349020 0.337255 0.321569
4 38 -6 0.349020 0.337255 0.321569
4 38 -7 0.349020 0.337255 0.321569
5 38 -6 0.349020 0.337255 0.321569
5 38 -7 0.349020 0.337255 0.321569
6 38 -6 0.349020 0.337255 0.321569
6 38 -7 0.349020 0.337255 0.321569
7 38 -6 0.349020 0.337255 0.321569
7 38 -7 0.349020 0.337255 0.321569
8 38 -6 0.349020 0.337255 0.321569
8 38 -7 0.349020 0.337255 0.321569
9 38 -6 0.349020 0.337255 0.321569
9 38 -7 0.349020 0.337255 0.321569
10 38 -6 0.349020 0.337255 0.321569
10 38 -7 0.349020 0.337255 0.321569
11 38 -6 0.349020 0.337255 0.321569
11 38 -7 0.349020 0.337255 0.321569
12 38 -6 0.349020 0.337255 0.321569
12 38 -7 0.349020 0.337255 0.321569
13 38 -6 0.349020 0.337255 0.321569
13 38 -7 0.349020 0.337255 0.321569
14 38 -6 0.349020 0.337255 0.321569
14 38 -7 0.349020 0.337255 0.321569
15 38 -6 0.349020 0.337255 0.321569
15 38 -7 0.349020 0.337255 0.321569
16 38 -6 0.349020 0.337255 0.321569
16 38 -7 0.349020 0.337255 0.321569
1 38 -5 0.349020 0.337255 0.321569
1 39 -5 0.349020 0.337255 0.321569
2 38 -5 0.349020 0.337255 0.321569
2 39 -5 0.349020 0.337255 0.321569
3 38 -5 0.349020 0.337255 0.321569
3 39 -5 0.349020 0.337255 0.321569
4 38 -5 0.349020 0.337255 0.321569
4 39 -5 0.349020 0.337255 0.321569
5 38 -5 0.349020 0.337255 0.321569
5 39 -5 0.349020 0.337255 0.321569
6 38 -5 0.349020 0.337255 0.321569
6 39 -5 0.349020 0.337255 0.321569
7 38 -5 0.349020 0.337255 0.321569
7 39 -5 0.349020 0.337255 0.321569
8 38 -5 0.349020 0.337255 0.321569
8 39 -5 0.349020 0.337255 0.321569
9 38 -5 0.349020 0.337255 0.321569
9 39 -5 0.349020 0.337255 0.321569
10 38 -5 0.349020 0.337255 0.321569
10 39 -5 0.349020 0.337255 0.321569
11 38 -5 0.349020 0.337255 0.321569
11 39 -5 0.349020 0.337255 0.321569
12 38 -5 0.349020 0.337255 0.321569
12 39 -5 0.349020 0.337255 0.321569
13 38 -5 0.349020 0.337255 0.321569
13 39 -5 0.349020 0.337255 0.321569
14 38 -5 0.349020 0.337255 0.321569
14 39 -5 0.349020 0.337255 0.321569
15 38 -5 0.349020 0.337255 0.321569
15 39 -5 0.349020 0.337255 0.321569
16 38 -5 0.349020 0.337255 0.321569
16 39 -5 0.349020 0.337255 0.321569
1 39 -7 0.349020 0.337255 0.321569
1 39 -6 0.349020 0.337255 0.321569
2 39 -7 0.349020 0.337255 0.321569
2 39 -6 0.349020 0.337255 0.321569
3 39 -7 0.349020 0.337255 0.321569
3 39 -6 0.349020 0.337255 0.321569
4 39 -7 0.349020 0.337255 0.321569
4 39 -6 0.349020 0.337255 0.321569
5 39 -7 0.349020 0.337255 0.321569
5 39 -6 0.349020 0.337255 0.321569
6 39 -7 0.349020 0.337255 0.321569
6 39 -6 0.349020 0.337255 0.321569
7 39 -7 0.349020 0.337255 0.321569
7 39 -6 0.349020 0.337255 0.321569
8 39 -7 0.349020 0.337255 0.321569
8 39 -6 0.349020 0.337255 0.321569
9 39 -7 0.349020 0.337255 0.321569
9 39 -6 0.349020 0.337255 0.321569
10 39 -7 0.349020 0.337255 0.321569
10 39 -6 0.349020 0.337255 0.321569
11 39 -7 0.349020 0.337255 0.321569
11 39 -6 0.349020 0.337255 0.321569
12 39 -7 0.349020 0.337255 0.321569
12 39 -6 0.349020 0.337255 0.321569
13 39 -7 0.349020 0.337255 0.321569
13 39 -6 0.349020 0.337255 0.321569
14 39 -7 0.349020 0.337255 0.321569
14 39 -6 0.349020 0.337255 0.321569
15 39 -7 0.349020 0.337255 0.321569
15 39 -6 0.349020 0.337255 0.321569
16 39 -7 0.349020 0.337255 0.321569
16 39 -6 0.349020 0.337255 0.321569
1 39 -1 0.349020 0.337255 0.321569
1 39 0 0.349020 0.337255 0.321569
2 39 -1 0.349020 0.337255 0.321569
2 39 0 0.349020 0.337255 0.321569
3 39 -1 0.349020 0.337255 0.321569
3 39 0 0.349020 0.337255 0.321569
4 39 -1 0.349020 0.337255 0.321569
4 39 0 0.349020 0.337255 0.321569
5 39 -1 0.349020 0.337255 0.321569
5 39 0 0.349020 0.337255 0.321569
6 39 -1 0.349020 0.337255 0.321569
6 39 0 0.349020 0.337255 0.321569
7 39 -1 0.349020 0.337255 0.321569
7 39 0 0.349020 0.337255 0.321569
8 39 -1 0.349020 0.337255 0.321569
8 39 0 0.349020 0.337255 0.321569
9 39 -1 0.349020 0.337255 0.321569
9 39 0 0.349020 0.337255 0.321569
10 39 -1 0.349020 0.337255 0.321569
10 39 0 0.349020 0.337255 0.321569
11 39 -1 0.349020 0.337255 0.321569
11 39 0 0.349020 0.337255 0.321569
12 39 -1 0.349020 0.337255 0.321569
12 39 0 0.349020 0.337255 0.321569
13 39 -1 0.349020 0.337255 0.321569
13 39 0 0.349020 0.337255 0.321569
14 39 -1 0.349020 0.337255 0.321569
14 39 0 0.349020 0.337255 0.321569
15 39 -1 0.349020 0.337255 0.321569
15 39 0 0.349020 0.337255 0.321569
16 39 -1 0.349020 0.337255 0.321569
16 39 0 0.349020 0.337255 0.321569
1 39 -2 0.349020 0.337255 0.321569
2 39 -2 0.349020 0.337255 0.321569
3 39 -2 0.349020 0.337255 0.321569
4 39 -2 0.349020 0.337255 0.321569
5 39 -2 0.349020 0.337255 0.321569
6 39 -2 0.349020 0.337255 0.321569
7 39 -2 0.349020 0.337255 0.321569
8 39 -2 0.349020 0.337255 0.321569
9 39 -2 0.349020 0.337255 0.321569
10 39 -2 0.349020 0.337255 0.321569
11 39 -2 0.349020 0.337255 0.321569
12 39 -2 0.349020 0.337255 0.321569
13 39 -2 0.349020 0.337255 0.321569
14 39 -2 0.349020 0.337255 0.321569
15 39 -2 0.349020 0.337255 0.321569
16 39 -2 0.349020 0.337255 0.321569
1 39 -3 0.349020 0.337255 0.321569
2 39 -3 0.349020 0.337255 0.321569
3 39 -3 0.349020 0.337255 0.321569
4 39 -3 0.349020 0.337255 0.321569
5 39 -3 0.349020 0.337255 0.321569
6 39 -3 0.349020 0.337255 0.321569
7 39 -3 0.349020 0.337255 0.321569
8 39 -3 0.349020 0.337255 0.321569
9 39 -3 0.349020 0.337255 0.321569
10 39 -3 0.349020 0.337255 0.321569
11 39 -3 0.349020 0.337255 0.321569
12 39 -3 0.349020 0.337255 0.321569
13 39 -3 0.349020 0.337255 0.321569
14 39 -3 0.349020 0.337255 0.321569
15 39 -3 0.349020 0.337255 0.321569
16 39 -3 0.349020 0.337255 0.321569
1 39 -4 0.349020 0.337255 0.321569
1 40 -3 0.349020 0.337255 0.321569
1 40 -4 0.349020 0.337255 0.321569
2 39 -4 0.349020 0.337255 0.321569
2 40 -3 0.349020 0.337255 0.321569
2 40 -4 0.349020 0.337255 0.321569
3 39 -4 0.349020 0.337255 0.321569
3 40 -3 0.349020 0.337255 0.321569
3 40 -4 0.349020 0.337255 0.321569
4 39 -4 0.349020 0.337255 0.321569
4 40 -3 0.349020 0.337255 0.321569
4 40 -4 0.349020 0.337255 0.321569
5 39 -4 0.349020 0.337255 0.321569
5 40 -3 0.349020 0.337255 0.321569
5 40 -4 0.349020 0.337255 0.321569
6 39 -4 0.349020 0.337255 0.321569
6 40 -3 0.349020 0.337255 0.321569
6 40 -4 0.349020 0.337255 0.321569
7 39 -4 0.349020 0.337255 0.321569
7 40 -3 0.349020 0.337255 0.321569
7 40 -4 0.349020 0.337255 0.321569
8 39 -4 0.349020 0.337255 0.321569
8 40 -3 0.349020 0.337255 0.321569
8 40 -4 0.349020 0.337255 0.321569
9 39 -4 0.349020 0.337255 0.321569
9 40 -3 0.349020 0.337255 0.321569
9 40 -4 0.349020 0.337255 0.321569
10 39 -4 0.349020 0.337255 0.321569
10 40 -3 0.349020 0.337255 0.321569
10 40 -4 0.349020 0.337255 0.321569
11 39 -4 0.349020 0.337255 0.321569
11 40 -3 0.349020 0.337255 0.321569
11 40 -4 0.349020 0.337255 0.321569
12 39 -4 0.349020 0.337255 0.321569
12 40 -3 0.349020 0.337255 0.321569
12 40 -4 0.349020 0.337255 0.321569
13 39 -4 0.349020 0.337255 0.321569
13 40 -3 0.349020 0.337255 0.321569
13 40 -4 0.349020 0.337255 0.321569
14 39 -4 0.349020 0.337255 0.321569
14 40 -3 0.349020 0.337255 0.321569
14 40 -4 0.349020 0.337255 0.321569
15 39 -4 0.349020 0.337255 0.321569
15 40 -3 0.349020 0.337255 0.321569
15 40 -4 0.349020 0.337255 0.321569
16 39 -4 0.349020 0.337255 0.321569
16 40 -3 0.349020 0.337255 0.321569
16 40 -4 0.349020 0.337255 0.321569
1 40 -5 0.349020 0.337255 0.321569
2 40 -5 0.349020 0.337255 0.321569
3 40 -5 0.349020 0.337255 0.321569
4 40 -5 0.349020 0.337255 0.321569
5 40 -5 0.349020 0.337255 0.321569
6 40 -5 0.349020 0.337255 0.321569
7 40 -5 0.349020 0.337255 0.321569
8 40 -5 0.349020 0.337255 0.321569
9 40 -5 0.349020 0.337255 0.321569
10 40 -5 0.349020 0.337255 0.321569
11 40 -5 0.349020 0.337255 0.321569
12 40 -5 0.349020 0.337255 0.321569
13 40 -5 0.349020 0.337255 0.321569
14 40 -5 0.349020 0.337255 0.321569
15 40 -5 0.349020 0.337255 0.321569
16 40 -5 0.349020 0.337255 0.321569
1 40 -6 0.349020 0.337255 0.321569
2 40 -6 0.349020 0.337255 0.321569
3 40 -6 0.349020 0.337255 0.321569
4 40 -6 0.349020 0.337255 0.321569
5 40 -6 0.349020 0.337255 0.321569
6 40 -6 0.349020 0.337255 0.321569
7 40 -6 0.349020 0.337255 0.321569
8 40 -6 0.349020 0.337255 0.321569
9 40 -6 0.349020 0.337255 0.321569
10 40 -6 0.349020 0.337255 0.321569
11 40 -6 0.349020 0.337255 0.321569
12 40 -6 0.349020 0.337255 0.321569
13 40 -6 0.349020 0.337255 0.321569
14 40 -6 0.349020 0.337255 0.321569
15 40 -6 0.349020 0.337255 0.321569
16 40 -6 0.349020 0.337255 0.321569
1 41 0 0.349020 0.337255 0.321569
1 41 -1 0.349020 0.337255 0.321569
2 41 0 0.349020 0.337255 0.321569
2 41 -1 0.349020 0.337255 0.321569
3 41 0 0.349020 0.337255 0.321569
3 41 -1 0.349020 0.337255 0.321569
4 41 0 0.349020 0.337255 0.321569
4 41 -1 0.349020 0.337255 0.321569
5 41 0 0.349020 0.337255 0.321569
5 41 -1 0.349020 0.337255 0.321569
6 41 0 0.349020 0.337255 0.321569
6 41 -1 0.349020 0.337255 0.321569
7 41 0 0.349020 0.337255 0.321569
7 41 -1 0.349020 0.337255 0.321569
8 41 0 0.349020 0.337255 0.321569
8 41 -1 0.349020 0.337255 0.321569
9 41 0 0.349020 0.337255 0.321569
9 41 -1 0.349020 0.337255 0.321569
10 41 0 0.349020 0.337255 0.321569
10 41 -1 0.349020 0.337255 0.321569
11 41 0 0.349020 0.337255 0.321569
11 41 -1 0.349020 0.337255 0.321569
12 41 0 0.349020 0.337255 0.321569
12 41 -1 0.349020 0.337255 0.321569
13 41 0 0.349020 0.337255 0.321569
13 41 -1 0.349020 0.337255 0.321569
14 41 0 0.349020 0.337255 0.321569
14 41 -1 0.349020 0.337255 0.321569
15 41 0 0.349020 0.337255 0.321569
15 41 -1 0.349020 0.337255 0.321569
16 41 0 0.349020 0.337255 0.321569
16 41 -1 0.349020 0.337255 0.321569
1 41 -2 0.349020 0.337255 0.321569
2 41 -2 0.349020 0.337255 0.321569
3 41 -2 0.349020 0.337255 0.321569
4 41 -2 0.349020 0.337255 0.321569
5 41 -2 0.349020 0.337255 0.321569
6 41 -2 0.349020 0.337255 0.321569
7 41 -2 0.349020 0.337255 0.321569
8 41 -2 0.349020 0.337255 0.321569
9 41 -2 0.349020 0.337255 0.321569
10 41 -2 0.349020 0.337255 0.321569
11 41 -2 0.349020 0.337255 0.321569
12 41 -2 0.349020 0.337255 0.321569
13 41 -2 0.349020 0.337255 0.321569
14 41 -2 0.349020 0.337255 0.321569
15 41 -2 0.349020 0.337255 0.321569
16 41 -2 0.349020 0.337255 0.321569
1 41 -3 0.349020 0.337255 0.321569
2 41 -3 0.349020 0.337255 0.321569
3 41 -3 0.349020 0.337255 0.321569
4 41 -3 0.349020 0.337255 0.321569
5 41 -3 0.349020 0.337255 0.321569
6 41 -3 0.349020 0.337255 0.321569
7 41 -3 0.349020 0.337255 0.321569
8 41 -3 0.349020 0.337255 0.321569
9 41 -3 0.349020 0.337255 0.321569
10 41 -3 0.349020 0.337255 0.321569
11 41 -3 0.349020 0.337255 0.321569
12 41 -3 0.349020 0.337255 0.321569
13 41 -3 0.349020 0.337255 0.321569
14 41 -3 0.349020 0.337255 0.321569
15 41 -3 0.349020 0.337255 0.321569
16 41 -3 0.349020 0.337255 0.321569
17 32 -6 0.349020 0.337255 0.321569
17 33 -6 0.349020 0.337255 0.321569
17 32 -7 0.349020 0.337255 0.321569
17 33 -7 0.349020 0.337255 0.321569
18 32 -6 0.349020 0.337255 0.321569
18 33 -6 0.349020 0.337255 0.321569
18 32 -7 0.349020 0.337255 0.321569
18 33 -7 0.349020 0.337255 0.321569
19 32 -6 0.349020 0.337255 0.321569
19 33 -6 0.349020 0.337255 0.321569
19 32 -7 0.349020 0.337255 0.321569
19 33 -7 0.349020 0.337255 0.321569
20 32 -6 0.349020 0.337255 0.321569
20 33 -6 0.349020 0.337255 0.321569
20 32 -7 0.349020 0.337255 0.321569
20 33 -7 0.349020 0.337255 0.321569
21 32 -6 0.349020 0.337255 0.321569
21 33 -6 0.349020 0.337255 0.321569
21 32 -7 0.349020 0.337255 0.321569
21 33 -7 0.349020 0.337255 0.321569
22 32 -6 0.349020 0.337255 0.321569
22 33 -6 0.349020 0.337255 0.321569
22 32 -7 0.349020 0.337255 0.321569
22 33 -7 0.349020 0.337255 0.321569
23 32 -6 0.349020 0.337255 0.321569
23 33 -6 0.349020 0.337255 0.321569
23 32 -7 0.349020 0.337255 0.321569
23 33 -7 0.349020 0.337255 0.321569
24 32 -6 0.349020 0.337255 0.321569
24 33 -6 0.349020 0.337255 0.321569
24 32 -7 0.349020 0.337255 0.321569
24 33 -7 0.349020 0.337255 0.321569
25 32 -6 0.349020 0.337255 0.321569
25 33 -6 0.349020 0.337255 0.321569
25 32 -7 0.349020 0.337255 0.321569
25 33 -7 0.349020 0.337255 0.321569
26 32 -6 0.349020 0.337255 0.321569
26 33 -6 0.349020 0.337255 0.321569
26 32 -7 0.349020 0.337255 0.321569
26 33 -7 0.349020 0.337255 0.321569
27 32 -6 0.349020 0.337255 0.321569
27 33 -6 0.349020 0.337255 0.321569
27 32 -7 0.349020 0.337255 0.321569
27 33 -7 0.349020 0.337255 0.321569
28 32 -6 0.349020 0.337255 0.321569
28 33 -6 0.349020 0.337255 0.321569
28 32 -7 0.349020 0.337255 0.321569
28 33 -7 0.349020 0.337255 0.321569
29 32 -6 0.349020 0.337255 0.321569
29 33 -6 0.349020 0.337255 0.321569
29 32 -7 0.349020 0.337255 0.321569
29 33 -7 0.349020 0.337255 0.321569
30 32 -6 0.349020 0.337255 0.321569
30 33 -6 0.349020 0.337255 0.321569
30 32 -7 0.349020 0.337255 0.321569
30 33 -7 0.349020 0.337255 0.321569
31 32 -6 0.349020 0.337255 0.321569
31 33 -6 0.349020 0.337255 0.321569
31 32 -7 0.349020 0.337255 0.321569
31 33 -7 0.349020 0.337255 0.321569
32 32 -6 0.349020 0.337255 0.321569
32 33 -6 0.349020 0.337255 0.321569
32 32 -7 0.349020 0.337255 0.321569
32 33 -7 0.349020 0.337255 0.321569
17 34 -6 0.349020 0.337255 0.321569
17 34 -7 0.349020 0.337255 0.321569
18 34 -6 0.349020 0.337255 0.321569
18 34 -7 0.349020 0.337255 0.321569
19 34 -6 0.349020 0.337255 0.321569
19 34 -7 0.349020 0.337255 0.321569
20 34 -6 0.349020 0.337255 0.321569
20 34 -7 0.349020 0.337255 0.321569
21 34 -6 0.349020 0.337255 0.321569
21 34 -7 0.349020 0.337255 0.321569
22 34 -6 0.349020 0.337255 0.321569
22 34 -7 0.349020 0.337255 0.321569
23 34 -6 0.349020 0.337255 0.321569
23 34 -7 0.349020 0.337255 0.321569
24 34 -6 0.349020 0.337255 0.321569
24 34 -7 0.349020 0.337255 0.321569
25 34 -6 0.349020 0.337255 0.321569
25 34 -7 0.349020 0.337255 0.321569
26 34 -6 0.349020 0.337255 0.321569
26 34 -7 0.349020 0.337255 0.321569
27 34 -6 0.349020 0.337255 0.321569
27 34 -7 0.349020 0.337255 0.321569
28 34 -6 0.349020 0.337255 0.321569
28 34 -7 0.349020 0.337255 0.321569
29 34 -6 0.349020 0.337255 0.321569
29 34 -7 0.349020 0.337255 0.321569
30 34 -6 0.349020 0.337255 0.321569
30 34 -7 0.349020 0.337255 0.321569
31 34 -6 0.349020 0.337255 0.321569
31 34 -7 0.349020 0.337255 0.321569
32 34 -6 0.349020 0.337255 0.321569
32 34 -7 0.349020 0.337255 0.321569
17 35 -6 0.349020 0.337255 0.321569
17 35 -7 0.349020 0.337255 0.321569
18 35 -6 0.349020 0.337255 0.321569
18 35 -7 0.349020 0.337255 0.321569
19 35 -6 0.349020 0.337255 0.321569
19 35 -7 0.349020 0.337255 0.321569
20 35 -6 0.349020 0.337255 0.321569
20 35 -7 0.349020 0.337255 0.321569
21 35 -6 0.349020 0.337255 0.321569
21 35 -7 0.349020 0.337255 0.321569
22 35 -6 0.349020 0.337255 0.321569
22 35 -7 0.349020 0.337255 0.321569
23 35 -6 0.349020 0.337255 0.321569
23 35 -7 0.349020 0.337255 0.321569
24 35 -6 0.349020 0.337255 0.321569
24 35 -7 0.349020 0.337255 0.321569
25 35 -6 0.349020 0.337255 0.321569
25 35 -7 0.349020 0.337255 0.321569
26 35 -6 0.349020 0.337255 0.321569
26 35 -7 0.349020 0.337255 0.321569
27 35 -6 0.349020 0.337255 0.321569
27 35 -7 0.349020 0.337255 0.321569
28 35 -6 0.349020 0.337255 0.321569
28 35 -7 0.349020 0.337255 0.321569
29 35 -6 0.349020 0.337255 0.321569
29 35 -7 0.349020 0.337255 0.321569
30 35 -6 0.349020 0.337255 0.321569
30 35 -7 0.349020 0.337255 0.321569
31 35 -6 0.349020 0.337255 0.321569
31 35 -7 0.349020 0.337255 0.321569
32 35 -6 0.349020 0.337255 0.321569
32 35 -7 0.349020 0.337255 0.321569
17 36 -6 0.349020 0.337255 0.321569
17 36 -7 0.349020 0.337255 0.321569
18 36 -6 0.349020 0.337255 0.321569
18 36 -7 0.349020 0.337255 0.321569
19 36 -6 0.349020 0.337255 0.321569
19 36 -7 0.349020 0.337255 0.321569
20 36 -6 0.349020 0.337255 0.321569
20 36 -7 0.349020 0.337255 0.321569
21 36 -6 0.349020 0.337255 0.321569
21 36 -7 0.349020 0.337255 0.321569
22 36 -6 0.349020 0.337255 0.321569
22 36 -7 0.349020 0.337255 0.321569
23 36 -6 0.349020 0.337255 0.321569
23 36 -7 0.349020 0.337255 0.321569
24 36 -6 0.349020 0.337255 0.321569
24 36 -7 0.349020 0.337255 0.321569
25 36 -6 0.349020 0.337255 0.321569
25 36 -7 0.349020 0.337255 0.321569
26 36 -6 0.349020 0.337255 0.321569
26 36 -7 0.349020 0.337255 0.321569
27 36 -6 0.349020 0.337255 0.321569
27 36 -7 0.349020 0.337255 0.321569
28 36 -6 0.349020 0.337255 0.321569
28 36 -7 0.349020 0.337255 0.321569
29 36 -6 0.349020 0.337255 0.321569
29 36 -7 0.349020 0.337255 0.321569
30 36 -6 0.349020 0.337255 0.321569
30 36 -7 0.349020 0.337255 0.321569
31 36 -6 0.349020 0.337255 0.321569
31 36 -7 0.349020 0.337255 0.321569
32 36 -6 0.349020 0.337255 0.321569
32 36 -7 0.349020 0.337255 0.321569
17 37 -6 0.349020 0.337255 0.321569
17 37 -7 0.349020 0.337255 0.321569
18 37 -6 0.349020 0.337255 0.321569
18 37 -7 0.349020 0.337255 0.321569
19 37 -6 0.349020 0.337255 0.321569
19 37 -7 0.349020 0.337255 0.321569
20 37 -6 0.349020 0.337255 0.321569
20 37 -7 0.349020 0.337255 0.321569
21 37 -6 0.349020 0.337255 0.321569
21 37 -7 0.349020 0.337255 0.321569
22 37 -6 0.349020 0.337255 0.321569
22 37 -7 0.349020 0.337255 0.321569
23 37 -6 0.349020 0.337255 0.321569
23 37 -7 0.349020 0.337255 0.321569
24 37 -6 0.349020 0.337255 0.321569
24 37 -7 0.349020 0.337255 0.321569
25 37 -6 0.349020 0.337255 0.321569
25 37 -7 0.349020 0.337255 0.321569
26 37 -6 0.349020 0.337255 0.321569
26 37 -7 0.349020 0.337255 0.321569
27 37 -6 0.349020 0.337255 0.321569
27 37 -7 0.349020 0.337255 0.321569
28 37 -6 0.349020 0.337255 0.321569
28 37 -7 0.349020 0.337255 0.321569
29 37 -6 0.349020 0.337255 0.321569
29 37 -7 0.349020 0.337255 0.321569
30 37 -6 0.349020 0.337255 0.321569
30 37 -7 0.349020 0.337255 0.321569
31 37 -6 0.349020 0.337255 0.321569
31 37 -7 0.349020 0.337255 0.321569
32 37 -6 0.349020 0.337255 0.321569
32 37 -7 0.349020 0.337255 0.321569
17 38 -6 0.349020 0.337255 0.321569
17 38 -7 0.349020 0.337255 0.321569
18 38 -6 0.349020 0.337255 0.321569
18 38 -7 0.349020 0.337255 0.321569
19 38 -6 0.349020 0.337255 0.321569
19 38 -7 0.349020 0.337255 0.321569
20 38 -6 0.349020 0.337255 0.321569
20 38 -7 0.349020 0.337255 0.321569
21 38 -6 0.349020 0.337255 0.321569
21 38 -7 0.349020 0.337255 0.321569
22 38 -6 0.349020 0.337255 0.321569
22 38 -7 0.349020 0.337255 0.321569
23 38 -6 0.349020 0.337255 0.321569
23 38 -7 0.349020 0.337255 0.321569
24 38 -6 0.349020 0.337255 0.321569
24 38 -7 0.349020 0.337255 0.321569
25 38 -6 0.349020 0.337255 0.321569
25 38 -7 0.349020 0.337255 0.321569
26 38 -6 0.349020 0.337255 0.321569
26 38 -7 0.349020 0.337255 0.321569
27 38 -6 0.349020 0.337255 0.321569
27 38 -7 0.349020 0.337255 0.321569
28 38 -6 0.349020 0.337255 0.321569
28 38 -7 0.349020 0.337255 0.321569
29 38 -6 0.349020 0.337255 0.321569
29 38 -7 0.349020 0.337255 0.321569
30 38 -6 0.349020 0.337255 0.321569
30 38 -7 0.349020 0.337255 0.321569
31 38 -6 0.349020 0.337255 0.321569
31 38 -7 0.349020 0.337255 0.321569
32 38 -6 0.349020 0.337255 0.321569
32 38 -7 0.349020 0.337255 0.321569
17 38 -5 0.349020 0.337255 0.321569
17 39 -5 0.349020 0.337255 0.321569
18 38 -5 0.349020 0.337255 0.321569
18 39 -5 0.349020 0.337255 0.321569
19 38 -5 0.349020 0.337255 0.321569
19 39 -5 0.349020 0.337255 0.321569
20 38 -5 0.349020 0.337255 0.321569
20 39 -5 0.349020 0.337255 0.321569
21 38 -5 0.349020 0.337255 0.321569
21 39 -5 0.349020 0.337255 0.321569
22 38 -5 0.349020 0.337255 0.321569
22 39 -5 0.349020 0.337255 0.321569
23 38 -5 0.349020 0.337255 0.321569
23 39 -5 0.349020 0.337255 0.321569
24 38 -5 0.349020 0.337255 0.321569
24 39 -5 0.349020 0.337255 0.321569
25 38 -5 0.349020 0.337255 0.321569
25 39 -5 0.349020 0.337255 0.321569
26 38 -5 0.349020 0.337255 0.321569
26 39 -5 0.349020 0.337255 0.321569
27 38 -5 0.349020 0.337255 0.321569
27 39 -5 0.349020 0.337255 0.321569
28 38 -5 0.349020 0.337255 0.321569
28 39 -5 0.349020 0.337255 0.321569
29 38 -5 0.349020 0.337255 0.321569
29 39 -5 0.349020 0.337255 0.321569
30 38 -5 0.349020 0.337255 0.321569
30 39 -5 0.349020 0.337255 0.321569
31 38 -5 0.349020 0.337255 0.321569
31 39 -5 0.349020 0.337255 0.321569
32 38 -5 0.349020 0.337255 0.321569
32 39 -5 0.349020 0.337255 0.321569
17 39 -7 0.349020 0.337255 0.321569
17 39 -6 0.349020 0.337255 0.321569
18 39 -7 0.349020 0.337255 0.321569
18 39 -6 0.349020 0.337255 0.321569
19 39 -7 0.349020 0.337255 0.321569
19 39 -6 0.349020 0.337255 0.321569
20 39 -7 0.349020 0.337255 0.321569
20 39 -6 0.349020 0.337255 0.321569
21 39 -7 0.349020 0.337255 0.321569
21 39 -6 0.349020 0.337255 0.321569
22 39 -7 0.349020 0.337255 0.321569
22 39 -6 0.349020 0.337255 0.321569
23 39 -7 0.349020 0.337255 0.321569
23 39 -6 0.349020 0.337255 0.321569
24 39 -7 0.349020 0.337255 0.321569
24 39 -6 0.349020 0.337255 0.321569
25 39 -7 0.349020 0.337255 0.321569
25 39 -6 0.349020 0.337255 0.321569
26 39 -7 0.349020 0.337255 0.321569
26 39 -6 0.349020 0.337255 0.321569
27 39 -7 0.349020 0.337255 0.321569
27 39 -6 0.349020 0.337255 0.321569
28 39 -7 0.349020 0.337255 0.321569
28 39 -6 0.349020 0.337255 0.321569
29 39 -7 0.349020 0.337255 0.321569
29 39 -6 0.349020 0.337255 0.321569
30 39 -7 0.349020 0.337255 0.321569
30 39 -6 0.349020 0.337255 0.321569
31 39 -7 0.349020 0.337255 0.321569
31 39 -6 0.349020 0.337255 0.321569
32 39 -7 0.349020 0.337255 0.321569
32 39 -6 0.349020 0.337255 0.321569
17 39 -1 0.349020 0.337255 0.321569
17 39 0 0.349020 0.337255 0.321569
18 39 -1 0.349020 0.337255 0.321569
18 39 0 0.349020 0.337255 0.321569
19 39 -1 0.349020 0.337255 0.321569
19 39 0 0.349020 0.337255 0.321569
20 39 -1 0.349020 0.337255 0.321569
20 39 0 0.349020 0.337255 0.321569
21 39 -1 0.349020 0.337255 0.321569
21 39 0 0.349020 0.337255 0.321569
22 39 -1 0.349020 0.337255 0.321569
22 39 0 0.349020 0.337255 0.321569
23 39 -1 0.349020 0.337255 0.321569
23 39 0 0.349020 0.337255 0.321569
24 39 -1 0.349020 0.337255 0.321569
24 39 0 0.349020 0.337255 0.321569
25 39 -1 0.349020 0.337255 0.321569
25 39 0 0.349020 0.337255 0.321569
26 39 -1 0.349020 0.337255 0.321569
26 39 0 0.349020 0.337255 0.321569
27 39 -1 0.349020 0.337255 0.321569
27 39 0 0.349020 0.337255 0.321569
28 39 -1 0.349020 0.337255 0.321569
28 39 0 0.349020 0.337255 0.321569
29 39 -1 0.349020 0.337255 0.321569
29 39 0 0.349020 0.337255 0.321569
30 39 -1 0.349020 0.337255 0.321569
30 39 0 0.349020 0.337255 0.321569
31 39 -1 0.349020 0.337255 0.321569
31 39 0 0.349020 0.337255 0.321569
32 39 -1 0.349020 0.337255 0.321569
32 39 0 0.349020 0.337255 0.321569
17 39 -2 0.349020 0.337255 0.321569
18 39 -2 0.349020 0.337255 0.321569
19 39 -2 0.349020 0.337255 0.321569
20 39 -2 0.349020 0.337255 0.321569
21 39 -2 0.349020 0.337255 0.321569
22 39 -2 0.349020 0.337255 0.321569
23 39 -2 0.349020 0.337255 0.321569
24 39 -2 0.349020 0.337255 0.321569
25 39 -2 0.349020 0.337255 0.321569
26 39 -2 0.349020 0.337255 0.321569
27 39 -2 0.349020 0.337255 0.321569
28 39 -2 0.349020 0.337255 0.321569
29 39 -2 0.349020 0.337255 0.321569
30 39 -2 0.349020 0.337255 0.321569
31 39 -2 0.349020 0.337255 0.321569
32 39 -2 0.349020 0.337255 0.321569
17 39 -3 0.349020 0.337255 0.321569
18 39 -3 0.349020 0.337255 0.321569
19 39 -3 0.349020 0.337255 0.321569
20 39 -3 0.349020 0.337255 0.321569
21 39 -3 0.349020 0.337255 0.321569
22 39 -3 0.349020 0.337255 0.321569
23 39 -3 0.349020 0.337255 0.321569
24 39 -3 0.349020 0.337255 0.321569
25 39 -3 0.349020 0.337255 0.321569
26 39 -3 0.349020 0.337255 0.321569
27 39 -3 0.349020 0.337255 0.321569
28 39 -3 0.349020 0.337255 0.321569
29 39 -3 0.349020 0.337255 0.321569
30 39 -3 0.349020 0.337255 0.321569
31 39 -3 0.349020 0.337255 0.321569
32 39 -3 0.349020 0.337255 0.321569
17 39 -4 0.349020 0.337255 0.321569
17 40 -3 0.349020 0.337255 0.321569
17 40 -4 0.349020 0.337255 0.321569
18 39 -4 0.349020 0.337255 0.321569
18 40 -3 0.349020 0.337255 0.321569
18 40 -4 0.349020 0.337255 0.321569
19 39 -4 0.349020 0.337255 0.321569
19 40 -3 0.349020 0.337255 0.321569
19 40 -4 0.349020 0.337255 0.321569
20 39 -4 0.349020 0.337255 0.321569
20 40 -3 0.349020 0.337255 0.321569
20 40 -4 0.349020 0.337255 0.321569
21 39 -4 0.349020 0.337255 0.321569
21 40 -3 0.349020 0.337255 0.321569
21 40 -4 0.349020 0.337255 0.321569
22 39 -4 0.349020 0.337255 0.321569
22 40 -3 0.349020 0.337255 0.321569
22 40 -4 0.349020 0.337255 0.321569
23 39 -4 0.349020 0.337255 0.321569
23 40 -3 0.349020 0.337255 0.321569
23 40 -4 0.349020 0.337255 0.321569
24 39 -4 0.349020 0.337255 0.321569
24 40 -3 0.349020 0.337255 0.321569
24 40 -4 0.349020 0.337255 0.321569
25 39 -4 0.349020 0.337255 0.321569
25 40 -3 0.349020 0.337255 0.321569
25 40 -4 0.349020 0.337255 0.321569
26 39 -4 0.349020 0.337255 0.321569
26 40 -3 0.349020 0.337255 0.321569
26 40 -4 0.349020 0.337255 0.321569
27 39 -4 0.349020 0.337255 0.321569
27 40 -3 0.349020 0.337255 0.321569
27 40 -4 0.349020 0.337255 0.321569
28 39 -4 0.349020 0.337255 0.321569
28 40 -3 0.349020 0.337255 0.321569
28 40 -4 0.349020 0.337255 0.321569
29 39 -4 0.349020 0.337255 0.321569
29 40 -3 0.349020 0.337255 0.321569
29 40 -4 0.349020 0.337255 0.321569
30 39 -4 0.349020 0.337255 0.321569
30 40 -3 0.349020 0.337255 0.321569
30 40 -4 0.349020 0.337255 0.321569
31 39 -4 0.349020 0.337255 0.321569
31 40 -3 0.349020 0.337255 0.321569
31 40 -4 0.349020 0.337255 0.321569
32 39 -4 0.349020 0.337255 0.321569
32 40 -3 0.349020 0.337255 0.321569
32 40 -4 0.349020 0.337255 0.321569
17 40 -5 0.349020 0.337255 0.321569
18 40 -5 0.349020 0.337255 0.321569
19 40 -5 0.349020 0.337255 0.321569
20 40 -5 0.349020 0.337255 0.321569
21 40 -5 0.349020 0.337255 0.321569
22 40 -5 0.349020 0.337255 0.321569
23 40 -5 0.349020 0.337255 0.321569
24 40 -5 0.349020 0.337255 0.321569
25 40 -5 0.349020 0.337255 0.321569
26 40 -5 0.349020 0.337255 0.321569
27 40 -5 0.349020 0.337255 0.321569
28 40 -5 0.349020 0.337255 0.321569
29 40 -5 0.349020 0.337255 0.321569
30 40 -5 0.349020 0.337255 0.321569
31 40 -5 0.349020 0.337255 0.321569
32 40 -5 0.349020 0.337255 0.321569
17 40 -6 0.349020 0.337255 0.321569
18 40 -6 0.349020 0.337255 0.321569
19 40 -6 0.349020 0.337255 0.321569
20 40 -6 0.349020 0.337255 0.321569
21 40 -6 0.349020 0.337255 0.321569
22 40 -6 0.349020 0.337255 0.321569
23 40 -6 0.349020 0.337255 0.321569
24 40 -6 0.349020 0.337255 0.321569
25 40 -6 0.349020 0.337255 0.321569
26 40 -6 0.349020 0.337255 0.321569
27 40 -6 0.349020 0.337255 0.321569
28 40 -6 0.349020 0.337255 0.321569
29 40 -6 0.349020 0.337255 0.321569
30 40 -6 0.349020 0.337255 0.321569
31 40 -6 0.349020 0.337255 0.321569
32 40 -6 0.349020 0.337255 0.321569
17 41 0 0.349020 0.337255 0.321569
17 41 -1 0.349020 0.337255 0.321569
18 41 0 0.349020 0.337255 0.321569
18 41 -1 0.349020 0.337255 0.321569
19 41 0 0.349020 0.337255 0.321569
19 41 -1 0.349020 0.337255 0.321569
20 41 0 0.349020 0.337255 0.321569
20 41 -1 0.349020 0.337255 0.321569
21 41 0 0.349020 0.337255 0.321569
21 41 -1 0.349020 0.337255 0.321569
22 41 0 0.349020 0.337255 0.321569
22 41 -1 0.349020 0.337255 0.321569
23 41 0 0.349020 0.337255 0.321569
23 41 -1 0.349020 0.337255 0.321569
24 41 0 0.349020 0.337255 0.321569
24 41 -1 0.349020 0.337255 0.321569
25 41 0 0.349020 0.337255 0.321569
25 41 -1 0.349020 0.337255 0.321569
26 41 0 0.349020 0.337255 0.321569
26 41 -1 0.349020 0.337255 0.321569
27 41 0 0.349020 0.337255 0.321569
27 41 -1 0.349020 0.337255 0.321569
28 41 0 0.349020 0.337255 0.321569
28 41 -1 0.349020 0.337255 0.321569
29 41 0 0.349020 0.337255 0.321569
29 41 -1 0.349020 0.337255 0.321569
30 41 0 0.349020 0.337255 0.321569
30 41 -1 0.349020 0.337255 0.321569
31 41 0 0.349020 0.337255 0.321569
31 41 -1 0.349020 0.337255 0.321569
32 41 0 0.349020 0.337255 0.321569
32 41 -1 0.349020 0.337255 0.321569
17 41 -2 0.349020 0.337255 0.321569
18 41 -2 0.349020 0.337255 0.321569
19 41 -2 0.349020 0.337255 0.321569
20 41 -2 0.349020 0.337255 0.321569
21 41 -2 0.349020 0.337255 0.321569
22 41 -2 0.349020 0.337255 0.321569
23 41 -2 0.349020 0.337255 0.321569
24 41 -2 0.349020 0.337255 0.321569
25 41 -2 0.349020 0.337255 0.321569
26 41 -2 0.349020 0.337255 0.321569
27 41 -2 0.349020 0.337255 0.321569
28 41 -2 0.349020 0.337255 0.321569
29 41 -2 0.349020 0.337255 0.321569
30 41 -2 0.349020 0.337255 0.321569
31 41 -2 0.349020 0.337255 0.321569
32 41 -2 0.349020 0.337255 0.321569
17 41 -3 0.349020 0.337255 0.321569
18 41 -3 0.349020 0.337255 0.321569
19 41 -3 0.349020 0.337255 0.321569
20 41 -3 0.349020 0.337255 0.321569
21 41 -3 0.349020 0.337255 0.321569
22 41 -3 0.349020 0.337255 0.321569
23 41 -3 0.349020 0.337255 0.321569
24 41 -3 0.349020 0.337255 0.321569
25 41 -3 0.349020 0.337255 0.321569
26 41 -3 0.349020 0.337255 0.321569
27 41 -3 0.349020 0.337255 0.321569
28 41 -3 0.349020 0.337255 0.321569
29 41 -3 0.349020 0.337255 0.321569
30 41 -3 0.349020 0.337255 0.321569
31 41 -3 0.349020 0.337255 0.321569
32 41 -3 0.349020 0.337255 0.321569
33 32 -6 0.349020 0.337255 0.321569
33 33 -6 0.349020 0.337255 0.321569
33 32 -7 0.349020 0.337255 0.321569
33 33 -7 0.349020 0.337255 0.321569
34 32 -6 0.349020 0.337255 0.321569
34 33 -6 0.349020 0.337255 0.321569
34 32 -7 0.349020 0.337255 0.321569
34 33 -7 0.349020 0.337255 0.321569
35 32 -6 0.349020 0.337255 0.321569
35 33 -6 0.349020 0.337255 0.321569
35 32 -7 0.349020 0.337255 0.321569
35 33 -7 0.349020 0.337255 0.321569
36 32 -6 0.349020 0.337255 0.321569
36 33 -6 0.349020 0.337255 0.321569
36 32 -7 0.349020 0.337255 0.321569
36 33 -7 0.349020 0.337255 0.321569
37 32 -6 0.349020 0.337255 0.321569
37 33 -6 0.349020 0.337255 0.321569
37 32 -7 0.349020 0.337255 0.321569
37 33 -7 0.349020 0.337255 0.321569
38 32 -6 0.349020 0.337255 0.321569
38 33 -6 0.349020 0.337255 0.321569
38 32 -7 0.349020 0.337255 0.321569
38 33 -7 0.349020 0.337255 0.321569
39 32 -6 0.349020 0.337255 0.321569
39 33 -6 0.349020 0.337255 0.321569
39 32 -7 0.349020 0.337255 0.321569
39 33 -7 0.349020 0.337255 0.321569
40 32 -6 0.349020 0.337255 0.321569
40 33 -6 0.349020 0.337255 0.321569
40 32 -7 0.349020 0.337255 0.321569
40 33 -7 0.349020 0.337255 0.321569
41 32 -6 0.349020 0.337255 0.321569
41 33 -6 0.349020 0.337255 0.321569
41 32 -7 0.349020 0.337255 0.321569
41 33 -7 0.349020 0.337255 0.321569
42 32 -6 0.349020 0.337255 0.321569
42 33 -6 0.349020 0.337255 0.321569
42 32 -7 0.349020 0.337255 0.321569
42 33 -7 0.349020 0.337255 0.321569
43 32 -6 0.349020 0.337255 0.321569
43 33 -6 0.349020 0.337255 0.321569
43 32 -7 0.349020 0.337255 0.321569
43 33 -7 0.349020 0.337255 0.321569
44 32 -6 0.349020 0.337255 0.321569
44 33 -6 0.349020 0.337255 0.321569
44 32 -7 0.349020 0.337255 0.321569
44 33 -7 0.349020 0.337255 0.321569
45 32 -6 0.349020 0.337255 0.321569
45 33 -6 0.349020 0.337255 0.321569
45 32 -7 0.349020 0.337255 0.321569
45 33 -7 0.349020 0.337255 0.321569
46 32 -6 0.349020 0.337255 0.321569
46 33 -6 0.349020 0.337255 0.321569
46 32 -7 0.349020 0.337255 0.321569
46 33 -7 0.349020 0.337255 0.321569
47 32 -6 0.349020 0.337255 0.321569
47 33 -6 0.349020 0.337255 0.321569
47 32 -7 0.349020 0.337255 0.321569
47 33 -7 0.349020 0.337255 0.321569
48 32 -6 0.349020 0.337255 0.321569
48 33 -6 0.349020 0.337255 0.321569
48 32 -7 0.349020 0.337255 0.321569
48 33 -7 0.349020 0.337255 0.321569
33 34 -6 0.349020 0.337255 0.321569
33 34 -7 0.349020 0.337255 0.321569
34 34 -6 0.349020 0.337255 0.321569
34 34 -7 0.349020 0.337255 0.321569
35 34 -6 0.349020 0.337255 0.321569
35 34 -7 0.349020 0.337255 0.321569
36 34 -6 0.349020 0.337255 0.321569
36 34 -7 0.349020 0.337255 0.321569
37 34 -6 0.349020 0.337255 0.321569
37 34 -7 0.349020 0.337255 0.321569
38 34 -6 0.349020 0.337255 0.321569
38 34 -7 0.349020 0.337255 0.321569
39 34 -6 0.349020 0.337255 0.321569
39 34 -7 0.349020 0.337255 0.321569
40 34 -6 0.349020 0.337255 0.321569
40 34 -7 0.349020 0.337255 0.321569
41 34 -6 0.349020 0.337255 0.321569
41 34 -7 0.349020 0.337255 0.321569
42 34 -6 0.349020 0.337255 0.321569
42 34 -7 0.349020 0.337255 0.321569
43 34 -6 0.349020 0.337255 0.321569
43 34 -7 0.349020 0.337255 0.321569
44 34 -6 0.349020 0.337255 0.321569
44 34 -7 0.349020 0.337255 0.321569
45 34 -6 0.349020 0.337255 0.321569
45 34 -7 0.349020 0.337255 0.321569
46 34 -6 0.349020 0.337255 0.321569
46 34 -7 0.349020 0.337255 0.321569
47 34 -6 0.349020 0.337255 0.321569
47 34 -7 0.349020 0.337255 0.321569
48 34 -6 0.349020 0.337255 0.321569
48 34 -7 0.349020 0.337255 0.321569
33 35 -6 0.349020 0.337255 0.321569
33 35 -7 0.349020 0.337255 0.321569
34 35 -6 0.349020 0.337255 0.321569
34 35 -7 0.349020 0.337255 0.321569
35 35 -6 0.349020 0.337255 0.321569
35 35 -7 0.349020 0.337255 0.321569
36 35 -6 0.349020 0.337255 0.321569
36 35 -7 0.349020 0.337255 0.321569
37 35 -6 0.349020 0.337255 0.321569
37 35 -7 0.349020 0.337255 0.321569
38 35 -6 0.349020 0.337255 0.321569
38 35 -7 0.349020 0.337255 0.321569
39 35 -6 0.349020 0.337255 0.321569
39 35 -7 0.349020 0.337255 0.321569
40 35 -6 0.349020 0.337255 0.321569
40 35 -7 0.349020 0.337255 0.321569
41 35 -6 0.349020 0.337255 0.321569
41 35 -7 0.349020 0.337255 0.321569
42 35 -6 0.349020 0.337255 0.321569
42 35 -7 0.349020 0.337255 0.321569
43 35 -6 0.349020 0.337255 0.321569
43 35 -7 0.349020 0.337255 0.321569
44 35 -6 0.349020 0.337255 0.321569
44 35 -7 0.349020 0.337255 0.321569
45 35 -6 0.349020 0.337255 0.321569
45 35 -7 0.349020 0.337255 0.321569
46 35 -6 0.349020 0.337255 0.321569
46 35 -7 0.349020 0.337255 0.321569
47 35 -6 0.349020 0.337255 0.321569
47 35 -7 0.349020 0.337255 0.321569
48 35 -6 0.349020 0.337255 0.321569
48 35 -7 0.349020 0.337255 0.321569
33 36 -6 0.349020 0.337255 0.321569
33 36 -7 0.349020 0.337255 0.321569
34 36 -6 0.349020 0.337255 0.321569
34 36 -7 0.349020 0.337255 0.321569
35 36 -6 0.349020 0.337255 0.321569
35 36 -7 0.349020 0.337255 0.321569
36 36 -6 0.349020 0.337255 0.321569
36 36 -7 0.349020 0.337255 0.321569
37 36 -6 0.349020 0.337255 0.321569
37 36 -7 0.349020 0.337255 0.321569
38 36 -6 0.349020 0.337255 0.321569
38 36 -7 0.349020 0.337255 0.321569
39 36 -6 0.349020 0.337255 0.321569
39 36 -7 0.349020 0.337255 0.321569
40 36 -6 0.349020 0.337255 0.321569
40 36 -7 0.349020 0.337255 0.321569
41 36 -6 0.349020 0.337255 0.321569
41 36 -7 0.349020 0.337255 0.321569
42 36 -6 0.349020 0.337255 0.321569
42 36 -7 0.349020 0.337255 0.321569
43 36 -6 0.349020 0.337255 0.321569
43 36 -7 0.349020 0.337255 0.321569
44 36 -6 0.349020 0.337255 0.321569
44 36 -7 0.349020 0.337255 0.321569
45 36 -6 0.349020 0.337255 0.321569
45 36 -7 0.349020 0.337255 0.321569
46 36 -6 0.349020 0.337255 0.321569
46 36 -7 0.349020 0.337255 0.321569
47 36 -6 0.349020 0.337255 0.321569
47 36 -7 0.349020 0.337255 0.321569
48 36 -6 0.349020 0.337255 0.321569
48 36 -7 0.349020 0.337255 0.321569
33 37 -6 0.349020 0.337255 0.321569
33 37 -7 0.349020 0.337255 0.321569
34 37 -6 0.349020 0.337255 0.321569
34 37 -7 0.349020 0.337255 0.321569
35 37 -6 0.349020 0.337255 0.321569
35 37 -7 0.349020 0.337255 0.321569
36 37 -6 0.349020 0.337255 0.321569
36 37 -7 0.349020 0.337255 0.321569
37 37 -6 0.349020 0.337255 0.321569
37 37 -7 0.349020 0.337255 0.321569
38 37 -6 0.349020 0.337255 0.321569
38 37 -7 0.349020 0.337255 0.321569
39 37 -6 0.349020 0.337255 0.321569
39 37 -7 0.349020 0.337255 0.321569
40 37 -6 0.349020 0.337255 0.321569
40 37 -7 0.349020 0.337255 0.321569
41 37 -6 0.349020 0.337255 0.321569
41 37 -7 0.349020 0.337255 0.321569
42 37 -6 0.349020 0.337255 0.321569
42 37 -7 0.349020 0.337255 0.321569
43 37 -6 0.349020 0.337255 0.321569
43 37 -7 0.349020 0.337255 0.321569
44 37 -6 0.349020 0.337255 0.321569
44 37 -7 0.349020 0.337255 0.321569
45 37 -6 0.349020 0.337255 0.321569
45 37 -7 0.349020 0.337255 0.321569
46 37 -6 0.349020 0.337255 0.321569
46 37 -7 0.349020 0.337255 0.321569
47 37 -6 0.349020 0.337255 0.321569
47 37 -7 0.349020 0.337255 0.321569
48 37 -6 0.349020 0.337255 0.321569
48 37 -7 0.349020 0.337255 0.321569
33 38 -6 0.349020 0.337255 0.321569
33 38 -7 0.349020 0.337255 0.321569
34 38 -6 0.349020 0.337255 0.321569
34 38 -7 0.349020 0.337255 0.321569
35 38 -6 0.349020 0.337255 0.321569
35 38 -7 0.349020 0.337255 0.321569
36 38 -6 0.349020 0.337255 0.321569
36 38 -7 0.349020 0.337255 0.321569
37 38 -6 0.349020 0.337255 0.321569
37 38 -7 0.349020 0.337255 0.321569
38 38 -6 0.349020 0.337255 0.321569
38 38 -7 0.349020 0.337255 0.321569
39 38 -6 0.349020 0.337255 0.321569
39 38 -7 0.349020 0.337255 0.321569
40 38 -6 0.349020 0.337255 0.321569
40 38 -7 0.349020 0.337255 0.321569
41 38 -6 0.349020 0.337255 0.321569
41 38 -7 0.349020 0.337255 0.321569
42 38 -6 0.349020 0.337255 0.321569
42 38 -7 0.349020 0.337255 0.321569
43 38 -6 0.349020 0.337255 0.321569
43 38 -7 0.349020 0.337255 0.321569
44 38 -6 0.349020 0.337255 0.321569
44 38 -7 0.349020 0.337255 0.321569
45 38 -6 0.349020 0.337255 0.321569
45 38 -7 0.349020 0.337255 0.321569
46 38 -6 0.349020 0.337255 0.321569
46 38 -7 0.349020 0.337255 0.321569
47 38 -6 0.349020 0.337255 0.321569
47 38 -7 0.349020 0.337255 0.321569
48 38 -6 0.349020 0.337255 0.321569
48 38 -7 0.349020 0.337255 0.321569
33 38 -5 0.349020 0.337255 0.321569
33 39 -5 0.349020 0.337255 0.321569
34 38 -5 0.349020 0.337255 0.321569
34 39 -5 0.349020 0.337255 0.321569
35 38 -5 0.349020 0.337255 0.321569
35 39 -5 0.349020 0.337255 0.321569
36 38 -5 0.349020 0.337255 0.321569
36 39 -5 0.349020 0.337255 0.321569
37 38 -5 0.349020 0.337255 0.321569
37 39 -5 0.349020 0.337255 0.321569
38 38 -5 0.349020 0.337255 0.321569
38 39 -5 0.349020 0.337255 0.321569
39 38 -5 0.349020 0.337255 0.321569
39 39 -5 0.349020 0.337255 0.321569
40 38 -5 0.349020 0.337255 0.321569
40 39 -5 0.349020 0.337255 0.321569
41 38 -5 0.349020 0.337255 0.321569
41 39 -5 0.349020 0.337255 0.321569
42 38 -5 0.349020 0.337255 0.321569
42 39 -5 0.349020 0.337255 0.321569
43 38 -5 0.349020 0.337255 0.321569
43 39 -5 0.349020 0.337255 0.321569
44 38 -5 0.349020 0.337255 0.321569
44 39 -5 0.349020 0.337255 0.321569
45 38 -5 0.349020 0.337255 0.321569
45 39 -5 0.349020 0.337255 0.321569
46 38 -5 0.349020 0.337255 0.321569
46 39 -5 0.349020 0.337255 0.321569
47 38 -5 0.349020 0.337255 0.321569
47 39 -5 0.349020 0.337255 0.321569
48 38 -5 0.349020 0.337255 0.321569
48 39 -5 0.349020 0.337255 0.321569
33 39 -7 0.349020 0.337255 0.321569
33 39 -6 0.349020 0.337255 0.321569
34 39 -7 0.349020 0.337255 0.321569
34 39 -6 0.349020 0.337255 0.321569
35 39 -7 0.349020 0.337255 0.321569
35 39 -6 0.349020 0.337255 0.321569
36 39 -7 0.349020 0.337255 0.321569
36 39 -6 0.349020 0.337255 0.321569
37 39 -7 0.349020 0.337255 0.321569
37 39 -6 0.349020 0.337255 0.321569
38 39 -7 0.349020 0.337255 0.321569
38 39 -6 0.349020 0.337255 0.321569
39 39 -7 0.349020 0.337255 0.321569
39 39 -6 0.349020 0.337255 0.321569
40 39 -7 0.349020 0.337255 0.321569
40 39 -6 0.349020 0.337255 0.321569
41 39 -7 0.349020 0.337255 0.321569
41 39 -6 0.349020 0.337255 0.321569
42 39 -7 0.349020 0.337255 0.321569
42 39 -6 0.349020 0.337255 0.321569
43 39 -7 0.349020 0.337255 0.321569
43 39 -6 0.349020 0.337255 0.321569
44 39 -7 0.349020 0.337255 0.321569
44 39 -6 0.349020 0.337255 0.321569
45 39 -7 0.349020 0.337255 0.321569
45 39 -6 0.349020 0.337255 0.321569
46 39 -7 0.349020 0.337255 0.321569
46 39 -6 0.349020 0.337255 0.321569
47 39 -7 0.349020 0.337255 0.321569
47 39 -6 0.349020 0.337255 0.321569
48 39 -7 0.349020 0.337255 0.321569
48 39 -6 0.349020 0.337255 0.321569
33 39 -1 0.349020 0.337255 0.321569
33 39 0 0.349020 0.337255 0.321569
34 39 -1 0.349020 0.337255 0.321569
34 39 0 0.349020 0.337255 0.321569
35 39 -1 0.349020 0.337255 0.321569
35 39 0 0.349020 0.337255 0.321569
36 39 -1 0.349020 0.337255 0.321569
36 39 0 0.349020 0.337255 0.321569
37 39 -1 0.349020 0.337255 0.321569
37 39 0 0.349020 0.337255 0.321569
38 39 -1 0.349020 0.337255 0.321569
38 39 0 0.349020 0.337255 0.321569
39 39 -1 0.349020 0.337255 0.321569
39 39 0 0.349020 0.337255 0.321569
40 39 -1 0.349020 0.337255 0.321569
40 39 0 0.349020 0.337255 0.321569
41 39 -1 0.349020 0.337255 0.321569
41 39 0 0.349020 0.337255 0.321569
42 39 -1 0.349020 0.337255 0.321569
42 39 0 0.349020 0.337255 0.321569
43 39 -1 0.349020 0.337255 0.321569
43 39 0 0.349020 0.337255 0.321569
44 39 -1 0.349020 0.337255 0.321569
44 39 0 0.349020 0.337255 0.321569
45 39 -1 0.349020 0.337255 0.321569
45 39 0 0.349020 0.337255 0.321569
46 39 -1 0.349020 0.337255 0.321569
46 39 0 0.349020 0.337255 0.321569
47 39 -1 0.349020 0.337255 0.321569
47 39 0 0.349020 0.337255 0.321569
48 39 -1 0.349020 0.337255 0.321569
48 39 0 0.349020 0.337255 0.321569
33 39 -2 0.349020 0.337255 0.321569
34 39 -2 0.349020 0.337255 0.321569
35 39 -2 0.349020 0.337255 0.321569
36 39 -2 0.349020 0.337255 0.321569
37 39 -2 0.349020 0.337255 0.321569
38 39 -2 0.349020 0.337255 0.321569
39 39 -2 0.349020 0.337255 0.321569
40 39 -2 0.349020 0.337255 0.321569
41 39 -2 0.349020 0.337255 0.321569
42 39 -2 0.349020 0.337255 0.321569
43 39 -2 0.349020 0.337255 0.321569
44 39 -2 0.349020 0.337255 0.321569
45 39 -2 0.349020 0.337255 0.321569
46 39 -2 0.349020 0.337255 0.321569
47 39 -2 0.349020 0.337255 0.321569
48 39 -2 0.349020 0.337255 0.321569
33 39 -3 0.349020 0.337255 0.321569
34 39 -3 0.349020 0.337255 0.321569
35 39 -3 0.349020 0.337255 0.321569
36 39 -3 0.349020 0.337255 0.321569
37 39 -3 0.349020 0.337255 0.321569
38 39 -3 0.349020 0.337255 0.321569
39 39 -3 0.349020 0.337255 0.321569
40 39 -3 0.349020 0.337255 0.321569
41 39 -3 0.349020 0.337255 0.321569
42 39 -3 0.349020 0.337255 0.321569
43 39 -3 0.349020 0.337255 0.321569
44 39 -3 0.349020 0.337255 0.321569
45 39 -3 0.349020 0.337255 0.321569
46 39 -3 0.349020 0.337255 0.321569
47 39 -3 0.349020 0.337255 0.321569
48 39 -3 0.349020 0.337255 0.321569
33 39 -4 0.349020 0.337255 0.321569
33 40 -3 0.349020 0.337255 0.321569
33 40 -4 0.349020 0.337255 0.321569
34 39 -4 0.349020 0.337255 0.321569
34 40 -3 0.349020 0.337255 0.321569
34 40 -4 0.349020 0.337255 0.321569
35 39 -4 0.349020 0.337255 0.321569
35 40 -3 0.349020 0.337255 0.321569
35 40 -4 0.349020 0.337255 0.321569
36 39 -4 0.349020 0.337255 0.321569
36 40 -3 0.349020 0.337255 0.321569
36 40 -4 0.349020 0.337255 0.321569
37 39 -4 0.349020 0.337255 0.321569
37 40 -3 0.349020 0.337255 0.321569
37 40 -4 0.349020 0.337255 0.321569
38 39 -4 0.349020 0.337255 0.321569
38 40 -3 0.349020 0.337255 0.321569
38 40 -4 0.349020 0.337255 0.321569
39 39 -4 0.349020 0.337255 0.321569
39 40 -3 0.349020 0.337255 0.321569
39 40 -4 0.349020 0.337255 0.321569
40 39 -4 0.349020 0.337255 0.321569
40 40 -3 0.349020 0.337255 0.321569
40 40 -4 0.349020 0.337255 0.321569
41 39 -4 0.349020 0.337255 0.321569
41 40 -3 0.349020 0.337255 0.321569
41 40 -4 0.349020 0.337255 0.321569
42 39 -4 0.349020 0.337255 0.321569
42 40 -3 0.349020 0.337255 0.321569
42 40 -4 0.349020 0.337255 0.321569
43 39 -4 0.349020 0.337255 0.321569
43 40 -3 0.349020 0.337255 0.321569
43 40 -4 0.349020 0.337255 0.321569
44 39 -4 0.349020 0.337255 0.321569
44 40 -3 0.349020 0.337255 0.321569
44 40 -4 0.349020 0.337255 0.321569
45 39 -4 0.349020 0.337255 0.321569
45 40 -3 0.349020 0.337255 0.321569
45 40 -4 0.349020 0.337255 0.321569
46 39 -4 0.349020 0.337255 0.321569
46 40 -3 0.349020 0.337255 0.321569
46 40 -4 0.349020 0.337255 0.321569
47 39 -4 0.349020 0.337255 0.321569
47 40 -3 0.349020 0.337255 0.321569
47 40 -4 0.349020 0.337255 0.321569
48 39 -4 0.349020 0.337255 0.321569
48 40 -3 0.349020 0.337255 0.321569
48 40 -4 0.349020 0.337255 0.321569
33 40 -5 0.349020 0.337255 0.321569
34 40 -5 0.349020 0.337255 0.321569
35 40 -5 0.349020 0.337255 0.321569
36 40 -5 0.349020 0.337255 0.321569
37 40 -5 0.349020 0.337255 0.321569
38 40 -5 0.349020 0.337255 0.321569
39 40 -5 0.349020 0.337255 0.321569
40 40 -5 0.349020 0.337255 0.321569
41 40 -5 0.349020 0.337255 0.321569
42 40 -5 0.349020 0.337255 0.321569
43 40 -5 0.349020 0.337255 0.321569
44 40 -5 0.349020 0.337255 0.321569
45 40 -5 0.349020 0.337255 0.321569
46 40 -5 0.349020 0.337255 0.321569
47 40 -5 0.349020 0.337255 0.321569
48 40 -5 0.349020 0.337255 0.321569
33 40 -6 0.349020 0.337255 0.321569
34 40 -6 0.349020 0.337255 0.321569
35 40 -6 0.349020 0.337255 0.321569
36 40 -6 0.349020 0.337255 0.321569
37 40 -6 0.349020 0.337255 0.321569
38 40 -6 0.349020 0.337255 0.321569
39 40 -6 0.349020 0.337255 0.321569
40 40 -6 0.349020 0.337255 0.321569
41 40 -6 0.349020 0.337255 0.321569
42 40 -6 0.349020 0.337255 0.321569
43 40 -6 0.349020 0.337255 0.321569
44 40 -6 0.349020 0.337255 0.321569
45 40 -6 0.349020 0.337255 0.321569
46 40 -6 0.349020 0.337255 0.321569
47 40 -6 0.349020 0.337255 0.321569
48 40 -6 0.349020 0.337255 0.321569
33 41 0 0.349020 0.337255 0.321569
33 41 -1 0.349020 0.337255 0.321569
34 41 0 0.349020 0.337255 0.321569
34 41 -1 0.349020 0.337255 0.321569
35 41 0 0.349020 0.337255 0.321569
35 41 -1 0.349020 0.337255 0.321569
36 41 0 0.349020 0.337255 0.321569
36 41 -1 0.349020 0.337255 0.321569
37 41 0 0.349020 0.337255 0.321569
37 41 -1 0.349020 0.337255 0.321569
38 41 0 0.349020 0.337255 0.321569
38 41 -1 0.349020 0.337255 0.321569
39 41 0 0.349020 0.337255 0.321569
39 41 -1 0.349020 0.337255 0.321569
40 41 0 0.349020 0.337255 0.321569
40 41 -1 0.349020 0.337255 0.321569
41 41 0 0.349020 0.337255 0.321569
41 41 -1 0.349020 0.337255 0.321569
42 41 0 0.349020 0.337255 0.321569
42 41 -1 0.349020 0.337255 0.321569
43 41 0 0.349020 0.337255 0.321569
43 41 -1 0.349020 0.337255 0.321569
44 41 0 0.349020 0.337255 0.321569
44 41 -1 0.349020 0.337255 0.321569
45 41 0 0.349020 0.337255 0.321569
45 41 -1 0.349020 0.337255 0.321569
46 41 0 0.349020 0.337255 0.321569
46 41 -1 0.349020 0.337255 0.321569
47 41 0 0.349020 0.337255 0.321569
47 41 -1 0.349020 0.337255 0.321569
48 41 0 0.349020 0.337255 0.321569
48 41 -1 0.349020 0.337255 0.321569
33 41 -2 0.349020 0.337255 0.321569
34 41 -2 0.349020 0.337255 0.321569
35 41 -2 0.349020 0.337255 0.321569
36 41 -2 0.349020 0.337255 0.321569
37 41 -2 0.349020 0.337255 0.321569
38 41 -2 0.349020 0.337255 0.321569
39 41 -2 0.349020 0.337255 0.321569
40 41 -2 0.349020 0.337255 0.321569
41 41 -2 0.349020 0.337255 0.321569
42 41 -2 0.349020 0.337255 0.321569
43 41 -2 0.349020 0.337255 0.321569
44 41 -2 0.349020 0.337255 0.321569
45 41 -2 0.349020 0.337255 0.321569
46 41 -2 0.349020 0.337255 0.321569
47 41 -2 0.349020 0.337255 0.321569
48 41 -2 0.349020 0.337255 0.321569
33 41 -3 0.349020 0.337255 0.321569
34 41 -3 0.349020 0.337255 0.321569
35 41 -3 0.349020 0.337255 0.321569
36 41 -3 0.349020 0.337255 0.321569
37 41 -3 0.349020 0.337255 0.321569
38 41 -3 0.349020 0.337255 0.321569
39 41 -3 0.349020 0.337255 0.321569
40 41 -3 0.349020 0.337255 0.321569
41 41 -3 0.349020 0.337255 0.321569
42 41 -3 0.349020 0.337255 0.321569
43 41 -3 0.349020 0.337255 0.321569
44 41 -3 0.349020 0.337255 0.321569
45 41 -3 0.349020 0.337255 0.321569
46 41 -3 0.349020 0.337255 0.321569
47 41 -3 0.349020 0.337255 0.321569
48 41 -3 0.349020 0.337255 0.321569
49 32 -6 0.349020 0.337255 0.321569
49 33 -6 0.349020 0.337255 0.321569
49 32 -7 0.349020 0.337255 0.321569
49 33 -7 0.349020 0.337255 0.321569
50 32 -6 0.349020 0.337255 0.321569
50 33 -6 0.349020 0.337255 0.321569
50 32 -7 0.349020 0.337255 0.321569
50 33 -7 0.349020 0.337255 0.321569
51 32 -6 0.349020 0.337255 0.321569
51 33 -6 0.349020 0.337255 0.321569
51 32 -7 0.349020 0.337255 0.321569
51 33 -7 0.349020 0.337255 0.321569
52 32 -6 0.349020 0.337255 0.321569
52 33 -6 0.349020 0.337255 0.321569
52 32 -7 0.349020 0.337255 0.321569
52 33 -7 0.349020 0.337255 0.321569
53 32 -6 0.349020 0.337255 0.321569
53 33 -6 0.349020 0.337255 0.321569
53 32 -7 0.349020 0.337255 0.321569
53 33 -7 0.349020 0.337255 0.321569
54 32 -6 0.349020 0.337255 0.321569
54 33 -6 0.349020 0.337255 0.321569
54 32 -7 0.349020 0.337255 0.321569
54 33 -7 0.349020 0.337255 0.321569
55 32 -6 0.349020 0.337255 0.321569
55 33 -6 0.349020 0.337255 0.321569
55 32 -7 0.349020 0.337255 0.321569
55 33 -7 0.349020 0.337255 0.321569
56 32 -6 0.349020 0.337255 0.321569
56 33 -6 0.349020 0.337255 0.321569
56 32 -7 0.349020 0.337255 0.321569
56 33 -7 0.349020 0.337255 0.321569
57 32 -6 0.349020 0.337255 0.321569
57 33 -6 0.349020 0.337255 0.321569
57 32 -7 0.349020 0.337255 0.321569
57 33 -7 0.349020 0.337255 0.321569
58 32 -6 0.349020 0.337255 0.321569
58 33 -6 0.349020 0.337255 0.321569
58 32 -7 0.349020 0.337255 0.321569
58 33 -7 0.349020 0.337255 0.321569
59 32 -6 0.349020 0.337255 0.321569
59 33 -6 0.349020 0.337255 0.321569
59 32 -7 0.349020 0.337255 0.321569
59 33 -7 0.349020 0.337255 0.321569
60 32 -6 0.349020 0.337255 0.321569
60 33 -6 0.349020 0.337255 0.321569
60 32 -7 0.349020 0.337255 0.321569
60 33 -7 0.349020 0.337255 0.321569
61 32 -6 0.349020 0.337255 0.321569
61 33 -6 0.349020 0.337255 0.321569
61 32 -7 0.349020 0.337255 0.321569
61 33 -7 0.349020 0.337255 0.321569
62 32 -6 0.349020 0.337255 0.321569
62 33 -6 0.349020 0.337255 0.321569
62 32 -7 0.349020 0.337255 0.321569
62 33 -7 0.349020 0.337255 0.321569
63 32 -6 0.349020 0.337255 0.321569
63 33 -6 0.349020 0.337255 0.321569
63 32 -7 0.349020 0.337255 0.321569
63 33 -7 0.349020 0.337255 0.321569
64 32 -6 0.349020 0.337255 0.321569
64 33 -6 0.349020 0.337255 0.321569
64 32 -7 0.349020 0.337255 0.321569
64 33 -7 0.349020 0.337255 0.321569
49 34 -6 0.349020 0.337255 0.321569
49 34 -7 0.349020 0.337255 0.321569
50 34 -6 0.349020 0.337255 0.321569
50 34 -7 0.349020 0.337255 0.321569
51 34 -6 0.349020 0.337255 0.321569
51 34 -7 0.349020 0.337255 0.321569
52 34 -6 0.349020 0.337255 0.321569
52 34 -7 0.349020 0.337255 0.321569
53 34 -6 0.349020 0.337255 0.321569
53 34 -7 0.349020 0.337255 0.321569
54 34 -6 0.349020 0.337255 0.321569
54 34 -7 0.349020 0.337255 0.321569
55 34 -6 0.349020 0.337255 0.321569
55 34 -7 0.349020 0.337255 0.321569
56 34 -6 0.349020 0.337255 0.321569
56 34 -7 0.349020 0.337255 0.321569
57 34 -6 0.349020 0.337255 0.321569
57 34 -7 0.349020 0.337255 0.321569
58 34 -6 0.349020 0.337255 0.321569
58 34 -7 0.349020 0.337255 0.321569
59 34 -6 0.349020 0.337255 0.321569
59 34 -7 0.349020 0.337255 0.321569
60 34 -6 0.349020 0.337255 0.321569
60 34 -7 0.349020 0.337255 0.321569
61 34 -6 0.349020 0.337255 0.321569
61 34 -7 0.349020 0.337255 0.321569
62 34 -6 0.349020 0.337255 0.321569
62 34 -7 0.349020 0.337255 0.321569
63 34 -6 0.349020 0.337255 0.321569
63 34 -7 0.349020 0.337255 0.321569
64 34 -6 0.349020 0.337255 0.321569
64 34 -7 0.349020 0.337255 0.321569
49 35 -6 0.349020 0.337255 0.321569
49 35 -7 0.349020 0.337255 0.321569
50 35 -6 0.349020 0.337255 0.321569
50 35 -7 0.349020 0.337255 0.321569
51 35 -6 0.349020 0.337255 0.321569
51 35 -7 0.349020 0.337255 0.321569
52 35 -6 0.349020 0.337255 0.321569
52 35 -7 0.349020 0.337255 0.321569
53 35 -6 0.349020 0.337255 0.321569
53 35 -7 0.349020 0.337255 0.321569
54 35 -6 0.349020 0.337255 0.321569
54 35 -7 0.349020 0.337255 0.321569
55 35 -6 0.349020 0.337255 0.321569
55 35 -7 0.349020 0.337255 0.321569
56 35 -6 0.349020 0.337255 0.321569
56 35 -7 0.349020 0.337255 0.321569
57 35 -6 0.349020 0.337255 0.321569
57 35 -7 0.349020 0.337255 0.321569
58 35 -6 0.349020 0.337255 0.321569
58 35 -7 0.349020 0.337255 0.321569
59 35 -6 0.349020 0.337255 0.321569
59 35 -7 0.349020 0.337255 0.321569
60 35 -6 0.349020 0.337255 0.321569
60 35 -7 0.349020 0.337255 0.321569
61 35 -6 0.349020 0.337255 0.321569
61 35 -7 0.349020 0.337255 0.321569
62 35 -6 0.349020 0.337255 0.321569
62 35 -7 0.349020 0.337255 0.321569
63 35 -6 0.349020 0.337255 0.321569
63 35 -7 0.349020 0.337255 0.321569
64 35 -6 0.349020 0.337255 0.321569
64 35 -7 0.349020 0.337255 0.321569
49 36 -6 0.349020 0.337255 0.321569
49 36 -7 0.349020 0.337255 0.321569
50 36 -6 0.349020 0.337255 0.321569
50 36 -7 0.349020 0.337255 0.321569
51 36 -6 0.349020 0.337255 0.321569
51 36 -7 0.349020 0.337255 0.321569
52 36 -6 0.349020 0.337255 0.321569
52 36 -7 0.349020 0.337255 0.321569
53 36 -6 0.349020 0.337255 0.321569
53 36 -7 0.349020 0.337255 0.321569
54 36 -6 0.349020 0.337255 0.321569
54 36 -7 0.349020 0.337255 0.321569
55 36 -6 0.349020 0.337255 0.321569
55 36 -7 0.349020 0.337255 0.321569
56 36 -6 0.349020 0.337255 0.321569
56 36 -7 0.349020 0.337255 0.321569
57 36 -6 0.349020 0.337255 0.321569
57 36 -7 0.349020 0.337255 0.321569
58 36 -6 0.349020 0.337255 0.321569
58 36 -7 0.349020 0.337255 0.321569
59 36 -6 0.349020 0.337255 0.321569
59 36 -7 0.349020 0.337255 0.321569
60 36 -6 0.349020 0.337255 0.321569
60 36 -7 0.349020 0.337255 0.321569
61 36 -6 0.349020 0.337255 0.321569
61 36 -7 0.349020 0.337255 0.321569
62 36 -6 0.349020 0.337255 0.321569
62 36 -7 0.349020 0.337255 0.321569
63 36 -6 0.349020 0.337255 0.321569
63 36 -7 0.349020 0.337255 0.321569
64 36 -6 0.349020 0.337255 0.321569
64 36 -7 0.349020 0.337255 0.321569
49 37 -6 0.349020 0.337255 0.321569
49 37 -7 0.349020 0.337255 0.321569
50 37 -6 0.349020 0.337255 0.321569
50 37 -7 0.349020 0.337255 0.321569
51 37 -6 0.349020 0.337255 0.321569
51 37 -7 0.349020 0.337255 0.321569
52 37 -6 0.349020 0.337255 0.321569
52 37 -7 0.349020 0.337255 0.321569
53 37 -6 0.349020 0.337255 0.321569
53 37 -7 0.349020 0.337255 0.321569
54 37 -6 0.349020 0.337255 0.321569
54 37 -7 0.349020 0.337255 0.321569
55 37 -6 0.349020 0.337255 0.321569
55 37 -7 0.349020 0.337255 0.321569
56 37 -6 0.349020 0.337255 0.321569
56 37 -7 0.349020 0.337255 0.321569
57 37 -6 0.349020 0.337255 0.321569
57 37 -7 0.349020 0.337255 0.321569
58 37 -6 0.349020 0.337255 0.321569
58 37 -7 0.349020 0.337255 0.321569
59 37 -6 0.349020 0.337255 0.321569
59 37 -7 0.349020 0.337255 0.321569
60 37 -6 0.349020 0.337255 0.321569
60 37 -7 0.349020 0.337255 0.321569
61 37 -6 0.349020 0.337255 0.321569
61 37 -7 0.349020 0.337255 0.321569
62 37 -6 0.349020 0.337255 0.321569
62 37 -7 0.349020 0.337255 0.321569
63 37 -6 0.349020 0.337255 0.321569
63 37 -7 0.349020 0.337255 0.321569
64 37 -6 0.349020 0.337255 0.321569
64 37 -7 0.349020 0.337255 0.321569
49 38 -6 0.349020 0.337255 0.321569
49 38 -7 0.349020 0.337255 0.321569
50 38 -6 0.349020 0.337255 0.321569
50 38 -7 0.349020 0.337255 0.321569
51 38 -6 0.349020 0.337255 0.321569
51 38 -7 0.349020 0.337255 0.321569
52 38 -6 0.349020 0.337255 0.321569
52 38 -7 0.349020 0.337255 0.321569
53 38 -6 0.349020 0.337255 0.321569
53 38 -7 0.349020 0.337255 0.321569
54 38 -6 0.349020 0.337255 0.321569
54 38 -7 0.349020 0.337255 0.321569
55 38 -6 0.349020 0.337255 0.321569
55 38 -7 0.349020 0.337255 0.321569
56 38 -6 0.349020 0.337255 0.321569
56 38 -7 0.349020 0.337255 0.321569
57 38 -6 0.349020 0.337255 0.321569
57 38 -7 0.349020 0.337255 0.321569
58 38 -6 0.349020 0.337255 0.321569
58 38 -7 0.349020 0.337255 0.321569
59 38 -6 0.349020 0.337255 0.321569
59 38 -7 0.349020 0.337255 0.321569
60 38 -6 0.349020 0.337255 0.321569
60 38 -7 0.349020 0.337255 0.321569
61 38 -6 0.349020 0.337255 0.321569
61 38 -7 0.349020 0.337255 0.321569
62 38 -6 0.349020 0.337255 0.321569
62 38 -7 0.349020 0.337255 0.321569
63 38 -6 0.349020 0.337255 0.321569
63 38 -7 0.349020 0.337255 0.321569
64 38 -6 0.349020 0.337255 0.321569
64 38 -7 0.349020 0.337255 0.321569
49 38 -5 0.349020 0.337255 0.321569
49 39 -5 0.349020 0.337255 0.321569
50 38 -5 0.349020 0.337255 0.321569
50 39 -5 0.349020 0.337255 0.321569
51 38 -5 0.349020 0.337255 0.321569
51 39 -5 0.349020 0.337255 0.321569
52 38 -5 0.349020 0.337255 0.321569
52 39 -5 0.349020 0.337255 0.321569
53 38 -5 0.349020 0.337255 0.321569
53 39 -5 0.349020 0.337255 0.321569
54 38 -5 0.349020 0.337255 0.321569
54 39 -5 0.349020 0.337255 0.321569
55 38 -5 0.349020 0.337255 0.321569
55 39 -5 0.349020 0.337255 0.321569
56 38 -5 0.349020 0.337255 0.321569
56 39 -5 0.349020 0.337255 0.321569
57 38 -5 0.349020 0.337255 0.321569
57 39 -5 0.349020 0.337255 0.321569
58 38 -5 0.349020 0.337255 0.321569
58 39 -5 0.349020 0.337255 0.321569
59 38 -5 0.349020 0.337255 0.321569
59 39 -5 0.349020 0.337255 0.321569
60 38 -5 0.349020 0.337255 0.321569
60 39 -5 0.349020 0.337255 0.321569
61 38 -5 0.349020 0.337255 0.321569
61 39 -5 0.349020 0.337255 0.321569
62 38 -5 0.349020 0.337255 0.321569
62 39 -5 0.349020 0.337255 0.321569
63 38 -5 0.349020 0.337255 0.321569
63 39 -5 0.349020 0.337255 0.321569
64 38 -5 0.349020 0.337255 0.321569
64 39 -5 0.349020 0.337255 0.321569
49 39 -7 0.349020 0.337255 0.321569
49 39 -6 0.349020 0.337255 0.321569
50 39 -7 0.349020 0.337255 0.321569
50 39 -6 0.349020 0.337255 0.321569
51 39 -7 0.349020 0.337255 0.321569
51 39 -6 0.349020 0.337255 0.321569
52 39 -7 0.349020 0.337255 0.321569
52 39 -6 0.349020 0.337255 0.321569
53 39 -7 0.349020 0.337255 0.321569
53 39 -6 0.349020 0.337255 0.321569
54 39 -7 0.349020 0.337255 0.321569
54 39 -6 0.349020 0.337255 0.321569
55 39 -7 0.349020 0.337255 0.321569
55 39 -6 0.349020 0.337255 0.321569
56 39 -7 0.349020 0.337255 0.321569
56 39 -6 0.349020 0.337255 0.321569
57 39 -7 0.349020 0.337255 0.321569
57 39 -6 0.349020 0.337255 0.321569
58 39 -7 0.349020 0.337255 0.321569
58 39 -6 0.349020 0.337255 0.321569
59 39 -7 0.349020 0.337255 0.321569
59 39 -6 0.349020 0.337255 0.321569
60 39 -7 0.349020 0.337255 0.321569
60 39 -6 0.349020 0.337255 0.321569
61 39 -7 0.349020 0.337255 0.321569
61 39 -6 0.349020 0.337255 0.321569
62 39 -7 0.349020 0.337255 0.321569
62 39 -6 0.349020 0.337255 0.321569
63 39 -7 0.349020 0.337255 0.321569
63 39 -6 0.349020 0.337255 0.321569
64 39 -7 0.349020 0.337255 0.321569
64 39 -6 0.349020 0.337255 0.321569
49 39 -1 0.349020 0.337255 0.321569
49 39 0 0.349020 0.337255 0.321569
50 39 -1 0.349020 0.337255 0.321569
50 39 0 0.349020 0.337255 0.321569
51 39 -1 0.349020 0.337255 0.321569
51 39 0 0.349020 0.337255 0.321569
52 39 -1 0.349020 0.337255 0.321569
52 39 0 0.349020 0.337255 0.321569
53 39 -1 0.349020 0.337255 0.321569
53 39 0 0.349020 0.337255 0.321569
54 39 -1 0.349020 0.337255 0.321569
54 39 0 0.349020 0.337255 0.321569
55 39 -1 0.349020 0.337255 0.321569
55 39 0 0.349020 0.337255 0.321569
56 39 -1 0.349020 0.337255 0.321569
56 39 0 0.349020 0.337255 0.321569
57 39 -1 0.349020 0.337255 0.321569
57 39 0 0.349020 0.337255 0.321569
58 39 -1 0.349020 0.337255 0.321569
58 39 0 0.349020 0.337255 0.321569
59 39 -1 0.349020 0.337255 0.321569
59 39 0 0.349020 0.337255 0.321569
60 39 -1 0.349020 0.337255 0.321569
60 39 0 0.349020 0.337255 0.321569
61 39 -1 0.349020 0.337255 0.321569
61 39 0 0.349020 0.337255 0.321569
62 39 -1 0.349020 0.337255 0.321569
62 39 0 0.349020 0.337255 0.321569
63 39 -1 0.349020 0.337255 0.321569
63 39 0 0.349020 0.337255 0.321569
64 39 -1 0.349020 0.337255 0.321569
64 39 0 0.349020 0.337255 0.321569
49 39 -2 0.349020 0.337255 0.321569
50 39 -2 0.349020 0.337255 0.321569
51 39 -2 0.349020 0.337255 0.321569
52 39 -2 0.349020 0.337255 0.321569
53 39 -2 0.349020 0.337255 0.321569
54 39 -2 0.349020 0.337255 0.321569
55 39 -2 0.349020 0.337255 0.321569
56 39 -2 0.349020 0.337255 0.321569
57 39 -2 0.349020 0.337255 0.321569
58 39 -2 0.349020 0.337255 0.321569
59 39 -2 0.349020 0.337255 0.321569
60 39 -2 0.349020 0.337255 0.321569
61 39 -2 0.349020 0.337255 0.321569
62 39 -2 0.349020 0.337255 0.321569
63 39 -2 0.349020 0.337255 0.321569
64 39 -2 0.349020 0.337255 0.321569
49 39 -3 0.349020 0.337255 0.321569
50 39 -3 0.349020 0.337255 0.321569
51 39 -3 0.349020 0.337255 0.321569
52 39 -3 0.349020 0.337255 0.321569
53 39 -3 0.349020 0.337255 0.321569
54 39 -3 0.349020 0.337255 0.321569
55 39 -3 0.349020 0.337255 0.321569
56 39 -3 0.349020 0.337255 0.321569
57 39 -3 0.349020 0.337255 0.321569
58 39 -3 0.349020 0.337255 0.321569
59 39 -3 0.349020 0.337255 0.321569
60 39 -3 0.349020 0.337255 0.321569
61 39 -3 0.349020 0.337255 0.321569
62 39 -3 0.349020 0.337255 0.321569
63 39 -3 0.349020 0.337255 0.321569
64 39 -3 0.349020 0.337255 0.321569
49 39 -4 0.349020 0.337255 0.321569
49 40 -3 0.349020 0.337255 0.321569
49 40 -4 0.349020 0.337255 0.321569
50 39 -4 0.349020 0.337255 0.321569
50 40 -3 0.349020 0.337255 0.321569
50 40 -4 0.349020 0.337255 0.321569
51 39 -4 0.349020 0.337255 0.321569
51 40 -3 0.349020 0.337255 0.321569
51 40 -4 0.349020 0.337255 0.321569
52 39 -4 0.349020 0.337255 0.321569
52 40 -3 0.349020 0.337255 0.321569
52 40 -4 0.349020 0.337255 0.321569
53 39 -4 0.349020 0.337255 0.321569
53 40 -3 0.349020 0.337255 0.321569
53 40 -4 0.349020 0.337255 0.321569
54 39 -4 0.349020 0.337255 0.321569
54 40 -3 0.349020 0.337255 0.321569
54 40 -4 0.349020 0.337255 0.321569
55 39 -4 0.349020 0.337255 0.321569
55 40 -3 0.349020 0.337255 0.321569
55 40 -4 0.349020 0.337255 0.321569
56 39 -4 0.349020 0.337255 0.321569
56 40 -3 0.349020 0.337255 0.321569
56 40 -4 0.349020 0.337255 0.321569
57 39 -4 0.349020 0.337255 0.321569
57 40 -3 0.349020 0.337255 0.321569
57 40 -4 0.349020 0.337255 0.321569
58 39 -4 0.349020 0.337255 0.321569
58 40 -3 0.349020 0.337255 0.321569
58 40 -4 0.349020 0.337255 0.321569
59 39 -4 0.349020 0.337255 0.321569
59 40 -3 0.349020 0.337255 0.321569
59 40 -4 0.349020 0.337255 0.321569
60 39 -4 0.349020 0.337255 0.321569
60 40 -3 0.349020 0.337255 0.321569
60 40 -4 0.349020 0.337255 0.321569
61 39 -4 0.349020 0.337255 0.321569
61 40 -3 0.349020 0.337255 0.321569
61 40 -4 0.349020 0.337255 0.321569
62 39 -4 0.349020 0.337255 0.321569
62 40 -3 0.349020 0.337255 0.321569
62 40 -4 0.349020 0.337255 0.321569
63 39 -4 0.349020 0.337255 0.321569
63 40 -3 0.349020 0.337255 0.321569
63 40 -4 0.349020 0.337255 0.321569
64 39 -4 0.349020 0.337255 0.321569
64 40 -3 0.349020 0.337255 0.321569
64 40 -4 0.349020 0.337255 0.321569
49 40 -5 0.349020 0.337255 0.321569
50 40 -5 0.349020 0.337255 0.321569
51 40 -5 0.349020 0.337255 0.321569
52 40 -5 0.349020 0.337255 0.321569
53 40 -5 0.349020 0.337255 0.321569
54 40 -5 0.349020 0.337255 0.321569
55 40 -5 0.349020 0.337255 0.321569
56 40 -5 0.349020 0.337255 0.321569
57 40 -5 0.349020 0.337255 0.321569
58 40 -5 0.349020 0.337255 0.321569
59 40 -5 0.349020 0.337255 0.321569
60 40 -5 0.349020 0.337255 0.321569
61 40 -5 0.349020 0.337255 0.321569
62 40 -5 0.349020 0.337255 0.321569
63 40 -5 0.349020 0.337255 0.321569
64 40 -5 0.349020 0.337255 0.321569
49 40 -6 0.349020 0.337255 0.321569
50 40 -6 0.349020 0.337255 0.321569
51 40 -6 0.349020 0.337255 0.321569
52 40 -6 0.349020 0.337255 0.321569
53 40 -6 0.349020 0.337255 0.321569
54 40 -6 0.349020 0.337255 0.321569
55 40 -6 0.349020 0.337255 0.321569
56 40 -6 0.349020 0.337255 0.321569
57 40 -6 0.349020 0.337255 0.321569
58 40 -6 0.349020 0.337255 0.321569
59 40 -6 0.349020 0.337255 0.321569
60 40 -6 0.349020 0.337255 0.321569
61 40 -6 0.349020 0.337255 0.321569
62 40 -6 0.349020 0.337255 0.321569
63 40 -6 0.349020 0.337255 0.321569
64 40 -6 0.349020 0.337255 0.321569
49 41 0 0.349020 0.337255 0.321569
49 41 -1 0.349020 0.337255 0.321569
50 41 0 0.349020 0.337255 0.321569
50 41 -1 0.349020 0.337255 0.321569
51 41 0 0.349020 0.337255 0.321569
51 41 -1 0.349020 0.337255 0.321569
52 41 0 0.349020 0.337255 0.321569
52 41 -1 0.349020 0.337255 0.321569
53 41 0 0.349020 0.337255 0.321569
53 41 -1 0.349020 0.337255 0.321569
54 41 0 0.349020 0.337255 0.321569
54 41 -1 0.349020 0.337255 0.321569
55 41 0 0.349020 0.337255 0.321569
55 41 -1 0.349020 0.337255 0.321569
56 41 0 0.349020 0.337255 0.321569
56 41 -1 0.349020 0.337255 0.321569
57 41 0 0.349020 0.337255 0.321569
57 41 -1 0.349020 0.337255 0.321569
58 41 0 0.349020 0.337255 0.321569
58 41 -1 0.349020 0.337255 0.321569
59 41 0 0.349020 0.337255 0.321569
59 41 -1 0.349020 0.337255 0.321569
60 41 0 0.349020 0.337255 0.321569
60 41 -1 0.349020 0.337255 0.321569
61 41 0 0.349020 0.337255 0.321569
61 41 -1 0.349020 0.337255 0.321569
62 41 0 0.349020 0.337255 0.321569
62 41 -1 0.349020 0.337255 0.321569
63 41 0 0.349020 0.337255 0.321569
63 41 -1 0.349020 0.337255 0.321569
64 41 0 0.349020 0.337255 0.321569
64 41 -1 0.349020 0.337255 0.321569
49 41 -2 0.349020 0.337255 0.321569
50 41 -2 0.349020 0.337255 0.321569
51 41 -2 0.349020 0.337255 0.321569
52 41 -2 0.349020 0.337255 0.321569
53 41 -2 0.349020 0.337255 0.321569
54 41 -2 0.349020 0.337255 0.321569
55 41 -2 0.349020 0.337255 0.321569
56 41 -2 0.349020 0.337255 0.321569
57 41 -2 0.349020 0.337255 0.321569
58 41 -2 0.349020 0.337255 0.321569
59 41 -2 0.349020 0.337255 0.321569
60 41 -2 0.349020 0.337255 0.321569
61 41 -2 0.349020 0.337255 0.321569
62 41 -2 0.349020 0.337255 0.321569
63 41 -2 0.349020 0.337255 0.321569
64 41 -2 0.349020 0.337255 0.321569
49 41 -3 0.349020 0.337255 0.321569
50 41 -3 0.349020 0.337255 0.321569
51 41 -3 0.349020 0.337255 0.321569
52 41 -3 0.349020 0.337255 0.321569
53 41 -3 0.349020 0.337255 0.321569
54 41 -3 0.349020 0.337255 0.321569
55 41 -3 0.349020 0.337255 0.321569
56 41 -3 0.349020 0.337255 0.321569
57 41 -3 0.349020 0.337255 0.321569
58 41 -3 0.349020 0.337255 0.321569
59 41 -3 0.349020 0.337255 0.321569
60 41 -3 0.349020 0.337255 0.321569
61 41 -3 0.349020 0.337255 0.321569
62 41 -3 0.349020 0.337255 0.321569
63 41 -3 0.349020 0.337255 0.321569
64 41 -3 0.349020 0.337255 0.321569
73 32 0 0.349020 0.337255 0.321569
73 32 -1 0.349020 0.337255 0.321569
73 33 -1 0.349020 0.337255 0.321569
73 33 0 0.349020 0.337255 0.321569
72 32 0 0.349020 0.337255 0.321569
72 33 0 0.349020 0.337255 0.321569
72 33 -1 0.349020 0.337255 0.321569
72 32 -1 0.349020 0.337255 0.321569
73 32 -2 0.349020 0.337255 0.321569
73 33 -2 0.349020 0.337255 0.321569
72 33 -2 0.349020 0.337255 0.321569
72 32 -2 0.349020 0.337255 0.321569
73 32 -3 0.349020 0.337255 0.321569
73 33 -3 0.349020 0.337255 0.321569
72 33 -3 0.349020 0.337255 0.321569
72 32 -3 0.349020 0.337255 0.321569
73 32 -4 0.349020 0.337255 0.321569
73 33 -4 0.349020 0.337255 0.321569
72 33 -4 0.349020 0.337255 0.321569
72 32 -4 0.349020 0.337255 0.321569
73 32 -5 0.349020 0.337255 0.321569
73 33 -5 0.349020 0.337255 0.321569
72 33 -5 0.349020 0.337255 0.321569
72 32 -5 0.349020 0.337255 0.321569
73 32 -6 0.349020 0.337255 0.321569
73 33 -6 0.349020 0.337255 0.321569
72 33 -6 0.349020 0.337255 0.321569
72 32 -6 0.349020 0.337255 0.321569
65 32 -6 0.349020 0.337255 0.321569
65 33 -6 0.349020 0.337255 0.321569
65 32 -7 0.349020 0.337255 0.321569
65 33 -7 0.349020 0.337255 0.321569
66 32 -6 0.349020 0.337255 0.321569
66 33 -6 0.349020 0.337255 0.321569
66 32 -7 0.349020 0.337255 0.321569
66 33 -7 0.349020 0.337255 0.321569
67 32 -6 0.349020 0.337255 0.321569
67 33 -6 0.349020 0.337255 0.321569
67 32 -7 0.349020 0.337255 0.321569
67 33 -7 0.349020 0.337255 0.321569
68 32 -6 0.349020 0.337255 0.321569
68 33 -6 0.349020 0.337255 0.321569
68 32 -7 0.349020 0.337255 0.321569
68 33 -7 0.349020 0.337255 0.321569
69 32 -6 0.349020 0.337255 0.321569
69 33 -6 0.349020 0.337255 0.321569
69 32 -7 0.349020 0.337255 0.321569
69 33 -7 0.349020 0.337255 0.321569
70 32 -6 0.349020 0.337255 0.321569
70 33 -6 0.349020 0.337255 0.321569
70 32 -7 0.349020 0.337255 0.321569
70 33 -7 0.349020 0.337255 0.321569
71 32 -6 0.349020 0.337255 0.321569
71 33 -6 0.349020 0.337255 0.321569
71 32 -7 0.349020 0.337255 0.321569
71 33 -7 0.349020 0.337255 0.321569
72 32 -7 0.349020 0.337255 0.321569
72 33 -7 0.349020 0.337255 0.321569
73 32 -7 0.349020 0.337255 0.321569
73 33 -7 0.349020 0.337255 0.321569
73 34 -1 0.349020 0.337255 0.321569
73 34 0 0.349020 0.337255 0.321569
72 34 0 0.349020 0.337255 0.321569
72 34 -1 0.349020 0.337255 0.321569
73 34 -2 0.349020 0.337255 0.321569
72 34 -2 0.349020 0.337255 0.321569
73 34 -3 0.349020 0.337255 0.321569
72 34 -3 0.349020 0.337255 0.321569
73 34 -4 0.349020 0.337255 0.321569
72 34 -4 0.349020 0.337255 0.321569
73 34 -5 0.349020 0.337255 0.321569
72 34 -5 0.349020 0.337255 0.321569
73 34 -6 0.349020 0.337255 0.321569
72 34 -6 0.349020 0.337255 0.321569
65 34 -6 0.349020 0.337255 0.321569
65 34 -7 0.349020 0.337255 0.321569
66 34 -6 0.349020 0.337255 0.321569
66 34 -7 0.349020 0.337255 0.321569
67 34 -6 0.349020 0.337255 0.321569
67 34 -7 0.349020 0.337255 0.321569
68 34 -6 0.349020 0.337255 0.321569
68 34 -7 0.349020 0.337255 0.321569
69 34 -6 0.349020 0.337255 0.321569
69 34 -7 0.349020 0.337255 0.321569
70 34 -6 0.349020 0.337255 0.321569
70 34 -7 0.349020 0.337255 0.321569
71 34 -6 0.349020 0.337255 0.321569
71 34 -7 0.349020 0.337255 0.321569
72 34 -7 0.349020 0.337255 0.321569
73 34 -7 0.349020 0.337255 0.321569
73 35 -1 0.349020 0.337255 0.321569
73 35 0 0.349020 0.337255 0.321569
72 35 0 0.349020 0.337255 0.321569
72 35 -1 0.349020 0.337255 0.321569
73 35 -2 0.349020 0.337255 0.321569
72 35 -2 0.349020 0.337255 0.321569
73 35 -3 0.349020 0.337255 0.321569
72 35 -3 0.349020 0.337255 0.321569
73 35 -4 0.349020 0.337255 0.321569
72 35 -4 0.349020 0.337255 0.321569
73 35 -5 0.349020 0.337255 0.321569
72 35 -5 0.349020 0.337255 0.321569
73 35 -6 0.349020 0.337255 0.321569
72 35 -6 0.349020 0.337255 0.321569
65 35 -6 0.349020 0.337255 0.321569
65 35 -7 0.349020 0.337255 0.321569
66 35 -6 0.349020 0.337255 0.321569
66 35 -7 0.349020 0.337255 0.321569
67 35 -6 0.349020 0.337255 0.321569
67 35 -7 0.349020 0.337255 0.321569
68 35 -6 0.349020 0.337255 0.321569
68 35 -7 0.349020 0.337255 0.321569
69 35 -6 0.349020 0.337255 0.321569
69 35 -7 0.349020 0.337255 0.321569
70 35 -6 0.349020 0.337255 0.321569
70 35 -7 0.349020 0.337255 0.321569
71 35 -6 0.349020 0.337255 0.321569
71 35 -7 0.349020 0.337255 0.321569
72 35 -7 0.349020 0.337255 0.321569
73 35 -7 0.349020 0.337255 0.321569
73 36 -1 0.349020 0.337255 0.321569
73 36 0 0.349020 0.337255 0.321569
72 36 0 0.349020 0.337255 0.321569
72 36 -1 0.349020 0.337255 0.321569
73 36 -2 0.349020 0.337255 0.321569
72 36 -2 0.349020 0.337255 0.321569
73 36 -3 0.349020 0.337255 0.321569
72 36 -3 0.349020 0.337255 0.321569
73 36 -4 0.349020 0.337255 0.321569
72 36 -4 0.349020 0.337255 0.321569
73 36 -5 0.349020 0.337255 0.321569
72 36 -5 0.349020 0.337255 0.321569
73 36 -6 0.349020 0.337255 0.321569
72 36 -6 0.349020 0.337255 0.321569
65 36 -6 0.349020 0.337255 0.321569
65 36 -7 0.349020 0.337255 0.321569
66 36 -6 0.349020 0.337255 0.321569
66 36 -7 0.349020 0.337255 0.321569
67 36 -6 0.349020 0.337255 0.321569
67 36 -7 0.349020 0.337255 0.321569
68 36 -6 0.349020 0.337255 0.321569
68 36 -7 0.349020 0.337255 0.321569
69 36 -6 0.349020 0.337255 0.321569
69 36 -7 0.349020 0.337255 0.321569
70 36 -6 0.349020 0.337255 0.321569
70 36 -7 0.349020 0.337255 0.321569
71 36 -6 0.349020 0.337255 0.321569
71 36 -7 0.349020 0.337255 0.321569
72 36 -7 0.349020 0.337255 0.321569
73 36 -7 0.349020 0.337255 0.321569
73 37 -1 0.349020 0.337255 0.321569
73 37 0 0.349020 0.337255 0.321569
72 37 0 0.349020 0.337255 0.321569
72 37 -1 0.349020 0.337255 0.321569
73 37 -2 0.349020 0.337255 0.321569
72 37 -2 0.349020 0.337255 0.321569
73 37 -3 0.349020 0.337255 0.321569
72 37 -3 0.349020 0.337255 0.321569
73 37 -4 0.349020 0.337255 0.321569
72 37 -4 0.349020 0.337255 0.321569
73 37 -5 0.349020 0.337255 0.321569
72 37 -5 0.349020 0.337255 0.321569
73 37 -6 0.349020 0.337255 0.321569
72 37 -6 0.349020 0.337255 0.321569
65 37 -6 0.349020 0.337255 0.321569
65 37 -7 0.349020 0.337255 0.321569
66 37 -6 0.349020 0.337255 0.321569
66 37 -7 0.349020 0.337255 0.321569
67 37 -6 0.349020 0.337255 0.321569
67 37 -7 0.349020 0.337255 0.321569
68 37 -6 0.349020 0.337255 0.321569
68 37 -7 0.349020 0.337255 0.321569
69 37 -6 0.349020 0.337255 0.321569
69 37 -7 0.349020 0.337255 0.321569
70 37 -6 0.349020 0.337255 0.321569
70 37 -7 0.349020 0.337255 0.321569
71 37 -6 0.349020 0.337255 0.321569
71 37 -7 0.349020 0.337255 0.321569
72 37 -7 0.349020 0.337255 0.321569
73 37 -7 0.349020 0.337255 0.321569
73 38 -1 0.349020 0.337255 0.321569
73 38 0 0.349020 0.337255 0.321569
72 38 0 0.349020 0.337255 0.321569
72 38 -1 0.349020 0.337255 0.321569
73 38 -2 0.349020 0.337255 0.321569
72 38 -2 0.349020 0.337255 0.321569
73 38 -3 0.349020 0.337255 0.321569
72 38 -3 0.349020 0.337255 0.321569
73 38 -4 0.349020 0.337255 0.321569
72 38 -4 0.349020 0.337255 0.321569
73 38 -5 0.349020 0.337255 0.321569
72 38 -5 0.349020 0.337255 0.321569
73 38 -6 0.349020 0.337255 0.321569
72 38 -6 0.349020 0.337255 0.321569
65 38 -6 0.349020 0.337255 0.321569
65 38 -7 0.349020 0.337255 0.321569
66 38 -6 0.349020 0.337255 0.321569
66 38 -7 0.349020 0.337255 0.321569
67 38 -6 0.349020 0.337255 0.321569
67 38 -7 0.349020 0.337255 0.321569
68 38 -6 0.349020 0.337255 0.321569
68 38 -7 0.349020 0.337255 0.321569
69 38 -6 0.349020 0.337255 0.321569
69 38 -7 0.349020 0.337255 0.321569
70 38 -6 0.349020 0.337255 0.321569
70 38 -7 0.349020 0.337255 0.321569
71 38 -6 0.349020 0.337255 0.321569
71 38 -7 0.349020 0.337255 0.321569
72 38 -7 0.349020 0.337255 0.321569
73 38 -7 0.349020 0.337255 0.321569
71 38 0 0.349020 0.337255 0.321569
71 38 -1 0.349020 0.337255 0.321569
71 39 0 0.349020 0.337255 0.321569
71 39 -1 0.349020 0.337255 0.321569
73 39 0 0.349020 0.337255 0.321569
73 39 -1 0.349020 0.337255 0.321569
72 39 -1 0.349020 0.337255 0.321569
72 39 0 0.349020 0.337255 0.321569
71 38 -2 0.349020 0.337255 0.321569
71 39 -2 0.349020 0.337255 0.321569
73 39 -2 0.349020 0.337255 0.321569
72 39 -2 0.349020 0.337255 0.321569
71 38 -3 0.349020 0.337255 0.321569
71 39 -3 0.349020 0.337255 0.321569
73 39 -3 0.349020 0.337255 0.321569
72 39 -3 0.349020 0.337255 0.321569
71 38 -4 0.349020 0.337255 0.321569
71 39 -4 0.349020 0.337255 0.321569
73 39 -4 0.349020 0.337255 0.321569
72 39 -4 0.349020 0.337255 0.321569
71 38 -5 0.349020 0.337255 0.321569
71 39 -5 0.349020 0.337255 0.321569
73 39 -5 0.349020 0.337255 0.321569
72 39 -5 0.349020 0.337255 0.321569
65 38 -5 0.349020 0.337255 0.321569
65 39 -5 0.349020 0.337255 0.321569
66 38 -5 0.349020 0.337255 0.321569
66 39 -5 0.349020 0.337255 0.321569
67 38 -5 0.349020 0.337255 0.321569
67 39 -5 0.349020 0.337255 0.321569
68 38 -5 0.349020 0.337255 0.321569
68 39 -5 0.349020 0.337255 0.321569
69 38 -5 0.349020 0.337255 0.321569
69 39 -5 0.349020 0.337255 0.321569
70 38 -5 0.349020 0.337255 0.321569
70 39 -5 0.349020 0.337255 0.321569
73 39 -6 0.349020 0.337255 0.321569
72 39 -6 0.349020 0.337255 0.321569
65 39 -7 0.349020 0.337255 0.321569
65 39 -6 0.349020 0.337255 0.321569
66 39 -7 0.349020 0.337255 0.321569
66 39 -6 0.349020 0.337255 0.321569
67 39 -7 0.349020 0.337255 0.321569
67 39 -6 0.349020 0.337255 0.321569
68 39 -7 0.349020 0.337255 0.321569
68 39 -6 0.349020 0.337255 0.321569
69 39 -7 0.349020 0.337255 0.321569
69 39 -6 0.349020 0.337255 0.321569
70 39 -7 0.349020 0.337255 0.321569
70 39 -6 0.349020 0.337255 0.321569
71 39 -7 0.349020 0.337255 0.321569
71 39 -6 0.349020 0.337255 0.321569
72 39 -7 0.349020 0.337255 0.321569
73 39 -7 0.349020 0.337255 0.321569
65 39 -1 0.349020 0.337255 0.321569
65 39 0 0.349020 0.337255 0.321569
66 39 -1 0.349020 0.337255 0.321569
66 39 0 0.349020 0.337255 0.321569
67 39 -1 0.349020 0.337255 0.321569
67 39 0 0.349020 0.337255 0.321569
68 39 -1 0.349020 0.337255 0.321569
68 39 0 0.349020 0.337255 0.321569
69 39 -1 0.349020 0.337255 0.321569
69 39 0 0.349020 0.337255 0.321569
70 39 -1 0.349020 0.337255 0.321569
70 39 0 0.349020 0.337255 0.321569
70 40 0 0.349020 0.337255 0.321569
70 40 -1 0.349020 0.337255 0.321569
69 40 -1 0.349020 0.337255 0.321569
69 40 0 0.349020 0.337255 0.321569
71 40 0 0.349020 0.337255 0.321569
71 40 -1 0.349020 0.337255 0.321569
72 40 0 0.349020 0.337255 0.321569
72 40 -1 0.349020 0.337255 0.321569
65 39 -2 0.349020 0.337255 0.321569
66 39 -2 0.349020 0.337255 0.321569
67 39 -2 0.349020 0.337255 0.321569
68 39 -2 0.349020 0.337255 0.321569
69 39 -2 0.349020 0.337255 0.321569
70 39 -2 0.349020 0.337255 0.321569
70 40 -2 0.349020 0.337255 0.321569
69 40 -2 0.349020 0.337255 0.321569
71 40 -2 0.349020 0.337255 0.321569
72 40 -2 0.349020 0.337255 0.321569
65 39 -3 0.349020 0.337255 0.321569
66 39 -3 0.349020 0.337255 0.321569
67 39 -3 0.349020 0.337255 0.321569
68 39 -3 0.349020 0.337255 0.321569
69 39 -3 0.349020 0.337255 0.321569
69 40 -3 0.349020 0.337255 0.321569
68 40 -3 0.349020 0.337255 0.321569
68 40 -2 0.349020 0.337255 0.321569
70 39 -3 0.349020 0.337255 0.321569
70 40 -3 0.349020 0.337255 0.321569
71 40 -3 0.349020 0.337255 0.321569
72 40 -3 0.349020 0.337255 0.321569
65 39 -4 0.349020 0.337255 0.321569
65 40 -3 0.349020 0.337255 0.321569
65 40 -4 0.349020 0.337255 0.321569
66 39 -4 0.349020 0.337255 0.321569
66 40 -3 0.349020 0.337255 0.321569
66 40 -4 0.349020 0.337255 0.321569
67 39 -4 0.349020 0.337255 0.321569
67 40 -3 0.349020 0.337255 0.321569
67 40 -4 0.349020 0.337255 0.321569
68 39 -4 0.349020 0.337255 0.321569
68 40 -4 0.349020 0.337255 0.321569
69 39 -4 0.349020 0.337255 0.321569
69 40 -4 0.349020 0.337255 0.321569
70 39 -4 0.349020 0.337255 0.321569
70 40 -4 0.349020 0.337255 0.321569
71 40 -4 0.349020 0.337255 0.321569
72 40 -4 0.349020 0.337255 0.321569
65 40 -5 0.349020 0.337255 0.321569
66 40 -5 0.349020 0.337255 0.321569
67 40 -5 0.349020 0.337255 0.321569
68 40 -5 0.349020 0.337255 0.321569
69 40 -5 0.349020 0.337255 0.321569
70 40 -5 0.349020 0.337255 0.321569
71 40 -5 0.349020 0.337255 0.321569
72 40 -5 0.349020 0.337255 0.321569
65 40 -6 0.349020 0.337255 0.321569
66 40 -6 0.349020 0.337255 0.321569
67 40 -6 0.349020 0.337255 0.321569
68 40 -6 0.349020 0.337255 0.321569
69 40 -6 0.349020 0.337255 0.321569
70 40 -6 0.349020 0.337255 0.321569
71 40 -6 0.349020 0.337255 0.321569
72 40 -6 0.349020 0.337255 0.321569
65 41 0 0.349020 0.337255 0.321569
65 41 -1 0.349020 0.337255 0.321569
66 41 0 0.349020 0.337255 0.321569
66 41 -1 0.349020 0.337255 0.321569
67 41 0 0.349020 0.337255 0.321569
67 41 -1 0.349020 0.337255 0.321569
68 41 0 0.349020 0.337255 0.321569
68 41 -1 0.349020 0.337255 0.321569
69 41 0 0.349020 0.337255 0.321569
69 41 -1 0.349020 0.337255 0.321569
65 41 -2 0.349020 0.337255 0.321569
66 41 -2 0.349020 0.337255 0.321569
67 41 -2 0.349020 0.337255 0.321569
68 41 -2 0.349020 0.337255 0.321569
69 41 -2 0.349020 0.337255 0.321569
65 41 -3 0.349020 0.337255 0.321569
66 41 -3 0.349020 0.337255 0.321569
67 41 -3 0.349020 0.337255 0.321569
68 41 -3 0.349020 0.337255 0.321569
4 0 1 2 3
4 0 4 5 1
4 0 3 6 4
4 1 7 8 2
4 9 5 10 11
4 1 5 9 7
4 7 12 13 8
4 14 9 11 15
4 7 9 14 12
4 12 16 17 13
4 18 14 15 19
4 12 14 18 16
4 16 20 21 17
4 22 18 19 23
4 16 18 22 20
4 20 24 25 21
4 26 22 23 27
4 20 22 26 24
4 24 28 29 25
4 30 26 27 31
4 24 26 30 28
4 28 32 33 29
4 34 30 31 35
4 28 30 34 32
4 32 36 37 33
4 38 34 35 39
4 32 34 38 36
4 36 40 41 37
4 42 38 39 43
4 36 38 42 40
4 40 44 45 41
4 46 42 43 47
4 40 42 46 44
4 44 48 49 45
4 50 46 47 51
4 44 46 50 48
4 48 52 53 49
4 54 50 51 55
4 48 50 54 52
4 4 56 57 5
4 5 57 58 10
4 4 6 59 56
4 56 60 61 57
4 57 61 62 58
4 56 59 63 60
4 60 64 65 61
4 61 65 66 62
4 60 63 67 64
4 64 68 69 65
4 65 69 70 66
4 64 67 71 68
4 68 72 73 69
4 69 73 74 70
4 68 71 75 72
4 72 76 77 73
4 73 77 78 74
4 72 75 79 76
4 76 80 81 77
4 77 81 82 78
4 76 79 83 80
4 80 84 85 81
4 81 85 86 82
4 80 83 87 84
4 84 88 89 85
4 85 89 90 86
4 84 87 91 88
4 88 92 93 89
4 89 93 94 90
4 88 91 95 92
4 92 96 97 93
4 93 97 98 94
4 92 95 99 96
4 96 100 101 97
4 97 101 102 98
4 96 99 103 100
4 3 2 104 105
4 3 105 106 6
4 2 8 107 104
4 11 10 108 109
4 8 13 110 107
4 15 11 109 111
4 13 17 112 110
4 19 15 111 113
4 17 21 114 112
4 23 19 113 115
4 21 25 116 114
4 27 23 115 117
4 25 29 118 116
4 31 27 117 119
4 29 33 120 118
4 35 31 119 121
4 33 37 122 120
4 39 35 121 123
4 37 41 124 122
4 43 39 123 125
4 41 45 126 124
4 47 43 125 127
4 45 49 128 126
4 51 47 127 129
4 49 53 130 128
4 55 51 129 131
4 10 58 132 108
4 6 106 133 59
4 58 62 134 132
4 59 133 135 63
4 62 66 136 134
4 63 135 137 67
4 66 70 138 136
4 67 137 139 71
4 70 74 140 138
4 71 139 141 75
4 74 78 142 140
4 75 141 143 79
4 78 82 144 142
4 79 143 145 83
4 82 86 146 144
4 83 145 147 87
4 86 90 148 146
4 87 147 149 91
4 90 94 150 148
4 91 149 151 95
4 94 98 152 150
4 95 151 153 99
4 98 102 154 152
4 99 153 155 103
4 100 156 157 101
4 101 157 158 102
4 100 103 159 156
4 156 160 161 157
4 157 161 162 158
4 156 159 163 160
4 160 164 165 161
4 161 165 166 162
4 160 163 167 164
4 164 168 169 165
4 165 169 170 166
4 164 167 171 168
4 168 172 173 169
4 169 173 174 170
4 168 171 175 172
4 172 176 177 173
4 173 177 178 174
4 172 175 179 176
4 180 181 182 183
4 176 181 180 177
4 176 179 182 181
4 177 184 185 178
4 186 180 183 187
4 177 180 186 184
4 184 188 189 185
4 190 186 187 191
4 184 186 190 188
4 188 192 193 189
4 194 190 191 195
4 188 190 194 192
4 192 196 197 193
4 198 194 195 199
4 192 194 198 196
4 196 200 201 197
4 202 198 199 203
4 196 198 202 200
4 200 204 205 201
4 206 202 203 207
4 200 202 206 204
4 204 208 209 205
4 210 206 207 211
4 204 206 210 208
4 208 212 213 209
4 214 210 211 215
4 208 210 214 212
4 212 216 217 213
4 218 214 215 219
4 212 214 218 216
4 216 220 221 217
4 222 218 219 223
4 216 218 222 220
4 220 224 225 221
4 226 222 223 227
4 220 222 226 224
4 224 228 229 225
4 230 226 227 231
4 224 226 230 228
4 102 158 232 154
4 103 155 233 159
4 158 162 234 232
4 159 233 235 163
4 162 166 236 234
4 163 235 237 167
4 166 170 238 236
4 167 237 239 171
4 170 174 240 238
4 171 239 241 175
4 174 178 242 240
4 175 241 243 179
4 183 182 244 245
4 179 243 244 182
4 178 185 246 242
4 187 183 245 247
4 185 189 248 246
4 191 187 247 249
4 189 193 250 248
4 195 191 249 251
4 193 197 252 250
4 199 195 251 253
4 197 201 254 252
4 203 199 253 255
4 201 205 256 254
4 207 203 255 257
4 205 209 258 256
4 211 207 257 259
4 209 213 260 258
4 215 211 259 261
4 213 217 262 260
4 219 215 261 263
4 217 221 264 262
4 223 219 263 265
4 221 225 266 264
4 227 223 265 267
4 225 229 268 266
4 231 227 267 269
4 228 270 271 229
4 272 230 231 273
4 228 230 272 270
4 270 274 275 271
4 276 272 273 277
4 270 272 276 274
4 274 278 279 275
4 280 276 277 281
4 274 276 280 278
4 278 282 283 279
4 284 280 281 285
4 278 280 284 282
4 282 286 287 283
4 288 284 285 289
4 282 284 288 286
4 286 290 291 287
4 292 288 289 293
4 286 288 292 290
4 290 294 295 291
4 296 292 293 297
4 290 292 296 294
4 294 298 299 295
4 300 296 297 301
4 294 296 300 298
4 298 302 303 299
4 304 300 301 305
4 298 300 304 302
4 302 306 307 303
4 308 304 305 309
4 302 304 308 306
4 306 310 311 307
4 312 308 309 313
4 306 308 312 310
4 310 314 315 311
4 316 312 313 317
4 310 312 316 314
4 314 318 319 315
4 320 316 317 321
4 314 316 320 318
4 318 322 323 319
4 324 320 321 325
4 318 320 324 322
4 322 326 327 323
4 328 324 325 329
4 322 324 328 326
4 326 330 331 327
4 332 328 329 333
4 326 328 332 330
4 229 271 334 268
4 273 231 269 335
4 271 275 336 334
4 277 273 335 337
4 275 279 338 336
4 281 277 337 339
4 279 283 340 338
4 285 281 339 341
4 283 287 342 340
4 289 285 341 343
4 287 291 344 342
4 293 289 343 345
4 291 295 346 344
4 297 293 345 347
4 295 299 348 346
4 301 297 347 349
4 299 303 350 348
4 305 301 349 351
4 303 307 352 350
4 309 305 351 353
4 307 311 354 352
4 313 309 353 355
4 311 315 356 354
4 317 313 355 357
4 315 319 358 356
4 321 317 357 359
4 319 323 360 358
4 325 321 359 361
4 323 327 362 360
4 329 325 361 363
4 327 331 364 362
4 333 329 363 365
4 330 366 367 331
4 368 332 333 369
4 330 332 368 366
4 366 370 371 367
4 372 368 369 373
4 366 368 372 370
4 370 374 375 371
4 376 372 373 377
4 370 372 376 374
4 374 378 379 375
4 380 376 377 381
4 374 376 380 378
4 378 382 383 379
4 384 380 381 385
4 378 380 384 382
4 382 386 387 383
4 388 384 385 389
4 382 384 388 386
4 386 390 391 387
4 392 388 389 393
4 386 388 392 390
4 390 394 395 391
4 396 392 393 397
4 390 392 396 394
4 394 398 399 395
4 400 396 397 401
4 394 396 400 398
4 398 402 403 399
4 404 400 401 405
4 398 400 404 402
4 402 406 407 403
4 408 404 405 409
4 402 404 408 406
4 406 410 411 407
4 412 408 409 413
4 406 408 412 410
4 410 414 415 411
4 416 412 413 417
4 410 412 416 414
4 414 418 419 415
4 420 416 417 421
4 414 416 420 418
4 418 422 423 419
4 424 420 421 425
4 418 420 424 422
4 422 426 427 423
4 428 424 425 429
4 422 424 428 426
4 331 367 430 364
4 369 333 365 431
4 367 371 432 430
4 373 369 431 433
4 371 375 434 432
4 377 373 433 435
4 375 379 436 434
4 381 377 435 437
4 379 383 438 436
4 385 381 437 439
4 383 387 440 438
4 389 385 439 441
4 387 391 442 440
4 393 389 441 443
4 391 395 444 442
4 397 393 443 445
4 395 399 446 444
4 401 397 445 447
4 399 403 448 446
4 405 401 447 449
4 403 407 450 448
4 409 405 449 451
4 407 411 452 450
4 413 409 451 453
4 411 415 454 452
4 417 413 453 455
4 415 419 456 454
4 421 417 455 457
4 419 423 458 456
4 425 421 457 459
4 423 427 460 458
4 429 425 459 461
4 426 462 463 427
4 464 428 429 465
4 426 428 464 462
4 462 466 467 463
4 468 464 465 469
4 462 464 468 466
4 466 470 471 467
4 472 468 469 473
4 466 468 472 470
4 470 474 475 471
4 476 472 473 477
4 470 472 476 474
4 474 478 479 475
4 480 476 477 481
4 474 476 480 478
4 478 482 483 479
4 484 480 481 485
4 478 480 484 482
4 482 486 487 483
4 488 484 485 489
4 482 484 488 486
4 486 490 491 487
4 492 488 489 493
4 486 488 492 490
4 490 494 495 491
4 496 492 493 497
4 490 492 496 494
4 494 498 499 495
4 500 496 497 501
4 494 496 500 498
4 498 502 503 499
4 504 500 501 505
4 498 500 504 502
4 502 506 507 503
4 508 504 505 509
4 502 504 508 506
4 506 510 511 507
4 512 508 509 513
4 506 508 512 510
4 510 514 515 511
4 516 512 513 517
4 510 512 516 514
4 514 518 519 515
4 520 516 517 521
4 514 516 520 518
4 518 522 523 519
4 524 520 521 525
4 518 520 524 522
4 427 463 526 460
4 465 429 461 527
4 463 467 528 526
4 469 465 527 529
4 467 471 530 528
4 473 469 529 531
4 471 475 532 530
4 477 473 531 533
4 475 479 534 532
4 481 477 533 535
4 479 483 536 534
4 485 481 535 537
4 483 487 538 536
4 489 485 537 539
4 487 491 540 538
4 493 489 539 541
4 491 495 542 540
4 497 493 541 543
4 495 499 544 542
4 501 497 543 545
4 499 503 546 544
4 505 501 545 547
4 503 507 548 546
4 509 505 547 549
4 507 511 550 548
4 513 509 549 551
4 511 515 552 550
4 517 513 551 553
4 515 519 554 552
4 521 517 553 555
4 519 523 556 554
4 525 521 555 557
4 522 558 559 523
4 560 524 525 561
4 522 524 560 558
4 558 562 563 559
4 564 560 561 565
4 558 560 564 562
4 562 566 567 563
4 568 564 565 569
4 562 564 568 566
4 566 570 571 567
4 572 568 569 573
4 566 568 572 570
4 570 574 575 571
4 576 572 573 577
4 570 572 576 574
4 574 578 579 575
4 580 576 577 581
4 574 576 580 578
4 578 582 583 579
4 584 580 581 585
4 578 580 584 582
4 582 586 587 583
4 588 584 585 589
4 582 584 588 586
4 586 590 591 587
4 592 588 589 593
4 586 588 592 590
4 590 594 595 591
4 596 592 593 597
4 590 592 596 594
4 594 598 599 595
4 600 596 597 601
4 594 596 600 598
4 598 602 603 599
4 604 600 601 605
4 598 600 604 602
4 602 606 607 603
4 608 604 605 609
4 602 604 608 606
4 606 610 611 607
4 612 608 609 613
4 606 608 612 610
4 610 614 615 611
4 616 612 613 617
4 610 612 616 614
4 614 618 619 615
4 620 616 617 621
4 614 616 620 618
4 523 559 622 556
4 561 525 557 623
4 559 563 624 622
4 565 561 623 625
4 563 567 626 624
4 569 565 625 627
4 567 571 628 626
4 573 569 627 629
4 571 575 630 628
4 577 573 629 631
4 575 579 632 630
4 581 577 631 633
4 579 583 634 632
4 585 581 633 635
4 583 587 636 634
4 589 585 635 637
4 587 591 638 636
4 593 589 637 639
4 591 595 640 638
4 597 593 639 641
4 595 599 642 640
4 601 597 641 643
4 599 603 644 642
4 605 601 643 645
4 603 607 646 644
4 609 605 645 647
4 607 611 648 646
4 613 609 647 649
4 611 615 650 648
4 617 613 649 651
4 615 619 652 650
4 621 617 651 653
4 654 655 656 657
4 657 656 658 659
4 654 660 661 655
4 655 662 663 656
4 656 663 664 658
4 655 661 665 662
4 662 666 667 663
4 663 667 668 664
4 662 665 669 666
4 666 670 671 667
4 667 671 672 668
4 666 669 673 670
4 670 674 675 671
4 671 675 676 672
4 670 673 677 674
4 674 678 679 675
4 675 679 680 676
4 674 677 681 678
4 618 682 683 619
4 684 620 621 685
4 618 620 684 682
4 682 686 687 683
4 688 684 685 689
4 682 684 688 686
4 686 690 691 687
4 692 688 689 693
4 686 688 692 690
4 690 694 695 691
4 696 692 693 697
4 690 692 696 694
4 694 698 699 695
4 700 696 697 701
4 694 696 700 698
4 698 702 703 699
4 704 700 701 705
4 698 700 704 702
4 702 706 707 703
4 708 704 705 709
4 702 704 708 706
4 706 678 681 707
4 710 708 709 711
4 706 708 710 678
4 712 710 711 713
4 678 710 712 679
4 679 712 713 680
4 659 658 714 715
4 660 716 717 661
4 658 664 718 714
4 661 717 719 665
4 664 668 720 718
4 665 719 721 669
4 668 672 722 720
4 669 721 723 673
4 672 676 724 722
4 673 723 725 677
4 676 680 726 724
4 677 725 727 681
4 619 683 728 652
4 685 621 653 729
4 683 687 730 728
4 689 685 729 731
4 687 691 732 730
4 693 689 731 733
4 691 695 734 732
4 697 693 733 735
4 695 699 736 734
4 701 697 735 737
4 699 703 738 736
4 705 701 737 739
4 703 707 740 738
4 709 705 739 741
4 707 681 727 740
4 711 709 741 742
4 713 711 742 743
4 680 713 743 726
4 744 745 746 747
4 748 749 750 751
4 744 749 748 745
4 745 752 753 746
4 754 748 751 755
4 745 748 754 752
4 752 756 757 753
4 758 754 755 759
4 752 754 758 756
4 756 760 761 757
4 762 758 759 763
4 756 758 762 760
4 760 764 765 761
4 766 762 763 767
4 760 762 766 764
4 764 768 769 765
4 770 766 767 771
4 764 766 770 768
4 768 772 773 769
4 774 770 771 775
4 768 770 774 772
4 772 776 777 773
4 778 774 775 779
4 772 774 778 776
4 776 780 781 777
4 776 778 782 780
4 780 782 783 781
4 778 784 785 782
4 782 785 786 783
4 778 779 787 784
4 784 788 789 785
4 785 789 790 786
4 784 787 791 788
4 788 792 793 789
4 789 793 794 790
4 788 791 795 792
4 792 796 797 793
4 793 797 798 794
4 792 795 799 796
4 796 800 801 797
4 797 801 802 798
4 796 799 803 800
4 800 804 805 801
4 801 805 806 802
4 800 803 807 804
4 804 808 809 805
4 805 809 810 806
4 804 807 811 808
4 808 812 813 809
4 809 813 814 810
4 808 811 815 812
4 812 816 817 813
4 813 817 818 814
4 812 815 819 816
4 816 820 821 817
4 817 821 822 818
4 816 819 823 820
4 820 824 825 821
4 821 825 826 822
4 820 823 827 824
4 824 654 657 825
4 825 657 659 826
4 824 827 660 654
4 747 746 828 829
4 751 750 830 831
4 746 753 832 828
4 755 751 831 833
4 753 757 834 832
4 759 755 833 835
4 757 761 836 834
4 763 759 835 837
4 761 765 838 836
4 767 763 837 839
4 765 769 840 838
4 771 767 839 841
4 769 773 842 840
4 775 771 841 843
4 773 777 844 842
4 779 775 843 845
4 777 781 846 844
4 781 783 847 846
4 783 786 848 847
4 779 845 849 787
4 786 790 850 848
4 787 849 851 791
4 790 794 852 850
4 791 851 853 795
4 794 798 854 852
4 795 853 855 799
4 798 802 856 854
4 799 855 857 803
4 802 806 858 856
4 803 857 859 807
4 806 810 860 858
4 807 859 861 811
4 810 814 862 860
4 811 861 863 815
4 814 818 864 862
4 815 863 865 819
4 818 822 866 864
4 819 865 867 823
4 822 826 868 866
4 823 867 869 827
4 826 659 715 868
4 827 869 716 660
4 52 870 871 53
4 872 54 55 873
4 52 54 872 870
4 870 874 875 871
4 876 872 873 877
4 870 872 876 874
4 874 878 879 875
4 880 876 877 881
4 874 876 880 878
4 878 882 883 879
4 884 880 881 885
4 878 880 884 882
4 882 886 887 883
4 888 884 885 889
4 882 884 888 886
4 886 890 891 887
4 892 888 889 893
4 886 888 892 890
4 890 894 895 891
4 896 892 893 897
4 890 892 896 894
4 894 898 899 895
4 900 896 897 901
4 894 896 900 898
4 898 902 903 899
4 904 900 901 905
4 898 900 904 902
4 902 906 907 903
4 908 904 905 909
4 902 904 908 906
4 906 910 911 907
4 912 908 909 913
4 906 908 912 910
4 910 914 915 911
4 916 912 913 917
4 910 912 916 914
4 914 918 919 915
4 920 916 917 921
4 914 916 920 918
4 918 922 923 919
4 924 920 921 925
4 918 920 924 922
4 922 926 927 923
4 928 924 925 929
4 922 924 928 926
4 926 930 931 927
4 932 928 929 933
4 926 928 932 930
4 53 871 934 130
4 873 55 131 935
4 871 875 936 934
4 877 873 935 937
4 875 879 938 936
4 881 877 937 939
4 879 883 940 938
4 885 881 939 941
4 883 887 942 940
4 889 885 941 943
4 887 891 944 942
4 893 889 943 945
4 891 895 946 944
4 897 893 945 947
4 895 899 948 946
4 901 897 947 949
4 899 903 950 948
4 905 901 949 951
4 903 907 952 950
4 909 905 951 953
4 907 911 954 952
4 913 909 953 955
4 911 915 956 954
4 917 913 955 957
4 915 919 958 956
4 921 917 957 959
4 919 923 960 958
4 925 921 959 961
4 923 927 962 960
4 929 925 961 963
4 927 931 964 962
4 933 929 963 965
4 930 966 967 931
4 968 932 933 969
4 930 932 968 966
4 966 970 971 967
4 972 968 969 973
4 966 968 972 970
4 970 974 975 971
4 976 972 973 977
4 970 972 976 974
4 974 978 979 975
4 980 976 977 981
4 974 976 980 978
4 978 982 983 979
4 984 980 981 985
4 978 980 984 982
4 982 986 987 983
4 988 984 985 989
4 982 984 988 986
4 986 990 991 987
4 992 988 989 993
4 986 988 992 990
4 990 994 995 991
4 996 992 993 997
4 990 992 996 994
4 994 998 999 995
4 1000 996 997 1001
4 994 996 1000 998
4 998 1002 1003 999
4 1004 1000 1001 1005
4 998 1000 1004 1002
4 1002 1006 1007 1003
4 1008 1004 1005 1009
4 1002 1004 1008 1006
4 1006 1010 1011 1007
4 1012 1008 1009 1013
4 1006 1008 1012 1010
4 1010 1014 1015 1011
4 1016 1012 1013 1017
4 1010 1012 1016 1014
4 1014 1018 1019 1015
4 1020 1016 1017 1021
4 1014 1016 1020 1018
4 1018 1022 1023 1019
4 1024 1020 1021 1025
4 1018 1020 1024 1022
4 1022 1026 1027 1023
4 1028 1024 1025 1029
4 1022 1024 1028 1026
4 931 967 1030 964
4 969 933 965 1031
4 967 971 1032 1030
4 973 969 1031 1033
4 971 975 1034 1032
4 977 973 1033 1035
4 975 979 1036 1034
4 981 977 1035 1037
4 979 983 1038 1036
4 985 981 1037 1039
4 983 987 1040 1038
4 989 985 1039 1041
4 987 991 1042 1040
4 993 989 1041 1043
4 991 995 1044 1042
4 997 993 1043 1045
4 995 999 1046 1044
4 1001 997 1045 1047
4 999 1003 1048 1046
4 1005 1001 1047 1049
4 1003 1007 1050 1048
4 1009 1005 1049 1051
4 1007 1011 1052 1050
4 1013 1009 1051 1053
4 1011 1015 1054 1052
4 1017 1013 1053 1055
4 1015 1019 1056 1054
4 1021 1017 1055 1057
4 1019 1023 1058 1056
4 1025 1021 1057 1059
4 1023 1027 1060 1058
4 1029 1025 1059 1061
4 1026 1062 1063 1027
4 1064 1028 1029 1065
4 1026 1028 1064 1062
4 1062 1066 1067 1063
4 1068 1064 1065 1069
4 1062 1064 1068 1066
4 1066 1070 1071 1067
4 1072 1068 1069 1073
4 1066 1068 1072 1070
4 1070 1074 1075 1071
4 1076 1072 1073 1077
4 1070 1072 1076 1074
4 1074 1078 1079 1075
4 1080 1076 1077 1081
4 1074 1076 1080 1078
4 1078 1082 1083 1079
4 1084 1080 1081 1085
4 1078 1080 1084 1082
4 1082 1086 1087 1083
4 1088 1084 1085 1089
4 1082 1084 1088 1086
4 1086 1090 1091 1087
4 1092 1088 1089 1093
4 1086 1088 1092 1090
4 1090 1094 1095 1091
4 1096 1092 1093 1097
4 1090 1092 1096 1094
4 1094 1098 1099 1095
4 1100 1096 1097 1101
4 1094 1096 1100 1098
4 1098 1102 1103 1099
4 1104 1100 1101 1105
4 1098 1100 1104 1102
4 1102 1106 1107 1103
4 1108 1104 1105 1109
4 1102 1104 1108 1106
4 1106 1110 1111 1107
4 1112 1108 1109 1113
4 1106 1108 1112 1110
4 1110 1114 1115 1111
4 1116 1112 1113 1117
4 1110 1112 1116 1114
4 1114 1118 1119 1115
4 1120 1116 1117 1121
4 1114 1116 1120 1118
4 1118 1122 1123 1119
4 1124 1120 1121 1125
4 1118 1120 1124 1122
4 1027 1063 1126 1060
4 1065 1029 1061 1127
4 1063 1067 1128 1126
4 1069 1065 1127 1129
4 1067 1071 1130 1128
4 1073 1069 1129 1131
4 1071 1075 1132 1130
4 1077 1073 1131 1133
4 1075 1079 1134 1132
4 1081 1077 1133 1135
4 1079 1083 1136 1134
4 1085 1081 1135 1137
4 1083 1087 1138 1136
4 1089 1085 1137 1139
4 1087 1091 1140 1138
4 1093 1089 1139 1141
4 1091 1095 1142 1140
4 1097 1093 1141 1143
4 1095 1099 1144 1142
4 1101 1097 1143 1145
4 1099 1103 1146 1144
4 1105 1101 1145 1147
4 1103 1107 1148 1146
4 1109 1105 1147 1149
4 1107 1111 1150 1148
4 1113 1109 1149 1151
4 1111 1115 1152 1150
4 1117 1113 1151 1153
4 1115 1119 1154 1152
4 1121 1117 1153 1155
4 1119 1123 1156 1154
4 1125 1121 1155 1157
4 1122 1158 1159 1123
4 1160 1124 1125 1161
4 1122 1124 1160 1158
4 1158 1162 1163 1159
4 1164 1160 1161 1165
4 1158 1160 1164 1162
4 1162 1166 1167 1163
4 1168 1164 1165 1169
4 1162 1164 1168 1166
4 1166 1170 1171 1167
4 1172 1168 1169 1173
4 1166 1168 1172 1170
4 1170 1174 1175 1171
4 1176 1172 1173 1177
4 1170 1172 1176 1174
4 1174 1178 1179 1175
4 1180 1176 1177 1181
4 1174 1176 1180 1178
4 1178 1182 1183 1179
4 1184 1180 1181 1185
4 1178 1180 1184 1182
4 1182 1186 1187 1183
4 1188 1184 1185 1189
4 1182 1184 1188 1186
4 1186 1190 1191 1187
4 1192 1188 1189 1193
4 1186 1188 1192 1190
4 1190 1194 1195 1191
4 1196 1192 1193 1197
4 1190 1192 1196 1194
4 1194 1198 1199 1195
4 1200 1196 1197 1201
4 1194 1196 1200 1198
4 1198 1202 1203 1199
4 1204 1200 1201 1205
4 1198 1200 1204 1202
4 1202 1206 1207 1203
4 1208 1204 1205 1209
4 1202 1204 1208 1206
4 1206 1210 1211 1207
4 1212 1208 1209 1213
4 1206 1208 1212 1210
4 1210 1214 1215 1211
4 1216 1212 1213 1217
4 1210 1212 1216 1214
4 1214 744 747 1215
4 749 1216 1217 750
4 1214 1216 749 744
4 1123 1159 1218 1156
4 1161 1125 1157 1219
4 1159 1163 1220 1218
4 1165 1161 1219 1221
4 1163 1167 1222 1220
4 1169 1165 1221 1223
4 1167 1171 1224 1222
4 1173 1169 1223 1225
4 1171 1175 1226 1224
4 1177 1173 1225 1227
4 1175 1179 1228 1226
4 1181 1177 1227 1229
4 1179 1183 1230 1228
4 1185 1181 1229 1231
4 1183 1187 1232 1230
4 1189 1185 1231 1233
4 1187 1191 1234 1232
4 1193 1189 1233 1235
4 1191 1195 1236 1234
4 1197 1193 1235 1237
4 1195 1199 1238 1236
4 1201 1197 1237 1239
4 1199 1203 1240 1238
4 1205 1201 1239 1241
4 1203 1207 1242 1240
4 1209 1205 1241 1243
4 1207 1211 1244 1242
4 1213 1209 1243 1245
4 1211 1215 1246 1244
4 1217 1213 1245 1247
4 1215 747 829 1246
4 750 1217 1247 830
4 1248 1249 1250 1251
4 1248 1251 1252 1253
4 1249 1254 1255 1250
4 1256 1257 1258 1259
4 1254 1260 1261 1255
4 1262 1256 1259 1263
4 1260 1264 1265 1261
4 1266 1262 1263 1267
4 1264 1268 1269 1265
4 1270 1266 1267 1271
4 1268 1272 1273 1269
4 1274 1270 1271 1275
4 1272 1276 1277 1273
4 1278 1274 1275 1279
4 1276 1280 1281 1277
4 1282 1278 1279 1283
4 1280 1284 1285 1281
4 1286 1282 1283 1287
4 1284 1288 1289 1285
4 1290 1286 1287 1291
4 1288 1292 1293 1289
4 1294 1290 1291 1295
4 1292 1296 1297 1293
4 1298 1294 1295 1299
4 1296 1300 1301 1297
4 1302 1298 1299 1303
4 1257 1304 1305 1258
4 1253 1252 1306 1307
4 1304 1308 1309 1305
4 1307 1306 1310 1311
4 1308 1312 1313 1309
4 1311 1310 1314 1315
4 1312 1316 1317 1313
4 1315 1314 1318 1319
4 1316 1320 1321 1317
4 1319 1318 1322 1323
4 1320 1324 1325 1321
4 1323 1322 1326 1327
4 1324 1328 1329 1325
4 1327 1326 1330 1331
4 1328 1332 1333 1329
4 1331 1330 1334 1335
4 1332 1336 1337 1333
4 1335 1334 1338 1339
4 1336 1340 1341 1337
4 1339 1338 1342 1343
4 1340 1344 1345 1341
4 1343 1342 1346 1347
4 1344 1348 1349 1345
4 1347 1346 1350 1351
4 1251 1250 1352 1353
4 1251 1353 1354 1252
4 1250 1255 1355 1352
4 1259 1258 1356 1357
4 1255 1261 1358 1355
4 1263 1259 1357 1359
4 1261 1265 1360 1358
4 1267 1263 1359 1361
4 1265 1269 1362 1360
4 1271 1267 1361 1363
4 1269 1273 1364 1362
4 1275 1271 1363 1365
4 1273 1277 1366 1364
4 1279 1275 1365 1367
4 1277 1281 1368 1366
4 1283 1279 1367 1369
4 1281 1285 1370 1368
4 1287 1283 1369 1371
4 1285 1289 1372 1370
4 1291 1287 1371 1373
4 1289 1293 1374 1372
4 1295 1291 1373 1375
4 1293 1297 1376 1374
4 1299 1295 1375 1377
4 1297 1301 1378 1376
4 1303 1299 1377 1379
4 1258 1305 1380 1356
4 1252 1354 1381 1306
4 1305 1309 1382 1380
4 1306 1381 1383 1310
4 1309 1313 1384 1382
4 1310 1383 1385 1314
4 1313 1317 1386 1384
4 1314 1385 1387 1318
4 1317 1321 1388 1386
4 1318 1387 1389 1322
4 1321 1325 1390 1388
4 1322 1389 1391 1326
4 1325 1329 1392 1390
4 1326 1391 1393 1330
4 1329 1333 1394 1392
4 1330 1393 1395 1334
4 1333 1337 1396 1394
4 1334 1395 1397 1338
4 1337 1341 1398 1396
4 1338 1397 1399 1342
4 1341 1345 1400 1398
4 1342 1399 1401 1346
4 1345 1349 1402 1400
4 1346 1401 1403 1350
4 1353 1352 1404 1405
4 1353 1405 1406 1354
4 1352 1355 1407 1404
4 1357 1356 1408 1409
4 1355 1358 1410 1407
4 1359 1357 1409 1411
4 1358 1360 1412 1410
4 1361 1359 1411 1413
4 1360 1362 1414 1412
4 1363 1361 1413 1415
4 1362 1364 1416 1414
4 1365 1363 1415 1417
4 1364 1366 1418 1416
4 1367 1365 1417 1419
4 1366 1368 1420 1418
4 1369 1367 1419 1421
4 1368 1370 1422 1420
4 1371 1369 1421 1423
4 1370 1372 1424 1422
4 1373 1371 1423 1425
4 1372 1374 1426 1424
4 1375 1373 1425 1427
4 1374 1376 1428 1426
4 1377 1375 1427 1429
4 1376 1378 1430 1428
4 1379 1377 1429 1431
4 1356 1380 1432 1408
4 1354 1406 1433 1381
4 1380 1382 1434 1432
4 1381 1433 1435 1383
4 1382 1384 1436 1434
4 1383 1435 1437 1385
4 1384 1386 1438 1436
4 1385 1437 1439 1387
4 1386 1388 1440 1438
4 1387 1439 1441 1389
4 1388 1390 1442 1440
4 1389 1441 1443 1391
4 1390 1392 1444 1442
4 1391 1443 1445 1393
4 1392 1394 1446 1444
4 1393 1445 1447 1395
4 1394 1396 1448 1446
4 1395 1447 1449 1397
4 1396 1398 1450 1448
4 1397 1449 1451 1399
4 1398 1400 1452 1450
4 1399 1451 1453 1401
4 1400 1402 1454 1452
4 1401 1453 1455 1403
4 1405 1404 1456 1457
4 1405 1457 1458 1406
4 1404 1407 1459 1456
4 1409 1408 1460 1461
4 1407 1410 1462 1459
4 1411 1409 1461 1463
4 1410 1412 1464 1462
4 1413 1411 1463 1465
4 1412 1414 1466 1464
4 1415 1413 1465 1467
4 1414 1416 1468 1466
4 1417 1415 1467 1469
4 1416 1418 1470 1468
4 1419 1417 1469 1471
4 1418 1420 1472 1470
4 1421 1419 1471 1473
4 1420 1422 1474 1472
4 1423 1421 1473 1475
4 1422 1424 1476 1474
4 1425 1423 1475 1477
4 1424 1426 1478 1476
4 1427 1425 1477 1479
4 1426 1428 1480 1478
4 1429 1427 1479 1481
4 1428 1430 1482 1480
4 1431 1429 1481 1483
4 1408 1432 1484 1460
4 1406 1458 1485 1433
4 1432 1434 1486 1484
4 1433 1485 1487 1435
4 1434 1436 1488 1486
4 1435 1487 1489 1437
4 1436 1438 1490 1488
4 1437 1489 1491 1439
4 1438 1440 1492 1490
4 1439 1491 1493 1441
4 1440 1442 1494 1492
4 1441 1493 1495 1443
4 1442 1444 1496 1494
4 1443 1495 1497 1445
4 1444 1446 1498 1496
4 1445 1497 1499 1447
4 1446 1448 1500 1498
4 1447 1499 1501 1449
4 1448 1450 1502 1500
4 1449 1501 1503 1451
4 1450 1452 1504 1502
4 1451 1503 1505 1453
4 1452 1454 1506 1504
4 1453 1505 1507 1455
4 1457 1456 1508 1509
4 1457 1509 1510 1458
4 1456 1459 1511 1508
4 1461 1460 1512 1513
4 1459 1462 1514 1511
4 1463 1461 1513 1515
4 1462 1464 1516 1514
4 1465 1463 1515 1517
4 1464 1466 1518 1516
4 1467 1465 1517 1519
4 1466 1468 1520 1518
4 1469 1467 1519 1521
4 1468 1470 1522 1520
4 1471 1469 1521 1523
4 1470 1472 1524 1522
4 1473 1471 1523 1525
4 1472 1474 1526 1524
4 1475 1473 1525 1527
4 1474 1476 1528 1526
4 1477 1475 1527 1529
4 1476 1478 1530 1528
4 1479 1477 1529 1531
4 1478 1480 1532 1530
4 1481 1479 1531 1533
4 1480 1482 1534 1532
4 1483 1481 1533 1535
4 1460 1484 1536 1512
4 1458 1510 1537 1485
4 1484 1486 1538 1536
4 1485 1537 1539 1487
4 1486 1488 1540 1538
4 1487 1539 1541 1489
4 1488 1490 1542 1540
4 1489 1541 1543 1491
4 1490 1492 1544 1542
4 1491 1543 1545 1493
4 1492 1494 1546 1544
4 1493 1545 1547 1495
4 1494 1496 1548 1546
4 1495 1547 1549 1497
4 1496 1498 1550 1548
4 1497 1549 1551 1499
4 1498 1500 1552 1550
4 1499 1551 1553 1501
4 1500 1502 1554 1552
4 1501 1553 1555 1503
4 1502 1504 1556 1554
4 1503 1555 1557 1505
4 1504 1506 1558 1556
4 1505 1557 1559 1507
4 1509 1508 1560 1561
4 1509 1561 1562 1510
4 1508 1511 1563 1560
4 1513 1512 1564 1565
4 1511 1514 1566 1563
4 1515 1513 1565 1567
4 1514 1516 1568 1566
4 1517 1515 1567 1569
4 1516 1518 1570 1568
4 1519 1517 1569 1571
4 1518 1520 1572 1570
4 1521 1519 1571 1573
4 1520 1522 1574 1572
4 1523 1521 1573 1575
4 1522 1524 1576 1574
4 1525 1523 1575 1577
4 1524 1526 1578 1576
4 1527 1525 1577 1579
4 1526 1528 1580 1578
4 1529 1527 1579 1581
4 1528 1530 1582 1580
4 1531 1529 1581 1583
4 1530 1532 1584 1582
4 1533 1531 1583 1585
4 1532 1534 1586 1584
4 1535 1533 1585 1587
4 1512 1536 1588 1564
4 1510 1562 1589 1537
4 1536 1538 1590 1588
4 1537 1589 1591 1539
4 1538 1540 1592 1590
4 1539 1591 1593 1541
4 1540 1542 1594 1592
4 1541 1593 1595 1543
4 1542 1544 1596 1594
4 1543 1595 1597 1545
4 1544 1546 1598 1596
4 1545 1597 1599 1547
4 1546 1548 1600 1598
4 1547 1599 1601 1549
4 1548 1550 1602 1600
4 1549 1601 1603 1551
4 1550 1552 1604 1602
4 1551 1603 1605 1553
4 1552 1554 1606 1604
4 1553 1605 1607 1555
4 1554 1556 1608 1606
4 1555 1607 1609 1557
4 1556 1558 1610 1608
4 1557 1609 1611 1559
4 1561 1560 1612 1613
4 1612 1614 1615 1613
4 1561 1613 1615 1562
4 1560 1563 1616 1612
4 1616 1617 1614 1612
4 1563 1566 1618 1616
4 1618 1619 1617 1616
4 1566 1568 1620 1618
4 1620 1621 1619 1618
4 1568 1570 1622 1620
4 1622 1623 1621 1620
4 1570 1572 1624 1622
4 1624 1625 1623 1622
4 1572 1574 1626 1624
4 1626 1627 1625 1624
4 1574 1576 1628 1626
4 1628 1629 1627 1626
4 1576 1578 1630 1628
4 1630 1631 1629 1628
4 1578 1580 1632 1630
4 1632 1633 1631 1630
4 1580 1582 1634 1632
4 1634 1635 1633 1632
4 1582 1584 1636 1634
4 1636 1637 1635 1634
4 1584 1586 1638 1636
4 1638 1639 1637 1636
4 1614 1640 1641 1615
4 1562 1615 1641 1589
4 1564 1588 1642 1565
4 1643 1642 1644 1645
4 1565 1642 1643 1567
4 1646 1643 1645 1647
4 1567 1643 1646 1569
4 1648 1646 1647 1649
4 1569 1646 1648 1571
4 1650 1648 1649 1651
4 1571 1648 1650 1573
4 1652 1650 1651 1653
4 1573 1650 1652 1575
4 1654 1652 1653 1655
4 1575 1652 1654 1577
4 1656 1654 1655 1657
4 1577 1654 1656 1579
4 1658 1656 1657 1659
4 1579 1656 1658 1581
4 1660 1658 1659 1661
4 1581 1658 1660 1583
4 1662 1660 1661 1663
4 1583 1660 1662 1585
4 1664 1662 1663 1665
4 1585 1662 1664 1587
4 1640 1666 1667 1641
4 1589 1641 1667 1591
4 1588 1590 1668 1642
4 1642 1668 1669 1644
4 1666 1670 1671 1667
4 1591 1667 1671 1593
4 1590 1592 1672 1668
4 1668 1672 1673 1669
4 1670 1674 1675 1671
4 1593 1671 1675 1595
4 1592 1594 1676 1672
4 1672 1676 1677 1673
4 1674 1678 1679 1675
4 1595 1675 1679 1597
4 1594 1596 1680 1676
4 1676 1680 1681 1677
4 1678 1682 1683 1679
4 1597 1679 1683 1599
4 1596 1598 1684 1680
4 1680 1684 1685 1681
4 1682 1686 1687 1683
4 1599 1683 1687 1601
4 1598 1600 1688 1684
4 1684 1688 1689 1685
4 1686 1690 1691 1687
4 1601 1687 1691 1603
4 1600 1602 1692 1688
4 1688 1692 1693 1689
4 1690 1694 1695 1691
4 1603 1691 1695 1605
4 1602 1604 1696 1692
4 1692 1696 1697 1693
4 1694 1698 1699 1695
4 1605 1695 1699 1607
4 1604 1606 1700 1696
4 1696 1700 1701 1697
4 1698 1702 1703 1699
4 1607 1699 1703 1609
4 1606 1608 1704 1700
4 1700 1704 1705 1701
4 1702 1706 1707 1703
4 1609 1703 1707 1611
4 1608 1610 1708 1704
4 1704 1708 1709 1705
4 1614 1617 1710 1711
4 1710 1712 1713 1711
4 1614 1711 1713 1640
4 1617 1619 1714 1710
4 1714 1715 1712 1710
4 1619 1621 1716 1714
4 1716 1717 1715 1714
4 1621 1623 1718 1716
4 1718 1719 1717 1716
4 1623 1625 1720 1718
4 1720 1721 1719 1718
4 1625 1627 1722 1720
4 1722 1723 1721 1720
4 1627 1629 1724 1722
4 1724 1725 1723 1722
4 1629 1631 1726 1724
4 1726 1727 1725 1724
4 1631 1633 1728 1726
4 1728 1729 1727 1726
4 1633 1635 1730 1728
4 1730 1731 1729 1728
4 1635 1637 1732 1730
4 1732 1733 1731 1730
4 1637 1639 1734 1732
4 1734 1735 1733 1732
4 1712 1736 1737 1713
4 1640 1713 1737 1666
4 1644 1669 1738 1645
4 1715 1739 1736 1712
4 1645 1738 1740 1647
4 1717 1741 1739 1715
4 1647 1740 1742 1649
4 1719 1743 1741 1717
4 1649 1742 1744 1651
4 1721 1745 1743 1719
4 1651 1744 1746 1653
4 1723 1747 1745 1721
4 1653 1746 1748 1655
4 1725 1749 1747 1723
4 1655 1748 1750 1657
4 1727 1751 1749 1725
4 1657 1750 1752 1659
4 1729 1753 1751 1727
4 1659 1752 1754 1661
4 1731 1755 1753 1729
4 1661 1754 1756 1663
4 1733 1757 1755 1731
4 1663 1756 1758 1665
4 1735 1759 1757 1733
4 1736 1760 1761 1737
4 1666 1737 1761 1670
4 1669 1673 1762 1738
4 1739 1763 1760 1736
4 1738 1762 1764 1740
4 1741 1765 1763 1739
4 1740 1764 1766 1742
4 1743 1767 1765 1741
4 1742 1766 1768 1744
4 1745 1769 1767 1743
4 1744 1768 1770 1746
4 1747 1771 1769 1745
4 1746 1770 1772 1748
4 1749 1773 1771 1747
4 1748 1772 1774 1750
4 1751 1775 1773 1749
4 1750 1774 1776 1752
4 1753 1777 1775 1751
4 1752 1776 1778 1754
4 1755 1779 1777 1753
4 1754 1778 1780 1756
4 1757 1781 1779 1755
4 1756 1780 1782 1758
4 1759 1783 1781 1757
4 1760 1784 1785 1761
4 1670 1761 1785 1674
4 1673 1677 1786 1762
4 1763 1787 1784 1760
4 1762 1786 1788 1764
4 1765 1789 1787 1763
4 1764 1788 1790 1766
4 1767 1791 1789 1765
4 1766 1790 1792 1768
4 1768 1792 1793 1770
4 1770 1793 1794 1772
4 1772 1794 1795 1774
4 1774 1795 1796 1776
4 1776 1796 1797 1778
4 1778 1797 1798 1780
4 1780 1798 1799 1782
4 1784 1800 1801 1785
4 1674 1785 1801 1678
4 1677 1681 1802 1786
4 1787 1803 1800 1784
4 1786 1802 1804 1788
4 1789 1805 1803 1787
4 1788 1804 1806 1790
4 1790 1806 1807 1792
4 1792 1807 1808 1793
4 1793 1808 1809 1794
4 1794 1809 1810 1795
4 1795 1810 1811 1796
4 1796 1811 1812 1797
4 1797 1812 1813 1798
4 1798 1813 1814 1799
4 1800 1815 1816 1801
4 1678 1801 1816 1682
4 1681 1685 1817 1802
4 1803 1818 1815 1800
4 1802 1817 1819 1804
4 1805 1820 1818 1803
4 1804 1819 1821 1806
4 1806 1821 1822 1807
4 1807 1822 1823 1808
4 1808 1823 1824 1809
4 1809 1824 1825 1810
4 1810 1825 1826 1811
4 1811 1826 1827 1812
4 1812 1827 1828 1813
4 1813 1828 1829 1814
4 1815 1830 1831 1816
4 1682 1816 1831 1686
4 1685 1689 1832 1817
4 1818 1833 1830 1815
4 1817 1832 1834 1819
4 1820 1835 1833 1818
4 1819 1834 1836 1821
4 1821 1836 1837 1822
4 1822 1837 1838 1823
4 1823 1838 1839 1824
4 1824 1839 1840 1825
4 1825 1840 1841 1826
4 1826 1841 1842 1827
4 1827 1842 1843 1828
4 1828 1843 1844 1829
4 1830 1845 1846 1831
4 1686 1831 1846 1690
4 1689 1693 1847 1832
4 1833 1848 1845 1830
4 1832 1847 1849 1834
4 1835 1850 1848 1833
4 1834 1849 1851 1836
4 1836 1851 1852 1837
4 1837 1852 1853 1838
4 1838 1853 1854 1839
4 1839 1854 1855 1840
4 1840 1855 1856 1841
4 1841 1856 1857 1842
4 1842 1857 1858 1843
4 1843 1858 1859 1844
4 1845 1860 1861 1846
4 1690 1846 1861 1694
4 1693 1697 1862 1847
4 1848 1863 1860 1845
4 1847 1862 1864 1849
4 1850 1865 1863 1848
4 1849 1864 1866 1851
4 1851 1866 1867 1852
4 1852 1867 1868 1853
4 1853 1868 1869 1854
4 1854 1869 1870 1855
4 1855 1870 1871 1856
4 1856 1871 1872 1857
4 1857 1872 1873 1858
4 1858 1873 1874 1859
4 1860 1875 1876 1861
4 1694 1861 1876 1698
4 1697 1701 1877 1862
4 1863 1878 1875 1860
4 1862 1877 1879 1864
4 1865 1880 1878 1863
4 1864 1879 1881 1866
4 1866 1881 1882 1867
4 1867 1882 1883 1868
4 1868 1883 1884 1869
4 1869 1884 1885 1870
4 1870 1885 1886 1871
4 1871 1886 1887 1872
4 1872 1887 1888 1873
4 1873 1888 1889 1874
4 1875 1890 1891 1876
4 1698 1876 1891 1702
4 1701 1705 1892 1877
4 1878 1893 1890 1875
4 1877 1892 1894 1879
4 1880 1895 1893 1878
4 1879 1894 1896 1881
4 1881 1896 1897 1882
4 1882 1897 1898 1883
4 1883 1898 1899 1884
4 1884 1899 1900 1885
4 1885 1900 1901 1886
4 1886 1901 1902 1887
4 1887 1902 1903 1888
4 1888 1903 1904 1889
4 1890 1905 1906 1891
4 1702 1891 1906 1706
4 1705 1709 1907 1892
4 1893 1908 1905 1890
4 1892 1907 1909 1894
4 1895 1910 1908 1893
4 1894 1909 1911 1896
4 1896 1911 1912 1897
4 1897 1912 1913 1898
4 1898 1913 1914 1899
4 1899 1914 1915 1900
4 1900 1915 1916 1901
4 1901 1916 1917 1902
4 1902 1917 1918 1903
4 1903 1918 1919 1904
4 1767 1769 1920 1921
4 1920 1922 1923 1921
4 1767 1921 1923 1791
4 1769 1771 1924 1920
4 1924 1925 1922 1920
4 1771 1773 1926 1924
4 1926 1927 1925 1924
4 1773 1775 1928 1926
4 1928 1929 1927 1926
4 1775 1777 1930 1928
4 1930 1931 1929 1928
4 1777 1779 1932 1930
4 1932 1933 1931 1930
4 1779 1781 1934 1932
4 1934 1935 1933 1932
4 1781 1783 1936 1934
4 1936 1937 1935 1934
4 1789 1791 1923 1938
4 1923 1939 1940 1938
4 1789 1938 1940 1805
4 1922 1941 1939 1923
4 1925 1942 1941 1922
4 1927 1943 1942 1925
4 1929 1944 1943 1927
4 1931 1945 1944 1929
4 1933 1946 1945 1931
4 1935 1947 1946 1933
4 1937 1948 1947 1935
4 1939 1949 1950 1940
4 1805 1940 1950 1820
4 1941 1951 1949 1939
4 1942 1952 1951 1941
4 1943 1953 1952 1942
4 1944 1954 1953 1943
4 1945 1955 1954 1944
4 1946 1956 1955 1945
4 1947 1957 1956 1946
4 1948 1958 1957 1947
4 1949 1959 1960 1950
4 1820 1950 1960 1835
4 1951 1961 1959 1949
4 1952 1962 1961 1951
4 1953 1963 1962 1952
4 1954 1964 1963 1953
4 1955 1965 1964 1954
4 1956 1966 1965 1955
4 1957 1967 1966 1956
4 1958 1968 1967 1957
4 1959 1969 1970 1960
4 1835 1960 1970 1850
4 1961 1971 1969 1959
4 1962 1972 1971 1961
4 1963 1973 1972 1962
4 1964 1974 1973 1963
4 1965 1975 1974 1964
4 1966 1976 1975 1965
4 1967 1977 1976 1966
4 1968 1978 1977 1967
4 1969 1979 1980 1970
4 1850 1970 1980 1865
4 1971 1981 1979 1969
4 1972 1982 1981 1971
4 1973 1983 1982 1972
4 1974 1984 1983 1973
4 1975 1985 1984 1974
4 1976 1986 1985 1975
4 1977 1987 1986 1976
4 1978 1988 1987 1977
4 1979 1989 1990 1980
4 1865 1980 1990 1880
4 1981 1991 1989 1979
4 1982 1992 1991 1981
4 1983 1993 1992 1982
4 1984 1994 1993 1983
4 1985 1995 1994 1984
4 1986 1996 1995 1985
4 1987 1997 1996 1986
4 1988 1998 1997 1987
4 1989 1999 2000 1990
4 1880 1990 2000 1895
4 1991 2001 1999 1989
4 1992 2002 2001 1991
4 1993 2003 2002 1992
4 1994 2004 2003 1993
4 1995 2005 2004 1994
4 1996 2006 2005 1995
4 1997 2007 2006 1996
4 1998 2008 2007 1997
4 1999 2009 2010 2000
4 1895 2000 2010 1910
4 2001 2011 2009 1999
4 2002 2012 2011 2001
4 2003 2013 2012 2002
4 2004 2014 2013 2003
4 2005 2015 2014 2004
4 2006 2016 2015 2005
4 2007 2017 2016 2006
4 2008 2018 2017 2007
4 1300 2019 2020 1301
4 2021 1302 1303 2022
4 2019 2023 2024 2020
4 2025 2021 2022 2026
4 2023 2027 2028 2024
4 2029 2025 2026 2030
4 2027 2031 2032 2028
4 2033 2029 2030 2034
4 2031 2035 2036 2032
4 2037 2033 2034 2038
4 2035 2039 2040 2036
4 2041 2037 2038 2042
4 2039 2043 2044 2040
4 2045 2041 2042 2046
4 2043 2047 2048 2044
4 2049 2045 2046 2050
4 2047 2051 2052 2048
4 2053 2049 2050 2054
4 2051 2055 2056 2052
4 2057 2053 2054 2058
4 2055 2059 2060 2056
4 2061 2057 2058 2062
4 2059 2063 2064 2060
4 2065 2061 2062 2066
4 2063 2067 2068 2064
4 2069 2065 2066 2070
4 2067 2071 2072 2068
4 2073 2069 2070 2074
4 2071 2075 2076 2072
4 2077 2073 2074 2078
4 2075 2079 2080 2076
4 2081 2077 2078 2082
4 1301 2020 2083 1378
4 2022 1303 1379 2084
4 2020 2024 2085 2083
4 2026 2022 2084 2086
4 2024 2028 2087 2085
4 2030 2026 2086 2088
4 2028 2032 2089 2087
4 2034 2030 2088 2090
4 2032 2036 2091 2089
4 2038 2034 2090 2092
4 2036 2040 2093 2091
4 2042 2038 2092 2094
4 2040 2044 2095 2093
4 2046 2042 2094 2096
4 2044 2048 2097 2095
4 2050 2046 2096 2098
4 2048 2052 2099 2097
4 2054 2050 2098 2100
4 2052 2056 2101 2099
4 2058 2054 2100 2102
4 2056 2060 2103 2101
4 2062 2058 2102 2104
4 2060 2064 2105 2103
4 2066 2062 2104 2106
4 2064 2068 2107 2105
4 2070 2066 2106 2108
4 2068 2072 2109 2107
4 2074 2070 2108 2110
4 2072 2076 2111 2109
4 2078 2074 2110 2112
4 2076 2080 2113 2111
4 2082 2078 2112 2114
4 1378 2083 2115 1430
4 2084 1379 1431 2116
4 2083 2085 2117 2115
4 2086 2084 2116 2118
4 2085 2087 2119 2117
4 2088 2086 2118 2120
4 2087 2089 2121 2119
4 2090 2088 2120 2122
4 2089 2091 2123 2121
4 2092 2090 2122 2124
4 2091 2093 2125 2123
4 2094 2092 2124 2126
4 2093 2095 2127 2125
4 2096 2094 2126 2128
4 2095 2097 2129 2127
4 2098 2096 2128 2130
4 2097 2099 2131 2129
4 2100 2098 2130 2132
4 2099 2101 2133 2131
4 2102 2100 2132 2134
4 2101 2103 2135 2133
4 2104 2102 2134 2136
4 2103 2105 2137 2135
4 2106 2104 2136 2138
4 2105 2107 2139 2137
4 2108 2106 2138 2140
4 2107 2109 2141 2139
4 2110 2108 2140 2142
4 2109 2111 2143 2141
4 2112 2110 2142 2144
4 2111 2113 2145 2143
4 2114 2112 2144 2146
4 1430 2115 2147 1482
4 2116 1431 1483 2148
4 2115 2117 2149 2147
4 2118 2116 2148 2150
4 2117 2119 2151 2149
4 2120 2118 2150 2152
4 2119 2121 2153 2151
4 2122 2120 2152 2154
4 2121 2123 2155 2153
4 2124 2122 2154 2156
4 2123 2125 2157 2155
4 2126 2124 2156 2158
4 2125 2127 2159 2157
4 2128 2126 2158 2160
4 2127 2129 2161 2159
4 2130 2128 2160 2162
4 2129 2131 2163 2161
4 2132 2130 2162 2164
4 2131 2133 2165 2163
4 2134 2132 2164 2166
4 2133 2135 2167 2165
4 2136 2134 2166 2168
4 2135 2137 2169 2167
4 2138 2136 2168 2170
4 2137 2139 2171 2169
4 2140 2138 2170 2172
4 2139 2141 2173 2171
4 2142 2140 2172 2174
4 2141 2143 2175 2173
4 2144 2142 2174 2176
4 2143 2145 2177 2175
4 2146 2144 2176 2178
4 1482 2147 2179 1534
4 2148 1483 1535 2180
4 2147 2149 2181 2179
4 2150 2148 2180 2182
4 2149 2151 2183 2181
4 2152 2150 2182 2184
4 2151 2153 2185 2183
4 2154 2152 2184 2186
4 2153 2155 2187 2185
4 2156 2154 2186 2188
4 2155 2157 2189 2187
4 2158 2156 2188 2190
4 2157 2159 2191 2189
4 2160 2158 2190 2192
4 2159 2161 2193 2191
4 2162 2160 2192 2194
4 2161 2163 2195 2193
4 2164 2162 2194 2196
4 2163 2165 2197 2195
4 2166 2164 2196 2198
4 2165 2167 2199 2197
4 2168 2166 2198 2200
4 2167 2169 2201 2199
4 2170 2168 2200 2202
4 2169 2171 2203 2201
4 2172 2170 2202 2204
4 2171 2173 2205 2203
4 2174 2172 2204 2206
4 2173 2175 2207 2205
4 2176 2174 2206 2208
4 2175 2177 2209 2207
4 2178 2176 2208 2210
4 1534 2179 2211 1586
4 2180 1535 1587 2212
4 2179 2181 2213 2211
4 2182 2180 2212 2214
4 2181 2183 2215 2213
4 2184 2182 2214 2216
4 2183 2185 2217 2215
4 2186 2184 2216 2218
4 2185 2187 2219 2217
4 2188 2186 2218 2220
4 2187 2189 2221 2219
4 2190 2188 2220 2222
4 2189 2191 2223 2221
4 2192 2190 2222 2224
4 2191 2193 2225 2223
4 2194 2192 2224 2226
4 2193 2195 2227 2225
4 2196 2194 2226 2228
4 2195 2197 2229 2227
4 2198 2196 2228 2230
4 2197 2199 2231 2229
4 2200 2198 2230 2232
4 2199 2201 2233 2231
4 2202 2200 2232 2234
4 2201 2203 2235 2233
4 2204 2202 2234 2236
4 2203 2205 2237 2235
4 2206 2204 2236 2238
4 2205 2207 2239 2237
4 2208 2206 2238 2240
4 2207 2209 2241 2239
4 2210 2208 2240 2242
4 1586 2211 2243 1638
4 2243 2244 1639 1638
4 2211 2213 2245 2243
4 2245 2246 2244 2243
4 2213 2215 2247 2245
4 2247 2248 2246 2245
4 2215 2217 2249 2247
4 2249 2250 2248 2247
4 2217 2219 2251 2249
4 2251 2252 2250 2249
4 2219 2221 2253 2251
4 2253 2254 2252 2251
4 2221 2223 2255 2253
4 2255 2256 2254 2253
4 2223 2225 2257 2255
4 2257 2258 2256 2255
4 2225 2227 2259 2257
4 2259 2260 2258 2257
4 2227 2229 2261 2259
4 2261 2262 2260 2259
4 2229 2231 2263 2261
4 2263 2264 2262 2261
4 2231 2233 2265 2263
4 2265 2266 2264 2263
4 2233 2235 2267 2265
4 2267 2268 2266 2265
4 2235 2237 2269 2267
4 2269 2270 2268 2267
4 2237 2239 2271 2269
4 2271 2272 2270 2269
4 2239 2241 2273 2271
4 2273 2274 2272 2271
4 2275 1664 1665 2276
4 1587 1664 2275 2212
4 2277 2275 2276 2278
4 2212 2275 2277 2214
4 2279 2277 2278 2280
4 2214 2277 2279 2216
4 2281 2279 2280 2282
4 2216 2279 2281 2218
4 2283 2281 2282 2284
4 2218 2281 2283 2220
4 2285 2283 2284 2286
4 2220 2283 2285 2222
4 2287 2285 2286 2288
4 2222 2285 2287 2224
4 2289 2287 2288 2290
4 2224 2287 2289 2226
4 2291 2289 2290 2292
4 2226 2289 2291 2228
4 2293 2291 2292 2294
4 2228 2291 2293 2230
4 2295 2293 2294 2296
4 2230 2293 2295 2232
4 2297 2295 2296 2298
4 2232 2295 2297 2234
4 2299 2297 2298 2300
4 2234 2297 2299 2236
4 2301 2299 2300 2302
4 2236 2299 2301 2238
4 2303 2301 2302 2304
4 2238 2301 2303 2240
4 2305 2303 2304 2306
4 2240 2303 2305 2242
4 1639 2244 2307 1734
4 2307 2308 1735 1734
4 2244 2246 2309 2307
4 2309 2310 2308 2307
4 2246 2248 2311 2309
4 2311 2312 2310 2309
4 2248 2250 2313 2311
4 2313 2314 2312 2311
4 2250 2252 2315 2313
4 2315 2316 2314 2313
4 2252 2254 2317 2315
4 2317 2318 2316 2315
4 2254 2256 2319 2317
4 2319 2320 2318 2317
4 2256 2258 2321 2319
4 2321 2322 2320 2319
4 2258 2260 2323 2321
4 2323 2324 2322 2321
4 2260 2262 2325 2323
4 2325 2326 2324 2323
4 2262 2264 2327 2325
4 2327 2328 2326 2325
4 2264 2266 2329 2327
4 2329 2330 2328 2327
4 2266 2268 2331 2329
4 2331 2332 2330 2329
4 2268 2270 2333 2331
4 2333 2334 2332 2331
4 2270 2272 2335 2333
4 2335 2336 2334 2333
4 2272 2274 2337 2335
4 2337 2338 2336 2335
4 1665 1758 2339 2276
4 2308 2340 1759 1735
4 2276 2339 2341 2278
4 2310 2342 2340 2308
4 2278 2341 2343 2280
4 2312 2344 2342 2310
4 2280 2343 2345 2282
4 2314 2346 2344 2312
4 2282 2345 2347 2284
4 2316 2348 2346 2314
4 2284 2347 2349 2286
4 2318 2350 2348 2316
4 2286 2349 2351 2288
4 2320 2352 2350 2318
4 2288 2351 2353 2290
4 2322 2354 2352 2320
4 2290 2353 2355 2292
4 2324 2356 2354 2322
4 2292 2355 2357 2294
4 2326 2358 2356 2324
4 2294 2357 2359 2296
4 2328 2360 2358 2326
4 2296 2359 2361 2298
4 2330 2362 2360 2328
4 2298 2361 2363 2300
4 2332 2364 2362 2330
4 2300 2363 2365 2302
4 2334 2366 2364 2332
4 2302 2365 2367 2304
4 2336 2368 2366 2334
4 2304 2367 2369 2306
4 2338 2370 2368 2336
4 1758 1782 2371 2339
4 2340 2372 1783 1759
4 2339 2371 2373 2341
4 2342 2374 2372 2340
4 2341 2373 2375 2343
4 2344 2376 2374 2342
4 2343 2375 2377 2345
4 2346 2378 2376 2344
4 2345 2377 2379 2347
4 2348 2380 2378 2346
4 2347 2379 2381 2349
4 2350 2382 2380 2348
4 2349 2381 2383 2351
4 2352 2384 2382 2350
4 2351 2383 2385 2353
4 2354 2386 2384 2352
4 2353 2385 2387 2355
4 2356 2388 2386 2354
4 2355 2387 2389 2357
4 2358 2390 2388 2356
4 2357 2389 2391 2359
4 2360 2392 2390 2358
4 2359 2391 2393 2361
4 2362 2394 2392 2360
4 2361 2393 2395 2363
4 2364 2396 2394 2362
4 2363 2395 2397 2365
4 2366 2398 2396 2364
4 2365 2397 2399 2367
4 2368 2400 2398 2366
4 2367 2399 2401 2369
4 2370 2402 2400 2368
4 1782 1799 2403 2371
4 2371 2403 2404 2373
4 2373 2404 2405 2375
4 2375 2405 2406 2377
4 2377 2406 2407 2379
4 2379 2407 2408 2381
4 2381 2408 2409 2383
4 2383 2409 2410 2385
4 2385 2410 2411 2387
4 2387 2411 2412 2389
4 2389 2412 2413 2391
4 2391 2413 2414 2393
4 2393 2414 2415 2395
4 2395 2415 2416 2397
4 2397 2416 2417 2399
4 2399 2417 2418 2401
4 1799 1814 2419 2403
4 2403 2419 2420 2404
4 2404 2420 2421 2405
4 2405 2421 2422 2406
4 2406 2422 2423 2407
4 2407 2423 2424 2408
4 2408 2424 2425 2409
4 2409 2425 2426 2410
4 2410 2426 2427 2411
4 2411 2427 2428 2412
4 2412 2428 2429 2413
4 2413 2429 2430 2414
4 2414 2430 2431 2415
4 2415 2431 2432 2416
4 2416 2432 2433 2417
4 2417 2433 2434 2418
4 1814 1829 2435 2419
4 2419 2435 2436 2420
4 2420 2436 2437 2421
4 2421 2437 2438 2422
4 2422 2438 2439 2423
4 2423 2439 2440 2424
4 2424 2440 2441 2425
4 2425 2441 2442 2426
4 2426 2442 2443 2427
4 2427 2443 2444 2428
4 2428 2444 2445 2429
4 2429 2445 2446 2430
4 2430 2446 2447 2431
4 2431 2447 2448 2432
4 2432 2448 2449 2433
4 2433 2449 2450 2434
4 1829 1844 2451 2435
4 2435 2451 2452 2436
4 2436 2452 2453 2437
4 2437 2453 2454 2438
4 2438 2454 2455 2439
4 2439 2455 2456 2440
4 2440 2456 2457 2441
4 2441 2457 2458 2442
4 2442 2458 2459 2443
4 2443 2459 2460 2444
4 2444 2460 2461 2445
4 2445 2461 2462 2446
4 2446 2462 2463 2447
4 2447 2463 2464 2448
4 2448 2464 2465 2449
4 2449 2465 2466 2450
4 1844 1859 2467 2451
4 2451 2467 2468 2452
4 2452 2468 2469 2453
4 2453 2469 2470 2454
4 2454 2470 2471 2455
4 2455 2471 2472 2456
4 2456 2472 2473 2457
4 2457 2473 2474 2458
4 2458 2474 2475 2459
4 2459 2475 2476 2460
4 2460 2476 2477 2461
4 2461 2477 2478 2462
4 2462 2478 2479 2463
4 2463 2479 2480 2464
4 2464 2480 2481 2465
4 2465 2481 2482 2466
4 1859 1874 2483 2467
4 2467 2483 2484 2468
4 2468 2484 2485 2469
4 2469 2485 2486 2470
4 2470 2486 2487 2471
4 2471 2487 2488 2472
4 2472 2488 2489 2473
4 2473 2489 2490 2474
4 2474 2490 2491 2475
4 2475 2491 2492 2476
4 2476 2492 2493 2477
4 2477 2493 2494 2478
4 2478 2494 2495 2479
4 2479 2495 2496 2480
4 2480 2496 2497 2481
4 2481 2497 2498 2482
4 1874 1889 2499 2483
4 2483 2499 2500 2484
4 2484 2500 2501 2485
4 2485 2501 2502 2486
4 2486 2502 2503 2487
4 2487 2503 2504 2488
4 2488 2504 2505 2489
4 2489 2505 2506 2490
4 2490 2506 2507 2491
4 2491 2507 2508 2492
4 2492 2508 2509 2493
4 2493 2509 2510 2494
4 2494 2510 2511 2495
4 2495 2511 2512 2496
4 2496 2512 2513 2497
4 2497 2513 2514 2498
4 1889 1904 2515 2499
4 2499 2515 2516 2500
4 2500 2516 2517 2501
4 2501 2517 2518 2502
4 2502 2518 2519 2503
4 2503 2519 2520 2504
4 2504 2520 2521 2505
4 2505 2521 2522 2506
4 2506 2522 2523 2507
4 2507 2523 2524 2508
4 2508 2524 2525 2509
4 2509 2525 2526 2510
4 2510 2526 2527 2511
4 2511 2527 2528 2512
4 2512 2528 2529 2513
4 2513 2529 2530 2514
4 1904 1919 2531 2515
4 2515 2531 2532 2516
4 2516 2532 2533 2517
4 2517 2533 2534 2518
4 2518 2534 2535 2519
4 2519 2535 2536 2520
4 2520 2536 2537 2521
4 2521 2537 2538 2522
4 2522 2538 2539 2523
4 2523 2539 2540 2524
4 2524 2540 2541 2525
4 2525 2541 2542 2526
4 2526 2542 2543 2527
4 2527 2543 2544 2528
4 2528 2544 2545 2529
4 2529 2545 2546 2530
4 1783 2372 2547 1936
4 2547 2548 1937 1936
4 2372 2374 2549 2547
4 2549 2550 2548 2547
4 2374 2376 2551 2549
4 2551 2552 2550 2549
4 2376 2378 2553 2551
4 2553 2554 2552 2551
4 2378 2380 2555 2553
4 2555 2556 2554 2553
4 2380 2382 2557 2555
4 2557 2558 2556 2555
4 2382 2384 2559 2557
4 2559 2560 2558 2557
4 2384 2386 2561 2559
4 2561 2562 2560 2559
4 2386 2388 2563 2561
4 2563 2564 2562 2561
4 2388 2390 2565 2563
4 2565 2566 2564 2563
4 2390 2392 2567 2565
4 2567 2568 2566 2565
4 2392 2394 2569 2567
4 2569 2570 2568 2567
4 2394 2396 2571 2569
4 2571 2572 2570 2569
4 2396 2398 2573 2571
4 2573 2574 2572 2571
4 2398 2400 2575 2573
4 2575 2576 2574 2573
4 2400 2402 2577 2575
4 2577 2578 2576 2575
4 2548 2579 1948 1937
4 2550 2580 2579 2548
4 2552 2581 2580 2550
4 2554 2582 2581 2552
4 2556 2583 2582 2554
4 2558 2584 2583 2556
4 2560 2585 2584 2558
4 2562 2586 2585 2560
4 2564 2587 2586 2562
4 2566 2588 2587 2564
4 2568 2589 2588 2566
4 2570 2590 2589 2568
4 2572 2591 2590 2570
4 2574 2592 2591 2572
4 2576 2593 2592 2574
4 2578 2594 2593 2576
4 2579 2595 1958 1948
4 2580 2596 2595 2579
4 2581 2597 2596 2580
4 2582 2598 2597 2581
4 2583 2599 2598 2582
4 2584 2600 2599 2583
4 2585 2601 2600 2584
4 2586 2602 2601 2585
4 2587 2603 2602 2586
4 2588 2604 2603 2587
4 2589 2605 2604 2588
4 2590 2606 2605 2589
4 2591 2607 2606 2590
4 2592 2608 2607 2591
4 2593 2609 2608 2592
4 2594 2610 2609 2593
4 2595 2611 1968 1958
4 2596 2612 2611 2595
4 2597 2613 2612 2596
4 2598 2614 2613 2597
4 2599 2615 2614 2598
4 2600 2616 2615 2599
4 2601 2617 2616 2600
4 2602 2618 2617 2601
4 2603 2619 2618 2602
4 2604 2620 2619 2603
4 2605 2621 2620 2604
4 2606 2622 2621 2605
4 2607 2623 2622 2606
4 2608 2624 2623 2607
4 2609 2625 2624 2608
4 2610 2626 2625 2609
4 2611 2627 1978 1968
4 2612 2628 2627 2611
4 2613 2629 2628 2612
4 2614 2630 2629 2613
4 2615 2631 2630 2614
4 2616 2632 2631 2615
4 2617 2633 2632 2616
4 2618 2634 2633 2617
4 2619 2635 2634 2618
4 2620 2636 2635 2619
4 2621 2637 2636 2620
4 2622 2638 2637 2621
4 2623 2639 2638 2622
4 2624 2640 2639 2623
4 2625 2641 2640 2624
4 2626 2642 2641 2625
4 2627 2643 1988 1978
4 2628 2644 2643 2627
4 2629 2645 2644 2628
4 2630 2646 2645 2629
4 2631 2647 2646 2630
4 2632 2648 2647 2631
4 2633 2649 2648 2632
4 2634 2650 2649 2633
4 2635 2651 2650 2634
4 2636 2652 2651 2635
4 2637 2653 2652 2636
4 2638 2654 2653 2637
4 2639 2655 2654 2638
4 2640 2656 2655 2639
4 2641 2657 2656 2640
4 2642 2658 2657 2641
4 2643 2659 1998 1988
4 2644 2660 2659 2643
4 2645 2661 2660 2644
4 2646 2662 2661 2645
4 2647 2663 2662 2646
4 2648 2664 2663 2647
4 2649 2665 2664 2648
4 2650 2666 2665 2649
4 2651 2667 2666 2650
4 2652 2668 2667 2651
4 2653 2669 2668 2652
4 2654 2670 2669 2653
4 2655 2671 2670 2654
4 2656 2672 2671 2655
4 2657 2673 2672 2656
4 2658 2674 2673 2657
4 2659 2675 2008 1998
4 2660 2676 2675 2659
4 2661 2677 2676 2660
4 2662 2678 2677 2661
4 2663 2679 2678 2662
4 2664 2680 2679 2663
4 2665 2681 2680 2664
4 2666 2682 2681 2665
4 2667 2683 2682 2666
4 2668 2684 2683 2667
4 2669 2685 2684 2668
4 2670 2686 2685 2669
4 2671 2687 2686 2670
4 2672 2688 2687 2671
4 2673 2689 2688 2672
4 2674 2690 2689 2673
4 2675 2691 2018 2008
4 2676 2692 2691 2675
4 2677 2693 2692 2676
4 2678 2694 2693 2677
4 2679 2695 2694 2678
4 2680 2696 2695 2679
4 2681 2697 2696 2680
4 2682 2698 2697 2681
4 2683 2699 2698 2682
4 2684 2700 2699 2683
4 2685 2701 2700 2684
4 2686 2702 2701 2685
4 2687 2703 2702 2686
4 2688 2704 2703 2687
4 2689 2705 2704 2688
4 2690 2706 2705 2689
4 2079 2707 2708 2080
4 2709 2081 2082 2710
4 2707 2711 2712 2708
4 2713 2709 2710 2714
4 2711 2715 2716 2712
4 2717 2713 2714 2718
4 2715 2719 2720 2716
4 2721 2717 2718 2722
4 2719 2723 2724 2720
4 2725 2721 2722 2726
4 2723 2727 2728 2724
4 2729 2725 2726 2730
4 2727 2731 2732 2728
4 2733 2729 2730 2734
4 2731 2735 2736 2732
4 2737 2733 2734 2738
4 2735 2739 2740 2736
4 2741 2737 2738 2742
4 2739 2743 2744 2740
4 2745 2741 2742 2746
4 2743 2747 2748 2744
4 2749 2745 2746 2750
4 2747 2751 2752 2748
4 2753 2749 2750 2754
4 2751 2755 2756 2752
4 2757 2753 2754 2758
4 2755 2759 2760 2756
4 2761 2757 2758 2762
4 2759 2763 2764 2760
4 2765 2761 2762 2766
4 2763 2767 2768 2764
4 2769 2765 2766 2770
4 2080 2708 2771 2113
4 2710 2082 2114 2772
4 2708 2712 2773 2771
4 2714 2710 2772 2774
4 2712 2716 2775 2773
4 2718 2714 2774 2776
4 2716 2720 2777 2775
4 2722 2718 2776 2778
4 2720 2724 2779 2777
4 2726 2722 2778 2780
4 2724 2728 2781 2779
4 2730 2726 2780 2782
4 2728 2732 2783 2781
4 2734 2730 2782 2784
4 2732 2736 2785 2783
4 2738 2734 2784 2786
4 2736 2740 2787 2785
4 2742 2738 2786 2788
4 2740 2744 2789 2787
4 2746 2742 2788 2790
4 2744 2748 2791 2789
4 2750 2746 2790 2792
4 2748 2752 2793 2791
4 2754 2750 2792 2794
4 2752 2756 2795 2793
4 2758 2754 2794 2796
4 2756 2760 2797 2795
4 2762 2758 2796 2798
4 2760 2764 2799 2797
4 2766 2762 2798 2800
4 2764 2768 2801 2799
4 2770 2766 2800 2802
4 2113 2771 2803 2145
4 2772 2114 2146 2804
4 2771 2773 2805 2803
4 2774 2772 2804 2806
4 2773 2775 2807 2805
4 2776 2774 2806 2808
4 2775 2777 2809 2807
4 2778 2776 2808 2810
4 2777 2779 2811 2809
4 2780 2778 2810 2812
4 2779 2781 2813 2811
4 2782 2780 2812 2814
4 2781 2783 2815 2813
4 2784 2782 2814 2816
4 2783 2785 2817 2815
4 2786 2784 2816 2818
4 2785 2787 2819 2817
4 2788 2786 2818 2820
4 2787 2789 2821 2819
4 2790 2788 2820 2822
4 2789 2791 2823 2821
4 2792 2790 2822 2824
4 2791 2793 2825 2823
4 2794 2792 2824 2826
4 2793 2795 2827 2825
4 2796 2794 2826 2828
4 2795 2797 2829 2827
4 2798 2796 2828 2830
4 2797 2799 2831 2829
4 2800 2798 2830 2832
4 2799 2801 2833 2831
4 2802 2800 2832 2834
4 2145 2803 2835 2177
4 2804 2146 2178 2836
4 2803 2805 2837 2835
4 2806 2804 2836 2838
4 2805 2807 2839 2837
4 2808 2806 2838 2840
4 2807 2809 2841 2839
4 2810 2808 2840 2842
4 2809 2811 2843 2841
4 2812 2810 2842 2844
4 2811 2813 2845 2843
4 2814 2812 2844 2846
4 2813 2815 2847 2845
4 2816 2814 2846 2848
4 2815 2817 2849 2847
4 2818 2816 2848 2850
4 2817 2819 2851 2849
4 2820 2818 2850 2852
4 2819 2821 2853 2851
4 2822 2820 2852 2854
4 2821 2823 2855 2853
4 2824 2822 2854 2856
4 2823 2825 2857 2855
4 2826 2824 2856 2858
4 2825 2827 2859 2857
4 2828 2826 2858 2860
4 2827 2829 2861 2859
4 2830 2828 2860 2862
4 2829 2831 2863 2861
4 2832 2830 2862 2864
4 2831 2833 2865 2863
4 2834 2832 2864 2866
4 2177 2835 2867 2209
4 2836 2178 2210 2868
4 2835 2837 2869 2867
4 2838 2836 2868 2870
4 2837 2839 2871 2869
4 2840 2838 2870 2872
4 2839 2841 2873 2871
4 2842 2840 2872 2874
4 2841 2843 2875 2873
4 2844 2842 2874 2876
4 2843 2845 2877 2875
4 2846 2844 2876 2878
4 2845 2847 2879 2877
4 2848 2846 2878 2880
4 2847 2849 2881 2879
4 2850 2848 2880 2882
4 2849 2851 2883 2881
4 2852 2850 2882 2884
4 2851 2853 2885 2883
4 2854 2852 2884 2886
4 2853 2855 2887 2885
4 2856 2854 2886 2888
4 2855 2857 2889 2887
4 2858 2856 2888 2890
4 2857 2859 2891 2889
4 2860 2858 2890 2892
4 2859 2861 2893 2891
4 2862 2860 2892 2894
4 2861 2863 2895 2893
4 2864 2862 2894 2896
4 2863 2865 2897 2895
4 2866 2864 2896 2898
4 2209 2867 2899 2241
4 2868 2210 2242 2900
4 2867 2869 2901 2899
4 2870 2868 2900 2902
4 2869 2871 2903 2901
4 2872 2870 2902 2904
4 2871 2873 2905 2903
4 2874 2872 2904 2906
4 2873 2875 2907 2905
4 2876 2874 2906 2908
4 2875 2877 2909 2907
4 2878 2876 2908 2910
4 2877 2879 2911 2909
4 2880 2878 2910 2912
4 2879 2881 2913 2911
4 2882 2880 2912 2914
4 2881 2883 2915 2913
4 2884 2882 2914 2916
4 2883 2885 2917 2915
4 2886 2884 2916 2918
4 2885 2887 2919 2917
4 2888 2886 2918 2920
4 2887 2889 2921 2919
4 2890 2888 2920 2922
4 2889 2891 2923 2921
4 2892 2890 2922 2924
4 2891 2893 2925 2923
4 2894 2892 2924 2926
4 2893 2895 2927 2925
4 2896 2894 2926 2928
4 2895 2897 2929 2927
4 2898 2896 2928 2930
4 2241 2899 2931 2273
4 2931 2932 2274 2273
4 2899 2901 2933 2931
4 2933 2934 2932 2931
4 2901 2903 2935 2933
4 2935 2936 2934 2933
4 2903 2905 2937 2935
4 2937 2938 2936 2935
4 2905 2907 2939 2937
4 2939 2940 2938 2937
4 2907 2909 2941 2939
4 2941 2942 2940 2939
4 2909 2911 2943 2941
4 2943 2944 2942 2941
4 2911 2913 2945 2943
4 2945 2946 2944 2943
4 2913 2915 2947 2945
4 2947 2948 2946 2945
4 2915 2917 2949 2947
4 2949 2950 2948 2947
4 2917 2919 2951 2949
4 2951 2952 2950 2949
4 2919 2921 2953 2951
4 2953 2954 2952 2951
4 2921 2923 2955 2953
4 2955 2956 2954 2953
4 2923 2925 2957 2955
4 2957 2958 2956 2955
4 2925 2927 2959 2957
4 2959 2960 2958 2957
4 2927 2929 2961 2959
4 2961 2962 2960 2959
4 2963 2305 2306 2964
4 2242 2305 2963 2900
4 2965 2963 2964 2966
4 2900 2963 2965 2902
4 2967 2965 2966 2968
4 2902 2965 2967 2904
4 2969 2967 2968 2970
4 2904 2967 2969 2906
4 2971 2969 2970 2972
4 2906 2969 2971 2908
4 2973 2971 2972 2974
4 2908 2971 2973 2910
4 2975 2973 2974 2976
4 2910 2973 2975 2912
4 2977 2975 2976 2978
4 2912 2975 2977 2914
4 2979 2977 2978 2980
4 2914 2977 2979 2916
4 2981 2979 2980 2982
4 2916 2979 2981 2918
4 2983 2981 2982 2984
4 2918 2981 2983 2920
4 2985 2983 2984 2986
4 2920 2983 2985 2922
4 2987 2985 2986 2988
4 2922 2985 2987 2924
4 2989 2987 2988 2990
4 2924 2987 2989 2926
4 2991 2989 2990 2992
4 2926 2989 2991 2928
4 2993 2991 2992 2994
4 2928 2991 2993 2930
4 2274 2932 2995 2337
4 2995 2996 2338 2337
4 2932 2934 2997 2995
4 2997 2998 2996 2995
4 2934 2936 2999 2997
4 2999 3000 2998 2997
4 2936 2938 3001 2999
4 3001 3002 3000 2999
4 2938 2940 3003 3001
4 3003 3004 3002 3001
4 2940 2942 3005 3003
4 3005 3006 3004 3003
4 2942 2944 3007 3005
4 3007 3008 3006 3005
4 2944 2946 3009 3007
4 3009 3010 3008 3007
4 2946 2948 3011 3009
4 3011 3012 3010 3009
4 2948 2950 3013 3011
4 3013 3014 3012 3011
4 2950 2952 3015 3013
4 3015 3016 3014 3013
4 2952 2954 3017 3015
4 3017 3018 3016 3015
4 2954 2956 3019 3017
4 3019 3020 3018 3017
4 2956 2958 3021 3019
4 3021 3022 3020 3019
4 2958 2960 3023 3021
4 3023 3024 3022 3021
4 2960 2962 3025 3023
4 3025 3026 3024 3023
4 2306 2369 3027 2964
4 2996 3028 2370 2338
4 2964 3027 3029 2966
4 2998 3030 3028 2996
4 2966 3029 3031 2968
4 3000 3032 3030 2998
4 2968 3031 3033 2970
4 3002 3034 3032 3000
4 2970 3033 3035 2972
4 3004 3036 3034 3002
4 2972 3035 3037 2974
4 3006 3038 3036 3004
4 2974 3037 3039 2976
4 3008 3040 3038 3006
4 2976 3039 3041 2978
4 3010 3042 3040 3008
4 2978 3041 3043 2980
4 3012 3044 3042 3010
4 2980 3043 3045 2982
4 3014 3046 3044 3012
4 2982 3045 3047 2984
4 3016 3048 3046 3014
4 2984 3047 3049 2986
4 3018 3050 3048 3016
4 2986 3049 3051 2988
4 3020 3052 3050 3018
4 2988 3051 3053 2990
4 3022 3054 3052 3020
4 2990 3053 3055 2992
4 3024 3056 3054 3022
4 2992 3055 3057 2994
4 3026 3058 3056 3024
4 2369 2401 3059 3027
4 3028 3060 2402 2370
4 3027 3059 3061 3029
4 3030 3062 3060 3028
4 3029 3061 3063 3031
4 3032 3064 3062 3030
4 3031 3063 3065 3033
4 3034 3066 3064 3032
4 3033 3065 3067 3035
4 3036 3068 3066 3034
4 3035 3067 3069 3037
4 3038 3070 3068 3036
4 3037 3069 3071 3039
4 3040 3072 3070 3038
4 3039 3071 3073 3041
4 3042 3074 3072 3040
4 3041 3073 3075 3043
4 3044 3076 3074 3042
4 3043 3075 3077 3045
4 3046 3078 3076 3044
4 3045 3077 3079 3047
4 3048 3080 3078 3046
4 3047 3079 3081 3049
4 3050 3082 3080 3048
4 3049 3081 3083 3051
4 3052 3084 3082 3050
4 3051 3083 3085 3053
4 3054 3086 3084 3052
4 3053 3085 3087 3055
4 3056 3088 3086 3054
4 3055 3087 3089 3057
4 3058 3090 3088 3056
4 2401 2418 3091 3059
4 3059 3091 3092 3061
4 3061 3092 3093 3063
4 3063 3093 3094 3065
4 3065 3094 3095 3067
4 3067 3095 3096 3069
4 3069 3096 3097 3071
4 3071 3097 3098 3073
4 3073 3098 3099 3075
4 3075 3099 3100 3077
4 3077 3100 3101 3079
4 3079 3101 3102 3081
4 3081 3102 3103 3083
4 3083 3103 3104 3085
4 3085 3104 3105 3087
4 3087 3105 3106 3089
4 2418 2434 3107 3091
4 3091 3107 3108 3092
4 3092 3108 3109 3093
4 3093 3109 3110 3094
4 3094 3110 3111 3095
4 3095 3111 3112 3096
4 3096 3112 3113 3097
4 3097 3113 3114 3098
4 3098 3114 3115 3099
4 3099 3115 3116 3100
4 3100 3116 3117 3101
4 3101 3117 3118 3102
4 3102 3118 3119 3103
4 3103 3119 3120 3104
4 3104 3120 3121 3105
4 3105 3121 3122 3106
4 2434 2450 3123 3107
4 3107 3123 3124 3108
4 3108 3124 3125 3109
4 3109 3125 3126 3110
4 3110 3126 3127 3111
4 3111 3127 3128 3112
4 3112 3128 3129 3113
4 3113 3129 3130 3114
4 3114 3130 3131 3115
4 3115 3131 3132 3116
4 3116 3132 3133 3117
4 3117 3133 3134 3118
4 3118 3134 3135 3119
4 3119 3135 3136 3120
4 3120 3136 3137 3121
4 3121 3137 3138 3122
4 2450 2466 3139 3123
4 3123 3139 3140 3124
4 3124 3140 3141 3125
4 3125 3141 3142 3126
4 3126 3142 3143 3127
4 3127 3143 3144 3128
4 3128 3144 3145 3129
4 3129 3145 3146 3130
4 3130 3146 3147 3131
4 3131 3147 3148 3132
4 3132 3148 3149 3133
4 3133 3149 3150 3134
4 3134 3150 3151 3135
4 3135 3151 3152 3136
4 3136 3152 3153 3137
4 3137 3153 3154 3138
4 2466 2482 3155 3139
4 3139 3155 3156 3140
4 3140 3156 3157 3141
4 3141 3157 3158 3142
4 3142 3158 3159 3143
4 3143 3159 3160 3144
4 3144 3160 3161 3145
4 3145 3161 3162 3146
4 3146 3162 3163 3147
4 3147 3163 3164 3148
4 3148 3164 3165 3149
4 3149 3165 3166 3150
4 3150 3166 3167 3151
4 3151 3167 3168 3152
4 3152 3168 3169 3153
4 3153 3169 3170 3154
4 2482 2498 3171 3155
4 3155 3171 3172 3156
4 3156 3172 3173 3157
4 3157 3173 3174 3158
4 3158 3174 3175 3159
4 3159 3175 3176 3160
4 3160 3176 3177 3161
4 3161 3177 3178 3162
4 3162 3178 3179 3163
4 3163 3179 3180 3164
4 3164 3180 3181 3165
4 3165 3181 3182 3166
4 3166 3182 3183 3167
4 3167 3183 3184 3168
4 3168 3184 3185 3169
4 3169 3185 3186 3170
4 2498 2514 3187 3171
4 3171 3187 3188 3172
4 3172 3188 3189 3173
4 3173 3189 3190 3174
4 3174 3190 3191 3175
4 3175 3191 3192 3176
4 3176 3192 3193 3177
4 3177 3193 3194 3178
4 3178 3194 3195 3179
4 3179 3195 3196 3180
4 3180 3196 3197 3181
4 3181 3197 3198 3182
4 3182 3198 3199 3183
4 3183 3199 3200 3184
4 3184 3200 3201 3185
4 3185 3201 3202 3186
4 2514 2530 3203 3187
4 3187 3203 3204 3188
4 3188 3204 3205 3189
4 3189 3205 3206 3190
4 3190 3206 3207 3191
4 3191 3207 3208 3192
4 3192 3208 3209 3193
4 3193 3209 3210 3194
4 3194 3210 3211 3195
4 3195 3211 3212 3196
4 3196 3212 3213 3197
4 3197 3213 3214 3198
4 3198 3214 3215 3199
4 3199 3215 3216 3200
4 3200 3216 3217 3201
4 3201 3217 3218 3202
4 2530 2546 3219 3203
4 3203 3219 3220 3204
4 3204 3220 3221 3205
4 3205 3221 3222 3206
4 3206 3222 3223 3207
4 3207 3223 3224 3208
4 3208 3224 3225 3209
4 3209 3225 3226 3210
4 3210 3226 3227 3211
4 3211 3227 3228 3212
4 3212 3228 3229 3213
4 3213 3229 3230 3214
4 3214 3230 3231 3215
4 3215 3231 3232 3216
4 3216 3232 3233 3217
4 3217 3233 3234 3218
4 2402 3060 3235 2577
4 3235 3236 2578 2577
4 3060 3062 3237 3235
4 3237 3238 3236 3235
4 3062 3064 3239 3237
4 3239 3240 3238 3237
4 3064 3066 3241 3239
4 3241 3242 3240 3239
4 3066 3068 3243 3241
4 3243 3244 3242 3241
4 3068 3070 3245 3243
4 3245 3246 3244 3243
4 3070 3072 3247 3245
4 3247 3248 3246 3245
4 3072 3074 3249 3247
4 3249 3250 3248 3247
4 3074 3076 3251 3249
4 3251 3252 3250 3249
4 3076 3078 3253 3251
4 3253 3254 3252 3251
4 3078 3080 3255 3253
4 3255 3256 3254 3253
4 3080 3082 3257 3255
4 3257 3258 3256 3255
4 3082 3084 3259 3257
4 3259 3260 3258 3257
4 3084 3086 3261 3259
4 3261 3262 3260 3259
4 3086 3088 3263 3261
4 3263 3264 3262 3261
4 3088 3090 3265 3263
4 3265 3266 3264 3263
4 3236 3267 2594 2578
4 3238 3268 3267 3236
4 3240 3269 3268 3238
4 3242 3270 3269 3240
4 3244 3271 3270 3242
4 3246 3272 3271 3244
4 3248 3273 3272 3246
4 3250 3274 3273 3248
4 3252 3275 3274 3250
4 3254 3276 3275 3252
4 3256 3277 3276 3254
4 3258 3278 3277 3256
4 3260 3279 3278 3258
4 3262 3280 3279 3260
4 3264 3281 3280 3262
4 3266 3282 3281 3264
4 3267 3283 2610 2594
4 3268 3284 3283 3267
4 3269 3285 3284 3268
4 3270 3286 3285 3269
4 3271 3287 3286 3270
4 3272 3288 3287 3271
4 3273 3289 3288 3272
4 3274 3290 3289 3273
4 3275 3291 3290 3274
4 3276 3292 3291 3275
4 3277 3293 3292 3276
4 3278 3294 3293 3277
4 3279 3295 3294 3278
4 3280 3296 3295 3279
4 3281 3297 3296 3280
4 3282 3298 3297 3281
4 3283 3299 2626 2610
4 3284 3300 3299 3283
4 3285 3301 3300 3284
4 3286 3302 3301 3285
4 3287 3303 3302 3286
4 3288 3304 3303 3287
4 3289 3305 3304 3288
4 3290 3306 3305 3289
4 3291 3307 3306 3290
4 3292 3308 3307 3291
4 3293 3309 3308 3292
4 3294 3310 3309 3293
4 3295 3311 3310 3294
4 3296 3312 3311 3295
4 3297 3313 3312 3296
4 3298 3314 3313 3297
4 3299 3315 2642 2626
4 3300 3316 3315 3299
4 3301 3317 3316 3300
4 3302 3318 3317 3301
4 3303 3319 3318 3302
4 3304 3320 3319 3303
4 3305 3321 3320 3304
4 3306 3322 3321 3305
4 3307 3323 3322 3306
4 3308 3324 3323 3307
4 3309 3325 3324 3308
4 3310 3326 3325 3309
4 3311 3327 3326 3310
4 3312 3328 3327 3311
4 3313 3329 3328 3312
4 3314 3330 3329 3313
4 3315 3331 2658 2642
4 3316 3332 3331 3315
4 3317 3333 3332 3316
4 3318 3334 3333 3317
4 3319 3335 3334 3318
4 3320 3336 3335 3319
4 3321 3337 3336 3320
4 3322 3338 3337 3321
4 3323 3339 3338 3322
4 3324 3340 3339 3323
4 3325 3341 3340 3324
4 3326 3342 3341 3325
4 3327 3343 3342 3326
4 3328 3344 3343 3327
4 3329 3345 3344 3328
4 3330 3346 3345 3329
4 3331 3347 2674 2658
4 3332 3348 3347 3331
4 3333 3349 3348 3332
4 3334 3350 3349 3333
4 3335 3351 3350 3334
4 3336 3352 3351 3335
4 3337 3353 3352 3336
4 3338 3354 3353 3337
4 3339 3355 3354 3338
4 3340 3356 3355 3339
4 3341 3357 3356 3340
4 3342 3358 3357 3341
4 3343 3359 3358 3342
4 3344 3360 3359 3343
4 3345 3361 3360 3344
4 3346 3362 3361 3345
4 3347 3363 2690 2674
4 3348 3364 3363 3347
4 3349 3365 3364 3348
4 3350 3366 3365 3349
4 3351 3367 3366 3350
4 3352 3368 3367 3351
4 3353 3369 3368 3352
4 3354 3370 3369 3353
4 3355 3371 3370 3354
4 3356 3372 3371 3355
4 3357 3373 3372 3356
4 3358 3374 3373 3357
4 3359 3375 3374 3358
4 3360 3376 3375 3359
4 3361 3377 3376 3360
4 3362 3378 3377 3361
4 3363 3379 2706 2690
4 3364 3380 3379 3363
4 3365 3381 3380 3364
4 3366 3382 3381 3365
4 3367 3383 3382 3366
4 3368 3384 3383 3367
4 3369 3385 3384 3368
4 3370 3386 3385 3369
4 3371 3387 3386 3370
4 3372 3388 3387 3371
4 3373 3389 3388 3372
4 3374 3390 3389 3373
4 3375 3391 3390 3374
4 3376 3392 3391 3375
4 3377 3393 3392 3376
4 3378 3394 3393 3377
4 2767 3395 3396 2768
4 3397 2769 2770 3398
4 3395 3399 3400 3396
4 3401 3397 3398 3402
4 3399 3403 3404 3400
4 3405 3401 3402 3406
4 3403 3407 3408 3404
4 3409 3405 3406 3410
4 3407 3411 3412 3408
4 3413 3409 3410 3414
4 3411 3415 3416 3412
4 3417 3413 3414 3418
4 3415 3419 3420 3416
4 3421 3417 3418 3422
4 3419 3423 3424 3420
4 3425 3421 3422 3426
4 3423 3427 3428 3424
4 3429 3425 3426 3430
4 3427 3431 3432 3428
4 3433 3429 3430 3434
4 3431 3435 3436 3432
4 3437 3433 3434 3438
4 3435 3439 3440 3436
4 3441 3437 3438 3442
4 3439 3443 3444 3440
4 3445 3441 3442 3446
4 3443 3447 3448 3444
4 3449 3445 3446 3450
4 3447 3451 3452 3448
4 3453 3449 3450 3454
4 3451 3455 3456 3452
4 3457 3453 3454 3458
4 2768 3396 3459 2801
4 3398 2770 2802 3460
4 3396 3400 3461 3459
4 3402 3398 3460 3462
4 3400 3404 3463 3461
4 3406 3402 3462 3464
4 3404 3408 3465 3463
4 3410 3406 3464 3466
4 3408 3412 3467 3465
4 3414 3410 3466 3468
4 3412 3416 3469 3467
4 3418 3414 3468 3470
4 3416 3420 3471 3469
4 3422 3418 3470 3472
4 3420 3424 3473 3471
4 3426 3422 3472 3474
4 3424 3428 3475 3473
4 3430 3426 3474 3476
4 3428 3432 3477 3475
4 3434 3430 3476 3478
4 3432 3436 3479 3477
4 3438 3434 3478 3480
4 3436 3440 3481 3479
4 3442 3438 3480 3482
4 3440 3444 3483 3481
4 3446 3442 3482 3484
4 3444 3448 3485 3483
4 3450 3446 3484 3486
4 3448 3452 3487 3485
4 3454 3450 3486 3488
4 3452 3456 3489 3487
4 3458 3454 3488 3490
4 2801 3459 3491 2833
4 3460 2802 2834 3492
4 3459 3461 3493 3491
4 3462 3460 3492 3494
4 3461 3463 3495 3493
4 3464 3462 3494 3496
4 3463 3465 3497 3495
4 3466 3464 3496 3498
4 3465 3467 3499 3497
4 3468 3466 3498 3500
4 3467 3469 3501 3499
4 3470 3468 3500 3502
4 3469 3471 3503 3501
4 3472 3470 3502 3504
4 3471 3473 3505 3503
4 3474 3472 3504 3506
4 3473 3475 3507 3505
4 3476 3474 3506 3508
4 3475 3477 3509 3507
4 3478 3476 3508 3510
4 3477 3479 3511 3509
4 3480 3478 3510 3512
4 3479 3481 3513 3511
4 3482 3480 3512 3514
4 3481 3483 3515 3513
4 3484 3482 3514 3516
4 3483 3485 3517 3515
4 3486 3484 3516 3518
4 3485 3487 3519 3517
4 3488 3486 3518 3520
4 3487 3489 3521 3519
4 3490 3488 3520 3522
4 2833 3491 3523 2865
4 3492 2834 2866 3524
4 3491 3493 3525 3523
4 3494 3492 3524 3526
4 3493 3495 3527 3525
4 3496 3494 3526 3528
4 3495 3497 3529 3527
4 3498 3496 3528 3530
4 3497 3499 3531 3529
4 3500 3498 3530 3532
4 3499 3501 3533 3531
4 3502 3500 3532 3534
4 3501 3503 3535 3533
4 3504 3502 3534 3536
4 3503 3505 3537 3535
4 3506 3504 3536 3538
4 3505 3507 3539 3537
4 3508 3506 3538 3540
4 3507 3509 3541 3539
4 3510 3508 3540 3542
4 3509 3511 3543 3541
4 3512 3510 3542 3544
4 3511 3513 3545 3543
4 3514 3512 3544 3546
4 3513 3515 3547 3545
4 3516 3514 3546 3548
4 3515 3517 3549 3547
4 3518 3516 3548 3550
4 3517 3519 3551 3549
4 3520 3518 3550 3552
4 3519 3521 3553 3551
4 3522 3520 3552 3554
4 2865 3523 3555 2897
4 3524 2866 2898 3556
4 3523 3525 3557 3555
4 3526 3524 3556 3558
4 3525 3527 3559 3557
4 3528 3526 3558 3560
4 3527 3529 3561 3559
4 3530 3528 3560 3562
4 3529 3531 3563 3561
4 3532 3530 3562 3564
4 3531 3533 3565 3563
4 3534 3532 3564 3566
4 3533 3535 3567 3565
4 3536 3534 3566 3568
4 3535 3537 3569 3567
4 3538 3536 3568 3570
4 3537 3539 3571 3569
4 3540 3538 3570 3572
4 3539 3541 3573 3571
4 3542 3540 3572 3574
4 3541 3543 3575 3573
4 3544 3542 3574 3576
4 3543 3545 3577 3575
4 3546 3544 3576 3578
4 3545 3547 3579 3577
4 3548 3546 3578 3580
4 3547 3549 3581 3579
4 3550 3548 3580 3582
4 3549 3551 3583 3581
4 3552 3550 3582 3584
4 3551 3553 3585 3583
4 3554 3552 3584 3586
4 2897 3555 3587 2929
4 3556 2898 2930 3588
4 3555 3557 3589 3587
4 3558 3556 3588 3590
4 3557 3559 3591 3589
4 3560 3558 3590 3592
4 3559 3561 3593 3591
4 3562 3560 3592 3594
4 3561 3563 3595 3593
4 3564 3562 3594 3596
4 3563 3565 3597 3595
4 3566 3564 3596 3598
4 3565 3567 3599 3597
4 3568 3566 3598 3600
4 3567 3569 3601 3599
4 3570 3568 3600 3602
4 3569 3571 3603 3601
4 3572 3570 3602 3604
4 3571 3573 3605 3603
4 3574 3572 3604 3606
4 3573 3575 3607 3605
4 3576 3574 3606 3608
4 3575 3577 3609 3607
4 3578 3576 3608 3610
4 3577 3579 3611 3609
4 3580 3578 3610 3612
4 3579 3581 3613 3611
4 3582 3580 3612 3614
4 3581 3583 3615 3613
4 3584 3582 3614 3616
4 3583 3585 3617 3615
4 3586 3584 3616 3618
4 2929 3587 3619 2961
4 3619 3620 2962 2961
4 3587 3589 3621 3619
4 3621 3622 3620 3619
4 3589 3591 3623 3621
4 3623 3624 3622 3621
4 3591 3593 3625 3623
4 3625 3626 3624 3623
4 3593 3595 3627 3625
4 3627 3628 3626 3625
4 3595 3597 3629 3627
4 3629 3630 3628 3627
4 3597 3599 3631 3629
4 3631 3632 3630 3629
4 3599 3601 3633 3631
4 3633 3634 3632 3631
4 3601 3603 3635 3633
4 3635 3636 3634 3633
4 3603 3605 3637 3635
4 3637 3638 3636 3635
4 3605 3607 3639 3637
4 3639 3640 3638 3637
4 3607 3609 3641 3639
4 3641 3642 3640 3639
4 3609 3611 3643 3641
4 3643 3644 3642 3641
4 3611 3613 3645 3643
4 3645 3646 3644 3643
4 3613 3615 3647 3645
4 3647 3648 3646 3645
4 3615 3617 3649 3647
4 3649 3650 3648 3647
4 3651 2993 2994 3652
4 2930 2993 3651 3588
4 3653 3651 3652 3654
4 3588 3651 3653 3590
4 3655 3653 3654 3656
4 3590 3653 3655 3592
4 3657 3655 3656 3658
4 3592 3655 3657 3594
4 3659 3657 3658 3660
4 3594 3657 3659 3596
4 3661 3659 3660 3662
4 3596 3659 3661 3598
4 3663 3661 3662 3664
4 3598 3661 3663 3600
4 3665 3663 3664 3666
4 3600 3663 3665 3602
4 3667 3665 3666 3668
4 3602 3665 3667 3604
4 3669 3667 3668 3670
4 3604 3667 3669 3606
4 3671 3669 3670 3672
4 3606 3669 3671 3608
4 3673 3671 3672 3674
4 3608 3671 3673 3610
4 3675 3673 3674 3676
4 3610 3673 3675 3612
4 3677 3675 3676 3678
4 3612 3675 3677 3614
4 3679 3677 3678 3680
4 3614 3677 3679 3616
4 3681 3679 3680 3682
4 3616 3679 3681 3618
4 2962 3620 3683 3025
4 3683 3684 3026 3025
4 3620 3622 3685 3683
4 3685 3686 3684 3683
4 3622 3624 3687 3685
4 3687 3688 3686 3685
4 3624 3626 3689 3687
4 3689 3690 3688 3687
4 3626 3628 3691 3689
4 3691 3692 3690 3689
4 3628 3630 3693 3691
4 3693 3694 3692 3691
4 3630 3632 3695 3693
4 3695 3696 3694 3693
4 3632 3634 3697 3695
4 3697 3698 3696 3695
4 3634 3636 3699 3697
4 3699 3700 3698 3697
4 3636 3638 3701 3699
4 3701 3702 3700 3699
4 3638 3640 3703 3701
4 3703 3704 3702 3701
4 3640 3642 3705 3703
4 3705 3706 3704 3703
4 3642 3644 3707 3705
4 3707 3708 3706 3705
4 3644 3646 3709 3707
4 3709 3710 3708 3707
4 3646 3648 3711 3709
4 3711 3712 3710 3709
4 3648 3650 3713 3711
4 3713 3714 3712 3711
4 2994 3057 3715 3652
4 3684 3716 3058 3026
4 3652 3715 3717 3654
4 3686 3718 3716 3684
4 3654 3717 3719 3656
4 3688 3720 3718 3686
4 3656 3719 3721 3658
4 3690 3722 3720 3688
4 3658 3721 3723 3660
4 3692 3724 3722 3690
4 3660 3723 3725 3662
4 3694 3726 3724 3692
4 3662 3725 3727 3664
4 3696 3728 3726 3694
4 3664 3727 3729 3666
4 3698 3730 3728 3696
4 3666 3729 3731 3668
4 3700 3732 3730 3698
4 3668 3731 3733 3670
4 3702 3734 3732 3700
4 3670 3733 3735 3672
4 3704 3736 3734 3702
4 3672 3735 3737 3674
4 3706 3738 3736 3704
4 3674 3737 3739 3676
4 3708 3740 3738 3706
4 3676 3739 3741 3678
4 3710 3742 3740 3708
4 3678 3741 3743 3680
4 3712 3744 3742 3710
4 3680 3743 3745 3682
4 3714 3746 3744 3712
4 3057 3089 3747 3715
4 3716 3748 3090 3058
4 3715 3747 3749 3717
4 3718 3750 3748 3716
4 3717 3749 3751 3719
4 3720 3752 3750 3718
4 3719 3751 3753 3721
4 3722 3754 3752 3720
4 3721 3753 3755 3723
4 3724 3756 3754 3722
4 3723 3755 3757 3725
4 3726 3758 3756 3724
4 3725 3757 3759 3727
4 3728 3760 3758 3726
4 3727 3759 3761 3729
4 3730 3762 3760 3728
4 3729 3761 3763 3731
4 3732 3764 3762 3730
4 3731 3763 3765 3733
4 3734 3766 3764 3732
4 3733 3765 3767 3735
4 3736 3768 3766 3734
4 3735 3767 3769 3737
4 3738 3770 3768 3736
4 3737 3769 3771 3739
4 3740 3772 3770 3738
4 3739 3771 3773 3741
4 3742 3774 3772 3740
4 3741 3773 3775 3743
4 3744 3776 3774 3742
4 3743 3775 3777 3745
4 3746 3778 3776 3744
4 3089 3106 3779 3747
4 3747 3779 3780 3749
4 3749 3780 3781 3751
4 3751 3781 3782 3753
4 3753 3782 3783 3755
4 3755 3783 3784 3757
4 3757 3784 3785 3759
4 3759 3785 3786 3761
4 3761 3786 3787 3763
4 3763 3787 3788 3765
4 3765 3788 3789 3767
4 3767 3789 3790 3769
4 3769 3790 3791 3771
4 3771 3791 3792 3773
4 3773 3792 3793 3775
4 3775 3793 3794 3777
4 3106 3122 3795 3779
4 3779 3795 3796 3780
4 3780 3796 3797 3781
4 3781 3797 3798 3782
4 3782 3798 3799 3783
4 3783 3799 3800 3784
4 3784 3800 3801 3785
4 3785 3801 3802 3786
4 3786 3802 3803 3787
4 3787 3803 3804 3788
4 3788 3804 3805 3789
4 3789 3805 3806 3790
4 3790 3806 3807 3791
4 3791 3807 3808 3792
4 3792 3808 3809 3793
4 3793 3809 3810 3794
4 3122 3138 3811 3795
4 3795 3811 3812 3796
4 3796 3812 3813 3797
4 3797 3813 3814 3798
4 3798 3814 3815 3799
4 3799 3815 3816 3800
4 3800 3816 3817 3801
4 3801 3817 3818 3802
4 3802 3818 3819 3803
4 3803 3819 3820 3804
4 3804 3820 3821 3805
4 3805 3821 3822 3806
4 3806 3822 3823 3807
4 3807 3823 3824 3808
4 3808 3824 3825 3809
4 3809 3825 3826 3810
4 3138 3154 3827 3811
4 3811 3827 3828 3812
4 3812 3828 3829 3813
4 3813 3829 3830 3814
4 3814 3830 3831 3815
4 3815 3831 3832 3816
4 3816 3832 3833 3817
4 3817 3833 3834 3818
4 3818 3834 3835 3819
4 3819 3835 3836 3820
4 3820 3836 3837 3821
4 3821 3837 3838 3822
4 3822 3838 3839 3823
4 3823 3839 3840 3824
4 3824 3840 3841 3825
4 3825 3841 3842 3826
4 3154 3170 3843 3827
4 3827 3843 3844 3828
4 3828 3844 3845 3829
4 3829 3845 3846 3830
4 3830 3846 3847 3831
4 3831 3847 3848 3832
4 3832 3848 3849 3833
4 3833 3849 3850 3834
4 3834 3850 3851 3835
4 3835 3851 3852 3836
4 3836 3852 3853 3837
4 3837 3853 3854 3838
4 3838 3854 3855 3839
4 3839 3855 3856 3840
4 3840 3856 3857 3841
4 3841 3857 3858 3842
4 3170 3186 3859 3843
4 3843 3859 3860 3844
4 3844 3860 3861 3845
4 3845 3861 3862 3846
4 3846 3862 3863 3847
4 3847 3863 3864 3848
4 3848 3864 3865 3849
4 3849 3865 3866 3850
4 3850 3866 3867 3851
4 3851 3867 3868 3852
4 3852 3868 3869 3853
4 3853 3869 3870 3854
4 3854 3870 3871 3855
4 3855 3871 3872 3856
4 3856 3872 3873 3857
4 3857 3873 3874 3858
4 3186 3202 3875 3859
4 3859 3875 3876 3860
4 3860 3876 3877 3861
4 3861 3877 3878 3862
4 3862 3878 3879 3863
4 3863 3879 3880 3864
4 3864 3880 3881 3865
4 3865 3881 3882 3866
4 3866 3882 3883 3867
4 3867 3883 3884 3868
4 3868 3884 3885 3869
4 3869 3885 3886 3870
4 3870 3886 3887 3871
4 3871 3887 3888 3872
4 3872 3888 3889 3873
4 3873 3889 3890 3874
4 3202 3218 3891 3875
4 3875 3891 3892 3876
4 3876 3892 3893 3877
4 3877 3893 3894 3878
4 3878 3894 3895 3879
4 3879 3895 3896 3880
4 3880 3896 3897 3881
4 3881 3897 3898 3882
4 3882 3898 3899 3883
4 3883 3899 3900 3884
4 3884 3900 3901 3885
4 3885 3901 3902 3886
4 3886 3902 3903 3887
4 3887 3903 3904 3888
4 3888 3904 3905 3889
4 3889 3905 3906 3890
4 3218 3234 3907 3891
4 3891 3907 3908 3892
4 3892 3908 3909 3893
4 3893 3909 3910 3894
4 3894 3910 3911 3895
4 3895 3911 3912 3896
4 3896 3912 3913 3897
4 3897 3913 3914 3898
4 3898 3914 3915 3899
4 3899 3915 3916 3900
4 3900 3916 3917 3901
4 3901 3917 3918 3902
4 3902 3918 3919 3903
4 3903 3919 3920 3904
4 3904 3920 3921 3905
4 3905 3921 3922 3906
4 3090 3748 3923 3265
4 3923 3924 3266 3265
4 3748 3750 3925 3923
4 3925 3926 3924 3923
4 3750 3752 3927 3925
4 3927 3928 3926 3925
4 3752 3754 3929 3927
4 3929 3930 3928 3927
4 3754 3756 3931 3929
4 3931 3932 3930 3929
4 3756 3758 3933 3931
4 3933 3934 3932 3931
4 3758 3760 3935 3933
4 3935 3936 3934 3933
4 3760 3762 3937 3935
4 3937 3938 3936 3935
4 3762 3764 3939 3937
4 3939 3940 3938 3937
4 3764 3766 3941 3939
4 3941 3942 3940 3939
4 3766 3768 3943 3941
4 3943 3944 3942 3941
4 3768 3770 3945 3943
4 3945 3946 3944 3943
4 3770 3772 3947 3945
4 3947 3948 3946 3945
4 3772 3774 3949 3947
4 3949 3950 3948 3947
4 3774 3776 3951 3949
4 3951 3952 3950 3949
4 3776 3778 3953 3951
4 3953 3954 3952 3951
4 3924 3955 3282 3266
4 3926 3956 3955 3924
4 3928 3957 3956 3926
4 3930 3958 3957 3928
4 3932 3959 3958 3930
4 3934 3960 3959 3932
4 3936 3961 3960 3934
4 3938 3962 3961 3936
4 3940 3963 3962 3938
4 3942 3964 3963 3940
4 3944 3965 3964 3942
4 3946 3966 3965 3944
4 3948 3967 3966 3946
4 3950 3968 3967 3948
4 3952 3969 3968 3950
4 3954 3970 3969 3952
4 3955 3971 3298 3282
4 3956 3972 3971 3955
4 3957 3973 3972 3956
4 3958 3974 3973 3957
4 3959 3975 3974 3958
4 3960 3976 3975 3959
4 3961 3977 3976 3960
4 3962 3978 3977 3961
4 3963 3979 3978 3962
4 3964 3980 3979 3963
4 3965 3981 3980 3964
4 3966 3982 3981 3965
4 3967 3983 3982 3966
4 3968 3984 3983 3967
4 3969 3985 3984 3968
4 3970 3986 3985 3969
4 3971 3987 3314 3298
4 3972 3988 3987 3971
4 3973 3989 3988 3972
4 3974 3990 3989 3973
4 3975 3991 3990 3974
4 3976 3992 3991 3975
4 3977 3993 3992 3976
4 3978 3994 3993 3977
4 3979 3995 3994 3978
4 3980 3996 3995 3979
4 3981 3997 3996 3980
4 3982 3998 3997 3981
4 3983 3999 3998 3982
4 3984 4000 3999 3983
4 3985 4001 4000 3984
4 3986 4002 4001 3985
4 3987 4003 3330 3314
4 3988 4004 4003 3987
4 3989 4005 4004 3988
4 3990 4006 4005 3989
4 3991 4007 4006 3990
4 3992 4008 4007 3991
4 3993 4009 4008 3992
4 3994 4010 4009 3993
4 3995 4011 4010 3994
4 3996 4012 4011 3995
4 3997 4013 4012 3996
4 3998 4014 4013 3997
4 3999 4015 4014 3998
4 4000 4016 4015 3999
4 4001 4017 4016 4000
4 4002 4018 4017 4001
4 4003 4019 3346 3330
4 4004 4020 4019 4003
4 4005 4021 4020 4004
4 4006 4022 4021 4005
4 4007 4023 4022 4006
4 4008 4024 4023 4007
4 4009 4025 4024 4008
4 4010 4026 4025 4009
4 4011 4027 4026 4010
4 4012 4028 4027 4011
4 4013 4029 4028 4012
4 4014 4030 4029 4013
4 4015 4031 4030 4014
4 4016 4032 4031 4015
4 4017 4033 4032 4016
4 4018 4034 4033 4017
4 4019 4035 3362 3346
4 4020 4036 4035 4019
4 4021 4037 4036 4020
4 4022 4038 4037 4021
4 4023 4039 4038 4022
4 4024 4040 4039 4023
4 4025 4041 4040 4024
4 4026 4042 4041 4025
4 4027 4043 4042 4026
4 4028 4044 4043 4027
4 4029 4045 4044 4028
4 4030 4046 4045 4029
4 4031 4047 4046 4030
4 4032 4048 4047 4031
4 4033 4049 4048 4032
4 4034 4050 4049 4033
4 4035 4051 3378 3362
4 4036 4052 4051 4035
4 4037 4053 4052 4036
4 4038 4054 4053 4037
4 4039 4055 4054 4038
4 4040 4056 4055 4039
4 4041 4057 4056 4040
4 4042 4058 4057 4041
4 4043 4059 4058 4042
4 4044 4060 4059 4043
4 4045 4061 4060 4044
4 4046 4062 4061 4045
4 4047 4063 4062 4046
4 4048 4064 4063 4047
4 4049 4065 4064 4048
4 4050 4066 4065 4049
4 4051 4067 3394 3378
4 4052 4068 4067 4051
4 4053 4069 4068 4052
4 4054 4070 4069 4053
4 4055 4071 4070 4054
4 4056 4072 4071 4055
4 4057 4073 4072 4056
4 4058 4074 4073 4057
4 4059 4075 4074 4058
4 4060 4076 4075 4059
4 4061 4077 4076 4060
4 4062 4078 4077 4061
4 4063 4079 4078 4062
4 4064 4080 4079 4063
4 4065 4081 4080 4064
4 4066 4082 4081 4065
4 3455 4083 4084 3456
4 4085 3457 3458 4086
4 4083 4087 4088 4084
4 4089 4085 4086 4090
4 4087 4091 4092 4088
4 4093 4089 4090 4094
4 4091 4095 4096 4092
4 4097 4093 4094 4098
4 4095 4099 4100 4096
4 4101 4097 4098 4102
4 4099 4103 4104 4100
4 4105 4101 4102 4106
4 4103 4107 4108 4104
4 4109 4105 4106 4110
4 4107 4111 4112 4108
4 4113 4109 4110 4114
4 4111 4115 4116 4112
4 4117 4113 4114 4118
4 4115 4119 4120 4116
4 4121 4117 4118 4122
4 4119 4123 4124 4120
4 4125 4121 4122 4126
4 4123 4127 4128 4124
4 4129 4125 4126 4130
4 4127 4131 4132 4128
4 4133 4129 4130 4134
4 4131 4135 4136 4132
4 4137 4133 4134 4138
4 4135 4139 4140 4136
4 4141 4137 4138 4142
4 4139 4143 4144 4140
4 4145 4141 4142 4146
4 3456 4084 4147 3489
4 4086 3458 3490 4148
4 4084 4088 4149 4147
4 4090 4086 4148 4150
4 4088 4092 4151 4149
4 4094 4090 4150 4152
4 4092 4096 4153 4151
4 4098 4094 4152 4154
4 4096 4100 4155 4153
4 4102 4098 4154 4156
4 4100 4104 4157 4155
4 4106 4102 4156 4158
4 4104 4108 4159 4157
4 4110 4106 4158 4160
4 4108 4112 4161 4159
4 4114 4110 4160 4162
4 4112 4116 4163 4161
4 4118 4114 4162 4164
4 4116 4120 4165 4163
4 4122 4118 4164 4166
4 4120 4124 4167 4165
4 4126 4122 4166 4168
4 4124 4128 4169 4167
4 4130 4126 4168 4170
4 4128 4132 4171 4169
4 4134 4130 4170 4172
4 4132 4136 4173 4171
4 4138 4134 4172 4174
4 4136 4140 4175 4173
4 4142 4138 4174 4176
4 4140 4144 4177 4175
4 4146 4142 4176 4178
4 3489 4147 4179 3521
4 4148 3490 3522 4180
4 4147 4149 4181 4179
4 4150 4148 4180 4182
4 4149 4151 4183 4181
4 4152 4150 4182 4184
4 4151 4153 4185 4183
4 4154 4152 4184 4186
4 4153 4155 4187 4185
4 4156 4154 4186 4188
4 4155 4157 4189 4187
4 4158 4156 4188 4190
4 4157 4159 4191 4189
4 4160 4158 4190 4192
4 4159 4161 4193 4191
4 4162 4160 4192 4194
4 4161 4163 4195 4193
4 4164 4162 4194 4196
4 4163 4165 4197 4195
4 4166 4164 4196 4198
4 4165 4167 4199 4197
4 4168 4166 4198 4200
4 4167 4169 4201 4199
4 4170 4168 4200 4202
4 4169 4171 4203 4201
4 4172 4170 4202 4204
4 4171 4173 4205 4203
4 4174 4172 4204 4206
4 4173 4175 4207 4205
4 4176 4174 4206 4208
4 4175 4177 4209 4207
4 4178 4176 4208 4210
4 3521 4179 4211 3553
4 4180 3522 3554 4212
4 4179 4181 4213 4211
4 4182 4180 4212 4214
4 4181 4183 4215 4213
4 4184 4182 4214 4216
4 4183 4185 4217 4215
4 4186 4184 4216 4218
4 4185 4187 4219 4217
4 4188 4186 4218 4220
4 4187 4189 4221 4219
4 4190 4188 4220 4222
4 4189 4191 4223 4221
4 4192 4190 4222 4224
4 4191 4193 4225 4223
4 4194 4192 4224 4226
4 4193 4195 4227 4225
4 4196 4194 4226 4228
4 4195 4197 4229 4227
4 4198 4196 4228 4230
4 4197 4199 4231 4229
4 4200 4198 4230 4232
4 4199 4201 4233 4231
4 4202 4200 4232 4234
4 4201 4203 4235 4233
4 4204 4202 4234 4236
4 4203 4205 4237 4235
4 4206 4204 4236 4238
4 4205 4207 4239 4237
4 4208 4206 4238 4240
4 4207 4209 4241 4239
4 4210 4208 4240 4242
4 3553 4211 4243 3585
4 4212 3554 3586 4244
4 4211 4213 4245 4243
4 4214 4212 4244 4246
4 4213 4215 4247 4245
4 4216 4214 4246 4248
4 4215 4217 4249 4247
4 4218 4216 4248 4250
4 4217 4219 4251 4249
4 4220 4218 4250 4252
4 4219 4221 4253 4251
4 4222 4220 4252 4254
4 4221 4223 4255 4253
4 4224 4222 4254 4256
4 4223 4225 4257 4255
4 4226 4224 4256 4258
4 4225 4227 4259 4257
4 4228 4226 4258 4260
4 4227 4229 4261 4259
4 4230 4228 4260 4262
4 4229 4231 4263 4261
4 4232 4230 4262 4264
4 4231 4233 4265 4263
4 4234 4232 4264 4266
4 4233 4235 4267 4265
4 4236 4234 4266 4268
4 4235 4237 4269 4267
4 4238 4236 4268 4270
4 4237 4239 4271 4269
4 4240 4238 4270 4272
4 4239 4241 4273 4271
4 4242 4240 4272 4274
4 3585 4243 4275 3617
4 4244 3586 3618 4276
4 4243 4245 4277 4275
4 4246 4244 4276 4278
4 4245 4247 4279 4277
4 4248 4246 4278 4280
4 4247 4249 4281 4279
4 4250 4248 4280 4282
4 4249 4251 4283 4281
4 4252 4250 4282 4284
4 4251 4253 4285 4283
4 4254 4252 4284 4286
4 4253 4255 4287 4285
4 4256 4254 4286 4288
4 4255 4257 4289 4287
4 4258 4256 4288 4290
4 4257 4259 4291 4289
4 4260 4258 4290 4292
4 4259 4261 4293 4291
4 4262 4260 4292 4294
4 4261 4263 4295 4293
4 4264 4262 4294 4296
4 4263 4265 4297 4295
4 4266 4264 4296 4298
4 4265 4267 4299 4297
4 4268 4266 4298 4300
4 4267 4269 4301 4299
4 4270 4268 4300 4302
4 4269 4271 4303 4301
4 4272 4270 4302 4304
4 4271 4273 4305 4303
4 4274 4272 4304 4306
4 3617 4275 4307 3649
4 4307 4308 3650 3649
4 4275 4277 4309 4307
4 4309 4310 4308 4307
4 4277 4279 4311 4309
4 4311 4312 4310 4309
4 4279 4281 4313 4311
4 4313 4314 4312 4311
4 4281 4283 4315 4313
4 4315 4316 4314 4313
4 4283 4285 4317 4315
4 4317 4318 4316 4315
4 4285 4287 4319 4317
4 4319 4320 4318 4317
4 4287 4289 4321 4319
4 4321 4322 4320 4319
4 4289 4291 4323 4321
4 4323 4324 4322 4321
4 4291 4293 4325 4323
4 4325 4326 4324 4323
4 4293 4295 4327 4325
4 4327 4328 4326 4325
4 4295 4297 4329 4327
4 4329 4330 4328 4327
4 4297 4299 4331 4329
4 4331 4332 4330 4329
4 4299 4301 4333 4331
4 4333 4334 4332 4331
4 4301 4303 4335 4333
4 4335 4336 4334 4333
4 4303 4305 4337 4335
4 4337 4338 4336 4335
4 4339 3681 3682 4340
4 3618 3681 4339 4276
4 4341 4339 4340 4342
4 4276 4339 4341 4278
4 4343 4341 4342 4344
4 4278 4341 4343 4280
4 4345 4343 4344 4346
4 4280 4343 4345 4282
4 4347 4345 4346 4348
4 4282 4345 4347 4284
4 4349 4347 4348 4350
4 4284 4347 4349 4286
4 4351 4349 4350 4352
4 4286 4349 4351 4288
4 4353 4351 4352 4354
4 4288 4351 4353 4290
4 4355 4353 4354 4356
4 4290 4353 4355 4292
4 4357 4355 4356 4358
4 4292 4355 4357 4294
4 4359 4357 4358 4360
4 4294 4357 4359 4296
4 4361 4359 4360 4362
4 4296 4359 4361 4298
4 4363 4361 4362 4364
4 4298 4361 4363 4300
4 4365 4363 4364 4366
4 4300 4363 4365 4302
4 4367 4365 4366 4368
4 4302 4365 4367 4304
4 4369 4367 4368 4370
4 4304 4367 4369 4306
4 3650 4308 4371 3713
4 4371 4372 3714 3713
4 4308 4310 4373 4371
4 4373 4374 4372 4371
4 4310 4312 4375 4373
4 4375 4376 4374 4373
4 4312 4314 4377 4375
4 4377 4378 4376 4375
4 4314 4316 4379 4377
4 4379 4380 4378 4377
4 4316 4318 4381 4379
4 4381 4382 4380 4379
4 4318 4320 4383 4381
4 4383 4384 4382 4381
4 4320 4322 4385 4383
4 4385 4386 4384 4383
4 4322 4324 4387 4385
4 4387 4388 4386 4385
4 4324 4326 4389 4387
4 4389 4390 4388 4387
4 4326 4328 4391 4389
4 4391 4392 4390 4389
4 4328 4330 4393 4391
4 4393 4394 4392 4391
4 4330 4332 4395 4393
4 4395 4396 4394 4393
4 4332 4334 4397 4395
4 4397 4398 4396 4395
4 4334 4336 4399 4397
4 4399 4400 4398 4397
4 4336 4338 4401 4399
4 4401 4402 4400 4399
4 3682 3745 4403 4340
4 4372 4404 3746 3714
4 4340 4403 4405 4342
4 4374 4406 4404 4372
4 4342 4405 4407 4344
4 4376 4408 4406 4374
4 4344 4407 4409 4346
4 4378 4410 4408 4376
4 4346 4409 4411 4348
4 4380 4412 4410 4378
4 4348 4411 4413 4350
4 4382 4414 4412 4380
4 4350 4413 4415 4352
4 4384 4416 4414 4382
4 4352 4415 4417 4354
4 4386 4418 4416 4384
4 4354 4417 4419 4356
4 4388 4420 4418 4386
4 4356 4419 4421 4358
4 4390 4422 4420 4388
4 4358 4421 4423 4360
4 4392 4424 4422 4390
4 4360 4423 4425 4362
4 4394 4426 4424 4392
4 4362 4425 4427 4364
4 4396 4428 4426 4394
4 4364 4427 4429 4366
4 4398 4430 4428 4396
4 4366 4429 4431 4368
4 4400 4432 4430 4398
4 4368 4431 4433 4370
4 4402 4434 4432 4400
4 3745 3777 4435 4403
4 4404 4436 3778 3746
4 4403 4435 4437 4405
4 4406 4438 4436 4404
4 4405 4437 4439 4407
4 4408 4440 4438 4406
4 4407 4439 4441 4409
4 4410 4442 4440 4408
4 4409 4441 4443 4411
4 4412 4444 4442 4410
4 4411 4443 4445 4413
4 4414 4446 4444 4412
4 4413 4445 4447 4415
4 4416 4448 4446 4414
4 4415 4447 4449 4417
4 4418 4450 4448 4416
4 4417 4449 4451 4419
4 4420 4452 4450 4418
4 4419 4451 4453 4421
4 4422 4454 4452 4420
4 4421 4453 4455 4423
4 4424 4456 4454 4422
4 4423 4455 4457 4425
4 4426 4458 4456 4424
4 4425 4457 4459 4427
4 4428 4460 4458 4426
4 4427 4459 4461 4429
4 4430 4462 4460 4428
4 4429 4461 4463 4431
4 4432 4464 4462 4430
4 4431 4463 4465 4433
4 4434 4466 4464 4432
4 3777 3794 4467 4435
4 4435 4467 4468 4437
4 4437 4468 4469 4439
4 4439 4469 4470 4441
4 4441 4470 4471 4443
4 4443 4471 4472 4445
4 4445 4472 4473 4447
4 4447 4473 4474 4449
4 4449 4474 4475 4451
4 4451 4475 4476 4453
4 4453 4476 4477 4455
4 4455 4477 4478 4457
4 4457 4478 4479 4459
4 4459 4479 4480 4461
4 4461 4480 4481 4463
4 4463 4481 4482 4465
4 3794 3810 4483 4467
4 4467 4483 4484 4468
4 4468 4484 4485 4469
4 4469 4485 4486 4470
4 4470 4486 4487 4471
4 4471 4487 4488 4472
4 4472 4488 4489 4473
4 4473 4489 4490 4474
4 4474 4490 4491 4475
4 4475 4491 4492 4476
4 4476 4492 4493 4477
4 4477 4493 4494 4478
4 4478 4494 4495 4479
4 4479 4495 4496 4480
4 4480 4496 4497 4481
4 4481 4497 4498 4482
4 3810 3826 4499 4483
4 4483 4499 4500 4484
4 4484 4500 4501 4485
4 4485 4501 4502 4486
4 4486 4502 4503 4487
4 4487 4503 4504 4488
4 4488 4504 4505 4489
4 4489 4505 4506 4490
4 4490 4506 4507 4491
4 4491 4507 4508 4492
4 4492 4508 4509 4493
4 4493 4509 4510 4494
4 4494 4510 4511 4495
4 4495 4511 4512 4496
4 4496 4512 4513 4497
4 4497 4513 4514 4498
4 3826 3842 4515 4499
4 4499 4515 4516 4500
4 4500 4516 4517 4501
4 4501 4517 4518 4502
4 4502 4518 4519 4503
4 4503 4519 4520 4504
4 4504 4520 4521 4505
4 4505 4521 4522 4506
4 4506 4522 4523 4507
4 4507 4523 4524 4508
4 4508 4524 4525 4509
4 4509 4525 4526 4510
4 4510 4526 4527 4511
4 4511 4527 4528 4512
4 4512 4528 4529 4513
4 4513 4529 4530 4514
4 3842 3858 4531 4515
4 4515 4531 4532 4516
4 4516 4532 4533 4517
4 4517 4533 4534 4518
4 4518 4534 4535 4519
4 4519 4535 4536 4520
4 4520 4536 4537 4521
4 4521 4537 4538 4522
4 4522 4538 4539 4523
4 4523 4539 4540 4524
4 4524 4540 4541 4525
4 4525 4541 4542 4526
4 4526 4542 4543 4527
4 4527 4543 4544 4528
4 4528 4544 4545 4529
4 4529 4545 4546 4530
4 3858 3874 4547 4531
4 4531 4547 4548 4532
4 4532 4548 4549 4533
4 4533 4549 4550 4534
4 4534 4550 4551 4535
4 4535 4551 4552 4536
4 4536 4552 4553 4537
4 4537 4553 4554 4538
4 4538 4554 4555 4539
4 4539 4555 4556 4540
4 4540 4556 4557 4541
4 4541 4557 4558 4542
4 4542 4558 4559 4543
4 4543 4559 4560 4544
4 4544 4560 4561 4545
4 4545 4561 4562 4546
4 3874 3890 4563 4547
4 4547 4563 4564 4548
4 4548 4564 4565 4549
4 4549 4565 4566 4550
4 4550 4566 4567 4551
4 4551 4567 4568 4552
4 4552 4568 4569 4553
4 4553 4569 4570 4554
4 4554 4570 4571 4555
4 4555 4571 4572 4556
4 4556 4572 4573 4557
4 4557 4573 4574 4558
4 4558 4574 4575 4559
4 4559 4575 4576 4560
4 4560 4576 4577 4561
4 4561 4577 4578 4562
4 3890 3906 4579 4563
4 4563 4579 4580 4564
4 4564 4580 4581 4565
4 4565 4581 4582 4566
4 4566 4582 4583 4567
4 4567 4583 4584 4568
4 4568 4584 4585 4569
4 4569 4585 4586 4570
4 4570 4586 4587 4571
4 4571 4587 4588 4572
4 4572 4588 4589 4573
4 4573 4589 4590 4574
4 4574 4590 4591 4575
4 4575 4591 4592 4576
4 4576 4592 4593 4577
4 4577 4593 4594 4578
4 3906 3922 4595 4579
4 4579 4595 4596 4580
4 4580 4596 4597 4581
4 4581 4597 4598 4582
4 4582 4598 4599 4583
4 4583 4599 4600 4584
4 4584 4600 4601 4585
4 4585 4601 4602 4586
4 4586 4602 4603 4587
4 4587 4603 4604 4588
4 4588 4604 4605 4589
4 4589 4605 4606 4590
4 4590 4606 4607 4591
4 4591 4607 4608 4592
4 4592 4608 4609 4593
4 4593 4609 4610 4594
4 3778 4436 4611 3953
4 4611 4612 3954 3953
4 4436 4438 4613 4611
4 4613 4614 4612 4611
4 4438 4440 4615 4613
4 4615 4616 4614 4613
4 4440 4442 4617 4615
4 4617 4618 4616 4615
4 4442 4444 4619 4617
4 4619 4620 4618 4617
4 4444 4446 4621 4619
4 4621 4622 4620 4619
4 4446 4448 4623 4621
4 4623 4624 4622 4621
4 4448 4450 4625 4623
4 4625 4626 4624 4623
4 4450 4452 4627 4625
4 4627 4628 4626 4625
4 4452 4454 4629 4627
4 4629 4630 4628 4627
4 4454 4456 4631 4629
4 4631 4632 4630 4629
4 4456 4458 4633 4631
4 4633 4634 4632 4631
4 4458 4460 4635 4633
4 4635 4636 4634 4633
4 4460 4462 4637 4635
4 4637 4638 4636 4635
4 4462 4464 4639 4637
4 4639 4640 4638 4637
4 4464 4466 4641 4639
4 4641 4642 4640 4639
4 4612 4643 3970 3954
4 4614 4644 4643 4612
4 4616 4645 4644 4614
4 4618 4646 4645 4616
4 4620 4647 4646 4618
4 4622 4648 4647 4620
4 4624 4649 4648 4622
4 4626 4650 4649 4624
4 4628 4651 4650 4626
4 4630 4652 4651 4628
4 4632 4653 4652 4630
4 4634 4654 4653 4632
4 4636 4655 4654 4634
4 4638 4656 4655 4636
4 4640 4657 4656 4638
4 4642 4658 4657 4640
4 4643 4659 3986 3970
4 4644 4660 4659 4643
4 4645 4661 4660 4644
4 4646 4662 4661 4645
4 4647 4663 4662 4646
4 4648 4664 4663 4647
4 4649 4665 4664 4648
4 4650 4666 4665 4649
4 4651 4667 4666 4650
4 4652 4668 4667 4651
4 4653 4669 4668 4652
4 4654 4670 4669 4653
4 4655 4671 4670 4654
4 4656 4672 4671 4655
4 4657 4673 4672 4656
4 4658 4674 4673 4657
4 4659 4675 4002 3986
4 4660 4676 4675 4659
4 4661 4677 4676 4660
4 4662 4678 4677 4661
4 4663 4679 4678 4662
4 4664 4680 4679 4663
4 4665 4681 4680 4664
4 4666 4682 4681 4665
4 4667 4683 4682 4666
4 4668 4684 4683 4667
4 4669 4685 4684 4668
4 4670 4686 4685 4669
4 4671 4687 4686 4670
4 4672 4688 4687 4671
4 4673 4689 4688 4672
4 4674 4690 4689 4673
4 4675 4691 4018 4002
4 4676 4692 4691 4675
4 4677 4693 4692 4676
4 4678 4694 4693 4677
4 4679 4695 4694 4678
4 4680 4696 4695 4679
4 4681 4697 4696 4680
4 4682 4698 4697 4681
4 4683 4699 4698 4682
4 4684 4700 4699 4683
4 4685 4701 4700 4684
4 4686 4702 4701 4685
4 4687 4703 4702 4686
4 4688 4704 4703 4687
4 4689 4705 4704 4688
4 4690 4706 4705 4689
4 4691 4707 4034 4018
4 4692 4708 4707 4691
4 4693 4709 4708 4692
4 4694 4710 4709 4693
4 4695 4711 4710 4694
4 4696 4712 4711 4695
4 4697 4713 4712 4696
4 4698 4714 4713 4697
4 4699 4715 4714 4698
4 4700 4716 4715 4699
4 4701 4717 4716 4700
4 4702 4718 4717 4701
4 4703 4719 4718 4702
4 4704 4720 4719 4703
4 4705 4721 4720 4704
4 4706 4722 4721 4705
4 4707 4723 4050 4034
4 4708 4724 4723 4707
4 4709 4725 4724 4708
4 4710 4726 4725 4709
4 4711 4727 4726 4710
4 4712 4728 4727 4711
4 4713 4729 4728 4712
4 4714 4730 4729 4713
4 4715 4731 4730 4714
4 4716 4732 4731 4715
4 4717 4733 4732 4716
4 4718 4734 4733 4717
4 4719 4735 4734 4718
4 4720 4736 4735 4719
4 4721 4737 4736 4720
4 4722 4738 4737 4721
4 4723 4739 4066 4050
4 4724 4740 4739 4723
4 4725 4741 4740 4724
4 4726 4742 4741 4725
4 4727 4743 4742 4726
4 4728 4744 4743 4727
4 4729 4745 4744 4728
4 4730 4746 4745 4729
4 4731 4747 4746 4730
4 4732 4748 4747 4731
4 4733 4749 4748 4732
4 4734 4750 4749 4733
4 4735 4751 4750 4734
4 4736 4752 4751 4735
4 4737 4753 4752 4736
4 4738 4754 4753 4737
4 4739 4755 4082 4066
4 4740 4756 4755 4739
4 4741 4757 4756 4740
4 4742 4758 4757 4741
4 4743 4759 4758 4742
4 4744 4760 4759 4743
4 4745 4761 4760 4744
4 4746 4762 4761 4745
4 4747 4763 4762 4746
4 4748 4764 4763 4747
4 4749 4765 4764 4748
4 4750 4766 4765 4749
4 4751 4767 4766 4750
4 4752 4768 4767 4751
4 4753 4769 4768 4752
4 4754 4770 4769 4753
4 4143 4771 4772 4144
4 4773 4145 4146 4774
4 4771 4775 4776 4772
4 4777 4773 4774 4778
4 4775 4779 4780 4776
4 4781 4777 4778 4782
4 4779 4783 4784 4780
4 4785 4781 4782 4786
4 4783 4787 4788 4784
4 4789 4785 4786 4790
4 4787 4791 4792 4788
4 4793 4789 4790 4794
4 4791 4795 4796 4792
4 4797 4793 4794 4798
4 4795 4799 4800 4796
4 4801 4797 4798 4802
4 4799 4803 4804 4800
4 4803 4805 4806 4804
4 4805 4807 4808 4806
4 4801 4802 4809 4810
4 4807 4811 4812 4808
4 4810 4809 4813 4814
4 4811 4815 4816 4812
4 4814 4813 4817 4818
4 4815 4819 4820 4816
4 4818 4817 4821 4822
4 4819 4823 4824 4820
4 4822 4821 4825 4826
4 4823 4827 4828 4824
4 4826 4825 4829 4830
4 4827 4831 4832 4828
4 4830 4829 4833 4834
4 4831 4835 4836 4832
4 4834 4833 4837 4838
4 4835 4839 4840 4836
4 4838 4837 4841 4842
4 4839 4843 4844 4840
4 4842 4841 4845 4846
4 4843 4847 4848 4844
4 4846 4845 4849 4850
4 4847 4851 4852 4848
4 4850 4849 4853 4854
4 4144 4772 4855 4177
4 4774 4146 4178 4856
4 4772 4776 4857 4855
4 4778 4774 4856 4858
4 4776 4780 4859 4857
4 4782 4778 4858 4860
4 4780 4784 4861 4859
4 4786 4782 4860 4862
4 4784 4788 4863 4861
4 4790 4786 4862 4864
4 4788 4792 4865 4863
4 4794 4790 4864 4866
4 4792 4796 4867 4865
4 4798 4794 4866 4868
4 4796 4800 4869 4867
4 4802 4798 4868 4870
4 4800 4804 4871 4869
4 4804 4806 4872 4871
4 4806 4808 4873 4872
4 4802 4870 4874 4809
4 4808 4812 4875 4873
4 4809 4874 4876 4813
4 4812 4816 4877 4875
4 4813 4876 4878 4817
4 4816 4820 4879 4877
4 4817 4878 4880 4821
4 4820 4824 4881 4879
4 4821 4880 4882 4825
4 4824 4828 4883 4881
4 4825 4882 4884 4829
4 4828 4832 4885 4883
4 4829 4884 4886 4833
4 4832 4836 4887 4885
4 4833 4886 4888 4837
4 4836 4840 4889 4887
4 4837 4888 4890 4841
4 4840 4844 4891 4889
4 4841 4890 4892 4845
4 4844 4848 4893 4891
4 4845 4892 4894 4849
4 4848 4852 4895 4893
4 4849 4894 4896 4853
4 4177 4855 4897 4209
4 4856 4178 4210 4898
4 4855 4857 4899 4897
4 4858 4856 4898 4900
4 4857 4859 4901 4899
4 4860 4858 4900 4902
4 4859 4861 4903 4901
4 4862 4860 4902 4904
4 4861 4863 4905 4903
4 4864 4862 4904 4906
4 4863 4865 4907 4905
4 4866 4864 4906 4908
4 4865 4867 4909 4907
4 4868 4866 4908 4910
4 4867 4869 4911 4909
4 4870 4868 4910 4912
4 4869 4871 4913 4911
4 4871 4872 4914 4913
4 4872 4873 4915 4914
4 4870 4912 4916 4874
4 4873 4875 4917 4915
4 4874 4916 4918 4876
4 4875 4877 4919 4917
4 4876 4918 4920 4878
4 4877 4879 4921 4919
4 4878 4920 4922 4880
4 4879 4881 4923 4921
4 4880 4922 4924 4882
4 4881 4883 4925 4923
4 4882 4924 4926 4884
4 4883 4885 4927 4925
4 4884 4926 4928 4886
4 4885 4887 4929 4927
4 4886 4928 4930 4888
4 4887 4889 4931 4929
4 4888 4930 4932 4890
4 4889 4891 4933 4931
4 4890 4932 4934 4892
4 4891 4893 4935 4933
4 4892 4934 4936 4894
4 4893 4895 4937 4935
4 4894 4936 4938 4896
4 4209 4897 4939 4241
4 4898 4210 4242 4940
4 4897 4899 4941 4939
4 4900 4898 4940 4942
4 4899 4901 4943 4941
4 4902 4900 4942 4944
4 4901 4903 4945 4943
4 4904 4902 4944 4946
4 4903 4905 4947 4945
4 4906 4904 4946 4948
4 4905 4907 4949 4947
4 4908 4906 4948 4950
4 4907 4909 4951 4949
4 4910 4908 4950 4952
4 4909 4911 4953 4951
4 4912 4910 4952 4954
4 4911 4913 4955 4953
4 4913 4914 4956 4955
4 4914 4915 4957 4956
4 4912 4954 4958 4916
4 4915 4917 4959 4957
4 4916 4958 4960 4918
4 4917 4919 4961 4959
4 4918 4960 4962 4920
4 4919 4921 4963 4961
4 4920 4962 4964 4922
4 4921 4923 4965 4963
4 4922 4964 4966 4924
4 4923 4925 4967 4965
4 4924 4966 4968 4926
4 4925 4927 4969 4967
4 4926 4968 4970 4928
4 4927 4929 4971 4969
4 4928 4970 4972 4930
4 4929 4931 4973 4971
4 4930 4972 4974 4932
4 4931 4933 4975 4973
4 4932 4974 4976 4934
4 4933 4935 4977 4975
4 4934 4976 4978 4936
4 4935 4937 4979 4977
4 4936 4978 4980 4938
4 4241 4939 4981 4273
4 4940 4242 4274 4982
4 4939 4941 4983 4981
4 4942 4940 4982 4984
4 4941 4943 4985 4983
4 4944 4942 4984 4986
4 4943 4945 4987 4985
4 4946 4944 4986 4988
4 4945 4947 4989 4987
4 4948 4946 4988 4990
4 4947 4949 4991 4989
4 4950 4948 4990 4992
4 4949 4951 4993 4991
4 4952 4950 4992 4994
4 4951 4953 4995 4993
4 4954 4952 4994 4996
4 4953 4955 4997 4995
4 4955 4956 4998 4997
4 4956 4957 4999 4998
4 4954 4996 5000 4958
4 4957 4959 5001 4999
4 4958 5000 5002 4960
4 4959 4961 5003 5001
4 4960 5002 5004 4962
4 4961 4963 5005 5003
4 4962 5004 5006 4964
4 4963 4965 5007 5005
4 4964 5006 5008 4966
4 4965 4967 5009 5007
4 4966 5008 5010 4968
4 4967 4969 5011 5009
4 4968 5010 5012 4970
4 4969 4971 5013 5011
4 4970 5012 5014 4972
4 4971 4973 5015 5013
4 4972 5014 5016 4974
4 4973 4975 5017 5015
4 4974 5016 5018 4976
4 4975 4977 5019 5017
4 4976 5018 5020 4978
4 4977 4979 5021 5019
4 4978 5020 5022 4980
4 4273 4981 5023 4305
4 4982 4274 4306 5024
4 4981 4983 5025 5023
4 4984 4982 5024 5026
4 4983 4985 5027 5025
4 4986 4984 5026 5028
4 4985 4987 5029 5027
4 4988 4986 5028 5030
4 4987 4989 5031 5029
4 4990 4988 5030 5032
4 4989 4991 5033 5031
4 4992 4990 5032 5034
4 4991 4993 5035 5033
4 4994 4992 5034 5036
4 4993 4995 5037 5035
4 4996 4994 5036 5038
4 4995 4997 5039 5037
4 4997 4998 5040 5039
4 4998 4999 5041 5040
4 4996 5038 5042 5000
4 4999 5001 5043 5041
4 5000 5042 5044 5002
4 5001 5003 5045 5043
4 5002 5044 5046 5004
4 5003 5005 5047 5045
4 5004 5046 5048 5006
4 5005 5007 5049 5047
4 5006 5048 5050 5008
4 5007 5009 5051 5049
4 5008 5050 5052 5010
4 5009 5011 5053 5051
4 5010 5052 5054 5012
4 5011 5013 5055 5053
4 5012 5054 5056 5014
4 5013 5015 5057 5055
4 5014 5056 5058 5016
4 5015 5017 5059 5057
4 5016 5058 5060 5018
4 5017 5019 5061 5059
4 5018 5060 5062 5020
4 5019 5021 5063 5061
4 5020 5062 5064 5022
4 4305 5023 5065 4337
4 5065 5066 4338 4337
4 5023 5025 5067 5065
4 5067 5068 5066 5065
4 5025 5027 5069 5067
4 5069 5070 5068 5067
4 5027 5029 5071 5069
4 5071 5072 5070 5069
4 5029 5031 5073 5071
4 5073 5074 5072 5071
4 5031 5033 5075 5073
4 5075 5076 5074 5073
4 5033 5035 5077 5075
4 5077 5078 5076 5075
4 5035 5037 5079 5077
4 5079 5080 5078 5077
4 5037 5039 5081 5079
4 5081 5082 5080 5079
4 5039 5040 5082 5081
4 5083 4369 4370 5084
4 4306 4369 5083 5024
4 5085 5083 5084 5086
4 5024 5083 5085 5026
4 5087 5085 5086 5088
4 5026 5085 5087 5028
4 5089 5087 5088 5090
4 5028 5087 5089 5030
4 5091 5089 5090 5092
4 5030 5089 5091 5032
4 5093 5091 5092 5094
4 5032 5091 5093 5034
4 5095 5093 5094 5096
4 5034 5093 5095 5036
4 5036 5095 5042 5038
4 5082 5097 5098 5080
4 5040 5041 5097 5082
4 5095 5099 5044 5042
4 5095 5096 5100 5099
4 5097 5101 5102 5098
4 5041 5043 5101 5097
4 5099 5103 5046 5044
4 5099 5100 5104 5103
4 5101 5105 5106 5102
4 5043 5045 5105 5101
4 5103 5107 5048 5046
4 5103 5104 5108 5107
4 5105 5109 5110 5106
4 5045 5047 5109 5105
4 5107 5111 5050 5048
4 5107 5108 5112 5111
4 5109 5113 5114 5110
4 5047 5049 5113 5109
4 5111 5115 5052 5050
4 5111 5112 5116 5115
4 5113 5117 5118 5114
4 5049 5051 5117 5113
4 5115 5119 5054 5052
4 5115 5116 5120 5119
4 5117 5121 5122 5118
4 5051 5053 5121 5117
4 5119 5123 5056 5054
4 5119 5120 5124 5123
4 5121 5125 5126 5122
4 5053 5055 5125 5121
4 5123 5127 5058 5056
4 5123 5124 5128 5127
4 5125 5129 5130 5126
4 5055 5057 5129 5125
4 5127 5131 5060 5058
4 5127 5128 5132 5131
4 5129 5133 5134 5130
4 5057 5059 5133 5129
4 5131 5135 5062 5060
4 5131 5132 5136 5135
4 5133 5137 5138 5134
4 5059 5061 5137 5133
4 5135 5139 5064 5062
4 5135 5136 5140 5139
4 5137 5141 5142 5138
4 5061 5063 5141 5137
4 4338 5066 5143 4401
4 5143 5144 4402 4401
4 5066 5068 5145 5143
4 5145 5146 5144 5143
4 5068 5070 5147 5145
4 5147 5148 5146 5145
4 5070 5072 5149 5147
4 5149 5150 5148 5147
4 5072 5074 5151 5149
4 5151 5152 5150 5149
4 5074 5076 5153 5151
4 5153 5154 5152 5151
4 5076 5078 5155 5153
4 5155 5156 5154 5153
4 5078 5080 5157 5155
4 5157 5158 5156 5155
4 5080 5098 5158 5157
4 4370 4433 5159 5084
4 5144 5160 4434 4402
4 5084 5159 5161 5086
4 5146 5162 5160 5144
4 5086 5161 5163 5088
4 5148 5164 5162 5146
4 5088 5163 5165 5090
4 5150 5166 5164 5148
4 5090 5165 5167 5092
4 5152 5168 5166 5150
4 5092 5167 5169 5094
4 5154 5170 5168 5152
4 5094 5169 5100 5096
4 5156 5171 5170 5154
4 5158 5172 5171 5156
4 5098 5102 5172 5158
4 4433 4465 5173 5159
4 5160 5174 4466 4434
4 5159 5173 5175 5161
4 5162 5176 5174 5160
4 5161 5175 5177 5163
4 5164 5178 5176 5162
4 5163 5177 5179 5165
4 5166 5180 5178 5164
4 5165 5179 5181 5167
4 5168 5182 5180 5166
4 5167 5181 5183 5169
4 5170 5184 5182 5168
4 5169 5183 5104 5100
4 5171 5185 5184 5170
4 5172 5186 5185 5171
4 5102 5106 5186 5172
4 4465 4482 5187 5173
4 5173 5187 5188 5175
4 5175 5188 5189 5177
4 5177 5189 5190 5179
4 5179 5190 5191 5181
4 5182 5192 5193 5180
4 5181 5191 5194 5183
4 5184 5195 5192 5182
4 5183 5194 5108 5104
4 5185 5196 5195 5184
4 5186 5197 5196 5185
4 5106 5110 5197 5186
4 4482 4498 5198 5187
4 5187 5198 5199 5188
4 5188 5199 5200 5189
4 5189 5200 5201 5190
4 5190 5201 5202 5191
4 5191 5202 5203 5194
4 5195 5204 5205 5192
4 5194 5203 5112 5108
4 5196 5206 5204 5195
4 5197 5207 5206 5196
4 5110 5114 5207 5197
4 4498 4514 5208 5198
4 5198 5208 5209 5199
4 5199 5209 5210 5200
4 5200 5210 5211 5201
4 5201 5211 5212 5202
4 5202 5212 5213 5203
4 5204 5214 5215 5205
4 5203 5213 5116 5112
4 5206 5216 5214 5204
4 5207 5217 5216 5206
4 5114 5118 5217 5207
4 4514 4530 5218 5208
4 5208 5218 5219 5209
4 5209 5219 5220 5210
4 5210 5220 5221 5211
4 5211 5221 5222 5212
4 5212 5222 5223 5213
4 5214 5224 5225 5215
4 5213 5223 5120 5116
4 5216 5226 5224 5214
4 5217 5227 5226 5216
4 5118 5122 5227 5217
4 4530 4546 5228 5218
4 5218 5228 5229 5219
4 5219 5229 5230 5220
4 5220 5230 5231 5221
4 5221 5231 5232 5222
4 5222 5232 5233 5223
4 5224 5234 5235 5225
4 5223 5233 5124 5120
4 5226 5236 5234 5224
4 5227 5237 5236 5226
4 5122 5126 5237 5227
4 4546 4562 5238 5228
4 5228 5238 5239 5229
4 5229 5239 5240 5230
4 5230 5240 5241 5231
4 5231 5241 5242 5232
4 5232 5242 5243 5233
4 5234 5244 5245 5235
4 5233 5243 5128 5124
4 5236 5246 5244 5234
4 5237 5247 5246 5236
4 5126 5130 5247 5237
4 4562 4578 5248 5238
4 5238 5248 5249 5239
4 5239 5249 5250 5240
4 5240 5250 5251 5241
4 5241 5251 5252 5242
4 5242 5252 5253 5243
4 5244 5254 5255 5245
4 5243 5253 5132 5128
4 5246 5256 5254 5244
4 5247 5257 5256 5246
4 5130 5134 5257 5247
4 4578 4594 5258 5248
4 5248 5258 5259 5249
4 5249 5259 5260 5250
4 5250 5260 5261 5251
4 5251 5261 5262 5252
4 5252 5262 5263 5253
4 5254 5264 5265 5255
4 5253 5263 5136 5132
4 5256 5266 5264 5254
4 5257 5267 5266 5256
4 5134 5138 5267 5257
4 4594 4610 5268 5258
4 5258 5268 5269 5259
4 5259 5269 5270 5260
4 5260 5270 5271 5261
4 5261 5271 5272 5262
4 5262 5272 5273 5263
4 5264 5274 5275 5265
4 5263 5273 5140 5136
4 5266 5276 5274 5264
4 5267 5277 5276 5266
4 5138 5142 5277 5267
4 4466 5174 5278 4641
4 5278 5279 4642 4641
4 5174 5176 5280 5278
4 5280 5281 5279 5278
4 5176 5178 5282 5280
4 5282 5283 5281 5280
4 5178 5180 5284 5282
4 5284 5285 5283 5282
4 5180 5193 5285 5284
4 5279 5286 4658 4642
4 5281 5287 5286 5279
4 5283 5288 5287 5281
4 5285 5289 5288 5283
4 5193 5192 5290 5285
4 5290 5291 5289 5285
4 5192 5205 5291 5290
4 5286 5292 4674 4658
4 5287 5293 5292 5286
4 5288 5294 5293 5287
4 5289 5295 5294 5288
4 5291 5296 5295 5289
4 5205 5215 5296 5291
4 5292 5297 4690 4674
4 5293 5298 5297 5292
4 5294 5299 5298 5293
4 5295 5300 5299 5294
4 5296 5301 5300 5295
4 5215 5225 5301 5296
4 5297 5302 4706 4690
4 5298 5303 5302 5297
4 5299 5304 5303 5298
4 5300 5305 5304 5299
4 5301 5306 5305 5300
4 5225 5235 5306 5301
4 5302 5307 4722 4706
4 5303 5308 5307 5302
4 5304 5309 5308 5303
4 5305 5310 5309 5304
4 5306 5311 5310 5305
4 5235 5245 5311 5306
4 5307 5312 4738 4722
4 5308 5313 5312 5307
4 5309 5314 5313 5308
4 5310 5315 5314 5309
4 5311 5316 5315 5310
4 5245 5255 5316 5311
4 5312 5317 4754 4738
4 5313 5318 5317 5312
4 5314 5319 5318 5313
4 5315 5320 5319 5314
4 5316 5321 5320 5315
4 5255 5265 5321 5316
4 5317 5322 4770 4754
4 5318 5323 5322 5317
4 5319 5324 5323 5318
4 5320 5325 5324 5319
4 5321 5326 5325 5320
4 5265 5275 5326 5321
4 5327 5328 5329 5330
4 5331 5332 5333 5334
4 5328 5335 5336 5329
4 5334 5333 5337 5338
4 5335 5339 5340 5336
4 5338 5337 5341 5342
4 5339 5343 5344 5340
4 5342 5341 5345 5346
4 5343 5347 5348 5344
4 5346 5345 5349 5350
4 5347 5351 5352 5348
4 5350 5349 5353 5354
4 5355 5356 5357 5358
4 5354 5353 5357 5356
4 5351 5359 5360 5352
4 5361 5355 5358 5362
4 5359 5363 5364 5360
4 5365 5361 5362 5366
4 5363 5367 5368 5364
4 5369 5365 5366 5370
4 5367 5371 5372 5368
4 5373 5369 5370 5374
4 5371 5375 5376 5372
4 5377 5373 5374 5378
4 5375 5379 5380 5376
4 5381 5377 5378 5382
4 5379 5383 5384 5380
4 5385 5381 5382 5386
4 5383 5387 5388 5384
4 5389 5385 5386 5390
4 5387 5391 5392 5388
4 5393 5389 5390 5394
4 5391 5395 5396 5392
4 5397 5393 5394 5398
4 5395 5399 5400 5396
4 5401 5397 5398 5402
4 5399 5403 5404 5400
4 5405 5401 5402 5406
4 5330 5329 5407 5408
4 5332 5409 5410 5333
4 5329 5336 5411 5407
4 5333 5410 5412 5337
4 5336 5340 5413 5411
4 5337 5412 5414 5341
4 5340 5344 5415 5413
4 5341 5414 5416 5345
4 5344 5348 5417 5415
4 5345 5416 5418 5349
4 5348 5352 5419 5417
4 5349 5418 5420 5353
4 5358 5357 5421 5422
4 5353 5420 5421 5357
4 5352 5360 5423 5419
4 5362 5358 5422 5424
4 5360 5364 5425 5423
4 5366 5362 5424 5426
4 5364 5368 5427 5425
4 5370 5366 5426 5428
4 5368 5372 5429 5427
4 5374 5370 5428 5430
4 5372 5376 5431 5429
4 5378 5374 5430 5432
4 5376 5380 5433 5431
4 5382 5378 5432 5434
4 5380 5384 5435 5433
4 5386 5382 5434 5436
4 5384 5388 5437 5435
4 5390 5386 5436 5438
4 5388 5392 5439 5437
4 5394 5390 5438 5440
4 5392 5396 5441 5439
4 5398 5394 5440 5442
4 5396 5400 5443 5441
4 5402 5398 5442 5444
4 5400 5404 5445 5443
4 5406 5402 5444 5446
4 5408 5407 5447 5448
4 5409 5449 5450 5410
4 5407 5411 5451 5447
4 5410 5450 5452 5412
4 5411 5413 5453 5451
4 5412 5452 5454 5414
4 5413 5415 5455 5453
4 5414 5454 5456 5416
4 5415 5417 5457 5455
4 5416 5456 5458 5418
4 5417 5419 5459 5457
4 5418 5458 5460 5420
4 5422 5421 5461 5462
4 5420 5460 5461 5421
4 5419 5423 5463 5459
4 5424 5422 5462 5464
4 5423 5425 5465 5463
4 5426 5424 5464 5466
4 5425 5427 5467 5465
4 5428 5426 5466 5468
4 5427 5429 5469 5467
4 5430 5428 5468 5470
4 5429 5431 5471 5469
4 5432 5430 5470 5472
4 5431 5433 5473 5471
4 5434 5432 5472 5474
4 5433 5435 5475 5473
4 5436 5434 5474 5476
4 5435 5437 5477 5475
4 5438 5436 5476 5478
4 5437 5439 5479 5477
4 5440 5438 5478 5480
4 5439 5441 5481 5479
4 5442 5440 5480 5482
4 5441 5443 5483 5481
4 5444 5442 5482 5484
4 5443 5445 5485 5483
4 5446 5444 5484 5486
4 5448 5447 5487 5488
4 5449 5489 5490 5450
4 5447 5451 5491 5487
4 5450 5490 5492 5452
4 5451 5453 5493 5491
4 5452 5492 5494 5454
4 5453 5455 5495 5493
4 5454 5494 5496 5456
4 5455 5457 5497 5495
4 5456 5496 5498 5458
4 5457 5459 5499 5497
4 5458 5498 5500 5460
4 5462 5461 5501 5502
4 5460 5500 5501 5461
4 5459 5463 5503 5499
4 5464 5462 5502 5504
4 5463 5465 5505 5503
4 5466 5464 5504 5506
4 5465 5467 5507 5505
4 5468 5466 5506 5508
4 5467 5469 5509 5507
4 5470 5468 5508 5510
4 5469 5471 5511 5509
4 5472 5470 5510 5512
4 5471 5473 5513 5511
4 5474 5472 5512 5514
4 5473 5475 5515 5513
4 5476 5474 5514 5516
4 5475 5477 5517 5515
4 5478 5476 5516 5518
4 5477 5479 5519 5517
4 5480 5478 5518 5520
4 5479 5481 5521 5519
4 5482 5480 5520 5522
4 5481 5483 5523 5521
4 5484 5482 5522 5524
4 5483 5485 5525 5523
4 5486 5484 5524 5526
4 5488 5487 5527 5528
4 5489 5529 5530 5490
4 5487 5491 5531 5527
4 5490 5530 5532 5492
4 5491 5493 5533 5531
4 5492 5532 5534 5494
4 5493 5495 5535 5533
4 5494 5534 5536 5496
4 5495 5497 5537 5535
4 5496 5536 5538 5498
4 5497 5499 5539 5537
4 5498 5538 5540 5500
4 5502 5501 5541 5542
4 5500 5540 5541 5501
4 5499 5503 5543 5539
4 5504 5502 5542 5544
4 5503 5505 5545 5543
4 5506 5504 5544 5546
4 5505 5507 5547 5545
4 5508 5506 5546 5548
4 5507 5509 5549 5547
4 5510 5508 5548 5550
4 5509 5511 5551 5549
4 5512 5510 5550 5552
4 5511 5513 5553 5551
4 5514 5512 5552 5554
4 5513 5515 5555 5553
4 5516 5514 5554 5556
4 5515 5517 5557 5555
4 5518 5516 5556 5558
4 5517 5519 5559 5557
4 5520 5518 5558 5560
4 5519 5521 5561 5559
4 5522 5520 5560 5562
4 5521 5523 5563 5561
4 5524 5522 5562 5564
4 5523 5525 5565 5563
4 5526 5524 5564 5566
4 5528 5527 5567 5568
4 5529 5569 5570 5530
4 5527 5531 5571 5567
4 5530 5570 5572 5532
4 5531 5533 5573 5571
4 5532 5572 5574 5534
4 5533 5535 5575 5573
4 5534 5574 5576 5536
4 5535 5537 5577 5575
4 5536 5576 5578 5538
4 5537 5539 5579 5577
4 5538 5578 5580 5540
4 5542 5541 5581 5582
4 5540 5580 5581 5541
4 5539 5543 5583 5579
4 5544 5542 5582 5584
4 5543 5545 5585 5583
4 5546 5544 5584 5586
4 5545 5547 5587 5585
4 5548 5546 5586 5588
4 5547 5549 5589 5587
4 5550 5548 5588 5590
4 5549 5551 5591 5589
4 5552 5550 5590 5592
4 5551 5553 5593 5591
4 5554 5552 5592 5594
4 5553 5555 5595 5593
4 5556 5554 5594 5596
4 5555 5557 5597 5595
4 5558 5556 5596 5598
4 5557 5559 5599 5597
4 5560 5558 5598 5600
4 5559 5561 5601 5599
4 5562 5560 5600 5602
4 5561 5563 5603 5601
4 5564 5562 5602 5604
4 5563 5565 5605 5603
4 5566 5564 5604 5606
4 5607 5608 5609 5610
4 5569 5610 5609 5570
4 5568 5567 5611 5612
4 5612 5611 5613 5614
4 5608 5615 5616 5609
4 5570 5609 5616 5572
4 5567 5571 5617 5611
4 5611 5617 5618 5613
4 5615 5619 5620 5616
4 5572 5616 5620 5574
4 5571 5573 5621 5617
4 5617 5621 5622 5618
4 5619 5623 5624 5620
4 5574 5620 5624 5576
4 5573 5575 5625 5621
4 5621 5625 5626 5622
4 5623 5627 5628 5624
4 5576 5624 5628 5578
4 5575 5577 5629 5625
4 5625 5629 5630 5626
4 5627 5631 5632 5628
4 5578 5628 5632 5580
4 5577 5579 5583 5629
4 5629 5633 5634 5630
4 5629 5583 5585 5633
4 5633 5635 5636 5634
4 5633 5585 5587 5635
4 5635 5637 5638 5636
4 5635 5587 5589 5637
4 5637 5639 5640 5638
4 5637 5589 5591 5639
4 5639 5641 5642 5640
4 5639 5591 5593 5641
4 5641 5643 5644 5642
4 5641 5593 5595 5643
4 5643 5645 5646 5644
4 5643 5595 5597 5645
4 5645 5647 5648 5646
4 5645 5597 5599 5647
4 5647 5649 5650 5648
4 5647 5599 5601 5649
4 5649 5651 5652 5650
4 5649 5601 5603 5651
4 5651 5653 5654 5652
4 5651 5603 5605 5653
4 5582 5581 5655 5656
4 5631 5656 5655 5632
4 5580 5632 5655 5581
4 5584 5582 5656 5657
4 5658 5657 5656 5631
4 5586 5584 5657 5659
4 5660 5659 5657 5658
4 5588 5586 5659 5661
4 5662 5661 5659 5660
4 5590 5588 5661 5663
4 5664 5663 5661 5662
4 5592 5590 5663 5665
4 5666 5665 5663 5664
4 5594 5592 5665 5667
4 5668 5667 5665 5666
4 5596 5594 5667 5669
4 5670 5669 5667 5668
4 5598 5596 5669 5671
4 5672 5671 5669 5670
4 5600 5598 5671 5673
4 5674 5673 5671 5672
4 5602 5600 5673 5675
4 5676 5675 5673 5674
4 5604 5602 5675 5677
4 5678 5677 5675 5676
4 5606 5604 5677 5679
4 5680 5679 5677 5678
4 5681 5682 5683 5684
4 5607 5684 5683 5608
4 5614 5613 5685 5686
4 5687 5688 5682 5681
4 5686 5685 5689 5690
4 5691 5692 5688 5687
4 5690 5689 5693 5694
4 5694 5693 5695 5696
4 5696 5695 5697 5698
4 5698 5697 5699 5700
4 5700 5699 5701 5702
4 5702 5701 5703 5704
4 5704 5703 5705 5706
4 5706 5705 5707 5708
4 5708 5707 5709 5710
4 5682 5711 5712 5683
4 5608 5683 5712 5615
4 5613 5618 5713 5685
4 5688 5714 5711 5682
4 5685 5713 5715 5689
4 5692 5716 5714 5688
4 5689 5715 5717 5693
4 5693 5717 5718 5695
4 5695 5718 5719 5697
4 5697 5719 5720 5699
4 5699 5720 5721 5701
4 5701 5721 5722 5703
4 5703 5722 5723 5705
4 5705 5723 5724 5707
4 5707 5724 5725 5709
4 5711 5726 5727 5712
4 5615 5712 5727 5619
4 5618 5622 5728 5713
4 5714 5729 5726 5711
4 5713 5728 5730 5715
4 5716 5731 5729 5714
4 5715 5730 5732 5717
4 5733 5734 5731 5716
4 5717 5732 5735 5718
4 5718 5735 5736 5719
4 5719 5736 5737 5720
4 5720 5737 5738 5721
4 5721 5738 5739 5722
4 5722 5739 5740 5723
4 5723 5740 5741 5724
4 5724 5741 5742 5725
4 5726 5743 5744 5727
4 5619 5727 5744 5623
4 5622 5626 5745 5728
4 5729 5746 5743 5726
4 5728 5745 5747 5730
4 5731 5748 5746 5729
4 5730 5747 5749 5732
4 5734 5750 5748 5731
4 5732 5749 5751 5735
4 5752 5753 5750 5734
4 5735 5751 5754 5736
4 5755 5756 5753 5752
4 5736 5754 5757 5737
4 5758 5759 5756 5755
4 5737 5757 5760 5738
4 5761 5762 5759 5758
4 5738 5760 5763 5739
4 5764 5765 5762 5761
4 5739 5763 5766 5740
4 5767 5768 5765 5764
4 5740 5766 5769 5741
4 5770 5771 5768 5767
4 5741 5769 5772 5742
4 5773 5774 5771 5770
4 5743 5775 5776 5744
4 5623 5744 5776 5627
4 5626 5630 5634 5745
4 5746 5777 5775 5743
4 5745 5634 5636 5747
4 5748 5778 5777 5746
4 5747 5636 5638 5749
4 5750 5779 5778 5748
4 5749 5638 5640 5751
4 5753 5780 5779 5750
4 5751 5640 5642 5754
4 5756 5781 5780 5753
4 5754 5642 5644 5757
4 5759 5782 5781 5756
4 5757 5644 5646 5760
4 5762 5783 5782 5759
4 5760 5646 5648 5763
4 5765 5784 5783 5762
4 5763 5648 5650 5766
4 5768 5785 5784 5765
4 5766 5650 5652 5769
4 5771 5786 5785 5768
4 5769 5652 5654 5772
4 5774 5787 5786 5771
4 5658 5631 5788 5789
4 5775 5789 5788 5776
4 5627 5776 5788 5631
4 5660 5658 5789 5790
4 5777 5790 5789 5775
4 5662 5660 5790 5791
4 5778 5791 5790 5777
4 5664 5662 5791 5792
4 5779 5792 5791 5778
4 5666 5664 5792 5793
4 5780 5793 5792 5779
4 5668 5666 5793 5794
4 5781 5794 5793 5780
4 5670 5668 5794 5795
4 5782 5795 5794 5781
4 5672 5670 5795 5796
4 5783 5796 5795 5782
4 5674 5672 5796 5797
4 5784 5797 5796 5783
4 5676 5674 5797 5798
4 5785 5798 5797 5784
4 5678 5676 5798 5799
4 5786 5799 5798 5785
4 5680 5678 5799 5800
4 5787 5800 5799 5786
4 5801 5802 5803 5804
4 5691 5804 5803 5692
4 5805 5806 5802 5801
4 5807 5808 5806 5805
4 5809 5810 5808 5807
4 5811 5812 5810 5809
4 5813 5814 5812 5811
4 5815 5816 5814 5813
4 5817 5818 5816 5815
4 5819 5820 5818 5817
4 5733 5716 5821 5822
4 5802 5822 5821 5803
4 5692 5803 5821 5716
4 5806 5823 5822 5802
4 5808 5824 5823 5806
4 5810 5825 5824 5808
4 5812 5826 5825 5810
4 5814 5827 5826 5812
4 5816 5828 5827 5814
4 5818 5829 5828 5816
4 5820 5830 5829 5818
4 5752 5734 5831 5832
4 5823 5832 5831 5822
4 5733 5822 5831 5734
4 5755 5752 5832 5833
4 5824 5833 5832 5823
4 5758 5755 5833 5834
4 5825 5834 5833 5824
4 5761 5758 5834 5835
4 5826 5835 5834 5825
4 5764 5761 5835 5836
4 5827 5836 5835 5826
4 5767 5764 5836 5837
4 5828 5837 5836 5827
4 5770 5767 5837 5838
4 5829 5838 5837 5828
4 5773 5770 5838 5839
4 5830 5839 5838 5829
4 5403 5840 5841 5404
4 5842 5405 5406 5843
4 5840 5844 5845 5841
4 5846 5842 5843 5847
4 5844 5848 5849 5845
4 5850 5846 5847 5851
4 5848 5852 5853 5849
4 5854 5850 5851 5855
4 5852 5856 5857 5853
4 5858 5854 5855 5859
4 5856 5860 5861 5857
4 5862 5858 5859 5863
4 5860 5864 5865 5861
4 5866 5862 5863 5867
4 5864 5868 5869 5865
4 5870 5866 5867 5871
4 5868 5872 5873 5869
4 5874 5870 5871 5875
4 5872 5876 5877 5873
4 5878 5874 5875 5879
4 5876 5880 5881 5877
4 5882 5878 5879 5883
4 5880 5884 5885 5881
4 5886 5882 5883 5887
4 5884 5888 5889 5885
4 5890 5886 5887 5891
4 5888 5892 5893 5889
4 5894 5890 5891 5895
4 5892 5896 5897 5893
4 5898 5894 5895 5899
4 5896 5900 5901 5897
4 5902 5898 5899 5903
4 5404 5841 5904 5445
4 5843 5406 5446 5905
4 5841 5845 5906 5904
4 5847 5843 5905 5907
4 5845 5849 5908 5906
4 5851 5847 5907 5909
4 5849 5853 5910 5908
4 5855 5851 5909 5911
4 5853 5857 5912 5910
4 5859 5855 5911 5913
4 5857 5861 5914 5912
4 5863 5859 5913 5915
4 5861 5865 5916 5914
4 5867 5863 5915 5917
4 5865 5869 5918 5916
4 5871 5867 5917 5919
4 5869 5873 5920 5918
4 5875 5871 5919 5921
4 5873 5877 5922 5920
4 5879 5875 5921 5923
4 5877 5881 5924 5922
4 5883 5879 5923 5925
4 5881 5885 5926 5924
4 5887 5883 5925 5927
4 5885 5889 5928 5926
4 5891 5887 5927 5929
4 5889 5893 5930 5928
4 5895 5891 5929 5931
4 5893 5897 5932 5930
4 5899 5895 5931 5933
4 5897 5901 5934 5932
4 5903 5899 5933 5935
4 5445 5904 5936 5485
4 5905 5446 5486 5937
4 5904 5906 5938 5936
4 5907 5905 5937 5939
4 5906 5908 5940 5938
4 5909 5907 5939 5941
4 5908 5910 5942 5940
4 5911 5909 5941 5943
4 5910 5912 5944 5942
4 5913 5911 5943 5945
4 5912 5914 5946 5944
4 5915 5913 5945 5947
4 5914 5916 5948 5946
4 5917 5915 5947 5949
4 5916 5918 5950 5948
4 5919 5917 5949 5951
4 5918 5920 5952 5950
4 5921 5919 5951 5953
4 5920 5922 5954 5952
4 5923 5921 5953 5955
4 5922 5924 5956 5954
4 5925 5923 5955 5957
4 5924 5926 5958 5956
4 5927 5925 5957 5959
4 5926 5928 5960 5958
4 5929 5927 5959 5961
4 5928 5930 5962 5960
4 5931 5929 5961 5963
4 5930 5932 5964 5962
4 5933 5931 5963 5965
4 5932 5934 5966 5964
4 5935 5933 5965 5967
4 5485 5936 5968 5525
4 5937 5486 5526 5969
4 5936 5938 5970 5968
4 5939 5937 5969 5971
4 5938 5940 5972 5970
4 5941 5939 5971 5973
4 5940 5942 5974 5972
4 5943 5941 5973 5975
4 5942 5944 5976 5974
4 5945 5943 5975 5977
4 5944 5946 5978 5976
4 5947 5945 5977 5979
4 5946 5948 5980 5978
4 5949 5947 5979 5981
4 5948 5950 5982 5980
4 5951 5949 5981 5983
4 5950 5952 5984 5982
4 5953 5951 5983 5985
4 5952 5954 5986 5984
4 5955 5953 5985 5987
4 5954 5956 5988 5986
4 5957 5955 5987 5989
4 5956 5958 5990 5988
4 5959 5957 5989 5991
4 5958 5960 5992 5990
4 5961 5959 5991 5993
4 5960 5962 5994 5992
4 5963 5961 5993 5995
4 5962 5964 5996 5994
4 5965 5963 5995 5997
4 5964 5966 5998 5996
4 5967 5965 5997 5999
4 5525 5968 6000 5565
4 5969 5526 5566 6001
4 5968 5970 6002 6000
4 5971 5969 6001 6003
4 5970 5972 6004 6002
4 5973 5971 6003 6005
4 5972 5974 6006 6004
4 5975 5973 6005 6007
4 5974 5976 6008 6006
4 5977 5975 6007 6009
4 5976 5978 6010 6008
4 5979 5977 6009 6011
4 5978 5980 6012 6010
4 5981 5979 6011 6013
4 5980 5982 6014 6012
4 5983 5981 6013 6015
4 5982 5984 6016 6014
4 5985 5983 6015 6017
4 5984 5986 6018 6016
4 5987 5985 6017 6019
4 5986 5988 6020 6018
4 5989 5987 6019 6021
4 5988 5990 6022 6020
4 5991 5989 6021 6023
4 5990 5992 6024 6022
4 5993 5991 6023 6025
4 5992 5994 6026 6024
4 5995 5993 6025 6027
4 5994 5996 6028 6026
4 5997 5995 6027 6029
4 5996 5998 6030 6028
4 5999 5997 6029 6031
4 5565 6000 6032 5605
4 6001 5566 5606 6033
4 6000 6002 6034 6032
4 6003 6001 6033 6035
4 6002 6004 6036 6034
4 6005 6003 6035 6037
4 6004 6006 6038 6036
4 6007 6005 6037 6039
4 6006 6008 6040 6038
4 6009 6007 6039 6041
4 6008 6010 6042 6040
4 6011 6009 6041 6043
4 6010 6012 6044 6042
4 6013 6011 6043 6045
4 6012 6014 6046 6044
4 6015 6013 6045 6047
4 6014 6016 6048 6046
4 6017 6015 6047 6049
4 6016 6018 6050 6048
4 6019 6017 6049 6051
4 6018 6020 6052 6050
4 6021 6019 6051 6053
4 6020 6022 6054 6052
4 6023 6021 6053 6055
4 6022 6024 6056 6054
4 6025 6023 6055 6057
4 6024 6026 6058 6056
4 6027 6025 6057 6059
4 6026 6028 6060 6058
4 6029 6027 6059 6061
4 6028 6030 6062 6060
4 6031 6029 6061 6063
4 5653 6064 6065 5654
4 5653 5605 6032 6064
4 6064 6066 6067 6065
4 6064 6032 6034 6066
4 6066 6068 6069 6067
4 6066 6034 6036 6068
4 6068 6070 6071 6069
4 6068 6036 6038 6070
4 6070 6072 6073 6071
4 6070 6038 6040 6072
4 6072 6074 6075 6073
4 6072 6040 6042 6074
4 6074 6076 6077 6075
4 6074 6042 6044 6076
4 6076 6078 6079 6077
4 6076 6044 6046 6078
4 6078 6080 6081 6079
4 6078 6046 6048 6080
4 6080 6082 6083 6081
4 6080 6048 6050 6082
4 6082 6084 6085 6083
4 6082 6050 6052 6084
4 6084 6086 6087 6085
4 6084 6052 6054 6086
4 6086 6088 6089 6087
4 6086 6054 6056 6088
4 6088 6090 6091 6089
4 6088 6056 6058 6090
4 6090 6092 6093 6091
4 6090 6058 6060 6092
4 6092 6094 6095 6093
4 6092 6060 6062 6094
4 6033 5606 5679 6096
4 6097 6096 5679 5680
4 6035 6033 6096 6098
4 6099 6098 6096 6097
4 6037 6035 6098 6100
4 6101 6100 6098 6099
4 6039 6037 6100 6102
4 6103 6102 6100 6101
4 6041 6039 6102 6104
4 6105 6104 6102 6103
4 6043 6041 6104 6106
4 6107 6106 6104 6105
4 6045 6043 6106 6108
4 6109 6108 6106 6107
4 6047 6045 6108 6110
4 6111 6110 6108 6109
4 6049 6047 6110 6112
4 6113 6112 6110 6111
4 6051 6049 6112 6114
4 6115 6114 6112 6113
4 6053 6051 6114 6116
4 6117 6116 6114 6115
4 6055 6053 6116 6118
4 6119 6118 6116 6117
4 6057 6055 6118 6120
4 6121 6120 6118 6119
4 6059 6057 6120 6122
4 6123 6122 6120 6121
4 6061 6059 6122 6124
4 6125 6124 6122 6123
4 6063 6061 6124 6126
4 6127 6126 6124 6125
4 5710 5709 6128 6129
4 6129 6128 6130 6131
4 6131 6130 6132 6133
4 6133 6132 6134 6135
4 6135 6134 6136 6137
4 6137 6136 6138 6139
4 6139 6138 6140 6141
4 6141 6140 6142 6143
4 6143 6142 6144 6145
4 6145 6144 6146 6147
4 6147 6146 6148 6149
4 6149 6148 6150 6151
4 6151 6150 6152 6153
4 6153 6152 6154 6155
4 6155 6154 6156 6157
4 6157 6156 6158 6159
4 5709 5725 6160 6128
4 6128 6160 6161 6130
4 6130 6161 6162 6132
4 6132 6162 6163 6134
4 6134 6163 6164 6136
4 6136 6164 6165 6138
4 6138 6165 6166 6140
4 6140 6166 6167 6142
4 6142 6167 6168 6144
4 6144 6168 6169 6146
4 6146 6169 6170 6148
4 6148 6170 6171 6150
4 6150 6171 6172 6152
4 6152 6172 6173 6154
4 6154 6173 6174 6156
4 6156 6174 6175 6158
4 5725 5742 6176 6160
4 6160 6176 6177 6161
4 6161 6177 6178 6162
4 6162 6178 6179 6163
4 6163 6179 6180 6164
4 6164 6180 6181 6165
4 6165 6181 6182 6166
4 6166 6182 6183 6167
4 6167 6183 6184 6168
4 6168 6184 6185 6169
4 6169 6185 6186 6170
4 6170 6186 6187 6171
4 6171 6187 6188 6172
4 6172 6188 6189 6173
4 6173 6189 6190 6174
4 6174 6190 6191 6175
4 5742 5772 6192 6176
4 6193 6194 5774 5773
4 6176 6192 6195 6177
4 6196 6197 6194 6193
4 6177 6195 6198 6178
4 6199 6200 6197 6196
4 6178 6198 6201 6179
4 6202 6203 6200 6199
4 6179 6201 6204 6180
4 6205 6206 6203 6202
4 6180 6204 6207 6181
4 6208 6209 6206 6205
4 6181 6207 6210 6182
4 6211 6212 6209 6208
4 6182 6210 6213 6183
4 6214 6215 6212 6211
4 6183 6213 6216 6184
4 6217 6218 6215 6214
4 6184 6216 6219 6185
4 6220 6221 6218 6217
4 6185 6219 6222 6186
4 6223 6224 6221 6220
4 6186 6222 6225 6187
4 6226 6227 6224 6223
4 6187 6225 6228 6188
4 6229 6230 6227 6226
4 6188 6228 6231 6189
4 6232 6233 6230 6229
4 6189 6231 6234 6190
4 6235 6236 6233 6232
4 6190 6234 6237 6191
4 6238 6239 6236 6235
4 5772 5654 6065 6192
4 6194 6240 5787 5774
4 6192 6065 6067 6195
4 6197 6241 6240 6194
4 6195 6067 6069 6198
4 6200 6242 6241 6197
4 6198 6069 6071 6201
4 6203 6243 6242 6200
4 6201 6071 6073 6204
4 6206 6244 6243 6203
4 6204 6073 6075 6207
4 6209 6245 6244 6206
4 6207 6075 6077 6210
4 6212 6246 6245 6209
4 6210 6077 6079 6213
4 6215 6247 6246 6212
4 6213 6079 6081 6216
4 6218 6248 6247 6215
4 6216 6081 6083 6219
4 6221 6249 6248 6218
4 6219 6083 6085 6222
4 6224 6250 6249 6221
4 6222 6085 6087 6225
4 6227 6251 6250 6224
4 6225 6087 6089 6228
4 6230 6252 6251 6227
4 6228 6089 6091 6231
4 6233 6253 6252 6230
4 6231 6091 6093 6234
4 6236 6254 6253 6233
4 6234 6093 6095 6237
4 6239 6255 6254 6236
4 6097 5680 5800 6256
4 6240 6256 5800 5787
4 6099 6097 6256 6257
4 6241 6257 6256 6240
4 6101 6099 6257 6258
4 6242 6258 6257 6241
4 6103 6101 6258 6259
4 6243 6259 6258 6242
4 6105 6103 6259 6260
4 6244 6260 6259 6243
4 6107 6105 6260 6261
4 6245 6261 6260 6244
4 6109 6107 6261 6262
4 6246 6262 6261 6245
4 6111 6109 6262 6263
4 6247 6263 6262 6246
4 6113 6111 6263 6264
4 6248 6264 6263 6247
4 6115 6113 6264 6265
4 6249 6265 6264 6248
4 6117 6115 6265 6266
4 6250 6266 6265 6249
4 6119 6117 6266 6267
4 6251 6267 6266 6250
4 6121 6119 6267 6268
4 6252 6268 6267 6251
4 6123 6121 6268 6269
4 6253 6269 6268 6252
4 6125 6123 6269 6270
4 6254 6270 6269 6253
4 6127 6125 6270 6271
4 6255 6271 6270 6254
4 6272 6273 5820 5819
4 6274 6275 6273 6272
4 6276 6277 6275 6274
4 6278 6279 6277 6276
4 6280 6281 6279 6278
4 6282 6283 6281 6280
4 6284 6285 6283 6282
4 6286 6287 6285 6284
4 6288 6289 6287 6286
4 6290 6291 6289 6288
4 6292 6293 6291 6290
4 6294 6295 6293 6292
4 6296 6297 6295 6294
4 6298 6299 6297 6296
4 6300 6301 6299 6298
4 6302 6303 6301 6300
4 6273 6304 5830 5820
4 6275 6305 6304 6273
4 6277 6306 6305 6275
4 6279 6307 6306 6277
4 6281 6308 6307 6279
4 6283 6309 6308 6281
4 6285 6310 6309 6283
4 6287 6311 6310 6285
4 6289 6312 6311 6287
4 6291 6313 6312 6289
4 6293 6314 6313 6291
4 6295 6315 6314 6293
4 6297 6316 6315 6295
4 6299 6317 6316 6297
4 6301 6318 6317 6299
4 6303 6319 6318 6301
4 6193 5773 5839 6320
4 6304 6320 5839 5830
4 6196 6193 6320 6321
4 6305 6321 6320 6304
4 6199 6196 6321 6322
4 6306 6322 6321 6305
4 6202 6199 6322 6323
4 6307 6323 6322 6306
4 6205 6202 6323 6324
4 6308 6324 6323 6307
4 6208 6205 6324 6325
4 6309 6325 6324 6308
4 6211 6208 6325 6326
4 6310 6326 6325 6309
4 6214 6211 6326 6327
4 6311 6327 6326 6310
4 6217 6214 6327 6328
4 6312 6328 6327 6311
4 6220 6217 6328 6329
4 6313 6329 6328 6312
4 6223 6220 6329 6330
4 6314 6330 6329 6313
4 6226 6223 6330 6331
4 6315 6331 6330 6314
4 6229 6226 6331 6332
4 6316 6332 6331 6315
4 6232 6229 6332 6333
4 6317 6333 6332 6316
4 6235 6232 6333 6334
4 6318 6334 6333 6317
4 6238 6235 6334 6335
4 6319 6335 6334 6318
4 5900 6336 6337 5901
4 6338 5902 5903 6339
4 6336 6340 6341 6337
4 6342 6338 6339 6343
4 6340 6344 6345 6341
4 6346 6342 6343 6347
4 6344 6348 6349 6345
4 6350 6346 6347 6351
4 6348 6352 6353 6349
4 6354 6350 6351 6355
4 6352 6356 6357 6353
4 6358 6354 6355 6359
4 6356 6360 6361 6357
4 6362 6358 6359 6363
4 6360 6364 6365 6361
4 6366 6362 6363 6367
4 6364 6368 6369 6365
4 6370 6366 6367 6371
4 6368 6372 6373 6369
4 6374 6370 6371 6375
4 6372 6376 6377 6373
4 6378 6374 6375 6379
4 6376 6380 6381 6377
4 6382 6378 6379 6383
4 6380 6384 6385 6381
4 6386 6382 6383 6387
4 6384 6388 6389 6385
4 6390 6386 6387 6391
4 6388 6392 6393 6389
4 6394 6390 6391 6395
4 6392 6396 6397 6393
4 6398 6394 6395 6399
4 5901 6337 6400 5934
4 6339 5903 5935 6401
4 6337 6341 6402 6400
4 6343 6339 6401 6403
4 6341 6345 6404 6402
4 6347 6343 6403 6405
4 6345 6349 6406 6404
4 6351 6347 6405 6407
4 6349 6353 6408 6406
4 6355 6351 6407 6409
4 6353 6357 6410 6408
4 6359 6355 6409 6411
4 6357 6361 6412 6410
4 6363 6359 6411 6413
4 6361 6365 6414 6412
4 6367 6363 6413 6415
4 6365 6369 6416 6414
4 6371 6367 6415 6417
4 6369 6373 6418 6416
4 6375 6371 6417 6419
4 6373 6377 6420 6418
4 6379 6375 6419 6421
4 6377 6381 6422 6420
4 6383 6379 6421 6423
4 6381 6385 6424 6422
4 6387 6383 6423 6425
4 6385 6389 6426 6424
4 6391 6387 6425 6427
4 6389 6393 6428 6426
4 6395 6391 6427 6429
4 6393 6397 6430 6428
4 6399 6395 6429 6431
4 5934 6400 6432 5966
4 6401 5935 5967 6433
4 6400 6402 6434 6432
4 6403 6401 6433 6435
4 6402 6404 6436 6434
4 6405 6403 6435 6437
4 6404 6406 6438 6436
4 6407 6405 6437 6439
4 6406 6408 6440 6438
4 6409 6407 6439 6441
4 6408 6410 6442 6440
4 6411 6409 6441 6443
4 6410 6412 6444 6442
4 6413 6411 6443 6445
4 6412 6414 6446 6444
4 6415 6413 6445 6447
4 6414 6416 6448 6446
4 6417 6415 6447 6449
4 6416 6418 6450 6448
4 6419 6417 6449 6451
4 6418 6420 6452 6450
4 6421 6419 6451 6453
4 6420 6422 6454 6452
4 6423 6421 6453 6455
4 6422 6424 6456 6454
4 6425 6423 6455 6457
4 6424 6426 6458 6456
4 6427 6425 6457 6459
4 6426 6428 6460 6458
4 6429 6427 6459 6461
4 6428 6430 6462 6460
4 6431 6429 6461 6463
4 5966 6432 6464 5998
4 6433 5967 5999 6465
4 6432 6434 6466 6464
4 6435 6433 6465 6467
4 6434 6436 6468 6466
4 6437 6435 6467 6469
4 6436 6438 6470 6468
4 6439 6437 6469 6471
4 6438 6440 6472 6470
4 6441 6439 6471 6473
4 6440 6442 6474 6472
4 6443 6441 6473 6475
4 6442 6444 6476 6474
4 6445 6443 6475 6477
4 6444 6446 6478 6476
4 6447 6445 6477 6479
4 6446 6448 6480 6478
4 6449 6447 6479 6481
4 6448 6450 6482 6480
4 6451 6449 6481 6483
4 6450 6452 6484 6482
4 6453 6451 6483 6485
4 6452 6454 6486 6484
4 6455 6453 6485 6487
4 6454 6456 6488 6486
4 6457 6455 6487 6489
4 6456 6458 6490 6488
4 6459 6457 6489 6491
4 6458 6460 6492 6490
4 6461 6459 6491 6493
4 6460 6462 6494 6492
4 6463 6461 6493 6495
4 5998 6464 6496 6030
4 6465 5999 6031 6497
4 6464 6466 6498 6496
4 6467 6465 6497 6499
4 6466 6468 6500 6498
4 6469 6467 6499 6501
4 6468 6470 6502 6500
4 6471 6469 6501 6503
4 6470 6472 6504 6502
4 6473 6471 6503 6505
4 6472 6474 6506 6504
4 6475 6473 6505 6507
4 6474 6476 6508 6506
4 6477 6475 6507 6509
4 6476 6478 6510 6508
4 6479 6477 6509 6511
4 6478 6480 6512 6510
4 6481 6479 6511 6513
4 6480 6482 6514 6512
4 6483 6481 6513 6515
4 6482 6484 6516 6514
4 6485 6483 6515 6517
4 6484 6486 6518 6516
4 6487 6485 6517 6519
4 6486 6488 6520 6518
4 6489 6487 6519 6521
4 6488 6490 6522 6520
4 6491 6489 6521 6523
4 6490 6492 6524 6522
4 6493 6491 6523 6525
4 6492 6494 6526 6524
4 6495 6493 6525 6527
4 6030 6496 6528 6062
4 6497 6031 6063 6529
4 6496 6498 6530 6528
4 6499 6497 6529 6531
4 6498 6500 6532 6530
4 6501 6499 6531 6533
4 6500 6502 6534 6532
4 6503 6501 6533 6535
4 6502 6504 6536 6534
4 6505 6503 6535 6537
4 6504 6506 6538 6536
4 6507 6505 6537 6539
4 6506 6508 6540 6538
4 6509 6507 6539 6541
4 6508 6510 6542 6540
4 6511 6509 6541 6543
4 6510 6512 6544 6542
4 6513 6511 6543 6545
4 6512 6514 6546 6544
4 6515 6513 6545 6547
4 6514 6516 6548 6546
4 6517 6515 6547 6549
4 6516 6518 6550 6548
4 6519 6517 6549 6551
4 6518 6520 6552 6550
4 6521 6519 6551 6553
4 6520 6522 6554 6552
4 6523 6521 6553 6555
4 6522 6524 6556 6554
4 6525 6523 6555 6557
4 6524 6526 6558 6556
4 6527 6525 6557 6559
4 6094 6560 6561 6095
4 6094 6062 6528 6560
4 6560 6562 6563 6561
4 6560 6528 6530 6562
4 6562 6564 6565 6563
4 6562 6530 6532 6564
4 6564 6566 6567 6565
4 6564 6532 6534 6566
4 6566 6568 6569 6567
4 6566 6534 6536 6568
4 6568 6570 6571 6569
4 6568 6536 6538 6570
4 6570 6572 6573 6571
4 6570 6538 6540 6572
4 6572 6574 6575 6573
4 6572 6540 6542 6574
4 6574 6576 6577 6575
4 6574 6542 6544 6576
4 6576 6578 6579 6577
4 6576 6544 6546 6578
4 6578 6580 6581 6579
4 6578 6546 6548 6580
4 6580 6582 6583 6581
4 6580 6548 6550 6582
4 6582 6584 6585 6583
4 6582 6550 6552 6584
4 6584 6586 6587 6585
4 6584 6552 6554 6586
4 6586 6588 6589 6587
4 6586 6554 6556 6588
4 6588 6590 6591 6589
4 6588 6556 6558 6590
4 6529 6063 6126 6592
4 6593 6592 6126 6127
4 6531 6529 6592 6594
4 6595 6594 6592 6593
4 6533 6531 6594 6596
4 6597 6596 6594 6595
4 6535 6533 6596 6598
4 6599 6598 6596 6597
4 6537 6535 6598 6600
4 6601 6600 6598 6599
4 6539 6537 6600 6602
4 6603 6602 6600 6601
4 6541 6539 6602 6604
4 6605 6604 6602 6603
4 6543 6541 6604 6606
4 6607 6606 6604 6605
4 6545 6543 6606 6608
4 6609 6608 6606 6607
4 6547 6545 6608 6610
4 6611 6610 6608 6609
4 6549 6547 6610 6612
4 6613 6612 6610 6611
4 6551 6549 6612 6614
4 6615 6614 6612 6613
4 6553 6551 6614 6616
4 6617 6616 6614 6615
4 6555 6553 6616 6618
4 6619 6618 6616 6617
4 6557 6555 6618 6620
4 6621 6620 6618 6619
4 6559 6557 6620 6622
4 6623 6622 6620 6621
4 6159 6158 6624 6625
4 6625 6624 6626 6627
4 6627 6626 6628 6629
4 6629 6628 6630 6631
4 6631 6630 6632 6633
4 6633 6632 6634 6635
4 6635 6634 6636 6637
4 6637 6636 6638 6639
4 6639 6638 6640 6641
4 6641 6640 6642 6643
4 6643 6642 6644 6645
4 6645 6644 6646 6647
4 6647 6646 6648 6649
4 6649 6648 6650 6651
4 6651 6650 6652 6653
4 6653 6652 6654 6655
4 6158 6175 6656 6624
4 6624 6656 6657 6626
4 6626 6657 6658 6628
4 6628 6658 6659 6630
4 6630 6659 6660 6632
4 6632 6660 6661 6634
4 6634 6661 6662 6636
4 6636 6662 6663 6638
4 6638 6663 6664 6640
4 6640 6664 6665 6642
4 6642 6665 6666 6644
4 6644 6666 6667 6646
4 6646 6667 6668 6648
4 6648 6668 6669 6650
4 6650 6669 6670 6652
4 6652 6670 6671 6654
4 6175 6191 6672 6656
4 6656 6672 6673 6657
4 6657 6673 6674 6658
4 6658 6674 6675 6659
4 6659 6675 6676 6660
4 6660 6676 6677 6661
4 6661 6677 6678 6662
4 6662 6678 6679 6663
4 6663 6679 6680 6664
4 6664 6680 6681 6665
4 6665 6681 6682 6666
4 6666 6682 6683 6667
4 6667 6683 6684 6668
4 6668 6684 6685 6669
4 6669 6685 6686 6670
4 6670 6686 6687 6671
4 6191 6237 6688 6672
4 6689 6690 6239 6238
4 6672 6688 6691 6673
4 6692 6693 6690 6689
4 6673 6691 6694 6674
4 6695 6696 6693 6692
4 6674 6694 6697 6675
4 6698 6699 6696 6695
4 6675 6697 6700 6676
4 6701 6702 6699 6698
4 6676 6700 6703 6677
4 6704 6705 6702 6701
4 6677 6703 6706 6678
4 6707 6708 6705 6704
4 6678 6706 6709 6679
4 6710 6711 6708 6707
4 6679 6709 6712 6680
4 6713 6714 6711 6710
4 6680 6712 6715 6681
4 6716 6717 6714 6713
4 6681 6715 6718 6682
4 6719 6720 6717 6716
4 6682 6718 6721 6683
4 6722 6723 6720 6719
4 6683 6721 6724 6684
4 6725 6726 6723 6722
4 6684 6724 6727 6685
4 6728 6729 6726 6725
4 6685 6727 6730 6686
4 6731 6732 6729 6728
4 6686 6730 6733 6687
4 6734 6735 6732 6731
4 6237 6095 6561 6688
4 6690 6736 6255 6239
4 6688 6561 6563 6691
4 6693 6737 6736 6690
4 6691 6563 6565 6694
4 6696 6738 6737 6693
4 6694 6565 6567 6697
4 6699 6739 6738 6696
4 6697 6567 6569 6700
4 6702 6740 6739 6699
4 6700 6569 6571 6703
4 6705 6741 6740 6702
4 6703 6571 6573 6706
4 6708 6742 6741 6705
4 6706 6573 6575 6709
4 6711 6743 6742 6708
4 6709 6575 6577 6712
4 6714 6744 6743 6711
4 6712 6577 6579 6715
4 6717 6745 6744 6714
4 6715 6579 6581 6718
4 6720 6746 6745 6717
4 6718 6581 6583 6721
4 6723 6747 6746 6720
4 6721 6583 6585 6724
4 6726 6748 6747 6723
4 6724 6585 6587 6727
4 6729 6749 6748 6726
4 6727 6587 6589 6730
4 6732 6750 6749 6729
4 6730 6589 6591 6733
4 6735 6751 6750 6732
4 6593 6127 6271 6752
4 6736 6752 6271 6255
4 6595 6593 6752 6753
4 6737 6753 6752 6736
4 6597 6595 6753 6754
4 6738 6754 6753 6737
4 6599 6597 6754 6755
4 6739 6755 6754 6738
4 6601 6599 6755 6756
4 6740 6756 6755 6739
4 6603 6601 6756 6757
4 6741 6757 6756 6740
4 6605 6603 6757 6758
4 6742 6758 6757 6741
4 6607 6605 6758 6759
4 6743 6759 6758 6742
4 6609 6607 6759 6760
4 6744 6760 6759 6743
4 6611 6609 6760 6761
4 6745 6761 6760 6744
4 6613 6611 6761 6762
4 6746 6762 6761 6745
4 6615 6613 6762 6763
4 6747 6763 6762 6746
4 6617 6615 6763 6764
4 6748 6764 6763 6747
4 6619 6617 6764 6765
4 6749 6765 6764 6748
4 6621 6619 6765 6766
4 6750 6766 6765 6749
4 6623 6621 6766 6767
4 6751 6767 6766 6750
4 6768 6769 6303 6302
4 6770 6771 6769 6768
4 6772 6773 6771 6770
4 6774 6775 6773 6772
4 6776 6777 6775 6774
4 6778 6779 6777 6776
4 6780 6781 6779 6778
4 6782 6783 6781 6780
4 6784 6785 6783 6782
4 6786 6787 6785 6784
4 6788 6789 6787 6786
4 6790 6791 6789 6788
4 6792 6793 6791 6790
4 6794 6795 6793 6792
4 6796 6797 6795 6794
4 6798 6799 6797 6796
4 6769 6800 6319 6303
4 6771 6801 6800 6769
4 6773 6802 6801 6771
4 6775 6803 6802 6773
4 6777 6804 6803 6775
4 6779 6805 6804 6777
4 6781 6806 6805 6779
4 6783 6807 6806 6781
4 6785 6808 6807 6783
4 6787 6809 6808 6785
4 6789 6810 6809 6787
4 6791 6811 6810 6789
4 6793 6812 6811 6791
4 6795 6813 6812 6793
4 6797 6814 6813 6795
4 6799 6815 6814 6797
4 6689 6238 6335 6816
4 6800 6816 6335 6319
4 6692 6689 6816 6817
4 6801 6817 6816 6800
4 6695 6692 6817 6818
4 6802 6818 6817 6801
4 6698 6695 6818 6819
4 6803 6819 6818 6802
4 6701 6698 6819 6820
4 6804 6820 6819 6803
4 6704 6701 6820 6821
4 6805 6821 6820 6804
4 6707 6704 6821 6822
4 6806 6822 6821 6805
4 6710 6707 6822 6823
4 6807 6823 6822 6806
4 6713 6710 6823 6824
4 6808 6824 6823 6807
4 6716 6713 6824 6825
4 6809 6825 6824 6808
4 6719 6716 6825 6826
4 6810 6826 6825 6809
4 6722 6719 6826 6827
4 6811 6827 6826 6810
4 6725 6722 6827 6828
4 6812 6828 6827 6811
4 6728 6725 6828 6829
4 6813 6829 6828 6812
4 6731 6728 6829 6830
4 6814 6830 6829 6813
4 6734 6731 6830 6831
4 6815 6831 6830 6814
4 6396 6832 6833 6397
4 6834 6398 6399 6835
4 6832 6836 6837 6833
4 6838 6834 6835 6839
4 6836 6840 6841 6837
4 6842 6838 6839 6843
4 6840 6844 6845 6841
4 6846 6842 6843 6847
4 6844 6848 6849 6845
4 6850 6846 6847 6851
4 6848 6852 6853 6849
4 6854 6850 6851 6855
4 6852 6856 6857 6853
4 6858 6854 6855 6859
4 6856 6860 6861 6857
4 6862 6858 6859 6863
4 6860 6864 6865 6861
4 6866 6862 6863 6867
4 6864 6868 6869 6865
4 6870 6866 6867 6871
4 6868 6872 6873 6869
4 6874 6870 6871 6875
4 6872 6876 6877 6873
4 6878 6874 6875 6879
4 6876 6880 6881 6877
4 6882 6878 6879 6883
4 6880 6884 6885 6881
4 6886 6882 6883 6887
4 6884 6888 6889 6885
4 6890 6886 6887 6891
4 6888 6892 6893 6889
4 6894 6890 6891 6895
4 6397 6833 6896 6430
4 6835 6399 6431 6897
4 6833 6837 6898 6896
4 6839 6835 6897 6899
4 6837 6841 6900 6898
4 6843 6839 6899 6901
4 6841 6845 6902 6900
4 6847 6843 6901 6903
4 6845 6849 6904 6902
4 6851 6847 6903 6905
4 6849 6853 6906 6904
4 6855 6851 6905 6907
4 6853 6857 6908 6906
4 6859 6855 6907 6909
4 6857 6861 6910 6908
4 6863 6859 6909 6911
4 6861 6865 6912 6910
4 6867 6863 6911 6913
4 6865 6869 6914 6912
4 6871 6867 6913 6915
4 6869 6873 6916 6914
4 6875 6871 6915 6917
4 6873 6877 6918 6916
4 6879 6875 6917 6919
4 6877 6881 6920 6918
4 6883 6879 6919 6921
4 6881 6885 6922 6920
4 6887 6883 6921 6923
4 6885 6889 6924 6922
4 6891 6887 6923 6925
4 6889 6893 6926 6924
4 6895 6891 6925 6927
4 6430 6896 6928 6462
4 6897 6431 6463 6929
4 6896 6898 6930 6928
4 6899 6897 6929 6931
4 6898 6900 6932 6930
4 6901 6899 6931 6933
4 6900 6902 6934 6932
4 6903 6901 6933 6935
4 6902 6904 6936 6934
4 6905 6903 6935 6937
4 6904 6906 6938 6936
4 6907 6905 6937 6939
4 6906 6908 6940 6938
4 6909 6907 6939 6941
4 6908 6910 6942 6940
4 6911 6909 6941 6943
4 6910 6912 6944 6942
4 6913 6911 6943 6945
4 6912 6914 6946 6944
4 6915 6913 6945 6947
4 6914 6916 6948 6946
4 6917 6915 6947 6949
4 6916 6918 6950 6948
4 6919 6917 6949 6951
4 6918 6920 6952 6950
4 6921 6919 6951 6953
4 6920 6922 6954 6952
4 6923 6921 6953 6955
4 6922 6924 6956 6954
4 6925 6923 6955 6957
4 6924 6926 6958 6956
4 6927 6925 6957 6959
4 6462 6928 6960 6494
4 6929 6463 6495 6961
4 6928 6930 6962 6960
4 6931 6929 6961 6963
4 6930 6932 6964 6962
4 6933 6931 6963 6965
4 6932 6934 6966 6964
4 6935 6933 6965 6967
4 6934 6936 6968 6966
4 6937 6935 6967 6969
4 6936 6938 6970 6968
4 6939 6937 6969 6971
4 6938 6940 6972 6970
4 6941 6939 6971 6973
4 6940 6942 6974 6972
4 6943 6941 6973 6975
4 6942 6944 6976 6974
4 6945 6943 6975 6977
4 6944 6946 6978 6976
4 6947 6945 6977 6979
4 6946 6948 6980 6978
4 6949 6947 6979 6981
4 6948 6950 6982 6980
4 6951 6949 6981 6983
4 6950 6952 6984 6982
4 6953 6951 6983 6985
4 6952 6954 6986 6984
4 6955 6953 6985 6987
4 6954 6956 6988 6986
4 6957 6955 6987 6989
4 6956 6958 6990 6988
4 6959 6957 6989 6991
4 6494 6960 6992 6526
4 6961 6495 6527 6993
4 6960 6962 6994 6992
4 6963 6961 6993 6995
4 6962 6964 6996 6994
4 6965 6963 6995 6997
4 6964 6966 6998 6996
4 6967 6965 6997 6999
4 6966 6968 7000 6998
4 6969 6967 6999 7001
4 6968 6970 7002 7000
4 6971 6969 7001 7003
4 6970 6972 7004 7002
4 6973 6971 7003 7005
4 6972 6974 7006 7004
4 6975 6973 7005 7007
4 6974 6976 7008 7006
4 6977 6975 7007 7009
4 6976 6978 7010 7008
4 6979 6977 7009 7011
4 6978 6980 7012 7010
4 6981 6979 7011 7013
4 6980 6982 7014 7012
4 6983 6981 7013 7015
4 6982 6984 7016 7014
4 6985 6983 7015 7017
4 6984 6986 7018 7016
4 6987 6985 7017 7019
4 6986 6988 7020 7018
4 6989 6987 7019 7021
4 6988 6990 7022 7020
4 6991 6989 7021 7023
4 6526 6992 7024 6558
4 6993 6527 6559 7025
4 6992 6994 7026 7024
4 6995 6993 7025 7027
4 6994 6996 7028 7026
4 6997 6995 7027 7029
4 6996 6998 7030 7028
4 6999 6997 7029 7031
4 6998 7000 7032 7030
4 7001 6999 7031 7033
4 7000 7002 7034 7032
4 7003 7001 7033 7035
4 7002 7004 7036 7034
4 7005 7003 7035 7037
4 7004 7006 7038 7036
4 7007 7005 7037 7039
4 7006 7008 7040 7038
4 7009 7007 7039 7041
4 7008 7010 7042 7040
4 7011 7009 7041 7043
4 7010 7012 7044 7042
4 7013 7011 7043 7045
4 7012 7014 7046 7044
4 7015 7013 7045 7047
4 7014 7016 7048 7046
4 7017 7015 7047 7049
4 7016 7018 7050 7048
4 7019 7017 7049 7051
4 7018 7020 7052 7050
4 7021 7019 7051 7053
4 7020 7022 7054 7052
4 7023 7021 7053 7055
4 6590 7056 7057 6591
4 6590 6558 7024 7056
4 7056 7058 7059 7057
4 7056 7024 7026 7058
4 7058 7060 7061 7059
4 7058 7026 7028 7060
4 7060 7062 7063 7061
4 7060 7028 7030 7062
4 7062 7064 7065 7063
4 7062 7030 7032 7064
4 7064 7066 7067 7065
4 7064 7032 7034 7066
4 7066 7068 7069 7067
4 7066 7034 7036 7068
4 7068 7070 7071 7069
4 7068 7036 7038 7070
4 7070 7072 7073 7071
4 7070 7038 7040 7072
4 7072 7074 7075 7073
4 7072 7040 7042 7074
4 7074 7076 7077 7075
4 7074 7042 7044 7076
4 7076 7078 7079 7077
4 7076 7044 7046 7078
4 7078 7080 7081 7079
4 7078 7046 7048 7080
4 7080 7082 7083 7081
4 7080 7048 7050 7082
4 7082 7084 7085 7083
4 7082 7050 7052 7084
4 7084 7086 7087 7085
4 7084 7052 7054 7086
4 7025 6559 6622 7088
4 7089 7088 6622 6623
4 7027 7025 7088 7090
4 7091 7090 7088 7089
4 7029 7027 7090 7092
4 7093 7092 7090 7091
4 7031 7029 7092 7094
4 7095 7094 7092 7093
4 7033 7031 7094 7096
4 7097 7096 7094 7095
4 7035 7033 7096 7098
4 7099 7098 7096 7097
4 7037 7035 7098 7100
4 7101 7100 7098 7099
4 7039 7037 7100 7102
4 7103 7102 7100 7101
4 7041 7039 7102 7104
4 7105 7104 7102 7103
4 7043 7041 7104 7106
4 7107 7106 7104 7105
4 7045 7043 7106 7108
4 7109 7108 7106 7107
4 7047 7045 7108 7110
4 7111 7110 7108 7109
4 7049 7047 7110 7112
4 7113 7112 7110 7111
4 7051 7049 7112 7114
4 7115 7114 7112 7113
4 7053 7051 7114 7116
4 7117 7116 7114 7115
4 7055 7053 7116 7118
4 7119 7118 7116 7117
4 6655 6654 7120 7121
4 7121 7120 7122 7123
4 7123 7122 7124 7125
4 7125 7124 7126 7127
4 7127 7126 7128 7129
4 7129 7128 7130 7131
4 7131 7130 7132 7133
4 7133 7132 7134 7135
4 7135 7134 7136 7137
4 7137 7136 7138 7139
4 7139 7138 7140 7141
4 7141 7140 7142 7143
4 7143 7142 7144 7145
4 7145 7144 7146 7147
4 7147 7146 7148 7149
4 7149 7148 7150 7151
4 6654 6671 7152 7120
4 7120 7152 7153 7122
4 7122 7153 7154 7124
4 7124 7154 7155 7126
4 7126 7155 7156 7128
4 7128 7156 7157 7130
4 7130 7157 7158 7132
4 7132 7158 7159 7134
4 7134 7159 7160 7136
4 7136 7160 7161 7138
4 7138 7161 7162 7140
4 7140 7162 7163 7142
4 7142 7163 7164 7144
4 7144 7164 7165 7146
4 7146 7165 7166 7148
4 7148 7166 7167 7150
4 6671 6687 7168 7152
4 7152 7168 7169 7153
4 7153 7169 7170 7154
4 7154 7170 7171 7155
4 7155 7171 7172 7156
4 7156 7172 7173 7157
4 7157 7173 7174 7158
4 7158 7174 7175 7159
4 7159 7175 7176 7160
4 7160 7176 7177 7161
4 7161 7177 7178 7162
4 7162 7178 7179 7163
4 7163 7179 7180 7164
4 7164 7180 7181 7165
4 7165 7181 7182 7166
4 7166 7182 7183 7167
4 6687 6733 7184 7168
4 7185 7186 6735 6734
4 7168 7184 7187 7169
4 7188 7189 7186 7185
4 7169 7187 7190 7170
4 7191 7192 7189 7188
4 7170 7190 7193 7171
4 7194 7195 7192 7191
4 7171 7193 7196 7172
4 7197 7198 7195 7194
4 7172 7196 7199 7173
4 7200 7201 7198 7197
4 7173 7199 7202 7174
4 7203 7204 7201 7200
4 7174 7202 7205 7175
4 7206 7207 7204 7203
4 7175 7205 7208 7176
4 7209 7210 7207 7206
4 7176 7208 7211 7177
4 7212 7213 7210 7209
4 7177 7211 7214 7178
4 7215 7216 7213 7212
4 7178 7214 7217 7179
4 7218 7219 7216 7215
4 7179 7217 7220 7180
4 7221 7222 7219 7218
4 7180 7220 7223 7181
4 7224 7225 7222 7221
4 7181 7223 7226 7182
4 7227 7228 7225 7224
4 7182 7226 7229 7183
4 7230 7231 7228 7227
4 6733 6591 7057 7184
4 7186 7232 6751 6735
4 7184 7057 7059 7187
4 7189 7233 7232 7186
4 7187 7059 7061 7190
4 7192 7234 7233 7189
4 7190 7061 7063 7193
4 7195 7235 7234 7192
4 7193 7063 7065 7196
4 7198 7236 7235 7195
4 7196 7065 7067 7199
4 7201 7237 7236 7198
4 7199 7067 7069 7202
4 7204 7238 7237 7201
4 7202 7069 7071 7205
4 7207 7239 7238 7204
4 7205 7071 7073 7208
4 7210 7240 7239 7207
4 7208 7073 7075 7211
4 7213 7241 7240 7210
4 7211 7075 7077 7214
4 7216 7242 7241 7213
4 7214 7077 7079 7217
4 7219 7243 7242 7216
4 7217 7079 7081 7220
4 7222 7244 7243 7219
4 7220 7081 7083 7223
4 7225 7245 7244 7222
4 7223 7083 7085 7226
4 7228 7246 7245 7225
4 7226 7085 7087 7229
4 7231 7247 7246 7228
4 7089 6623 6767 7248
4 7232 7248 6767 6751
4 7091 7089 7248 7249
4 7233 7249 7248 7232
4 7093 7091 7249 7250
4 7234 7250 7249 7233
4 7095 7093 7250 7251
4 7235 7251 7250 7234
4 7097 7095 7251 7252
4 7236 7252 7251 7235
4 7099 7097 7252 7253
4 7237 7253 7252 7236
4 7101 7099 7253 7254
4 7238 7254 7253 7237
4 7103 7101 7254 7255
4 7239 7255 7254 7238
4 7105 7103 7255 7256
4 7240 7256 7255 7239
4 7107 7105 7256 7257
4 7241 7257 7256 7240
4 7109 7107 7257 7258
4 7242 7258 7257 7241
4 7111 7109 7258 7259
4 7243 7259 7258 7242
4 7113 7111 7259 7260
4 7244 7260 7259 7243
4 7115 7113 7260 7261
4 7245 7261 7260 7244
4 7117 7115 7261 7262
4 7246 7262 7261 7245
4 7119 7117 7262 7263
4 7247 7263 7262 7246
4 7264 7265 6799 6798
4 7266 7267 7265 7264
4 7268 7269 7267 7266
4 7270 7271 7269 7268
4 7272 7273 7271 7270
4 7274 7275 7273 7272
4 7276 7277 7275 7274
4 7278 7279 7277 7276
4 7280 7281 7279 7278
4 7282 7283 7281 7280
4 7284 7285 7283 7282
4 7286 7287 7285 7284
4 7288 7289 7287 7286
4 7290 7291 7289 7288
4 7292 7293 7291 7290
4 7294 7295 7293 7292
4 7265 7296 6815 6799
4 7267 7297 7296 7265
4 7269 7298 7297 7267
4 7271 7299 7298 7269
4 7273 7300 7299 7271
4 7275 7301 7300 7273
4 7277 7302 7301 7275
4 7279 7303 7302 7277
4 7281 7304 7303 7279
4 7283 7305 7304 7281
4 7285 7306 7305 7283
4 7287 7307 7306 7285
4 7289 7308 7307 7287
4 7291 7309 7308 7289
4 7293 7310 7309 7291
4 7295 7311 7310 7293
4 7185 6734 6831 7312
4 7296 7312 6831 6815
4 7188 7185 7312 7313
4 7297 7313 7312 7296
4 7191 7188 7313 7314
4 7298 7314 7313 7297
4 7194 7191 7314 7315
4 7299 7315 7314 7298
4 7197 7194 7315 7316
4 7300 7316 7315 7299
4 7200 7197 7316 7317
4 7301 7317 7316 7300
4 7203 7200 7317 7318
4 7302 7318 7317 7301
4 7206 7203 7318 7319
4 7303 7319 7318 7302
4 7209 7206 7319 7320
4 7304 7320 7319 7303
4 7212 7209 7320 7321
4 7305 7321 7320 7304
4 7215 7212 7321 7322
4 7306 7322 7321 7305
4 7218 7215 7322 7323
4 7307 7323 7322 7306
4 7221 7218 7323 7324
4 7308 7324 7323 7307
4 7224 7221 7324 7325
4 7309 7325 7324 7308
4 7227 7224 7325 7326
4 7310 7326 7325 7309
4 7230 7227 7326 7327
4 7311 7327 7326 7310
4 6892 7328 7329 6893
4 7330 6894 6895 7331
4 7328 7332 7333 7329
4 7334 7330 7331 7335
4 7332 7336 7337 7333
4 7338 7334 7335 7339
4 7336 7340 7341 7337
4 7342 7338 7339 7343
4 7340 7344 7345 7341
4 7346 7342 7343 7347
4 7344 7348 7349 7345
4 7350 7346 7347 7351
4 7348 7352 7353 7349
4 7354 7350 7351 7355
4 7352 7356 7357 7353
4 7358 7354 7355 7359
4 7356 7360 7361 7357
4 7362 7358 7359 7363
4 7360 7364 7365 7361
4 7366 7362 7363 7367
4 7364 7368 7369 7365
4 7370 7366 7367 7371
4 7368 7372 7373 7369
4 7374 7370 7371 7375
4 7372 7376 7377 7373
4 7378 7374 7375 7379
4 7376 7380 7381 7377
4 7382 7378 7379 7383
4 7380 7384 7385 7381
4 7386 7382 7383 7387
4 7384 7388 7389 7385
4 7390 7386 7387 7391
4 6893 7329 7392 6926
4 7331 6895 6927 7393
4 7329 7333 7394 7392
4 7335 7331 7393 7395
4 7333 7337 7396 7394
4 7339 7335 7395 7397
4 7337 7341 7398 7396
4 7343 7339 7397 7399
4 7341 7345 7400 7398
4 7347 7343 7399 7401
4 7345 7349 7402 7400
4 7351 7347 7401 7403
4 7349 7353 7404 7402
4 7355 7351 7403 7405
4 7353 7357 7406 7404
4 7359 7355 7405 7407
4 7357 7361 7408 7406
4 7363 7359 7407 7409
4 7361 7365 7410 7408
4 7367 7363 7409 7411
4 7365 7369 7412 7410
4 7371 7367 7411 7413
4 7369 7373 7414 7412
4 7375 7371 7413 7415
4 7373 7377 7416 7414
4 7379 7375 7415 7417
4 7377 7381 7418 7416
4 7383 7379 7417 7419
4 7381 7385 7420 7418
4 7387 7383 7419 7421
4 7385 7389 7422 7420
4 7391 7387 7421 7423
4 6926 7392 7424 6958
4 7393 6927 6959 7425
4 7392 7394 7426 7424
4 7395 7393 7425 7427
4 7394 7396 7428 7426
4 7397 7395 7427 7429
4 7396 7398 7430 7428
4 7399 7397 7429 7431
4 7398 7400 7432 7430
4 7401 7399 7431 7433
4 7400 7402 7434 7432
4 7403 7401 7433 7435
4 7402 7404 7436 7434
4 7405 7403 7435 7437
4 7404 7406 7438 7436
4 7407 7405 7437 7439
4 7406 7408 7440 7438
4 7409 7407 7439 7441
4 7408 7410 7442 7440
4 7411 7409 7441 7443
4 7410 7412 7444 7442
4 7413 7411 7443 7445
4 7412 7414 7446 7444
4 7415 7413 7445 7447
4 7414 7416 7448 7446
4 7417 7415 7447 7449
4 7416 7418 7450 7448
4 7419 7417 7449 7451
4 7418 7420 7452 7450
4 7421 7419 7451 7453
4 7420 7422 7454 7452
4 7423 7421 7453 7455
4 6958 7424 7456 6990
4 7425 6959 6991 7457
4 7424 7426 7458 7456
4 7427 7425 7457 7459
4 7426 7428 7460 7458
4 7429 7427 7459 7461
4 7428 7430 7462 7460
4 7431 7429 7461 7463
4 7430 7432 7464 7462
4 7433 7431 7463 7465
4 7432 7434 7466 7464
4 7435 7433 7465 7467
4 7434 7436 7468 7466
4 7437 7435 7467 7469
4 7436 7438 7470 7468
4 7439 7437 7469 7471
4 7438 7440 7472 7470
4 7441 7439 7471 7473
4 7440 7442 7474 7472
4 7443 7441 7473 7475
4 7442 7444 7476 7474
4 7445 7443 7475 7477
4 7444 7446 7478 7476
4 7447 7445 7477 7479
4 7446 7448 7480 7478
4 7449 7447 7479 7481
4 7448 7450 7482 7480
4 7451 7449 7481 7483
4 7450 7452 7484 7482
4 7453 7451 7483 7485
4 7452 7454 7486 7484
4 7455 7453 7485 7487
4 6990 7456 7488 7022
4 7457 6991 7023 7489
4 7456 7458 7490 7488
4 7459 7457 7489 7491
4 7458 7460 7492 7490
4 7461 7459 7491 7493
4 7460 7462 7494 7492
4 7463 7461 7493 7495
4 7462 7464 7496 7494
4 7465 7463 7495 7497
4 7464 7466 7498 7496
4 7467 7465 7497 7499
4 7466 7468 7500 7498
4 7469 7467 7499 7501
4 7468 7470 7502 7500
4 7471 7469 7501 7503
4 7470 7472 7504 7502
4 7473 7471 7503 7505
4 7472 7474 7506 7504
4 7475 7473 7505 7507
4 7474 7476 7508 7506
4 7477 7475 7507 7509
4 7476 7478 7510 7508
4 7479 7477 7509 7511
4 7478 7480 7512 7510
4 7481 7479 7511 7513
4 7480 7482 7514 7512
4 7483 7481 7513 7515
4 7482 7484 7516 7514
4 7485 7483 7515 7517
4 7484 7486 7518 7516
4 7487 7485 7517 7519
4 7022 7488 7520 7054
4 7489 7023 7055 7521
4 7488 7490 7522 7520
4 7491 7489 7521 7523
4 7490 7492 7524 7522
4 7493 7491 7523 7525
4 7492 7494 7526 7524
4 7495 7493 7525 7527
4 7494 7496 7528 7526
4 7497 7495 7527 7529
4 7496 7498 7530 7528
4 7499 7497 7529 7531
4 7498 7500 7532 7530
4 7501 7499 7531 7533
4 7500 7502 7534 7532
4 7503 7501 7533 7535
4 7502 7504 7536 7534
4 7505 7503 7535 7537
4 7504 7506 7538 7536
4 7507 7505 7537 7539
4 7506 7508 7540 7538
4 7509 7507 7539 7541
4 7508 7510 7542 7540
4 7511 7509 7541 7543
4 7510 7512 7544 7542
4 7513 7511 7543 7545
4 7512 7514 7546 7544
4 7515 7513 7545 7547
4 7514 7516 7548 7546
4 7517 7515 7547 7549
4 7516 7518 7550 7548
4 7519 7517 7549 7551
4 7086 7552 7553 7087
4 7086 7054 7520 7552
4 7552 7554 7555 7553
4 7552 7520 7522 7554
4 7554 7556 7557 7555
4 7554 7522 7524 7556
4 7556 7558 7559 7557
4 7556 7524 7526 7558
4 7558 7560 7561 7559
4 7558 7526 7528 7560
4 7560 7562 7563 7561
4 7560 7528 7530 7562
4 7562 7564 7565 7563
4 7562 7530 7532 7564
4 7564 7566 7567 7565
4 7564 7532 7534 7566
4 7566 7568 7569 7567
4 7566 7534 7536 7568
4 7568 7570 7571 7569
4 7568 7536 7538 7570
4 7570 7572 7573 7571
4 7570 7538 7540 7572
4 7572 7574 7575 7573
4 7572 7540 7542 7574
4 7574 7576 7577 7575
4 7574 7542 7544 7576
4 7576 7578 7579 7577
4 7576 7544 7546 7578
4 7578 7580 7581 7579
4 7578 7546 7548 7580
4 7580 7582 7583 7581
4 7580 7548 7550 7582
4 7521 7055 7118 7584
4 7585 7584 7118 7119
4 7523 7521 7584 7586
4 7587 7586 7584 7585
4 7525 7523 7586 7588
4 7589 7588 7586 7587
4 7527 7525 7588 7590
4 7591 7590 7588 7589
4 7529 7527 7590 7592
4 7593 7592 7590 7591
4 7531 7529 7592 7594
4 7595 7594 7592 7593
4 7533 7531 7594 7596
4 7597 7596 7594 7595
4 7535 7533 7596 7598
4 7599 7598 7596 7597
4 7537 7535 7598 7600
4 7601 7600 7598 7599
4 7539 7537 7600 7602
4 7603 7602 7600 7601
4 7541 7539 7602 7604
4 7605 7604 7602 7603
4 7543 7541 7604 7606
4 7607 7606 7604 7605
4 7545 7543 7606 7608
4 7609 7608 7606 7607
4 7547 7545 7608 7610
4 7611 7610 7608 7609
4 7549 7547 7610 7612
4 7613 7612 7610 7611
4 7551 7549 7612 7614
4 7615 7614 7612 7613
4 7151 7150 7616 7617
4 7617 7616 7618 7619
4 7619 7618 7620 7621
4 7621 7620 7622 7623
4 7623 7622 7624 7625
4 7625 7624 7626 7627
4 7627 7626 7628 7629
4 7629 7628 7630 7631
4 7631 7630 7632 7633
4 7633 7632 7634 7635
4 7635 7634 7636 7637
4 7637 7636 7638 7639
4 7639 7638 7640 7641
4 7641 7640 7642 7643
4 7643 7642 7644 7645
4 7645 7644 7646 7647
4 7150 7167 7648 7616
4 7616 7648 7649 7618
4 7618 7649 7650 7620
4 7620 7650 7651 7622
4 7622 7651 7652 7624
4 7624 7652 7653 7626
4 7626 7653 7654 7628
4 7628 7654 7655 7630
4 7630 7655 7656 7632
4 7632 7656 7657 7634
4 7634 7657 7658 7636
4 7636 7658 7659 7638
4 7638 7659 7660 7640
4 7640 7660 7661 7642
4 7642 7661 7662 7644
4 7644 7662 7663 7646
4 7167 7183 7664 7648
4 7648 7664 7665 7649
4 7649 7665 7666 7650
4 7650 7666 7667 7651
4 7651 7667 7668 7652
4 7652 7668 7669 7653
4 7653 7669 7670 7654
4 7654 7670 7671 7655
4 7655 7671 7672 7656
4 7656 7672 7673 7657
4 7657 7673 7674 7658
4 7658 7674 7675 7659
4 7659 7675 7676 7660
4 7660 7676 7677 7661
4 7661 7677 7678 7662
4 7662 7678 7679 7663
4 7183 7229 7680 7664
4 7681 7682 7231 7230
4 7664 7680 7683 7665
4 7684 7685 7682 7681
4 7665 7683 7686 7666
4 7687 7688 7685 7684
4 7666 7686 7689 7667
4 7690 7691 7688 7687
4 7667 7689 7692 7668
4 7693 7694 7691 7690
4 7668 7692 7695 7669
4 7696 7697 7694 7693
4 7669 7695 7698 7670
4 7699 7700 7697 7696
4 7670 7698 7701 7671
4 7702 7703 7700 7699
4 7671 7701 7704 7672
4 7705 7706 7703 7702
4 7672 7704 7707 7673
4 7708 7709 7706 7705
4 7673 7707 7710 7674
4 7711 7712 7709 7708
4 7674 7710 7713 7675
4 7714 7715 7712 7711
4 7675 7713 7716 7676
4 7717 7718 7715 7714
4 7676 7716 7719 7677
4 7720 7721 7718 7717
4 7677 7719 7722 7678
4 7723 7724 7721 7720
4 7678 7722 7725 7679
4 7726 7727 7724 7723
4 7229 7087 7553 7680
4 7682 7728 7247 7231
4 7680 7553 7555 7683
4 7685 7729 7728 7682
4 7683 7555 7557 7686
4 7688 7730 7729 7685
4 7686 7557 7559 7689
4 7691 7731 7730 7688
4 7689 7559 7561 7692
4 7694 7732 7731 7691
4 7692 7561 7563 7695
4 7697 7733 7732 7694
4 7695 7563 7565 7698
4 7700 7734 7733 7697
4 7698 7565 7567 7701
4 7703 7735 7734 7700
4 7701 7567 7569 7704
4 7706 7736 7735 7703
4 7704 7569 7571 7707
4 7709 7737 7736 7706
4 7707 7571 7573 7710
4 7712 7738 7737 7709
4 7710 7573 7575 7713
4 7715 7739 7738 7712
4 7713 7575 7577 7716
4 7718 7740 7739 7715
4 7716 7577 7579 7719
4 7721 7741 7740 7718
4 7719 7579 7581 7722
4 7724 7742 7741 7721
4 7722 7581 7583 7725
4 7727 7743 7742 7724
4 7585 7119 7263 7744
4 7728 7744 7263 7247
4 7587 7585 7744 7745
4 7729 7745 7744 7728
4 7589 7587 7745 7746
4 7730 7746 7745 7729
4 7591 7589 7746 7747
4 7731 7747 7746 7730
4 7593 7591 7747 7748
4 7732 7748 7747 7731
4 7595 7593 7748 7749
4 7733 7749 7748 7732
4 7597 7595 7749 7750
4 7734 7750 7749 7733
4 7599 7597 7750 7751
4 7735 7751 7750 7734
4 7601 7599 7751 7752
4 7736 7752 7751 7735
4 7603 7601 7752 7753
4 7737 7753 7752 7736
4 7605 7603 7753 7754
4 7738 7754 7753 7737
4 7607 7605 7754 7755
4 7739 7755 7754 7738
4 7609 7607 7755 7756
4 7740 7756 7755 7739
4 7611 7609 7756 7757
4 7741 7757 7756 7740
4 7613 7611 7757 7758
4 7742 7758 7757 7741
4 7615 7613 7758 7759
4 7743 7759 7758 7742
4 7760 7761 7295 7294
4 7762 7763 7761 7760
4 7764 7765 7763 7762
4 7766 7767 7765 7764
4 7768 7769 7767 7766
4 7770 7771 7769 7768
4 7772 7773 7771 7770
4 7774 7775 7773 7772
4 7776 7777 7775 7774
4 7778 7779 7777 7776
4 7780 7781 7779 7778
4 7782 7783 7781 7780
4 7784 7785 7783 7782
4 7786 7787 7785 7784
4 7788 7789 7787 7786
4 7790 7791 7789 7788
4 7761 7792 7311 7295
4 7763 7793 7792 7761
4 7765 7794 7793 7763
4 7767 7795 7794 7765
4 7769 7796 7795 7767
4 7771 7797 7796 7769
4 7773 7798 7797 7771
4 7775 7799 7798 7773
4 7777 7800 7799 7775
4 7779 7801 7800 7777
4 7781 7802 7801 7779
4 7783 7803 7802 7781
4 7785 7804 7803 7783
4 7787 7805 7804 7785
4 7789 7806 7805 7787
4 7791 7807 7806 7789
4 7681 7230 7327 7808
4 7792 7808 7327 7311
4 7684 7681 7808 7809
4 7793 7809 7808 7792
4 7687 7684 7809 7810
4 7794 7810 7809 7793
4 7690 7687 7810 7811
4 7795 7811 7810 7794
4 7693 7690 7811 7812
4 7796 7812 7811 7795
4 7696 7693 7812 7813
4 7797 7813 7812 7796
4 7699 7696 7813 7814
4 7798 7814 7813 7797
4 7702 7699 7814 7815
4 7799 7815 7814 7798
4 7705 7702 7815 7816
4 7800 7816 7815 7799
4 7708 7705 7816 7817
4 7801 7817 7816 7800
4 7711 7708 7817 7818
4 7802 7818 7817 7801
4 7714 7711 7818 7819
4 7803 7819 7818 7802
4 7717 7714 7819 7820
4 7804 7820 7819 7803
4 7720 7717 7820 7821
4 7805 7821 7820 7804
4 7723 7720 7821 7822
4 7806 7822 7821 7805
4 7726 7723 7822 7823
4 7807 7823 7822 7806
4 7824 7825 7826 7827
4 7828 7829 7830 7831
4 7825 7832 7833 7826
4 7831 7830 7834 7835
4 7832 7836 7837 7833
4 7835 7834 7838 7839
4 7836 7840 7841 7837
4 7839 7838 7842 7843
4 7840 7844 7845 7841
4 7843 7842 7846 7847
4 7844 7848 7849 7845
4 7847 7846 7850 7851
4 7388 7852 7853 7389
4 7854 7390 7391 7855
4 7852 7856 7857 7853
4 7858 7854 7855 7859
4 7856 7860 7861 7857
4 7862 7858 7859 7863
4 7860 7864 7865 7861
4 7866 7862 7863 7867
4 7864 7868 7869 7865
4 7870 7866 7867 7871
4 7868 7872 7873 7869
4 7874 7870 7871 7875
4 7872 7876 7877 7873
4 7878 7874 7875 7879
4 7876 7851 7850 7877
4 7880 7878 7879 7881
4 7882 7880 7881 7883
4 7848 7882 7883 7849
4 7827 7826 7884 7885
4 7829 7886 7887 7830
4 7826 7833 7888 7884
4 7830 7887 7889 7834
4 7833 7837 7890 7888
4 7834 7889 7891 7838
4 7837 7841 7892 7890
4 7838 7891 7893 7842
4 7841 7845 7894 7892
4 7842 7893 7895 7846
4 7845 7849 7896 7894
4 7846 7895 7897 7850
4 7389 7853 7898 7422
4 7855 7391 7423 7899
4 7853 7857 7900 7898
4 7859 7855 7899 7901
4 7857 7861 7902 7900
4 7863 7859 7901 7903
4 7861 7865 7904 7902
4 7867 7863 7903 7905
4 7865 7869 7906 7904
4 7871 7867 7905 7907
4 7869 7873 7908 7906
4 7875 7871 7907 7909
4 7873 7877 7910 7908
4 7879 7875 7909 7911
4 7877 7850 7897 7910
4 7881 7879 7911 7912
4 7883 7881 7912 7913
4 7849 7883 7913 7896
4 7885 7884 7914 7915
4 7886 7916 7917 7887
4 7884 7888 7918 7914
4 7887 7917 7919 7889
4 7888 7890 7920 7918
4 7889 7919 7921 7891
4 7890 7892 7922 7920
4 7891 7921 7923 7893
4 7892 7894 7924 7922
4 7893 7923 7925 7895
4 7894 7896 7926 7924
4 7895 7925 7927 7897
4 7422 7898 7928 7454
4 7899 7423 7455 7929
4 7898 7900 7930 7928
4 7901 7899 7929 7931
4 7900 7902 7932 7930
4 7903 7901 7931 7933
4 7902 7904 7934 7932
4 7905 7903 7933 7935
4 7904 7906 7936 7934
4 7907 7905 7935 7937
4 7906 7908 7938 7936
4 7909 7907 7937 7939
4 7908 7910 7940 7938
4 7911 7909 7939 7941
4 7910 7897 7927 7940
4 7912 7911 7941 7942
4 7913 7912 7942 7943
4 7896 7913 7943 7926
4 7915 7914 7944 7945
4 7916 7946 7947 7917
4 7914 7918 7948 7944
4 7917 7947 7949 7919
4 7918 7920 7950 7948
4 7919 7949 7951 7921
4 7920 7922 7952 7950
4 7921 7951 7953 7923
4 7922 7924 7954 7952
4 7923 7953 7955 7925
4 7924 7926 7956 7954
4 7925 7955 7957 7927
4 7454 7928 7958 7486
4 7929 7455 7487 7959
4 7928 7930 7960 7958
4 7931 7929 7959 7961
4 7930 7932 7962 7960
4 7933 7931 7961 7963
4 7932 7934 7964 7962
4 7935 7933 7963 7965
4 7934 7936 7966 7964
4 7937 7935 7965 7967
4 7936 7938 7968 7966
4 7939 7937 7967 7969
4 7938 7940 7970 7968
4 7941 7939 7969 7971
4 7940 7927 7957 7970
4 7942 7941 7971 7972
4 7943 7942 7972 7973
4 7926 7943 7973 7956
4 7945 7944 7974 7975
4 7946 7976 7977 7947
4 7944 7948 7978 7974
4 7947 7977 7979 7949
4 7948 7950 7980 7978
4 7949 7979 7981 7951
4 7950 7952 7982 7980
4 7951 7981 7983 7953
4 7952 7954 7984 7982
4 7953 7983 7985 7955
4 7954 7956 7986 7984
4 7955 7985 7987 7957
4 7486 7958 7988 7518
4 7959 7487 7519 7989
4 7958 7960 7990 7988
4 7961 7959 7989 7991
4 7960 7962 7992 7990
4 7963 7961 7991 7993
4 7962 7964 7994 7992
4 7965 7963 7993 7995
4 7964 7966 7996 7994
4 7967 7965 7995 7997
4 7966 7968 7998 7996
4 7969 7967 7997 7999
4 7968 7970 8000 7998
4 7971 7969 7999 8001
4 7970 7957 7987 8000
4 7972 7971 8001 8002
4 7973 7972 8002 8003
4 7956 7973 8003 7986
4 7975 7974 8004 8005
4 7976 8006 8007 7977
4 7974 7978 8008 8004
4 7977 8007 8009 7979
4 7978 7980 8010 8008
4 7979 8009 8011 7981
4 7980 7982 8012 8010
4 7981 8011 8013 7983
4 7982 7984 8014 8012
4 7983 8013 8015 7985
4 7984 7986 8016 8014
4 7985 8015 8017 7987
4 7518 7988 8018 7550
4 7989 7519 7551 8019
4 7988 7990 8020 8018
4 7991 7989 8019 8021
4 7990 7992 8022 8020
4 7993 7991 8021 8023
4 7992 7994 8024 8022
4 7995 7993 8023 8025
4 7994 7996 8026 8024
4 7997 7995 8025 8027
4 7996 7998 8028 8026
4 7999 7997 8027 8029
4 7998 8000 8030 8028
4 8001 7999 8029 8031
4 8000 7987 8017 8030
4 8002 8001 8031 8032
4 8003 8002 8032 8033
4 7986 8003 8033 8016
4 8034 8035 8007 8006
4 8034 8036 8037 8035
4 8038 8039 8040 8041
4 8005 8004 8039 8038
4 8035 8042 8009 8007
4 8035 8037 8043 8042
4 8039 8044 8045 8040
4 8004 8008 8044 8039
4 8042 8046 8011 8009
4 8042 8043 8047 8046
4 8044 8048 8049 8045
4 8008 8010 8048 8044
4 8046 8050 8013 8011
4 8046 8047 8051 8050
4 8048 8052 8053 8049
4 8010 8012 8052 8048
4 8050 8054 8015 8013
4 8050 8051 8055 8054
4 8052 8056 8057 8053
4 8012 8014 8056 8052
4 7582 8058 8059 7583
4 7582 7550 8018 8058
4 8058 8060 8061 8059
4 8058 8018 8020 8060
4 8060 8062 8063 8061
4 8060 8020 8022 8062
4 8062 8064 8065 8063
4 8062 8022 8024 8064
4 8064 8066 8067 8065
4 8064 8024 8026 8066
4 8066 8068 8069 8067
4 8066 8026 8028 8068
4 8068 8054 8055 8069
4 8068 8028 8030 8054
4 8054 8030 8017 8015
4 8056 8070 8071 8057
4 8014 8016 8070 8056
4 8019 7551 7614 8072
4 8073 8072 7614 7615
4 8021 8019 8072 8074
4 8075 8074 8072 8073
4 8023 8021 8074 8076
4 8077 8076 8074 8075
4 8025 8023 8076 8078
4 8079 8078 8076 8077
4 8027 8025 8078 8080
4 8081 8080 8078 8079
4 8029 8027 8080 8082
4 8083 8082 8080 8081
4 8031 8029 8082 8084
4 8085 8084 8082 8083
4 8032 8031 8084 8086
4 8071 8086 8084 8085
4 8033 8032 8086 8087
4 8070 8087 8086 8071
4 8016 8033 8087 8070
4 7647 7646 8088 8089
4 8089 8088 8090 8091
4 8091 8090 8092 8093
4 8093 8092 8094 8095
4 8095 8094 8096 8097
4 8097 8096 8098 8099
4 8100 8101 8102 8103
4 8099 8098 8037 8036
4 8104 8105 8101 8100
4 8106 8107 8105 8104
4 8041 8040 8107 8106
4 7646 7663 8108 8088
4 8088 8108 8109 8090
4 8090 8109 8110 8092
4 8092 8110 8111 8094
4 8094 8111 8112 8096
4 8096 8112 8113 8098
4 8101 8114 8115 8102
4 8098 8113 8043 8037
4 8105 8116 8114 8101
4 8107 8117 8116 8105
4 8040 8045 8117 8107
4 7663 7679 8118 8108
4 8108 8118 8119 8109
4 8109 8119 8120 8110
4 8110 8120 8121 8111
4 8111 8121 8122 8112
4 8115 8123 8124 8125
4 8112 8122 8126 8113
4 8114 8127 8123 8115
4 8113 8126 8047 8043
4 8116 8128 8127 8114
4 8117 8129 8128 8116
4 8045 8049 8129 8117
4 7679 7725 8130 8118
4 8131 8132 7727 7726
4 8118 8130 8133 8119
4 8134 8135 8132 8131
4 8119 8133 8136 8120
4 8137 8138 8135 8134
4 8120 8136 8139 8121
4 8124 8140 8138 8137
4 8121 8139 8141 8122
4 8123 8142 8140 8124
4 8122 8141 8143 8126
4 8127 8144 8142 8123
4 8126 8143 8051 8047
4 8128 8145 8144 8127
4 8129 8146 8145 8128
4 8049 8053 8146 8129
4 7725 7583 8059 8130
4 8132 8147 7743 7727
4 8130 8059 8061 8133
4 8135 8148 8147 8132
4 8133 8061 8063 8136
4 8138 8149 8148 8135
4 8136 8063 8065 8139
4 8140 8150 8149 8138
4 8139 8065 8067 8141
4 8142 8151 8150 8140
4 8141 8067 8069 8143
4 8144 8152 8151 8142
4 8143 8069 8055 8051
4 8145 8153 8152 8144
4 8146 8154 8153 8145
4 8053 8057 8154 8146
4 8073 7615 7759 8155
4 8147 8155 7759 7743
4 8075 8073 8155 8156
4 8148 8156 8155 8147
4 8077 8075 8156 8157
4 8149 8157 8156 8148
4 8079 8077 8157 8158
4 8150 8158 8157 8149
4 8081 8079 8158 8159
4 8151 8159 8158 8150
4 8083 8081 8159 8160
4 8152 8160 8159 8151
4 8085 8083 8160 8161
4 8153 8161 8160 8152
4 8071 8085 8161 8162
4 8154 8162 8161 8153
4 8057 8071 8162 8154
4 8163 8164 7791 7790
4 8165 8166 8164 8163
4 8167 8168 8166 8165
4 8169 8170 8168 8167
4 8171 8172 8170 8169
4 8103 8102 8172 8171
4 8164 8173 7807 7791
4 8166 8174 8173 8164
4 8168 8175 8174 8166
4 8170 8176 8175 8168
4 8115 8125 8176 8177
4 8172 8177 8176 8170
4 8102 8115 8177 8172
4 8131 7726 7823 8178
4 8173 8178 7823 7807
4 8134 8131 8178 8179
4 8174 8179 8178 8173
4 8137 8134 8179 8180
4 8175 8180 8179 8174
4 8124 8137 8180 8181
4 8176 8181 8180 8175
4 8125 8124 8181 8176
