ply
format ascii 1.0
comment Generated from Goxel 0.15.1
element vertex 7132
property float x
property float y
property float z
property float red
property float green
property float blue
element face 6768
property list uchar int vertex_indices
end_header
-14 0 14 0.349020 0.337255 0.321569
-13 0 14 0.349020 0.337255 0.321569
-13 1 14 0.349020 0.337255 0.321569
-14 1 14 0.349020 0.337255 0.321569
-14 0 13 0.349020 0.337255 0.321569
-13 0 13 0.349020 0.337255 0.321569
-14 1 13 0.349020 0.337255 0.321569
-12 0 14 0.349020 0.337255 0.321569
-12 1 14 0.349020 0.337255 0.321569
-12 0 13 0.349020 0.337255 0.321569
-11 0 14 0.349020 0.337255 0.321569
-11 1 14 0.349020 0.337255 0.321569
-11 0 13 0.349020 0.337255 0.321569
-10 0 14 0.349020 0.337255 0.321569
-10 1 14 0.349020 0.337255 0.321569
-10 0 13 0.349020 0.337255 0.321569
-9 0 14 0.349020 0.337255 0.321569
-9 1 14 0.349020 0.337255 0.321569
-9 0 13 0.349020 0.337255 0.321569
-8 0 14 0.349020 0.337255 0.321569
-8 1 14 0.349020 0.337255 0.321569
-8 0 13 0.349020 0.337255 0.321569
-7 0 14 0.349020 0.337255 0.321569
-7 1 14 0.349020 0.337255 0.321569
-7 0 13 0.349020 0.337255 0.321569
-6 0 14 0.349020 0.337255 0.321569
-6 1 14 0.349020 0.337255 0.321569
-6 0 13 0.349020 0.337255 0.321569
-5 0 14 0.349020 0.337255 0.321569
-5 1 14 0.349020 0.337255 0.321569
-5 0 13 0.349020 0.337255 0.321569
-4 0 14 0.349020 0.337255 0.321569
-4 1 14 0.349020 0.337255 0.321569
-4 0 13 0.349020 0.337255 0.321569
-3 0 14 0.349020 0.337255 0.321569
-3 1 14 0.349020 0.337255 0.321569
-3 0 13 0.349020 0.337255 0.321569
-2 0 14 0.349020 0.337255 0.321569
-2 1 14 0.349020 0.337255 0.321569
-2 0 13 0.349020 0.337255 0.321569
-1 0 14 0.349020 0.337255 0.321569
-1 1 14 0.349020 0.337255 0.321569
-1 0 13 0.349020 0.337255 0.321569
0 0 14 0.349020 0.337255 0.321569
0 1 14 0.349020 0.337255 0.321569
0 0 13 0.349020 0.337255 0.321569
-14 0 12 0.349020 0.337255 0.321569
-13 0 12 0.349020 0.337255 0.321569
-14 1 12 0.349020 0.337255 0.321569
-12 0 12 0.349020 0.337255 0.321569
-11 0 12 0.349020 0.337255 0.321569
-10 0 12 0.349020 0.337255 0.321569
-9 0 12 0.349020 0.337255 0.321569
-8 0 12 0.349020 0.337255 0.321569
-7 0 12 0.349020 0.337255 0.321569
-6 0 12 0.349020 0.337255 0.321569
-5 0 12 0.349020 0.337255 0.321569
-4 0 12 0.349020 0.337255 0.321569
-3 0 12 0.349020 0.337255 0.321569
-2 0 12 0.349020 0.337255 0.321569
-1 0 12 0.349020 0.337255 0.321569
0 0 12 0.349020 0.337255 0.321569
-14 0 11 0.349020 0.337255 0.321569
-13 0 11 0.349020 0.337255 0.321569
-14 1 11 0.349020 0.337255 0.321569
-12 0 11 0.349020 0.337255 0.321569
-11 0 11 0.349020 0.337255 0.321569
-10 0 11 0.349020 0.337255 0.321569
-9 0 11 0.349020 0.337255 0.321569
-8 0 11 0.349020 0.337255 0.321569
-7 0 11 0.349020 0.337255 0.321569
-6 0 11 0.349020 0.337255 0.321569
-5 0 11 0.349020 0.337255 0.321569
-4 0 11 0.349020 0.337255 0.321569
-3 0 11 0.349020 0.337255 0.321569
-2 0 11 0.349020 0.337255 0.321569
-1 0 11 0.349020 0.337255 0.321569
0 0 11 0.349020 0.337255 0.321569
-14 0 10 0.349020 0.337255 0.321569
-13 0 10 0.349020 0.337255 0.321569
-14 1 10 0.349020 0.337255 0.321569
-12 0 10 0.349020 0.337255 0.321569
-11 0 10 0.349020 0.337255 0.321569
-10 0 10 0.349020 0.337255 0.321569
-9 0 10 0.349020 0.337255 0.321569
-8 0 10 0.349020 0.337255 0.321569
-7 0 10 0.349020 0.337255 0.321569
-6 0 10 0.349020 0.337255 0.321569
-5 0 10 0.349020 0.337255 0.321569
-4 0 10 0.349020 0.337255 0.321569
-3 0 10 0.349020 0.337255 0.321569
-2 0 10 0.349020 0.337255 0.321569
-1 0 10 0.349020 0.337255 0.321569
0 0 10 0.349020 0.337255 0.321569
-14 0 9 0.349020 0.337255 0.321569
-13 0 9 0.349020 0.337255 0.321569
-14 1 9 0.349020 0.337255 0.321569
-12 0 9 0.349020 0.337255 0.321569
-11 0 9 0.349020 0.337255 0.321569
-10 0 9 0.349020 0.337255 0.321569
-9 0 9 0.349020 0.337255 0.321569
-8 0 9 0.349020 0.337255 0.321569
-7 0 9 0.349020 0.337255 0.321569
-6 0 9 0.349020 0.337255 0.321569
-5 0 9 0.349020 0.337255 0.321569
-4 0 9 0.349020 0.337255 0.321569
-3 0 9 0.349020 0.337255 0.321569
-2 0 9 0.349020 0.337255 0.321569
-1 0 9 0.349020 0.337255 0.321569
0 0 9 0.349020 0.337255 0.321569
-14 0 8 0.349020 0.337255 0.321569
-13 0 8 0.349020 0.337255 0.321569
-14 1 8 0.349020 0.337255 0.321569
-12 0 8 0.349020 0.337255 0.321569
-11 0 8 0.349020 0.337255 0.321569
-10 0 8 0.349020 0.337255 0.321569
-9 0 8 0.349020 0.337255 0.321569
-8 0 8 0.349020 0.337255 0.321569
-7 0 8 0.349020 0.337255 0.321569
-6 0 8 0.349020 0.337255 0.321569
-5 0 8 0.349020 0.337255 0.321569
-4 0 8 0.349020 0.337255 0.321569
-3 0 8 0.349020 0.337255 0.321569
-2 0 8 0.349020 0.337255 0.321569
-1 0 8 0.349020 0.337255 0.321569
0 0 8 0.349020 0.337255 0.321569
-14 0 7 0.349020 0.337255 0.321569
-13 0 7 0.349020 0.337255 0.321569
-14 1 7 0.349020 0.337255 0.321569
-12 0 7 0.349020 0.337255 0.321569
-11 0 7 0.349020 0.337255 0.321569
-10 0 7 0.349020 0.337255 0.321569
-9 0 7 0.349020 0.337255 0.321569
-8 0 7 0.349020 0.337255 0.321569
-7 0 7 0.349020 0.337255 0.321569
-6 0 7 0.349020 0.337255 0.321569
-5 0 7 0.349020 0.337255 0.321569
-4 0 7 0.349020 0.337255 0.321569
-3 0 7 0.349020 0.337255 0.321569
-2 0 7 0.349020 0.337255 0.321569
-1 0 7 0.349020 0.337255 0.321569
0 0 7 0.349020 0.337255 0.321569
-14 0 6 0.349020 0.337255 0.321569
-13 0 6 0.349020 0.337255 0.321569
-14 1 6 0.349020 0.337255 0.321569
-12 0 6 0.349020 0.337255 0.321569
-11 0 6 0.349020 0.337255 0.321569
-10 0 6 0.349020 0.337255 0.321569
-9 0 6 0.349020 0.337255 0.321569
-8 0 6 0.349020 0.337255 0.321569
-7 0 6 0.349020 0.337255 0.321569
-6 0 6 0.349020 0.337255 0.321569
-5 0 6 0.349020 0.337255 0.321569
-4 0 6 0.349020 0.337255 0.321569
-3 0 6 0.349020 0.337255 0.321569
-2 0 6 0.349020 0.337255 0.321569
-1 0 6 0.349020 0.337255 0.321569
0 0 6 0.349020 0.337255 0.321569
-14 0 5 0.349020 0.337255 0.321569
-13 0 5 0.349020 0.337255 0.321569
-14 1 5 0.349020 0.337255 0.321569
-12 0 5 0.349020 0.337255 0.321569
-11 0 5 0.349020 0.337255 0.321569
-10 0 5 0.349020 0.337255 0.321569
-9 0 5 0.349020 0.337255 0.321569
-8 0 5 0.349020 0.337255 0.321569
-7 0 5 0.349020 0.337255 0.321569
-6 0 5 0.349020 0.337255 0.321569
-5 0 5 0.349020 0.337255 0.321569
-4 0 5 0.349020 0.337255 0.321569
-3 0 5 0.349020 0.337255 0.321569
-2 0 5 0.349020 0.337255 0.321569
-1 0 5 0.349020 0.337255 0.321569
0 0 5 0.349020 0.337255 0.321569
-14 0 4 0.349020 0.337255 0.321569
-13 0 4 0.349020 0.337255 0.321569
-14 1 4 0.349020 0.337255 0.321569
-12 0 4 0.349020 0.337255 0.321569
-11 0 4 0.349020 0.337255 0.321569
-10 0 4 0.349020 0.337255 0.321569
-9 0 4 0.349020 0.337255 0.321569
-8 0 4 0.349020 0.337255 0.321569
-7 0 4 0.349020 0.337255 0.321569
-6 0 4 0.349020 0.337255 0.321569
-5 0 4 0.349020 0.337255 0.321569
-4 0 4 0.349020 0.337255 0.321569
-3 0 4 0.349020 0.337255 0.321569
-2 0 4 0.349020 0.337255 0.321569
-1 0 4 0.349020 0.337255 0.321569
0 0 4 0.349020 0.337255 0.321569
-14 0 3 0.349020 0.337255 0.321569
-13 0 3 0.349020 0.337255 0.321569
-14 1 3 0.349020 0.337255 0.321569
-12 0 3 0.349020 0.337255 0.321569
-11 0 3 0.349020 0.337255 0.321569
-10 0 3 0.349020 0.337255 0.321569
-9 0 3 0.349020 0.337255 0.321569
-8 0 3 0.349020 0.337255 0.321569
-7 0 3 0.349020 0.337255 0.321569
-6 0 3 0.349020 0.337255 0.321569
-5 0 3 0.349020 0.337255 0.321569
-4 0 3 0.349020 0.337255 0.321569
-3 0 3 0.349020 0.337255 0.321569
-2 0 3 0.349020 0.337255 0.321569
-1 0 3 0.349020 0.337255 0.321569
0 0 3 0.349020 0.337255 0.321569
-14 0 2 0.349020 0.337255 0.321569
-13 0 2 0.349020 0.337255 0.321569
-14 1 2 0.349020 0.337255 0.321569
-12 0 2 0.349020 0.337255 0.321569
-11 0 2 0.349020 0.337255 0.321569
-10 0 2 0.349020 0.337255 0.321569
-9 0 2 0.349020 0.337255 0.321569
-8 0 2 0.349020 0.337255 0.321569
-7 0 2 0.349020 0.337255 0.321569
-6 0 2 0.349020 0.337255 0.321569
-5 0 2 0.349020 0.337255 0.321569
-4 0 2 0.349020 0.337255 0.321569
-3 0 2 0.349020 0.337255 0.321569
-2 0 2 0.349020 0.337255 0.321569
-1 0 2 0.349020 0.337255 0.321569
0 0 2 0.349020 0.337255 0.321569
-14 0 1 0.349020 0.337255 0.321569
-13 0 1 0.349020 0.337255 0.321569
-14 1 1 0.349020 0.337255 0.321569
-12 0 1 0.349020 0.337255 0.321569
-11 0 1 0.349020 0.337255 0.321569
-10 0 1 0.349020 0.337255 0.321569
-9 0 1 0.349020 0.337255 0.321569
-8 0 1 0.349020 0.337255 0.321569
-7 0 1 0.349020 0.337255 0.321569
-6 0 1 0.349020 0.337255 0.321569
-5 0 1 0.349020 0.337255 0.321569
-4 0 1 0.349020 0.337255 0.321569
-3 0 1 0.349020 0.337255 0.321569
-2 0 1 0.349020 0.337255 0.321569
-1 0 1 0.349020 0.337255 0.321569
0 0 1 0.349020 0.337255 0.321569
-14 0 0 0.349020 0.337255 0.321569
-13 0 0 0.349020 0.337255 0.321569
-14 1 0 0.349020 0.337255 0.321569
-12 0 0 0.349020 0.337255 0.321569
-11 0 0 0.349020 0.337255 0.321569
-10 0 0 0.349020 0.337255 0.321569
-9 0 0 0.349020 0.337255 0.321569
-8 0 0 0.349020 0.337255 0.321569
-7 0 0 0.349020 0.337255 0.321569
-6 0 0 0.349020 0.337255 0.321569
-5 0 0 0.349020 0.337255 0.321569
-4 0 0 0.349020 0.337255 0.321569
-3 0 0 0.349020 0.337255 0.321569
-2 0 0 0.349020 0.337255 0.321569
-1 0 0 0.349020 0.337255 0.321569
0 0 0 0.349020 0.337255 0.321569
-15 1 15 0.349020 0.337255 0.321569
-14 1 15 0.349020 0.337255 0.321569
-14 2 15 0.349020 0.337255 0.321569
-15 2 15 0.349020 0.337255 0.321569
-15 1 14 0.349020 0.337255 0.321569
-15 2 14 0.349020 0.337255 0.321569
-13 1 15 0.349020 0.337255 0.321569
-13 2 15 0.349020 0.337255 0.321569
-12 1 15 0.349020 0.337255 0.321569
-12 2 15 0.349020 0.337255 0.321569
-11 1 15 0.349020 0.337255 0.321569
-11 2 15 0.349020 0.337255 0.321569
-10 1 15 0.349020 0.337255 0.321569
-10 2 15 0.349020 0.337255 0.321569
-9 1 15 0.349020 0.337255 0.321569
-9 2 15 0.349020 0.337255 0.321569
-8 1 15 0.349020 0.337255 0.321569
-8 2 15 0.349020 0.337255 0.321569
-7 1 15 0.349020 0.337255 0.321569
-7 2 15 0.349020 0.337255 0.321569
-6 1 15 0.349020 0.337255 0.321569
-6 2 15 0.349020 0.337255 0.321569
-5 1 15 0.349020 0.337255 0.321569
-5 2 15 0.349020 0.337255 0.321569
-4 1 15 0.349020 0.337255 0.321569
-4 2 15 0.349020 0.337255 0.321569
-3 1 15 0.349020 0.337255 0.321569
-3 2 15 0.349020 0.337255 0.321569
-2 1 15 0.349020 0.337255 0.321569
-2 2 15 0.349020 0.337255 0.321569
-1 1 15 0.349020 0.337255 0.321569
-1 2 15 0.349020 0.337255 0.321569
0 1 15 0.349020 0.337255 0.321569
0 2 15 0.349020 0.337255 0.321569
-15 1 13 0.349020 0.337255 0.321569
-15 2 13 0.349020 0.337255 0.321569
-15 1 12 0.349020 0.337255 0.321569
-15 2 12 0.349020 0.337255 0.321569
-15 1 11 0.349020 0.337255 0.321569
-15 2 11 0.349020 0.337255 0.321569
-15 1 10 0.349020 0.337255 0.321569
-15 2 10 0.349020 0.337255 0.321569
-15 1 9 0.349020 0.337255 0.321569
-15 2 9 0.349020 0.337255 0.321569
-15 1 8 0.349020 0.337255 0.321569
-15 2 8 0.349020 0.337255 0.321569
-15 1 7 0.349020 0.337255 0.321569
-15 2 7 0.349020 0.337255 0.321569
-15 1 6 0.349020 0.337255 0.321569
-15 2 6 0.349020 0.337255 0.321569
-15 1 5 0.349020 0.337255 0.321569
-15 2 5 0.349020 0.337255 0.321569
-15 1 4 0.349020 0.337255 0.321569
-15 2 4 0.349020 0.337255 0.321569
-15 1 3 0.349020 0.337255 0.321569
-15 2 3 0.349020 0.337255 0.321569
-15 1 2 0.349020 0.337255 0.321569
-15 2 2 0.349020 0.337255 0.321569
-15 1 1 0.349020 0.337255 0.321569
-15 2 1 0.349020 0.337255 0.321569
-15 1 0 0.349020 0.337255 0.321569
-15 2 0 0.349020 0.337255 0.321569
-16 2 16 0.349020 0.337255 0.321569
-15 2 16 0.349020 0.337255 0.321569
-15 3 16 0.349020 0.337255 0.321569
-16 3 16 0.349020 0.337255 0.321569
-16 2 15 0.349020 0.337255 0.321569
-16 3 15 0.349020 0.337255 0.321569
-14 2 16 0.349020 0.337255 0.321569
-14 3 16 0.349020 0.337255 0.321569
-13 2 16 0.349020 0.337255 0.321569
-13 3 16 0.349020 0.337255 0.321569
-12 2 16 0.349020 0.337255 0.321569
-12 3 16 0.349020 0.337255 0.321569
-11 2 16 0.349020 0.337255 0.321569
-11 3 16 0.349020 0.337255 0.321569
-10 2 16 0.349020 0.337255 0.321569
-10 3 16 0.349020 0.337255 0.321569
-9 2 16 0.349020 0.337255 0.321569
-9 3 16 0.349020 0.337255 0.321569
-8 2 16 0.349020 0.337255 0.321569
-8 3 16 0.349020 0.337255 0.321569
-7 2 16 0.349020 0.337255 0.321569
-7 3 16 0.349020 0.337255 0.321569
-6 2 16 0.349020 0.337255 0.321569
-6 3 16 0.349020 0.337255 0.321569
-5 2 16 0.349020 0.337255 0.321569
-5 3 16 0.349020 0.337255 0.321569
-4 2 16 0.349020 0.337255 0.321569
-4 3 16 0.349020 0.337255 0.321569
-3 2 16 0.349020 0.337255 0.321569
-3 3 16 0.349020 0.337255 0.321569
-2 2 16 0.349020 0.337255 0.321569
-2 3 16 0.349020 0.337255 0.321569
-1 2 16 0.349020 0.337255 0.321569
-1 3 16 0.349020 0.337255 0.321569
0 2 16 0.349020 0.337255 0.321569
0 3 16 0.349020 0.337255 0.321569
-16 2 14 0.349020 0.337255 0.321569
-16 3 14 0.349020 0.337255 0.321569
-16 2 13 0.349020 0.337255 0.321569
-16 3 13 0.349020 0.337255 0.321569
-16 2 12 0.349020 0.337255 0.321569
-16 3 12 0.349020 0.337255 0.321569
-16 2 11 0.349020 0.337255 0.321569
-16 3 11 0.349020 0.337255 0.321569
-16 2 10 0.349020 0.337255 0.321569
-16 3 10 0.349020 0.337255 0.321569
-16 2 9 0.349020 0.337255 0.321569
-16 3 9 0.349020 0.337255 0.321569
-16 2 8 0.349020 0.337255 0.321569
-16 3 8 0.349020 0.337255 0.321569
-16 2 7 0.349020 0.337255 0.321569
-16 3 7 0.349020 0.337255 0.321569
-16 2 6 0.349020 0.337255 0.321569
-16 3 6 0.349020 0.337255 0.321569
-16 2 5 0.349020 0.337255 0.321569
-16 3 5 0.349020 0.337255 0.321569
-16 2 4 0.349020 0.337255 0.321569
-16 3 4 0.349020 0.337255 0.321569
-16 2 3 0.349020 0.337255 0.321569
-16 3 3 0.349020 0.337255 0.321569
-16 2 2 0.349020 0.337255 0.321569
-16 3 2 0.349020 0.337255 0.321569
-16 2 1 0.349020 0.337255 0.321569
-16 3 1 0.349020 0.337255 0.321569
-16 2 0 0.349020 0.337255 0.321569
-16 3 0 0.349020 0.337255 0.321569
-15 4 16 0.349020 0.337255 0.321569
-16 4 16 0.349020 0.337255 0.321569
-15 4 15 0.349020 0.337255 0.321569
-16 4 15 0.349020 0.337255 0.321569
-14 4 16 0.349020 0.337255 0.321569
-14 4 15 0.349020 0.337255 0.321569
-13 4 16 0.349020 0.337255 0.321569
-13 4 15 0.349020 0.337255 0.321569
-12 4 16 0.349020 0.337255 0.321569
-12 4 15 0.349020 0.337255 0.321569
-11 4 16 0.349020 0.337255 0.321569
-11 4 15 0.349020 0.337255 0.321569
-10 4 16 0.349020 0.337255 0.321569
-10 4 15 0.349020 0.337255 0.321569
-9 4 16 0.349020 0.337255 0.321569
-9 4 15 0.349020 0.337255 0.321569
-8 4 16 0.349020 0.337255 0.321569
-8 4 15 0.349020 0.337255 0.321569
-7 4 16 0.349020 0.337255 0.321569
-7 4 15 0.349020 0.337255 0.321569
-6 4 16 0.349020 0.337255 0.321569
-6 4 15 0.349020 0.337255 0.321569
-5 4 16 0.349020 0.337255 0.321569
-5 4 15 0.349020 0.337255 0.321569
-4 4 16 0.349020 0.337255 0.321569
-4 4 15 0.349020 0.337255 0.321569
-3 4 16 0.349020 0.337255 0.321569
-3 4 15 0.349020 0.337255 0.321569
-2 4 16 0.349020 0.337255 0.321569
-2 4 15 0.349020 0.337255 0.321569
-1 4 16 0.349020 0.337255 0.321569
-1 4 15 0.349020 0.337255 0.321569
0 4 16 0.349020 0.337255 0.321569
0 4 15 0.349020 0.337255 0.321569
-15 4 14 0.349020 0.337255 0.321569
-16 4 14 0.349020 0.337255 0.321569
-14 4 14 0.349020 0.337255 0.321569
-13 4 14 0.349020 0.337255 0.321569
-12 4 14 0.349020 0.337255 0.321569
-11 4 14 0.349020 0.337255 0.321569
-10 4 14 0.349020 0.337255 0.321569
-9 4 14 0.349020 0.337255 0.321569
-8 4 14 0.349020 0.337255 0.321569
-7 4 14 0.349020 0.337255 0.321569
-6 4 14 0.349020 0.337255 0.321569
-5 4 14 0.349020 0.337255 0.321569
-4 4 14 0.349020 0.337255 0.321569
-3 4 14 0.349020 0.337255 0.321569
-2 4 14 0.349020 0.337255 0.321569
-1 4 14 0.349020 0.337255 0.321569
0 4 14 0.349020 0.337255 0.321569
-16 4 13 0.349020 0.337255 0.321569
-16 4 12 0.349020 0.337255 0.321569
-16 4 11 0.349020 0.337255 0.321569
-16 4 10 0.349020 0.337255 0.321569
-16 4 9 0.349020 0.337255 0.321569
-16 4 8 0.349020 0.337255 0.321569
-16 4 7 0.349020 0.337255 0.321569
-16 4 6 0.349020 0.337255 0.321569
-16 4 5 0.349020 0.337255 0.321569
-16 4 4 0.349020 0.337255 0.321569
-16 4 3 0.349020 0.337255 0.321569
-16 4 2 0.349020 0.337255 0.321569
-16 4 1 0.349020 0.337255 0.321569
-16 4 0 0.349020 0.337255 0.321569
-15 5 14 0.349020 0.337255 0.321569
-16 5 14 0.349020 0.337255 0.321569
-15 5 13 0.349020 0.337255 0.321569
-16 5 13 0.349020 0.337255 0.321569
-14 5 14 0.349020 0.337255 0.321569
-14 5 13 0.349020 0.337255 0.321569
-13 5 14 0.349020 0.337255 0.321569
-13 5 13 0.349020 0.337255 0.321569
-12 5 14 0.349020 0.337255 0.321569
-12 5 13 0.349020 0.337255 0.321569
-11 5 14 0.349020 0.337255 0.321569
-11 5 13 0.349020 0.337255 0.321569
-10 5 14 0.349020 0.337255 0.321569
-10 5 13 0.349020 0.337255 0.321569
-9 5 14 0.349020 0.337255 0.321569
-9 5 13 0.349020 0.337255 0.321569
-8 5 14 0.349020 0.337255 0.321569
-8 5 13 0.349020 0.337255 0.321569
-7 5 14 0.349020 0.337255 0.321569
-7 5 13 0.349020 0.337255 0.321569
-6 5 14 0.349020 0.337255 0.321569
-6 5 13 0.349020 0.337255 0.321569
-5 5 14 0.349020 0.337255 0.321569
-5 5 13 0.349020 0.337255 0.321569
-4 5 14 0.349020 0.337255 0.321569
-4 5 13 0.349020 0.337255 0.321569
-3 5 14 0.349020 0.337255 0.321569
-3 5 13 0.349020 0.337255 0.321569
-2 5 14 0.349020 0.337255 0.321569
-2 5 13 0.349020 0.337255 0.321569
-1 5 14 0.349020 0.337255 0.321569
-1 5 13 0.349020 0.337255 0.321569
0 5 14 0.349020 0.337255 0.321569
0 5 13 0.349020 0.337255 0.321569
-15 5 12 0.349020 0.337255 0.321569
-16 5 12 0.349020 0.337255 0.321569
-15 5 11 0.349020 0.337255 0.321569
-16 5 11 0.349020 0.337255 0.321569
-15 5 10 0.349020 0.337255 0.321569
-16 5 10 0.349020 0.337255 0.321569
-15 5 9 0.349020 0.337255 0.321569
-16 5 9 0.349020 0.337255 0.321569
-15 5 8 0.349020 0.337255 0.321569
-16 5 8 0.349020 0.337255 0.321569
-15 5 7 0.349020 0.337255 0.321569
-16 5 7 0.349020 0.337255 0.321569
-15 5 6 0.349020 0.337255 0.321569
-16 5 6 0.349020 0.337255 0.321569
-15 5 5 0.349020 0.337255 0.321569
-16 5 5 0.349020 0.337255 0.321569
-15 5 4 0.349020 0.337255 0.321569
-16 5 4 0.349020 0.337255 0.321569
-15 5 3 0.349020 0.337255 0.321569
-16 5 3 0.349020 0.337255 0.321569
-15 5 2 0.349020 0.337255 0.321569
-16 5 2 0.349020 0.337255 0.321569
-15 5 1 0.349020 0.337255 0.321569
-16 5 1 0.349020 0.337255 0.321569
-15 5 0 0.349020 0.337255 0.321569
-16 5 0 0.349020 0.337255 0.321569
-14 6 13 0.349020 0.337255 0.321569
-15 6 13 0.349020 0.337255 0.321569
-14 6 12 0.349020 0.337255 0.321569
-15 6 12 0.349020 0.337255 0.321569
-13 6 13 0.349020 0.337255 0.321569
-13 6 12 0.349020 0.337255 0.321569
-12 6 13 0.349020 0.337255 0.321569
-12 6 12 0.349020 0.337255 0.321569
-11 6 13 0.349020 0.337255 0.321569
-11 6 12 0.349020 0.337255 0.321569
-10 6 13 0.349020 0.337255 0.321569
-10 6 12 0.349020 0.337255 0.321569
-9 6 13 0.349020 0.337255 0.321569
-9 6 12 0.349020 0.337255 0.321569
-8 6 13 0.349020 0.337255 0.321569
-8 6 12 0.349020 0.337255 0.321569
-7 6 13 0.349020 0.337255 0.321569
-7 6 12 0.349020 0.337255 0.321569
-6 6 13 0.349020 0.337255 0.321569
-6 6 12 0.349020 0.337255 0.321569
-5 6 13 0.349020 0.337255 0.321569
-5 6 12 0.349020 0.337255 0.321569
-4 6 13 0.349020 0.337255 0.321569
-4 6 12 0.349020 0.337255 0.321569
-3 6 13 0.349020 0.337255 0.321569
-3 6 12 0.349020 0.337255 0.321569
-2 6 13 0.349020 0.337255 0.321569
-2 6 12 0.349020 0.337255 0.321569
-1 6 13 0.349020 0.337255 0.321569
-1 6 12 0.349020 0.337255 0.321569
0 6 13 0.349020 0.337255 0.321569
0 6 12 0.349020 0.337255 0.321569
-14 6 11 0.349020 0.337255 0.321569
-15 6 11 0.349020 0.337255 0.321569
-13 6 11 0.349020 0.337255 0.321569
-12 6 11 0.349020 0.337255 0.321569
-14 6 10 0.349020 0.337255 0.321569
-15 6 10 0.349020 0.337255 0.321569
-13 6 10 0.349020 0.337255 0.321569
-12 6 10 0.349020 0.337255 0.321569
-11 6 11 0.349020 0.337255 0.321569
-11 6 10 0.349020 0.337255 0.321569
-10 6 11 0.349020 0.337255 0.321569
-10 6 10 0.349020 0.337255 0.321569
-9 6 11 0.349020 0.337255 0.321569
-9 6 10 0.349020 0.337255 0.321569
-8 6 11 0.349020 0.337255 0.321569
-8 6 10 0.349020 0.337255 0.321569
-7 6 11 0.349020 0.337255 0.321569
-7 6 10 0.349020 0.337255 0.321569
-6 6 11 0.349020 0.337255 0.321569
-6 6 10 0.349020 0.337255 0.321569
-5 6 11 0.349020 0.337255 0.321569
-5 6 10 0.349020 0.337255 0.321569
-4 6 11 0.349020 0.337255 0.321569
-4 6 10 0.349020 0.337255 0.321569
-3 6 11 0.349020 0.337255 0.321569
-3 6 10 0.349020 0.337255 0.321569
-2 6 11 0.349020 0.337255 0.321569
-2 6 10 0.349020 0.337255 0.321569
-1 6 11 0.349020 0.337255 0.321569
-1 6 10 0.349020 0.337255 0.321569
0 6 11 0.349020 0.337255 0.321569
0 6 10 0.349020 0.337255 0.321569
-14 6 9 0.349020 0.337255 0.321569
-15 6 9 0.349020 0.337255 0.321569
-13 6 9 0.349020 0.337255 0.321569
-12 6 9 0.349020 0.337255 0.321569
-11 6 9 0.349020 0.337255 0.321569
-10 6 9 0.349020 0.337255 0.321569
-9 6 9 0.349020 0.337255 0.321569
-8 6 9 0.349020 0.337255 0.321569
-7 6 9 0.349020 0.337255 0.321569
-6 6 9 0.349020 0.337255 0.321569
-5 6 9 0.349020 0.337255 0.321569
-4 6 9 0.349020 0.337255 0.321569
-3 6 9 0.349020 0.337255 0.321569
-2 6 9 0.349020 0.337255 0.321569
-1 6 9 0.349020 0.337255 0.321569
0 6 9 0.349020 0.337255 0.321569
-14 6 8 0.349020 0.337255 0.321569
-15 6 8 0.349020 0.337255 0.321569
-13 6 8 0.349020 0.337255 0.321569
-12 6 8 0.349020 0.337255 0.321569
-11 6 8 0.349020 0.337255 0.321569
-10 6 8 0.349020 0.337255 0.321569
-9 6 8 0.349020 0.337255 0.321569
-8 6 8 0.349020 0.337255 0.321569
-7 6 8 0.349020 0.337255 0.321569
-6 6 8 0.349020 0.337255 0.321569
-5 6 8 0.349020 0.337255 0.321569
-4 6 8 0.349020 0.337255 0.321569
-3 6 8 0.349020 0.337255 0.321569
-2 6 8 0.349020 0.337255 0.321569
-1 6 8 0.349020 0.337255 0.321569
0 6 8 0.349020 0.337255 0.321569
-14 6 7 0.349020 0.337255 0.321569
-15 6 7 0.349020 0.337255 0.321569
-13 6 7 0.349020 0.337255 0.321569
-12 6 7 0.349020 0.337255 0.321569
-11 6 7 0.349020 0.337255 0.321569
-10 6 7 0.349020 0.337255 0.321569
-9 6 7 0.349020 0.337255 0.321569
-8 6 7 0.349020 0.337255 0.321569
-7 6 7 0.349020 0.337255 0.321569
-6 6 7 0.349020 0.337255 0.321569
-5 6 7 0.349020 0.337255 0.321569
-4 6 7 0.349020 0.337255 0.321569
-3 6 7 0.349020 0.337255 0.321569
-2 6 7 0.349020 0.337255 0.321569
-1 6 7 0.349020 0.337255 0.321569
0 6 7 0.349020 0.337255 0.321569
-14 6 6 0.349020 0.337255 0.321569
-15 6 6 0.349020 0.337255 0.321569
-13 6 6 0.349020 0.337255 0.321569
-12 6 6 0.349020 0.337255 0.321569
-11 6 6 0.349020 0.337255 0.321569
-10 6 6 0.349020 0.337255 0.321569
-9 6 6 0.349020 0.337255 0.321569
-8 6 6 0.349020 0.337255 0.321569
-7 6 6 0.349020 0.337255 0.321569
-6 6 6 0.349020 0.337255 0.321569
-5 6 6 0.349020 0.337255 0.321569
-4 6 6 0.349020 0.337255 0.321569
-3 6 6 0.349020 0.337255 0.321569
-2 6 6 0.349020 0.337255 0.321569
-1 6 6 0.349020 0.337255 0.321569
0 6 6 0.349020 0.337255 0.321569
-14 6 5 0.349020 0.337255 0.321569
-15 6 5 0.349020 0.337255 0.321569
-13 6 5 0.349020 0.337255 0.321569
-12 6 5 0.349020 0.337255 0.321569
-11 6 5 0.349020 0.337255 0.321569
-10 6 5 0.349020 0.337255 0.321569
-9 6 5 0.349020 0.337255 0.321569
-8 6 5 0.349020 0.337255 0.321569
-7 6 5 0.349020 0.337255 0.321569
-6 6 5 0.349020 0.337255 0.321569
-5 6 5 0.349020 0.337255 0.321569
-4 6 5 0.349020 0.337255 0.321569
-3 6 5 0.349020 0.337255 0.321569
-2 6 5 0.349020 0.337255 0.321569
-1 6 5 0.349020 0.337255 0.321569
0 6 5 0.349020 0.337255 0.321569
-14 6 4 0.349020 0.337255 0.321569
-15 6 4 0.349020 0.337255 0.321569
-13 6 4 0.349020 0.337255 0.321569
-12 6 4 0.349020 0.337255 0.321569
-11 6 4 0.349020 0.337255 0.321569
-10 6 4 0.349020 0.337255 0.321569
-9 6 4 0.349020 0.337255 0.321569
-8 6 4 0.349020 0.337255 0.321569
-7 6 4 0.349020 0.337255 0.321569
-6 6 4 0.349020 0.337255 0.321569
-5 6 4 0.349020 0.337255 0.321569
-4 6 4 0.349020 0.337255 0.321569
-3 6 4 0.349020 0.337255 0.321569
-2 6 4 0.349020 0.337255 0.321569
-1 6 4 0.349020 0.337255 0.321569
0 6 4 0.349020 0.337255 0.321569
-14 6 3 0.349020 0.337255 0.321569
-15 6 3 0.349020 0.337255 0.321569
-13 6 3 0.349020 0.337255 0.321569
-12 6 3 0.349020 0.337255 0.321569
-11 6 3 0.349020 0.337255 0.321569
-10 6 3 0.349020 0.337255 0.321569
-9 6 3 0.349020 0.337255 0.321569
-8 6 3 0.349020 0.337255 0.321569
-7 6 3 0.349020 0.337255 0.321569
-6 6 3 0.349020 0.337255 0.321569
-5 6 3 0.349020 0.337255 0.321569
-4 6 3 0.349020 0.337255 0.321569
-3 6 3 0.349020 0.337255 0.321569
-2 6 3 0.349020 0.337255 0.321569
-1 6 3 0.349020 0.337255 0.321569
0 6 3 0.349020 0.337255 0.321569
-14 6 2 0.349020 0.337255 0.321569
-15 6 2 0.349020 0.337255 0.321569
-13 6 2 0.349020 0.337255 0.321569
-12 6 2 0.349020 0.337255 0.321569
-11 6 2 0.349020 0.337255 0.321569
-10 6 2 0.349020 0.337255 0.321569
-9 6 2 0.349020 0.337255 0.321569
-8 6 2 0.349020 0.337255 0.321569
-7 6 2 0.349020 0.337255 0.321569
-6 6 2 0.349020 0.337255 0.321569
-5 6 2 0.349020 0.337255 0.321569
-4 6 2 0.349020 0.337255 0.321569
-3 6 2 0.349020 0.337255 0.321569
-2 6 2 0.349020 0.337255 0.321569
-1 6 2 0.349020 0.337255 0.321569
0 6 2 0.349020 0.337255 0.321569
-14 6 1 0.349020 0.337255 0.321569
-15 6 1 0.349020 0.337255 0.321569
-13 6 1 0.349020 0.337255 0.321569
-12 6 1 0.349020 0.337255 0.321569
-11 6 1 0.349020 0.337255 0.321569
-10 6 1 0.349020 0.337255 0.321569
-9 6 1 0.349020 0.337255 0.321569
-8 6 1 0.349020 0.337255 0.321569
-7 6 1 0.349020 0.337255 0.321569
-6 6 1 0.349020 0.337255 0.321569
-5 6 1 0.349020 0.337255 0.321569
-4 6 1 0.349020 0.337255 0.321569
-3 6 1 0.349020 0.337255 0.321569
-2 6 1 0.349020 0.337255 0.321569
-1 6 1 0.349020 0.337255 0.321569
0 6 1 0.349020 0.337255 0.321569
-14 6 0 0.349020 0.337255 0.321569
-15 6 0 0.349020 0.337255 0.321569
-13 6 0 0.349020 0.337255 0.321569
-12 6 0 0.349020 0.337255 0.321569
-11 6 0 0.349020 0.337255 0.321569
-10 6 0 0.349020 0.337255 0.321569
-9 6 0 0.349020 0.337255 0.321569
-8 6 0 0.349020 0.337255 0.321569
-7 6 0 0.349020 0.337255 0.321569
-6 6 0 0.349020 0.337255 0.321569
-5 6 0 0.349020 0.337255 0.321569
-4 6 0 0.349020 0.337255 0.321569
-3 6 0 0.349020 0.337255 0.321569
-2 6 0 0.349020 0.337255 0.321569
-1 6 0 0.349020 0.337255 0.321569
0 6 0 0.349020 0.337255 0.321569
-12 6 12 1.000000 1.000000 1.000000
-11 6 12 1.000000 1.000000 1.000000
-11 7 12 1.000000 1.000000 1.000000
-12 7 12 1.000000 1.000000 1.000000
-11 6 11 1.000000 1.000000 1.000000
-12 6 11 1.000000 1.000000 1.000000
-12 7 11 1.000000 1.000000 1.000000
-11 7 11 1.000000 1.000000 1.000000
-10 6 12 1.000000 1.000000 1.000000
-10 7 12 1.000000 1.000000 1.000000
-10 6 11 1.000000 1.000000 1.000000
-10 7 11 1.000000 1.000000 1.000000
-9 6 12 1.000000 1.000000 1.000000
-9 7 12 1.000000 1.000000 1.000000
-9 6 11 1.000000 1.000000 1.000000
-9 7 11 1.000000 1.000000 1.000000
-8 6 12 1.000000 1.000000 1.000000
-8 7 12 1.000000 1.000000 1.000000
-8 6 11 1.000000 1.000000 1.000000
-8 7 11 1.000000 1.000000 1.000000
-7 6 12 1.000000 1.000000 1.000000
-7 7 12 1.000000 1.000000 1.000000
-7 6 11 1.000000 1.000000 1.000000
-7 7 11 1.000000 1.000000 1.000000
-6 6 12 1.000000 1.000000 1.000000
-6 7 12 1.000000 1.000000 1.000000
-6 6 11 1.000000 1.000000 1.000000
-6 7 11 1.000000 1.000000 1.000000
-5 6 12 1.000000 1.000000 1.000000
-5 7 12 1.000000 1.000000 1.000000
-5 6 11 1.000000 1.000000 1.000000
-5 7 11 1.000000 1.000000 1.000000
-4 6 12 1.000000 1.000000 1.000000
-4 7 12 1.000000 1.000000 1.000000
-4 6 11 1.000000 1.000000 1.000000
-4 7 11 1.000000 1.000000 1.000000
-3 6 12 1.000000 1.000000 1.000000
-3 7 12 1.000000 1.000000 1.000000
-3 6 11 1.000000 1.000000 1.000000
-3 7 11 1.000000 1.000000 1.000000
-2 6 12 1.000000 1.000000 1.000000
-2 7 12 1.000000 1.000000 1.000000
-2 6 11 1.000000 1.000000 1.000000
-2 7 11 1.000000 1.000000 1.000000
-1 6 12 1.000000 1.000000 1.000000
-1 7 12 1.000000 1.000000 1.000000
-1 6 11 1.000000 1.000000 1.000000
-1 7 11 1.000000 1.000000 1.000000
0 6 12 1.000000 1.000000 1.000000
0 7 12 1.000000 1.000000 1.000000
0 6 11 1.000000 1.000000 1.000000
0 7 11 1.000000 1.000000 1.000000
-13 7 12 1.000000 1.000000 1.000000
-12 8 12 1.000000 1.000000 1.000000
-13 8 12 1.000000 1.000000 1.000000
-13 7 11 1.000000 1.000000 1.000000
-13 8 11 1.000000 1.000000 1.000000
-12 8 11 1.000000 1.000000 1.000000
-11 8 12 1.000000 1.000000 1.000000
-11 8 11 1.000000 1.000000 1.000000
-10 8 12 1.000000 1.000000 1.000000
-10 8 11 1.000000 1.000000 1.000000
-9 8 12 1.000000 1.000000 1.000000
-9 8 11 1.000000 1.000000 1.000000
-8 8 12 1.000000 1.000000 1.000000
-8 8 11 1.000000 1.000000 1.000000
-7 8 12 1.000000 1.000000 1.000000
-7 8 11 1.000000 1.000000 1.000000
-6 8 12 1.000000 1.000000 1.000000
-6 8 11 1.000000 1.000000 1.000000
-5 8 12 1.000000 1.000000 1.000000
-5 8 11 1.000000 1.000000 1.000000
-4 8 12 1.000000 1.000000 1.000000
-4 8 11 1.000000 1.000000 1.000000
-3 8 12 1.000000 1.000000 1.000000
-3 8 11 1.000000 1.000000 1.000000
-2 8 12 1.000000 1.000000 1.000000
-2 8 11 1.000000 1.000000 1.000000
-1 8 12 1.000000 1.000000 1.000000
-1 8 11 1.000000 1.000000 1.000000
0 8 12 1.000000 1.000000 1.000000
0 8 11 1.000000 1.000000 1.000000
-12 9 12 1.000000 1.000000 1.000000
-13 9 12 1.000000 1.000000 1.000000
-13 9 11 1.000000 1.000000 1.000000
-12 9 11 1.000000 1.000000 1.000000
-11 9 12 1.000000 1.000000 1.000000
-11 9 11 1.000000 1.000000 1.000000
-10 9 12 1.000000 1.000000 1.000000
-10 9 11 1.000000 1.000000 1.000000
-9 9 12 1.000000 1.000000 1.000000
-9 9 11 1.000000 1.000000 1.000000
-8 9 12 1.000000 1.000000 1.000000
-8 9 11 1.000000 1.000000 1.000000
-7 9 12 1.000000 1.000000 1.000000
-7 9 11 1.000000 1.000000 1.000000
-6 9 12 1.000000 1.000000 1.000000
-6 9 11 1.000000 1.000000 1.000000
-5 9 12 1.000000 1.000000 1.000000
-5 9 11 1.000000 1.000000 1.000000
-4 9 12 1.000000 1.000000 1.000000
-4 9 11 1.000000 1.000000 1.000000
-3 9 12 1.000000 1.000000 1.000000
-3 9 11 1.000000 1.000000 1.000000
-2 9 12 1.000000 1.000000 1.000000
-2 9 11 1.000000 1.000000 1.000000
-1 9 12 1.000000 1.000000 1.000000
-1 9 11 1.000000 1.000000 1.000000
0 9 12 1.000000 1.000000 1.000000
0 9 11 1.000000 1.000000 1.000000
-14 9 12 1.000000 1.000000 1.000000
-13 10 12 1.000000 1.000000 1.000000
-14 10 12 1.000000 1.000000 1.000000
-14 9 11 1.000000 1.000000 1.000000
-14 10 11 1.000000 1.000000 1.000000
-13 10 11 1.000000 1.000000 1.000000
-12 10 12 1.000000 1.000000 1.000000
-12 10 11 1.000000 1.000000 1.000000
-11 10 12 1.000000 1.000000 1.000000
-11 10 11 1.000000 1.000000 1.000000
-10 10 12 1.000000 1.000000 1.000000
-10 10 11 1.000000 1.000000 1.000000
-9 10 12 1.000000 1.000000 1.000000
-9 10 11 1.000000 1.000000 1.000000
-8 10 12 1.000000 1.000000 1.000000
-8 10 11 1.000000 1.000000 1.000000
-7 10 12 1.000000 1.000000 1.000000
-7 10 11 1.000000 1.000000 1.000000
-6 10 12 1.000000 1.000000 1.000000
-6 10 11 1.000000 1.000000 1.000000
-5 10 12 1.000000 1.000000 1.000000
-5 10 11 1.000000 1.000000 1.000000
-4 10 12 1.000000 1.000000 1.000000
-4 10 11 1.000000 1.000000 1.000000
-3 10 12 1.000000 1.000000 1.000000
-3 10 11 1.000000 1.000000 1.000000
-2 10 12 1.000000 1.000000 1.000000
-2 10 11 1.000000 1.000000 1.000000
-1 10 12 1.000000 1.000000 1.000000
-1 10 11 1.000000 1.000000 1.000000
0 10 12 1.000000 1.000000 1.000000
0 10 11 1.000000 1.000000 1.000000
-13 11 12 1.000000 1.000000 1.000000
-14 11 12 1.000000 1.000000 1.000000
-14 11 11 1.000000 1.000000 1.000000
-13 11 11 1.000000 1.000000 1.000000
-12 11 12 1.000000 1.000000 1.000000
-12 11 11 1.000000 1.000000 1.000000
-11 11 12 1.000000 1.000000 1.000000
-11 11 11 1.000000 1.000000 1.000000
-10 11 12 1.000000 1.000000 1.000000
-10 11 11 1.000000 1.000000 1.000000
-9 11 12 1.000000 1.000000 1.000000
-9 11 11 1.000000 1.000000 1.000000
-8 11 12 1.000000 1.000000 1.000000
-8 11 11 1.000000 1.000000 1.000000
-7 11 12 1.000000 1.000000 1.000000
-7 11 11 1.000000 1.000000 1.000000
-6 11 12 1.000000 1.000000 1.000000
-6 11 11 1.000000 1.000000 1.000000
-5 11 12 1.000000 1.000000 1.000000
-5 11 11 1.000000 1.000000 1.000000
-4 11 12 1.000000 1.000000 1.000000
-4 11 11 1.000000 1.000000 1.000000
-3 11 12 1.000000 1.000000 1.000000
-3 11 11 1.000000 1.000000 1.000000
-2 11 12 1.000000 1.000000 1.000000
-2 11 11 1.000000 1.000000 1.000000
-1 11 12 1.000000 1.000000 1.000000
-1 11 11 1.000000 1.000000 1.000000
0 11 12 1.000000 1.000000 1.000000
0 11 11 1.000000 1.000000 1.000000
-13 12 12 1.000000 1.000000 1.000000
-14 12 12 1.000000 1.000000 1.000000
-14 12 11 1.000000 1.000000 1.000000
-13 12 11 1.000000 1.000000 1.000000
-12 12 12 1.000000 1.000000 1.000000
-12 12 11 1.000000 1.000000 1.000000
-11 12 12 1.000000 1.000000 1.000000
-11 12 11 1.000000 1.000000 1.000000
-10 12 12 1.000000 1.000000 1.000000
-10 12 11 1.000000 1.000000 1.000000
-9 12 12 1.000000 1.000000 1.000000
-9 12 11 1.000000 1.000000 1.000000
-8 12 12 1.000000 1.000000 1.000000
-8 12 11 1.000000 1.000000 1.000000
-7 12 12 1.000000 1.000000 1.000000
-7 12 11 1.000000 1.000000 1.000000
-6 12 12 1.000000 1.000000 1.000000
-6 12 11 1.000000 1.000000 1.000000
-5 12 12 1.000000 1.000000 1.000000
-5 12 11 1.000000 1.000000 1.000000
-4 12 12 1.000000 1.000000 1.000000
-4 12 11 1.000000 1.000000 1.000000
-3 12 12 1.000000 1.000000 1.000000
-3 12 11 1.000000 1.000000 1.000000
-2 12 12 1.000000 1.000000 1.000000
-2 12 11 1.000000 1.000000 1.000000
-1 12 12 1.000000 1.000000 1.000000
-1 12 11 1.000000 1.000000 1.000000
0 12 12 1.000000 1.000000 1.000000
0 12 11 1.000000 1.000000 1.000000
1 0 14 0.349020 0.337255 0.321569
1 1 14 0.349020 0.337255 0.321569
1 0 13 0.349020 0.337255 0.321569
2 0 14 0.349020 0.337255 0.321569
2 1 14 0.349020 0.337255 0.321569
2 0 13 0.349020 0.337255 0.321569
3 0 14 0.349020 0.337255 0.321569
3 1 14 0.349020 0.337255 0.321569
3 0 13 0.349020 0.337255 0.321569
4 0 14 0.349020 0.337255 0.321569
4 1 14 0.349020 0.337255 0.321569
4 0 13 0.349020 0.337255 0.321569
5 0 14 0.349020 0.337255 0.321569
5 1 14 0.349020 0.337255 0.321569
5 0 13 0.349020 0.337255 0.321569
6 0 14 0.349020 0.337255 0.321569
6 1 14 0.349020 0.337255 0.321569
6 0 13 0.349020 0.337255 0.321569
7 0 14 0.349020 0.337255 0.321569
7 1 14 0.349020 0.337255 0.321569
7 0 13 0.349020 0.337255 0.321569
8 0 14 0.349020 0.337255 0.321569
8 1 14 0.349020 0.337255 0.321569
8 0 13 0.349020 0.337255 0.321569
9 0 14 0.349020 0.337255 0.321569
9 1 14 0.349020 0.337255 0.321569
9 0 13 0.349020 0.337255 0.321569
10 0 14 0.349020 0.337255 0.321569
10 1 14 0.349020 0.337255 0.321569
10 0 13 0.349020 0.337255 0.321569
11 0 14 0.349020 0.337255 0.321569
11 1 14 0.349020 0.337255 0.321569
11 0 13 0.349020 0.337255 0.321569
12 0 14 0.349020 0.337255 0.321569
12 1 14 0.349020 0.337255 0.321569
12 0 13 0.349020 0.337255 0.321569
13 0 14 0.349020 0.337255 0.321569
13 1 14 0.349020 0.337255 0.321569
13 0 13 0.349020 0.337255 0.321569
14 0 14 0.349020 0.337255 0.321569
14 1 14 0.349020 0.337255 0.321569
14 0 13 0.349020 0.337255 0.321569
15 0 14 0.349020 0.337255 0.321569
15 1 14 0.349020 0.337255 0.321569
15 0 13 0.349020 0.337255 0.321569
16 0 14 0.349020 0.337255 0.321569
16 1 14 0.349020 0.337255 0.321569
16 0 13 0.349020 0.337255 0.321569
1 0 12 0.349020 0.337255 0.321569
2 0 12 0.349020 0.337255 0.321569
3 0 12 0.349020 0.337255 0.321569
4 0 12 0.349020 0.337255 0.321569
5 0 12 0.349020 0.337255 0.321569
6 0 12 0.349020 0.337255 0.321569
7 0 12 0.349020 0.337255 0.321569
8 0 12 0.349020 0.337255 0.321569
9 0 12 0.349020 0.337255 0.321569
10 0 12 0.349020 0.337255 0.321569
11 0 12 0.349020 0.337255 0.321569
12 0 12 0.349020 0.337255 0.321569
13 0 12 0.349020 0.337255 0.321569
14 0 12 0.349020 0.337255 0.321569
15 0 12 0.349020 0.337255 0.321569
16 0 12 0.349020 0.337255 0.321569
1 0 11 0.349020 0.337255 0.321569
2 0 11 0.349020 0.337255 0.321569
3 0 11 0.349020 0.337255 0.321569
4 0 11 0.349020 0.337255 0.321569
5 0 11 0.349020 0.337255 0.321569
6 0 11 0.349020 0.337255 0.321569
7 0 11 0.349020 0.337255 0.321569
8 0 11 0.349020 0.337255 0.321569
9 0 11 0.349020 0.337255 0.321569
10 0 11 0.349020 0.337255 0.321569
11 0 11 0.349020 0.337255 0.321569
12 0 11 0.349020 0.337255 0.321569
13 0 11 0.349020 0.337255 0.321569
14 0 11 0.349020 0.337255 0.321569
15 0 11 0.349020 0.337255 0.321569
16 0 11 0.349020 0.337255 0.321569
1 0 10 0.349020 0.337255 0.321569
2 0 10 0.349020 0.337255 0.321569
3 0 10 0.349020 0.337255 0.321569
4 0 10 0.349020 0.337255 0.321569
5 0 10 0.349020 0.337255 0.321569
6 0 10 0.349020 0.337255 0.321569
7 0 10 0.349020 0.337255 0.321569
8 0 10 0.349020 0.337255 0.321569
9 0 10 0.349020 0.337255 0.321569
10 0 10 0.349020 0.337255 0.321569
11 0 10 0.349020 0.337255 0.321569
12 0 10 0.349020 0.337255 0.321569
13 0 10 0.349020 0.337255 0.321569
14 0 10 0.349020 0.337255 0.321569
15 0 10 0.349020 0.337255 0.321569
16 0 10 0.349020 0.337255 0.321569
1 0 9 0.349020 0.337255 0.321569
2 0 9 0.349020 0.337255 0.321569
3 0 9 0.349020 0.337255 0.321569
4 0 9 0.349020 0.337255 0.321569
5 0 9 0.349020 0.337255 0.321569
6 0 9 0.349020 0.337255 0.321569
7 0 9 0.349020 0.337255 0.321569
8 0 9 0.349020 0.337255 0.321569
9 0 9 0.349020 0.337255 0.321569
10 0 9 0.349020 0.337255 0.321569
11 0 9 0.349020 0.337255 0.321569
12 0 9 0.349020 0.337255 0.321569
13 0 9 0.349020 0.337255 0.321569
14 0 9 0.349020 0.337255 0.321569
15 0 9 0.349020 0.337255 0.321569
16 0 9 0.349020 0.337255 0.321569
1 0 8 0.349020 0.337255 0.321569
2 0 8 0.349020 0.337255 0.321569
3 0 8 0.349020 0.337255 0.321569
4 0 8 0.349020 0.337255 0.321569
5 0 8 0.349020 0.337255 0.321569
6 0 8 0.349020 0.337255 0.321569
7 0 8 0.349020 0.337255 0.321569
8 0 8 0.349020 0.337255 0.321569
9 0 8 0.349020 0.337255 0.321569
10 0 8 0.349020 0.337255 0.321569
11 0 8 0.349020 0.337255 0.321569
12 0 8 0.349020 0.337255 0.321569
13 0 8 0.349020 0.337255 0.321569
14 0 8 0.349020 0.337255 0.321569
15 0 8 0.349020 0.337255 0.321569
16 0 8 0.349020 0.337255 0.321569
1 0 7 0.349020 0.337255 0.321569
2 0 7 0.349020 0.337255 0.321569
3 0 7 0.349020 0.337255 0.321569
4 0 7 0.349020 0.337255 0.321569
5 0 7 0.349020 0.337255 0.321569
6 0 7 0.349020 0.337255 0.321569
7 0 7 0.349020 0.337255 0.321569
8 0 7 0.349020 0.337255 0.321569
9 0 7 0.349020 0.337255 0.321569
10 0 7 0.349020 0.337255 0.321569
11 0 7 0.349020 0.337255 0.321569
12 0 7 0.349020 0.337255 0.321569
13 0 7 0.349020 0.337255 0.321569
14 0 7 0.349020 0.337255 0.321569
15 0 7 0.349020 0.337255 0.321569
16 0 7 0.349020 0.337255 0.321569
1 0 6 0.349020 0.337255 0.321569
2 0 6 0.349020 0.337255 0.321569
3 0 6 0.349020 0.337255 0.321569
4 0 6 0.349020 0.337255 0.321569
5 0 6 0.349020 0.337255 0.321569
6 0 6 0.349020 0.337255 0.321569
7 0 6 0.349020 0.337255 0.321569
8 0 6 0.349020 0.337255 0.321569
9 0 6 0.349020 0.337255 0.321569
10 0 6 0.349020 0.337255 0.321569
11 0 6 0.349020 0.337255 0.321569
12 0 6 0.349020 0.337255 0.321569
13 0 6 0.349020 0.337255 0.321569
14 0 6 0.349020 0.337255 0.321569
15 0 6 0.349020 0.337255 0.321569
16 0 6 0.349020 0.337255 0.321569
1 0 5 0.349020 0.337255 0.321569
2 0 5 0.349020 0.337255 0.321569
3 0 5 0.349020 0.337255 0.321569
4 0 5 0.349020 0.337255 0.321569
5 0 5 0.349020 0.337255 0.321569
6 0 5 0.349020 0.337255 0.321569
7 0 5 0.349020 0.337255 0.321569
8 0 5 0.349020 0.337255 0.321569
9 0 5 0.349020 0.337255 0.321569
10 0 5 0.349020 0.337255 0.321569
11 0 5 0.349020 0.337255 0.321569
12 0 5 0.349020 0.337255 0.321569
13 0 5 0.349020 0.337255 0.321569
14 0 5 0.349020 0.337255 0.321569
15 0 5 0.349020 0.337255 0.321569
16 0 5 0.349020 0.337255 0.321569
1 0 4 0.349020 0.337255 0.321569
2 0 4 0.349020 0.337255 0.321569
3 0 4 0.349020 0.337255 0.321569
4 0 4 0.349020 0.337255 0.321569
5 0 4 0.349020 0.337255 0.321569
6 0 4 0.349020 0.337255 0.321569
7 0 4 0.349020 0.337255 0.321569
8 0 4 0.349020 0.337255 0.321569
9 0 4 0.349020 0.337255 0.321569
10 0 4 0.349020 0.337255 0.321569
11 0 4 0.349020 0.337255 0.321569
12 0 4 0.349020 0.337255 0.321569
13 0 4 0.349020 0.337255 0.321569
14 0 4 0.349020 0.337255 0.321569
15 0 4 0.349020 0.337255 0.321569
16 0 4 0.349020 0.337255 0.321569
1 0 3 0.349020 0.337255 0.321569
2 0 3 0.349020 0.337255 0.321569
3 0 3 0.349020 0.337255 0.321569
4 0 3 0.349020 0.337255 0.321569
5 0 3 0.349020 0.337255 0.321569
6 0 3 0.349020 0.337255 0.321569
7 0 3 0.349020 0.337255 0.321569
8 0 3 0.349020 0.337255 0.321569
9 0 3 0.349020 0.337255 0.321569
10 0 3 0.349020 0.337255 0.321569
11 0 3 0.349020 0.337255 0.321569
12 0 3 0.349020 0.337255 0.321569
13 0 3 0.349020 0.337255 0.321569
14 0 3 0.349020 0.337255 0.321569
15 0 3 0.349020 0.337255 0.321569
16 0 3 0.349020 0.337255 0.321569
1 0 2 0.349020 0.337255 0.321569
2 0 2 0.349020 0.337255 0.321569
3 0 2 0.349020 0.337255 0.321569
4 0 2 0.349020 0.337255 0.321569
5 0 2 0.349020 0.337255 0.321569
6 0 2 0.349020 0.337255 0.321569
7 0 2 0.349020 0.337255 0.321569
8 0 2 0.349020 0.337255 0.321569
9 0 2 0.349020 0.337255 0.321569
10 0 2 0.349020 0.337255 0.321569
11 0 2 0.349020 0.337255 0.321569
12 0 2 0.349020 0.337255 0.321569
13 0 2 0.349020 0.337255 0.321569
14 0 2 0.349020 0.337255 0.321569
15 0 2 0.349020 0.337255 0.321569
16 0 2 0.349020 0.337255 0.321569
1 0 1 0.349020 0.337255 0.321569
2 0 1 0.349020 0.337255 0.321569
3 0 1 0.349020 0.337255 0.321569
4 0 1 0.349020 0.337255 0.321569
5 0 1 0.349020 0.337255 0.321569
6 0 1 0.349020 0.337255 0.321569
7 0 1 0.349020 0.337255 0.321569
8 0 1 0.349020 0.337255 0.321569
9 0 1 0.349020 0.337255 0.321569
10 0 1 0.349020 0.337255 0.321569
11 0 1 0.349020 0.337255 0.321569
12 0 1 0.349020 0.337255 0.321569
13 0 1 0.349020 0.337255 0.321569
14 0 1 0.349020 0.337255 0.321569
15 0 1 0.349020 0.337255 0.321569
16 0 1 0.349020 0.337255 0.321569
1 0 0 0.349020 0.337255 0.321569
2 0 0 0.349020 0.337255 0.321569
3 0 0 0.349020 0.337255 0.321569
4 0 0 0.349020 0.337255 0.321569
5 0 0 0.349020 0.337255 0.321569
6 0 0 0.349020 0.337255 0.321569
7 0 0 0.349020 0.337255 0.321569
8 0 0 0.349020 0.337255 0.321569
9 0 0 0.349020 0.337255 0.321569
10 0 0 0.349020 0.337255 0.321569
11 0 0 0.349020 0.337255 0.321569
12 0 0 0.349020 0.337255 0.321569
13 0 0 0.349020 0.337255 0.321569
14 0 0 0.349020 0.337255 0.321569
15 0 0 0.349020 0.337255 0.321569
16 0 0 0.349020 0.337255 0.321569
1 1 15 0.349020 0.337255 0.321569
1 2 15 0.349020 0.337255 0.321569
0 1 14 0.349020 0.337255 0.321569
2 1 15 0.349020 0.337255 0.321569
2 2 15 0.349020 0.337255 0.321569
3 1 15 0.349020 0.337255 0.321569
3 2 15 0.349020 0.337255 0.321569
4 1 15 0.349020 0.337255 0.321569
4 2 15 0.349020 0.337255 0.321569
5 1 15 0.349020 0.337255 0.321569
5 2 15 0.349020 0.337255 0.321569
6 1 15 0.349020 0.337255 0.321569
6 2 15 0.349020 0.337255 0.321569
7 1 15 0.349020 0.337255 0.321569
7 2 15 0.349020 0.337255 0.321569
8 1 15 0.349020 0.337255 0.321569
8 2 15 0.349020 0.337255 0.321569
9 1 15 0.349020 0.337255 0.321569
9 2 15 0.349020 0.337255 0.321569
10 1 15 0.349020 0.337255 0.321569
10 2 15 0.349020 0.337255 0.321569
11 1 15 0.349020 0.337255 0.321569
11 2 15 0.349020 0.337255 0.321569
12 1 15 0.349020 0.337255 0.321569
12 2 15 0.349020 0.337255 0.321569
13 1 15 0.349020 0.337255 0.321569
13 2 15 0.349020 0.337255 0.321569
14 1 15 0.349020 0.337255 0.321569
14 2 15 0.349020 0.337255 0.321569
15 1 15 0.349020 0.337255 0.321569
15 2 15 0.349020 0.337255 0.321569
16 1 15 0.349020 0.337255 0.321569
16 2 15 0.349020 0.337255 0.321569
1 2 16 0.349020 0.337255 0.321569
1 3 16 0.349020 0.337255 0.321569
2 2 16 0.349020 0.337255 0.321569
2 3 16 0.349020 0.337255 0.321569
3 2 16 0.349020 0.337255 0.321569
3 3 16 0.349020 0.337255 0.321569
4 2 16 0.349020 0.337255 0.321569
4 3 16 0.349020 0.337255 0.321569
5 2 16 0.349020 0.337255 0.321569
5 3 16 0.349020 0.337255 0.321569
6 2 16 0.349020 0.337255 0.321569
6 3 16 0.349020 0.337255 0.321569
7 2 16 0.349020 0.337255 0.321569
7 3 16 0.349020 0.337255 0.321569
8 2 16 0.349020 0.337255 0.321569
8 3 16 0.349020 0.337255 0.321569
9 2 16 0.349020 0.337255 0.321569
9 3 16 0.349020 0.337255 0.321569
10 2 16 0.349020 0.337255 0.321569
10 3 16 0.349020 0.337255 0.321569
11 2 16 0.349020 0.337255 0.321569
11 3 16 0.349020 0.337255 0.321569
12 2 16 0.349020 0.337255 0.321569
12 3 16 0.349020 0.337255 0.321569
13 2 16 0.349020 0.337255 0.321569
13 3 16 0.349020 0.337255 0.321569
14 2 16 0.349020 0.337255 0.321569
14 3 16 0.349020 0.337255 0.321569
15 2 16 0.349020 0.337255 0.321569
15 3 16 0.349020 0.337255 0.321569
16 2 16 0.349020 0.337255 0.321569
16 3 16 0.349020 0.337255 0.321569
1 4 16 0.349020 0.337255 0.321569
1 4 15 0.349020 0.337255 0.321569
2 4 16 0.349020 0.337255 0.321569
2 4 15 0.349020 0.337255 0.321569
3 4 16 0.349020 0.337255 0.321569
3 4 15 0.349020 0.337255 0.321569
4 4 16 0.349020 0.337255 0.321569
4 4 15 0.349020 0.337255 0.321569
5 4 16 0.349020 0.337255 0.321569
5 4 15 0.349020 0.337255 0.321569
6 4 16 0.349020 0.337255 0.321569
6 4 15 0.349020 0.337255 0.321569
7 4 16 0.349020 0.337255 0.321569
7 4 15 0.349020 0.337255 0.321569
8 4 16 0.349020 0.337255 0.321569
8 4 15 0.349020 0.337255 0.321569
9 4 16 0.349020 0.337255 0.321569
9 4 15 0.349020 0.337255 0.321569
10 4 16 0.349020 0.337255 0.321569
10 4 15 0.349020 0.337255 0.321569
11 4 16 0.349020 0.337255 0.321569
11 4 15 0.349020 0.337255 0.321569
12 4 16 0.349020 0.337255 0.321569
12 4 15 0.349020 0.337255 0.321569
13 4 16 0.349020 0.337255 0.321569
13 4 15 0.349020 0.337255 0.321569
14 4 16 0.349020 0.337255 0.321569
14 4 15 0.349020 0.337255 0.321569
15 4 16 0.349020 0.337255 0.321569
15 4 15 0.349020 0.337255 0.321569
16 4 16 0.349020 0.337255 0.321569
16 4 15 0.349020 0.337255 0.321569
1 4 14 0.349020 0.337255 0.321569
2 4 14 0.349020 0.337255 0.321569
3 4 14 0.349020 0.337255 0.321569
4 4 14 0.349020 0.337255 0.321569
5 4 14 0.349020 0.337255 0.321569
6 4 14 0.349020 0.337255 0.321569
7 4 14 0.349020 0.337255 0.321569
8 4 14 0.349020 0.337255 0.321569
9 4 14 0.349020 0.337255 0.321569
10 4 14 0.349020 0.337255 0.321569
11 4 14 0.349020 0.337255 0.321569
12 4 14 0.349020 0.337255 0.321569
13 4 14 0.349020 0.337255 0.321569
14 4 14 0.349020 0.337255 0.321569
15 4 14 0.349020 0.337255 0.321569
16 4 14 0.349020 0.337255 0.321569
1 5 14 0.349020 0.337255 0.321569
1 5 13 0.349020 0.337255 0.321569
2 5 14 0.349020 0.337255 0.321569
2 5 13 0.349020 0.337255 0.321569
3 5 14 0.349020 0.337255 0.321569
3 5 13 0.349020 0.337255 0.321569
4 5 14 0.349020 0.337255 0.321569
4 5 13 0.349020 0.337255 0.321569
5 5 14 0.349020 0.337255 0.321569
5 5 13 0.349020 0.337255 0.321569
6 5 14 0.349020 0.337255 0.321569
6 5 13 0.349020 0.337255 0.321569
7 5 14 0.349020 0.337255 0.321569
7 5 13 0.349020 0.337255 0.321569
8 5 14 0.349020 0.337255 0.321569
8 5 13 0.349020 0.337255 0.321569
9 5 14 0.349020 0.337255 0.321569
9 5 13 0.349020 0.337255 0.321569
10 5 14 0.349020 0.337255 0.321569
10 5 13 0.349020 0.337255 0.321569
11 5 14 0.349020 0.337255 0.321569
11 5 13 0.349020 0.337255 0.321569
12 5 14 0.349020 0.337255 0.321569
12 5 13 0.349020 0.337255 0.321569
13 5 14 0.349020 0.337255 0.321569
13 5 13 0.349020 0.337255 0.321569
14 5 14 0.349020 0.337255 0.321569
14 5 13 0.349020 0.337255 0.321569
15 5 14 0.349020 0.337255 0.321569
15 5 13 0.349020 0.337255 0.321569
16 5 14 0.349020 0.337255 0.321569
16 5 13 0.349020 0.337255 0.321569
1 6 13 0.349020 0.337255 0.321569
1 6 12 0.349020 0.337255 0.321569
2 6 13 0.349020 0.337255 0.321569
2 6 12 0.349020 0.337255 0.321569
3 6 13 0.349020 0.337255 0.321569
3 6 12 0.349020 0.337255 0.321569
4 6 13 0.349020 0.337255 0.321569
4 6 12 0.349020 0.337255 0.321569
5 6 13 0.349020 0.337255 0.321569
5 6 12 0.349020 0.337255 0.321569
6 6 13 0.349020 0.337255 0.321569
6 6 12 0.349020 0.337255 0.321569
7 6 13 0.349020 0.337255 0.321569
7 6 12 0.349020 0.337255 0.321569
8 6 13 0.349020 0.337255 0.321569
8 6 12 0.349020 0.337255 0.321569
9 6 13 0.349020 0.337255 0.321569
9 6 12 0.349020 0.337255 0.321569
10 6 13 0.349020 0.337255 0.321569
10 6 12 0.349020 0.337255 0.321569
11 6 13 0.349020 0.337255 0.321569
11 6 12 0.349020 0.337255 0.321569
12 6 13 0.349020 0.337255 0.321569
12 6 12 0.349020 0.337255 0.321569
13 6 13 0.349020 0.337255 0.321569
13 6 12 0.349020 0.337255 0.321569
14 6 13 0.349020 0.337255 0.321569
14 6 12 0.349020 0.337255 0.321569
15 6 13 0.349020 0.337255 0.321569
15 6 12 0.349020 0.337255 0.321569
16 6 13 0.349020 0.337255 0.321569
16 6 12 0.349020 0.337255 0.321569
8 6 11 0.349020 0.337255 0.321569
7 6 11 0.349020 0.337255 0.321569
9 6 11 0.349020 0.337255 0.321569
10 6 11 0.349020 0.337255 0.321569
11 6 11 0.349020 0.337255 0.321569
12 6 11 0.349020 0.337255 0.321569
13 6 11 0.349020 0.337255 0.321569
14 6 11 0.349020 0.337255 0.321569
15 6 11 0.349020 0.337255 0.321569
16 6 11 0.349020 0.337255 0.321569
1 6 11 0.349020 0.337255 0.321569
1 6 10 0.349020 0.337255 0.321569
2 6 11 0.349020 0.337255 0.321569
2 6 10 0.349020 0.337255 0.321569
3 6 11 0.349020 0.337255 0.321569
3 6 10 0.349020 0.337255 0.321569
4 6 11 0.349020 0.337255 0.321569
4 6 10 0.349020 0.337255 0.321569
5 6 11 0.349020 0.337255 0.321569
5 6 10 0.349020 0.337255 0.321569
6 6 11 0.349020 0.337255 0.321569
6 6 10 0.349020 0.337255 0.321569
7 6 10 0.349020 0.337255 0.321569
8 6 10 0.349020 0.337255 0.321569
9 6 10 0.349020 0.337255 0.321569
10 6 10 0.349020 0.337255 0.321569
11 6 10 0.349020 0.337255 0.321569
12 6 10 0.349020 0.337255 0.321569
13 6 10 0.349020 0.337255 0.321569
14 6 10 0.349020 0.337255 0.321569
15 6 10 0.349020 0.337255 0.321569
16 6 10 0.349020 0.337255 0.321569
1 6 9 0.349020 0.337255 0.321569
2 6 9 0.349020 0.337255 0.321569
3 6 9 0.349020 0.337255 0.321569
4 6 9 0.349020 0.337255 0.321569
5 6 9 0.349020 0.337255 0.321569
6 6 9 0.349020 0.337255 0.321569
7 6 9 0.349020 0.337255 0.321569
8 6 9 0.349020 0.337255 0.321569
9 6 9 0.349020 0.337255 0.321569
10 6 9 0.349020 0.337255 0.321569
11 6 9 0.349020 0.337255 0.321569
12 6 9 0.349020 0.337255 0.321569
13 6 9 0.349020 0.337255 0.321569
14 6 9 0.349020 0.337255 0.321569
15 6 9 0.349020 0.337255 0.321569
16 6 9 0.349020 0.337255 0.321569
1 6 8 0.349020 0.337255 0.321569
2 6 8 0.349020 0.337255 0.321569
3 6 8 0.349020 0.337255 0.321569
4 6 8 0.349020 0.337255 0.321569
5 6 8 0.349020 0.337255 0.321569
6 6 8 0.349020 0.337255 0.321569
7 6 8 0.349020 0.337255 0.321569
8 6 8 0.349020 0.337255 0.321569
9 6 8 0.349020 0.337255 0.321569
10 6 8 0.349020 0.337255 0.321569
11 6 8 0.349020 0.337255 0.321569
12 6 8 0.349020 0.337255 0.321569
13 6 8 0.349020 0.337255 0.321569
14 6 8 0.349020 0.337255 0.321569
15 6 8 0.349020 0.337255 0.321569
16 6 8 0.349020 0.337255 0.321569
1 6 7 0.349020 0.337255 0.321569
2 6 7 0.349020 0.337255 0.321569
3 6 7 0.349020 0.337255 0.321569
4 6 7 0.349020 0.337255 0.321569
5 6 7 0.349020 0.337255 0.321569
6 6 7 0.349020 0.337255 0.321569
7 6 7 0.349020 0.337255 0.321569
8 6 7 0.349020 0.337255 0.321569
9 6 7 0.349020 0.337255 0.321569
10 6 7 0.349020 0.337255 0.321569
11 6 7 0.349020 0.337255 0.321569
12 6 7 0.349020 0.337255 0.321569
13 6 7 0.349020 0.337255 0.321569
14 6 7 0.349020 0.337255 0.321569
15 6 7 0.349020 0.337255 0.321569
16 6 7 0.349020 0.337255 0.321569
1 6 6 0.349020 0.337255 0.321569
2 6 6 0.349020 0.337255 0.321569
3 6 6 0.349020 0.337255 0.321569
4 6 6 0.349020 0.337255 0.321569
5 6 6 0.349020 0.337255 0.321569
6 6 6 0.349020 0.337255 0.321569
7 6 6 0.349020 0.337255 0.321569
8 6 6 0.349020 0.337255 0.321569
9 6 6 0.349020 0.337255 0.321569
10 6 6 0.349020 0.337255 0.321569
11 6 6 0.349020 0.337255 0.321569
12 6 6 0.349020 0.337255 0.321569
13 6 6 0.349020 0.337255 0.321569
14 6 6 0.349020 0.337255 0.321569
15 6 6 0.349020 0.337255 0.321569
16 6 6 0.349020 0.337255 0.321569
1 6 5 0.349020 0.337255 0.321569
2 6 5 0.349020 0.337255 0.321569
3 6 5 0.349020 0.337255 0.321569
4 6 5 0.349020 0.337255 0.321569
5 6 5 0.349020 0.337255 0.321569
6 6 5 0.349020 0.337255 0.321569
7 6 5 0.349020 0.337255 0.321569
8 6 5 0.349020 0.337255 0.321569
9 6 5 0.349020 0.337255 0.321569
10 6 5 0.349020 0.337255 0.321569
11 6 5 0.349020 0.337255 0.321569
12 6 5 0.349020 0.337255 0.321569
13 6 5 0.349020 0.337255 0.321569
14 6 5 0.349020 0.337255 0.321569
15 6 5 0.349020 0.337255 0.321569
16 6 5 0.349020 0.337255 0.321569
1 6 4 0.349020 0.337255 0.321569
2 6 4 0.349020 0.337255 0.321569
3 6 4 0.349020 0.337255 0.321569
4 6 4 0.349020 0.337255 0.321569
5 6 4 0.349020 0.337255 0.321569
6 6 4 0.349020 0.337255 0.321569
7 6 4 0.349020 0.337255 0.321569
8 6 4 0.349020 0.337255 0.321569
9 6 4 0.349020 0.337255 0.321569
10 6 4 0.349020 0.337255 0.321569
11 6 4 0.349020 0.337255 0.321569
12 6 4 0.349020 0.337255 0.321569
13 6 4 0.349020 0.337255 0.321569
14 6 4 0.349020 0.337255 0.321569
15 6 4 0.349020 0.337255 0.321569
16 6 4 0.349020 0.337255 0.321569
1 6 3 0.349020 0.337255 0.321569
2 6 3 0.349020 0.337255 0.321569
3 6 3 0.349020 0.337255 0.321569
4 6 3 0.349020 0.337255 0.321569
5 6 3 0.349020 0.337255 0.321569
6 6 3 0.349020 0.337255 0.321569
7 6 3 0.349020 0.337255 0.321569
8 6 3 0.349020 0.337255 0.321569
9 6 3 0.349020 0.337255 0.321569
10 6 3 0.349020 0.337255 0.321569
11 6 3 0.349020 0.337255 0.321569
12 6 3 0.349020 0.337255 0.321569
13 6 3 0.349020 0.337255 0.321569
14 6 3 0.349020 0.337255 0.321569
15 6 3 0.349020 0.337255 0.321569
16 6 3 0.349020 0.337255 0.321569
1 6 2 0.349020 0.337255 0.321569
2 6 2 0.349020 0.337255 0.321569
3 6 2 0.349020 0.337255 0.321569
4 6 2 0.349020 0.337255 0.321569
5 6 2 0.349020 0.337255 0.321569
6 6 2 0.349020 0.337255 0.321569
7 6 2 0.349020 0.337255 0.321569
8 6 2 0.349020 0.337255 0.321569
9 6 2 0.349020 0.337255 0.321569
10 6 2 0.349020 0.337255 0.321569
11 6 2 0.349020 0.337255 0.321569
12 6 2 0.349020 0.337255 0.321569
13 6 2 0.349020 0.337255 0.321569
14 6 2 0.349020 0.337255 0.321569
15 6 2 0.349020 0.337255 0.321569
16 6 2 0.349020 0.337255 0.321569
1 6 1 0.349020 0.337255 0.321569
2 6 1 0.349020 0.337255 0.321569
3 6 1 0.349020 0.337255 0.321569
4 6 1 0.349020 0.337255 0.321569
5 6 1 0.349020 0.337255 0.321569
6 6 1 0.349020 0.337255 0.321569
7 6 1 0.349020 0.337255 0.321569
8 6 1 0.349020 0.337255 0.321569
9 6 1 0.349020 0.337255 0.321569
10 6 1 0.349020 0.337255 0.321569
11 6 1 0.349020 0.337255 0.321569
12 6 1 0.349020 0.337255 0.321569
13 6 1 0.349020 0.337255 0.321569
14 6 1 0.349020 0.337255 0.321569
15 6 1 0.349020 0.337255 0.321569
16 6 1 0.349020 0.337255 0.321569
1 6 0 0.349020 0.337255 0.321569
2 6 0 0.349020 0.337255 0.321569
3 6 0 0.349020 0.337255 0.321569
4 6 0 0.349020 0.337255 0.321569
5 6 0 0.349020 0.337255 0.321569
6 6 0 0.349020 0.337255 0.321569
7 6 0 0.349020 0.337255 0.321569
8 6 0 0.349020 0.337255 0.321569
9 6 0 0.349020 0.337255 0.321569
10 6 0 0.349020 0.337255 0.321569
11 6 0 0.349020 0.337255 0.321569
12 6 0 0.349020 0.337255 0.321569
13 6 0 0.349020 0.337255 0.321569
14 6 0 0.349020 0.337255 0.321569
15 6 0 0.349020 0.337255 0.321569
16 6 0 0.349020 0.337255 0.321569
1 6 12 1.000000 1.000000 1.000000
1 7 12 1.000000 1.000000 1.000000
1 6 11 1.000000 1.000000 1.000000
1 7 11 1.000000 1.000000 1.000000
2 6 12 1.000000 1.000000 1.000000
2 7 12 1.000000 1.000000 1.000000
2 6 11 1.000000 1.000000 1.000000
2 7 11 1.000000 1.000000 1.000000
3 6 12 1.000000 1.000000 1.000000
3 7 12 1.000000 1.000000 1.000000
3 6 11 1.000000 1.000000 1.000000
3 7 11 1.000000 1.000000 1.000000
4 6 12 1.000000 1.000000 1.000000
4 7 12 1.000000 1.000000 1.000000
4 6 11 1.000000 1.000000 1.000000
4 7 11 1.000000 1.000000 1.000000
5 6 12 1.000000 1.000000 1.000000
5 7 12 1.000000 1.000000 1.000000
5 6 11 1.000000 1.000000 1.000000
5 7 11 1.000000 1.000000 1.000000
6 6 12 1.000000 1.000000 1.000000
6 7 12 1.000000 1.000000 1.000000
6 6 11 1.000000 1.000000 1.000000
6 7 11 1.000000 1.000000 1.000000
7 6 12 1.000000 1.000000 1.000000
7 7 12 1.000000 1.000000 1.000000
7 6 11 1.000000 1.000000 1.000000
7 7 11 1.000000 1.000000 1.000000
1 8 12 1.000000 1.000000 1.000000
1 8 11 1.000000 1.000000 1.000000
2 8 12 1.000000 1.000000 1.000000
2 8 11 1.000000 1.000000 1.000000
3 8 12 1.000000 1.000000 1.000000
3 8 11 1.000000 1.000000 1.000000
4 8 12 1.000000 1.000000 1.000000
4 8 11 1.000000 1.000000 1.000000
5 8 12 1.000000 1.000000 1.000000
5 8 11 1.000000 1.000000 1.000000
6 8 12 1.000000 1.000000 1.000000
6 8 11 1.000000 1.000000 1.000000
7 8 12 1.000000 1.000000 1.000000
7 8 11 1.000000 1.000000 1.000000
1 9 12 1.000000 1.000000 1.000000
1 9 11 1.000000 1.000000 1.000000
5 9 12 1.000000 1.000000 1.000000
4 9 12 1.000000 1.000000 1.000000
4 9 11 1.000000 1.000000 1.000000
5 9 11 1.000000 1.000000 1.000000
6 9 12 1.000000 1.000000 1.000000
6 9 11 1.000000 1.000000 1.000000
7 9 12 1.000000 1.000000 1.000000
7 9 11 1.000000 1.000000 1.000000
8 8 12 1.000000 1.000000 1.000000
8 9 12 1.000000 1.000000 1.000000
8 8 11 1.000000 1.000000 1.000000
8 9 11 1.000000 1.000000 1.000000
9 8 12 1.000000 1.000000 1.000000
9 9 12 1.000000 1.000000 1.000000
9 8 11 1.000000 1.000000 1.000000
9 9 11 1.000000 1.000000 1.000000
10 8 12 1.000000 1.000000 1.000000
10 9 12 1.000000 1.000000 1.000000
10 8 11 1.000000 1.000000 1.000000
10 9 11 1.000000 1.000000 1.000000
1 10 12 1.000000 1.000000 1.000000
1 10 11 1.000000 1.000000 1.000000
5 10 12 1.000000 1.000000 1.000000
4 10 12 1.000000 1.000000 1.000000
4 10 11 1.000000 1.000000 1.000000
5 10 11 1.000000 1.000000 1.000000
6 10 12 1.000000 1.000000 1.000000
6 10 11 1.000000 1.000000 1.000000
7 10 12 1.000000 1.000000 1.000000
7 10 11 1.000000 1.000000 1.000000
8 10 12 1.000000 1.000000 1.000000
8 10 11 1.000000 1.000000 1.000000
9 10 12 1.000000 1.000000 1.000000
9 10 11 1.000000 1.000000 1.000000
10 10 12 1.000000 1.000000 1.000000
10 10 11 1.000000 1.000000 1.000000
1 11 12 1.000000 1.000000 1.000000
1 11 11 1.000000 1.000000 1.000000
5 11 12 1.000000 1.000000 1.000000
4 11 12 1.000000 1.000000 1.000000
4 11 11 1.000000 1.000000 1.000000
5 11 11 1.000000 1.000000 1.000000
6 11 12 1.000000 1.000000 1.000000
6 11 11 1.000000 1.000000 1.000000
7 11 12 1.000000 1.000000 1.000000
7 11 11 1.000000 1.000000 1.000000
8 11 12 1.000000 1.000000 1.000000
8 11 11 1.000000 1.000000 1.000000
9 11 12 1.000000 1.000000 1.000000
9 11 11 1.000000 1.000000 1.000000
10 11 12 1.000000 1.000000 1.000000
10 11 11 1.000000 1.000000 1.000000
11 10 12 1.000000 1.000000 1.000000
11 11 12 1.000000 1.000000 1.000000
11 10 11 1.000000 1.000000 1.000000
11 11 11 1.000000 1.000000 1.000000
1 12 12 1.000000 1.000000 1.000000
1 12 11 1.000000 1.000000 1.000000
2 11 12 1.000000 1.000000 1.000000
2 12 12 1.000000 1.000000 1.000000
2 11 11 1.000000 1.000000 1.000000
2 12 11 1.000000 1.000000 1.000000
3 11 12 1.000000 1.000000 1.000000
3 12 12 1.000000 1.000000 1.000000
3 11 11 1.000000 1.000000 1.000000
3 12 11 1.000000 1.000000 1.000000
4 12 12 1.000000 1.000000 1.000000
4 12 11 1.000000 1.000000 1.000000
5 12 12 1.000000 1.000000 1.000000
5 12 11 1.000000 1.000000 1.000000
6 12 12 1.000000 1.000000 1.000000
6 12 11 1.000000 1.000000 1.000000
7 12 12 1.000000 1.000000 1.000000
7 12 11 1.000000 1.000000 1.000000
8 12 12 1.000000 1.000000 1.000000
8 12 11 1.000000 1.000000 1.000000
9 12 12 1.000000 1.000000 1.000000
9 12 11 1.000000 1.000000 1.000000
10 12 12 1.000000 1.000000 1.000000
10 12 11 1.000000 1.000000 1.000000
11 12 12 1.000000 1.000000 1.000000
11 12 11 1.000000 1.000000 1.000000
17 0 14 0.349020 0.337255 0.321569
17 1 14 0.349020 0.337255 0.321569
17 0 13 0.349020 0.337255 0.321569
18 0 14 0.349020 0.337255 0.321569
18 1 14 0.349020 0.337255 0.321569
18 0 13 0.349020 0.337255 0.321569
19 0 14 0.349020 0.337255 0.321569
19 1 14 0.349020 0.337255 0.321569
19 0 13 0.349020 0.337255 0.321569
20 0 14 0.349020 0.337255 0.321569
20 1 14 0.349020 0.337255 0.321569
20 0 13 0.349020 0.337255 0.321569
21 0 14 0.349020 0.337255 0.321569
21 1 14 0.349020 0.337255 0.321569
21 0 13 0.349020 0.337255 0.321569
22 0 14 0.349020 0.337255 0.321569
22 1 14 0.349020 0.337255 0.321569
22 0 13 0.349020 0.337255 0.321569
23 0 14 0.349020 0.337255 0.321569
23 1 14 0.349020 0.337255 0.321569
23 0 13 0.349020 0.337255 0.321569
24 0 14 0.349020 0.337255 0.321569
24 1 14 0.349020 0.337255 0.321569
24 0 13 0.349020 0.337255 0.321569
25 0 14 0.349020 0.337255 0.321569
25 1 14 0.349020 0.337255 0.321569
25 0 13 0.349020 0.337255 0.321569
26 0 14 0.349020 0.337255 0.321569
26 1 14 0.349020 0.337255 0.321569
26 0 13 0.349020 0.337255 0.321569
27 0 14 0.349020 0.337255 0.321569
27 1 14 0.349020 0.337255 0.321569
27 0 13 0.349020 0.337255 0.321569
28 0 14 0.349020 0.337255 0.321569
28 1 14 0.349020 0.337255 0.321569
28 0 13 0.349020 0.337255 0.321569
29 0 14 0.349020 0.337255 0.321569
29 1 14 0.349020 0.337255 0.321569
29 0 13 0.349020 0.337255 0.321569
30 0 14 0.349020 0.337255 0.321569
30 1 14 0.349020 0.337255 0.321569
30 0 13 0.349020 0.337255 0.321569
31 0 14 0.349020 0.337255 0.321569
31 1 14 0.349020 0.337255 0.321569
31 0 13 0.349020 0.337255 0.321569
32 0 14 0.349020 0.337255 0.321569
32 1 14 0.349020 0.337255 0.321569
32 0 13 0.349020 0.337255 0.321569
17 0 12 0.349020 0.337255 0.321569
18 0 12 0.349020 0.337255 0.321569
19 0 12 0.349020 0.337255 0.321569
20 0 12 0.349020 0.337255 0.321569
21 0 12 0.349020 0.337255 0.321569
22 0 12 0.349020 0.337255 0.321569
23 0 12 0.349020 0.337255 0.321569
24 0 12 0.349020 0.337255 0.321569
25 0 12 0.349020 0.337255 0.321569
26 0 12 0.349020 0.337255 0.321569
27 0 12 0.349020 0.337255 0.321569
28 0 12 0.349020 0.337255 0.321569
29 0 12 0.349020 0.337255 0.321569
30 0 12 0.349020 0.337255 0.321569
31 0 12 0.349020 0.337255 0.321569
32 0 12 0.349020 0.337255 0.321569
17 0 11 0.349020 0.337255 0.321569
18 0 11 0.349020 0.337255 0.321569
19 0 11 0.349020 0.337255 0.321569
20 0 11 0.349020 0.337255 0.321569
21 0 11 0.349020 0.337255 0.321569
22 0 11 0.349020 0.337255 0.321569
23 0 11 0.349020 0.337255 0.321569
24 0 11 0.349020 0.337255 0.321569
25 0 11 0.349020 0.337255 0.321569
26 0 11 0.349020 0.337255 0.321569
27 0 11 0.349020 0.337255 0.321569
28 0 11 0.349020 0.337255 0.321569
29 0 11 0.349020 0.337255 0.321569
30 0 11 0.349020 0.337255 0.321569
31 0 11 0.349020 0.337255 0.321569
32 0 11 0.349020 0.337255 0.321569
17 0 10 0.349020 0.337255 0.321569
18 0 10 0.349020 0.337255 0.321569
19 0 10 0.349020 0.337255 0.321569
20 0 10 0.349020 0.337255 0.321569
21 0 10 0.349020 0.337255 0.321569
22 0 10 0.349020 0.337255 0.321569
23 0 10 0.349020 0.337255 0.321569
24 0 10 0.349020 0.337255 0.321569
25 0 10 0.349020 0.337255 0.321569
26 0 10 0.349020 0.337255 0.321569
27 0 10 0.349020 0.337255 0.321569
28 0 10 0.349020 0.337255 0.321569
29 0 10 0.349020 0.337255 0.321569
30 0 10 0.349020 0.337255 0.321569
31 0 10 0.349020 0.337255 0.321569
32 0 10 0.349020 0.337255 0.321569
17 0 9 0.349020 0.337255 0.321569
18 0 9 0.349020 0.337255 0.321569
19 0 9 0.349020 0.337255 0.321569
20 0 9 0.349020 0.337255 0.321569
21 0 9 0.349020 0.337255 0.321569
22 0 9 0.349020 0.337255 0.321569
23 0 9 0.349020 0.337255 0.321569
24 0 9 0.349020 0.337255 0.321569
25 0 9 0.349020 0.337255 0.321569
26 0 9 0.349020 0.337255 0.321569
27 0 9 0.349020 0.337255 0.321569
28 0 9 0.349020 0.337255 0.321569
29 0 9 0.349020 0.337255 0.321569
30 0 9 0.349020 0.337255 0.321569
31 0 9 0.349020 0.337255 0.321569
32 0 9 0.349020 0.337255 0.321569
17 0 8 0.349020 0.337255 0.321569
18 0 8 0.349020 0.337255 0.321569
19 0 8 0.349020 0.337255 0.321569
20 0 8 0.349020 0.337255 0.321569
21 0 8 0.349020 0.337255 0.321569
22 0 8 0.349020 0.337255 0.321569
23 0 8 0.349020 0.337255 0.321569
24 0 8 0.349020 0.337255 0.321569
25 0 8 0.349020 0.337255 0.321569
26 0 8 0.349020 0.337255 0.321569
27 0 8 0.349020 0.337255 0.321569
28 0 8 0.349020 0.337255 0.321569
29 0 8 0.349020 0.337255 0.321569
30 0 8 0.349020 0.337255 0.321569
31 0 8 0.349020 0.337255 0.321569
32 0 8 0.349020 0.337255 0.321569
17 0 7 0.349020 0.337255 0.321569
18 0 7 0.349020 0.337255 0.321569
19 0 7 0.349020 0.337255 0.321569
20 0 7 0.349020 0.337255 0.321569
21 0 7 0.349020 0.337255 0.321569
22 0 7 0.349020 0.337255 0.321569
23 0 7 0.349020 0.337255 0.321569
24 0 7 0.349020 0.337255 0.321569
25 0 7 0.349020 0.337255 0.321569
26 0 7 0.349020 0.337255 0.321569
27 0 7 0.349020 0.337255 0.321569
28 0 7 0.349020 0.337255 0.321569
29 0 7 0.349020 0.337255 0.321569
30 0 7 0.349020 0.337255 0.321569
31 0 7 0.349020 0.337255 0.321569
32 0 7 0.349020 0.337255 0.321569
17 0 6 0.349020 0.337255 0.321569
18 0 6 0.349020 0.337255 0.321569
19 0 6 0.349020 0.337255 0.321569
20 0 6 0.349020 0.337255 0.321569
21 0 6 0.349020 0.337255 0.321569
22 0 6 0.349020 0.337255 0.321569
23 0 6 0.349020 0.337255 0.321569
24 0 6 0.349020 0.337255 0.321569
25 0 6 0.349020 0.337255 0.321569
26 0 6 0.349020 0.337255 0.321569
27 0 6 0.349020 0.337255 0.321569
28 0 6 0.349020 0.337255 0.321569
29 0 6 0.349020 0.337255 0.321569
30 0 6 0.349020 0.337255 0.321569
31 0 6 0.349020 0.337255 0.321569
32 0 6 0.349020 0.337255 0.321569
17 0 5 0.349020 0.337255 0.321569
18 0 5 0.349020 0.337255 0.321569
19 0 5 0.349020 0.337255 0.321569
20 0 5 0.349020 0.337255 0.321569
21 0 5 0.349020 0.337255 0.321569
22 0 5 0.349020 0.337255 0.321569
23 0 5 0.349020 0.337255 0.321569
24 0 5 0.349020 0.337255 0.321569
25 0 5 0.349020 0.337255 0.321569
26 0 5 0.349020 0.337255 0.321569
27 0 5 0.349020 0.337255 0.321569
28 0 5 0.349020 0.337255 0.321569
29 0 5 0.349020 0.337255 0.321569
30 0 5 0.349020 0.337255 0.321569
31 0 5 0.349020 0.337255 0.321569
32 0 5 0.349020 0.337255 0.321569
17 0 4 0.349020 0.337255 0.321569
18 0 4 0.349020 0.337255 0.321569
19 0 4 0.349020 0.337255 0.321569
20 0 4 0.349020 0.337255 0.321569
21 0 4 0.349020 0.337255 0.321569
22 0 4 0.349020 0.337255 0.321569
23 0 4 0.349020 0.337255 0.321569
24 0 4 0.349020 0.337255 0.321569
25 0 4 0.349020 0.337255 0.321569
26 0 4 0.349020 0.337255 0.321569
27 0 4 0.349020 0.337255 0.321569
28 0 4 0.349020 0.337255 0.321569
29 0 4 0.349020 0.337255 0.321569
30 0 4 0.349020 0.337255 0.321569
31 0 4 0.349020 0.337255 0.321569
32 0 4 0.349020 0.337255 0.321569
17 0 3 0.349020 0.337255 0.321569
18 0 3 0.349020 0.337255 0.321569
19 0 3 0.349020 0.337255 0.321569
20 0 3 0.349020 0.337255 0.321569
21 0 3 0.349020 0.337255 0.321569
22 0 3 0.349020 0.337255 0.321569
23 0 3 0.349020 0.337255 0.321569
24 0 3 0.349020 0.337255 0.321569
25 0 3 0.349020 0.337255 0.321569
26 0 3 0.349020 0.337255 0.321569
27 0 3 0.349020 0.337255 0.321569
28 0 3 0.349020 0.337255 0.321569
29 0 3 0.349020 0.337255 0.321569
30 0 3 0.349020 0.337255 0.321569
31 0 3 0.349020 0.337255 0.321569
32 0 3 0.349020 0.337255 0.321569
17 0 2 0.349020 0.337255 0.321569
18 0 2 0.349020 0.337255 0.321569
19 0 2 0.349020 0.337255 0.321569
20 0 2 0.349020 0.337255 0.321569
21 0 2 0.349020 0.337255 0.321569
22 0 2 0.349020 0.337255 0.321569
23 0 2 0.349020 0.337255 0.321569
24 0 2 0.349020 0.337255 0.321569
25 0 2 0.349020 0.337255 0.321569
26 0 2 0.349020 0.337255 0.321569
27 0 2 0.349020 0.337255 0.321569
28 0 2 0.349020 0.337255 0.321569
29 0 2 0.349020 0.337255 0.321569
30 0 2 0.349020 0.337255 0.321569
31 0 2 0.349020 0.337255 0.321569
32 0 2 0.349020 0.337255 0.321569
17 0 1 0.349020 0.337255 0.321569
18 0 1 0.349020 0.337255 0.321569
19 0 1 0.349020 0.337255 0.321569
20 0 1 0.349020 0.337255 0.321569
21 0 1 0.349020 0.337255 0.321569
22 0 1 0.349020 0.337255 0.321569
23 0 1 0.349020 0.337255 0.321569
24 0 1 0.349020 0.337255 0.321569
25 0 1 0.349020 0.337255 0.321569
26 0 1 0.349020 0.337255 0.321569
27 0 1 0.349020 0.337255 0.321569
28 0 1 0.349020 0.337255 0.321569
29 0 1 0.349020 0.337255 0.321569
30 0 1 0.349020 0.337255 0.321569
31 0 1 0.349020 0.337255 0.321569
32 0 1 0.349020 0.337255 0.321569
17 0 0 0.349020 0.337255 0.321569
18 0 0 0.349020 0.337255 0.321569
19 0 0 0.349020 0.337255 0.321569
20 0 0 0.349020 0.337255 0.321569
21 0 0 0.349020 0.337255 0.321569
22 0 0 0.349020 0.337255 0.321569
23 0 0 0.349020 0.337255 0.321569
24 0 0 0.349020 0.337255 0.321569
25 0 0 0.349020 0.337255 0.321569
26 0 0 0.349020 0.337255 0.321569
27 0 0 0.349020 0.337255 0.321569
28 0 0 0.349020 0.337255 0.321569
29 0 0 0.349020 0.337255 0.321569
30 0 0 0.349020 0.337255 0.321569
31 0 0 0.349020 0.337255 0.321569
32 0 0 0.349020 0.337255 0.321569
17 1 15 0.349020 0.337255 0.321569
17 2 15 0.349020 0.337255 0.321569
18 1 15 0.349020 0.337255 0.321569
18 2 15 0.349020 0.337255 0.321569
19 1 15 0.349020 0.337255 0.321569
19 2 15 0.349020 0.337255 0.321569
20 1 15 0.349020 0.337255 0.321569
20 2 15 0.349020 0.337255 0.321569
21 1 15 0.349020 0.337255 0.321569
21 2 15 0.349020 0.337255 0.321569
22 1 15 0.349020 0.337255 0.321569
22 2 15 0.349020 0.337255 0.321569
23 1 15 0.349020 0.337255 0.321569
23 2 15 0.349020 0.337255 0.321569
24 1 15 0.349020 0.337255 0.321569
24 2 15 0.349020 0.337255 0.321569
25 1 15 0.349020 0.337255 0.321569
25 2 15 0.349020 0.337255 0.321569
26 1 15 0.349020 0.337255 0.321569
26 2 15 0.349020 0.337255 0.321569
27 1 15 0.349020 0.337255 0.321569
27 2 15 0.349020 0.337255 0.321569
28 1 15 0.349020 0.337255 0.321569
28 2 15 0.349020 0.337255 0.321569
29 1 15 0.349020 0.337255 0.321569
29 2 15 0.349020 0.337255 0.321569
30 1 15 0.349020 0.337255 0.321569
30 2 15 0.349020 0.337255 0.321569
31 1 15 0.349020 0.337255 0.321569
31 2 15 0.349020 0.337255 0.321569
32 1 15 0.349020 0.337255 0.321569
32 2 15 0.349020 0.337255 0.321569
17 2 16 0.349020 0.337255 0.321569
17 3 16 0.349020 0.337255 0.321569
18 2 16 0.349020 0.337255 0.321569
18 3 16 0.349020 0.337255 0.321569
19 2 16 0.349020 0.337255 0.321569
19 3 16 0.349020 0.337255 0.321569
20 2 16 0.349020 0.337255 0.321569
20 3 16 0.349020 0.337255 0.321569
21 2 16 0.349020 0.337255 0.321569
21 3 16 0.349020 0.337255 0.321569
22 2 16 0.349020 0.337255 0.321569
22 3 16 0.349020 0.337255 0.321569
23 2 16 0.349020 0.337255 0.321569
23 3 16 0.349020 0.337255 0.321569
24 2 16 0.349020 0.337255 0.321569
24 3 16 0.349020 0.337255 0.321569
25 2 16 0.349020 0.337255 0.321569
25 3 16 0.349020 0.337255 0.321569
26 2 16 0.349020 0.337255 0.321569
26 3 16 0.349020 0.337255 0.321569
27 2 16 0.349020 0.337255 0.321569
27 3 16 0.349020 0.337255 0.321569
28 2 16 0.349020 0.337255 0.321569
28 3 16 0.349020 0.337255 0.321569
29 2 16 0.349020 0.337255 0.321569
29 3 16 0.349020 0.337255 0.321569
30 2 16 0.349020 0.337255 0.321569
30 3 16 0.349020 0.337255 0.321569
31 2 16 0.349020 0.337255 0.321569
31 3 16 0.349020 0.337255 0.321569
32 2 16 0.349020 0.337255 0.321569
32 3 16 0.349020 0.337255 0.321569
17 4 16 0.349020 0.337255 0.321569
17 4 15 0.349020 0.337255 0.321569
18 4 16 0.349020 0.337255 0.321569
18 4 15 0.349020 0.337255 0.321569
19 4 16 0.349020 0.337255 0.321569
19 4 15 0.349020 0.337255 0.321569
20 4 16 0.349020 0.337255 0.321569
20 4 15 0.349020 0.337255 0.321569
21 4 16 0.349020 0.337255 0.321569
21 4 15 0.349020 0.337255 0.321569
22 4 16 0.349020 0.337255 0.321569
22 4 15 0.349020 0.337255 0.321569
23 4 16 0.349020 0.337255 0.321569
23 4 15 0.349020 0.337255 0.321569
24 4 16 0.349020 0.337255 0.321569
24 4 15 0.349020 0.337255 0.321569
25 4 16 0.349020 0.337255 0.321569
25 4 15 0.349020 0.337255 0.321569
26 4 16 0.349020 0.337255 0.321569
26 4 15 0.349020 0.337255 0.321569
27 4 16 0.349020 0.337255 0.321569
27 4 15 0.349020 0.337255 0.321569
28 4 16 0.349020 0.337255 0.321569
28 4 15 0.349020 0.337255 0.321569
29 4 16 0.349020 0.337255 0.321569
29 4 15 0.349020 0.337255 0.321569
30 4 16 0.349020 0.337255 0.321569
30 4 15 0.349020 0.337255 0.321569
31 4 16 0.349020 0.337255 0.321569
31 4 15 0.349020 0.337255 0.321569
32 4 16 0.349020 0.337255 0.321569
32 4 15 0.349020 0.337255 0.321569
17 4 14 0.349020 0.337255 0.321569
18 4 14 0.349020 0.337255 0.321569
19 4 14 0.349020 0.337255 0.321569
20 4 14 0.349020 0.337255 0.321569
21 4 14 0.349020 0.337255 0.321569
22 4 14 0.349020 0.337255 0.321569
23 4 14 0.349020 0.337255 0.321569
24 4 14 0.349020 0.337255 0.321569
25 4 14 0.349020 0.337255 0.321569
26 4 14 0.349020 0.337255 0.321569
27 4 14 0.349020 0.337255 0.321569
28 4 14 0.349020 0.337255 0.321569
29 4 14 0.349020 0.337255 0.321569
30 4 14 0.349020 0.337255 0.321569
31 4 14 0.349020 0.337255 0.321569
32 4 14 0.349020 0.337255 0.321569
17 5 14 0.349020 0.337255 0.321569
17 5 13 0.349020 0.337255 0.321569
18 5 14 0.349020 0.337255 0.321569
18 5 13 0.349020 0.337255 0.321569
19 5 14 0.349020 0.337255 0.321569
19 5 13 0.349020 0.337255 0.321569
20 5 14 0.349020 0.337255 0.321569
20 5 13 0.349020 0.337255 0.321569
21 5 14 0.349020 0.337255 0.321569
21 5 13 0.349020 0.337255 0.321569
22 5 14 0.349020 0.337255 0.321569
22 5 13 0.349020 0.337255 0.321569
23 5 14 0.349020 0.337255 0.321569
23 5 13 0.349020 0.337255 0.321569
24 5 14 0.349020 0.337255 0.321569
24 5 13 0.349020 0.337255 0.321569
25 5 14 0.349020 0.337255 0.321569
25 5 13 0.349020 0.337255 0.321569
26 5 14 0.349020 0.337255 0.321569
26 5 13 0.349020 0.337255 0.321569
27 5 14 0.349020 0.337255 0.321569
27 5 13 0.349020 0.337255 0.321569
28 5 14 0.349020 0.337255 0.321569
28 5 13 0.349020 0.337255 0.321569
29 5 14 0.349020 0.337255 0.321569
29 5 13 0.349020 0.337255 0.321569
30 5 14 0.349020 0.337255 0.321569
30 5 13 0.349020 0.337255 0.321569
31 5 14 0.349020 0.337255 0.321569
31 5 13 0.349020 0.337255 0.321569
32 5 14 0.349020 0.337255 0.321569
32 5 13 0.349020 0.337255 0.321569
17 6 13 0.349020 0.337255 0.321569
17 6 12 0.349020 0.337255 0.321569
18 6 13 0.349020 0.337255 0.321569
18 6 12 0.349020 0.337255 0.321569
19 6 13 0.349020 0.337255 0.321569
19 6 12 0.349020 0.337255 0.321569
20 6 13 0.349020 0.337255 0.321569
20 6 12 0.349020 0.337255 0.321569
21 6 13 0.349020 0.337255 0.321569
21 6 12 0.349020 0.337255 0.321569
22 6 13 0.349020 0.337255 0.321569
22 6 12 0.349020 0.337255 0.321569
23 6 13 0.349020 0.337255 0.321569
23 6 12 0.349020 0.337255 0.321569
24 6 13 0.349020 0.337255 0.321569
24 6 12 0.349020 0.337255 0.321569
25 6 13 0.349020 0.337255 0.321569
25 6 12 0.349020 0.337255 0.321569
26 6 13 0.349020 0.337255 0.321569
26 6 12 0.349020 0.337255 0.321569
27 6 13 0.349020 0.337255 0.321569
27 6 12 0.349020 0.337255 0.321569
28 6 13 0.349020 0.337255 0.321569
28 6 12 0.349020 0.337255 0.321569
29 6 13 0.349020 0.337255 0.321569
29 6 12 0.349020 0.337255 0.321569
30 6 13 0.349020 0.337255 0.321569
30 6 12 0.349020 0.337255 0.321569
31 6 13 0.349020 0.337255 0.321569
31 6 12 0.349020 0.337255 0.321569
32 6 13 0.349020 0.337255 0.321569
32 6 12 0.349020 0.337255 0.321569
17 6 11 0.349020 0.337255 0.321569
18 6 11 0.349020 0.337255 0.321569
19 6 11 0.349020 0.337255 0.321569
20 6 11 0.349020 0.337255 0.321569
21 6 11 0.349020 0.337255 0.321569
22 6 11 0.349020 0.337255 0.321569
23 6 11 0.349020 0.337255 0.321569
24 6 11 0.349020 0.337255 0.321569
25 6 11 0.349020 0.337255 0.321569
26 6 11 0.349020 0.337255 0.321569
27 6 11 0.349020 0.337255 0.321569
28 6 11 0.349020 0.337255 0.321569
29 6 11 0.349020 0.337255 0.321569
30 6 11 0.349020 0.337255 0.321569
31 6 11 0.349020 0.337255 0.321569
32 6 11 0.349020 0.337255 0.321569
17 6 10 0.349020 0.337255 0.321569
18 6 10 0.349020 0.337255 0.321569
19 6 10 0.349020 0.337255 0.321569
20 6 10 0.349020 0.337255 0.321569
21 6 10 0.349020 0.337255 0.321569
22 6 10 0.349020 0.337255 0.321569
23 6 10 0.349020 0.337255 0.321569
24 6 10 0.349020 0.337255 0.321569
25 6 10 0.349020 0.337255 0.321569
26 6 10 0.349020 0.337255 0.321569
27 6 10 0.349020 0.337255 0.321569
28 6 10 0.349020 0.337255 0.321569
29 6 10 0.349020 0.337255 0.321569
30 6 10 0.349020 0.337255 0.321569
31 6 10 0.349020 0.337255 0.321569
32 6 10 0.349020 0.337255 0.321569
17 6 9 0.349020 0.337255 0.321569
18 6 9 0.349020 0.337255 0.321569
19 6 9 0.349020 0.337255 0.321569
20 6 9 0.349020 0.337255 0.321569
21 6 9 0.349020 0.337255 0.321569
22 6 9 0.349020 0.337255 0.321569
23 6 9 0.349020 0.337255 0.321569
24 6 9 0.349020 0.337255 0.321569
25 6 9 0.349020 0.337255 0.321569
26 6 9 0.349020 0.337255 0.321569
27 6 9 0.349020 0.337255 0.321569
28 6 9 0.349020 0.337255 0.321569
29 6 9 0.349020 0.337255 0.321569
30 6 9 0.349020 0.337255 0.321569
31 6 9 0.349020 0.337255 0.321569
32 6 9 0.349020 0.337255 0.321569
17 6 8 0.349020 0.337255 0.321569
18 6 8 0.349020 0.337255 0.321569
19 6 8 0.349020 0.337255 0.321569
20 6 8 0.349020 0.337255 0.321569
21 6 8 0.349020 0.337255 0.321569
22 6 8 0.349020 0.337255 0.321569
23 6 8 0.349020 0.337255 0.321569
24 6 8 0.349020 0.337255 0.321569
25 6 8 0.349020 0.337255 0.321569
26 6 8 0.349020 0.337255 0.321569
27 6 8 0.349020 0.337255 0.321569
28 6 8 0.349020 0.337255 0.321569
29 6 8 0.349020 0.337255 0.321569
30 6 8 0.349020 0.337255 0.321569
31 6 8 0.349020 0.337255 0.321569
32 6 8 0.349020 0.337255 0.321569
17 6 7 0.349020 0.337255 0.321569
18 6 7 0.349020 0.337255 0.321569
19 6 7 0.349020 0.337255 0.321569
20 6 7 0.349020 0.337255 0.321569
21 6 7 0.349020 0.337255 0.321569
22 6 7 0.349020 0.337255 0.321569
23 6 7 0.349020 0.337255 0.321569
24 6 7 0.349020 0.337255 0.321569
25 6 7 0.349020 0.337255 0.321569
26 6 7 0.349020 0.337255 0.321569
27 6 7 0.349020 0.337255 0.321569
28 6 7 0.349020 0.337255 0.321569
29 6 7 0.349020 0.337255 0.321569
30 6 7 0.349020 0.337255 0.321569
31 6 7 0.349020 0.337255 0.321569
32 6 7 0.349020 0.337255 0.321569
17 6 6 0.349020 0.337255 0.321569
18 6 6 0.349020 0.337255 0.321569
19 6 6 0.349020 0.337255 0.321569
20 6 6 0.349020 0.337255 0.321569
21 6 6 0.349020 0.337255 0.321569
22 6 6 0.349020 0.337255 0.321569
23 6 6 0.349020 0.337255 0.321569
24 6 6 0.349020 0.337255 0.321569
25 6 6 0.349020 0.337255 0.321569
26 6 6 0.349020 0.337255 0.321569
27 6 6 0.349020 0.337255 0.321569
28 6 6 0.349020 0.337255 0.321569
29 6 6 0.349020 0.337255 0.321569
30 6 6 0.349020 0.337255 0.321569
31 6 6 0.349020 0.337255 0.321569
32 6 6 0.349020 0.337255 0.321569
17 6 5 0.349020 0.337255 0.321569
18 6 5 0.349020 0.337255 0.321569
19 6 5 0.349020 0.337255 0.321569
20 6 5 0.349020 0.337255 0.321569
21 6 5 0.349020 0.337255 0.321569
22 6 5 0.349020 0.337255 0.321569
23 6 5 0.349020 0.337255 0.321569
24 6 5 0.349020 0.337255 0.321569
25 6 5 0.349020 0.337255 0.321569
26 6 5 0.349020 0.337255 0.321569
27 6 5 0.349020 0.337255 0.321569
28 6 5 0.349020 0.337255 0.321569
29 6 5 0.349020 0.337255 0.321569
30 6 5 0.349020 0.337255 0.321569
31 6 5 0.349020 0.337255 0.321569
32 6 5 0.349020 0.337255 0.321569
17 6 4 0.349020 0.337255 0.321569
18 6 4 0.349020 0.337255 0.321569
19 6 4 0.349020 0.337255 0.321569
20 6 4 0.349020 0.337255 0.321569
21 6 4 0.349020 0.337255 0.321569
22 6 4 0.349020 0.337255 0.321569
23 6 4 0.349020 0.337255 0.321569
24 6 4 0.349020 0.337255 0.321569
25 6 4 0.349020 0.337255 0.321569
26 6 4 0.349020 0.337255 0.321569
27 6 4 0.349020 0.337255 0.321569
28 6 4 0.349020 0.337255 0.321569
29 6 4 0.349020 0.337255 0.321569
30 6 4 0.349020 0.337255 0.321569
31 6 4 0.349020 0.337255 0.321569
32 6 4 0.349020 0.337255 0.321569
17 6 3 0.349020 0.337255 0.321569
18 6 3 0.349020 0.337255 0.321569
19 6 3 0.349020 0.337255 0.321569
20 6 3 0.349020 0.337255 0.321569
21 6 3 0.349020 0.337255 0.321569
22 6 3 0.349020 0.337255 0.321569
23 6 3 0.349020 0.337255 0.321569
24 6 3 0.349020 0.337255 0.321569
25 6 3 0.349020 0.337255 0.321569
26 6 3 0.349020 0.337255 0.321569
27 6 3 0.349020 0.337255 0.321569
28 6 3 0.349020 0.337255 0.321569
29 6 3 0.349020 0.337255 0.321569
30 6 3 0.349020 0.337255 0.321569
31 6 3 0.349020 0.337255 0.321569
32 6 3 0.349020 0.337255 0.321569
17 6 2 0.349020 0.337255 0.321569
18 6 2 0.349020 0.337255 0.321569
19 6 2 0.349020 0.337255 0.321569
20 6 2 0.349020 0.337255 0.321569
21 6 2 0.349020 0.337255 0.321569
22 6 2 0.349020 0.337255 0.321569
23 6 2 0.349020 0.337255 0.321569
24 6 2 0.349020 0.337255 0.321569
25 6 2 0.349020 0.337255 0.321569
26 6 2 0.349020 0.337255 0.321569
27 6 2 0.349020 0.337255 0.321569
28 6 2 0.349020 0.337255 0.321569
29 6 2 0.349020 0.337255 0.321569
30 6 2 0.349020 0.337255 0.321569
31 6 2 0.349020 0.337255 0.321569
32 6 2 0.349020 0.337255 0.321569
17 6 1 0.349020 0.337255 0.321569
18 6 1 0.349020 0.337255 0.321569
19 6 1 0.349020 0.337255 0.321569
20 6 1 0.349020 0.337255 0.321569
21 6 1 0.349020 0.337255 0.321569
22 6 1 0.349020 0.337255 0.321569
23 6 1 0.349020 0.337255 0.321569
24 6 1 0.349020 0.337255 0.321569
25 6 1 0.349020 0.337255 0.321569
26 6 1 0.349020 0.337255 0.321569
27 6 1 0.349020 0.337255 0.321569
28 6 1 0.349020 0.337255 0.321569
29 6 1 0.349020 0.337255 0.321569
30 6 1 0.349020 0.337255 0.321569
31 6 1 0.349020 0.337255 0.321569
32 6 1 0.349020 0.337255 0.321569
17 6 0 0.349020 0.337255 0.321569
18 6 0 0.349020 0.337255 0.321569
19 6 0 0.349020 0.337255 0.321569
20 6 0 0.349020 0.337255 0.321569
21 6 0 0.349020 0.337255 0.321569
22 6 0 0.349020 0.337255 0.321569
23 6 0 0.349020 0.337255 0.321569
24 6 0 0.349020 0.337255 0.321569
25 6 0 0.349020 0.337255 0.321569
26 6 0 0.349020 0.337255 0.321569
27 6 0 0.349020 0.337255 0.321569
28 6 0 0.349020 0.337255 0.321569
29 6 0 0.349020 0.337255 0.321569
30 6 0 0.349020 0.337255 0.321569
31 6 0 0.349020 0.337255 0.321569
32 6 0 0.349020 0.337255 0.321569
33 0 14 0.349020 0.337255 0.321569
33 1 14 0.349020 0.337255 0.321569
33 0 13 0.349020 0.337255 0.321569
34 0 14 0.349020 0.337255 0.321569
34 1 14 0.349020 0.337255 0.321569
34 0 13 0.349020 0.337255 0.321569
35 0 14 0.349020 0.337255 0.321569
35 1 14 0.349020 0.337255 0.321569
35 0 13 0.349020 0.337255 0.321569
36 0 14 0.349020 0.337255 0.321569
36 1 14 0.349020 0.337255 0.321569
36 0 13 0.349020 0.337255 0.321569
37 0 14 0.349020 0.337255 0.321569
37 1 14 0.349020 0.337255 0.321569
37 0 13 0.349020 0.337255 0.321569
38 0 14 0.349020 0.337255 0.321569
38 1 14 0.349020 0.337255 0.321569
38 0 13 0.349020 0.337255 0.321569
39 0 14 0.349020 0.337255 0.321569
39 1 14 0.349020 0.337255 0.321569
39 0 13 0.349020 0.337255 0.321569
40 0 14 0.349020 0.337255 0.321569
40 1 14 0.349020 0.337255 0.321569
40 0 13 0.349020 0.337255 0.321569
41 0 14 0.349020 0.337255 0.321569
41 1 14 0.349020 0.337255 0.321569
41 0 13 0.349020 0.337255 0.321569
42 0 14 0.349020 0.337255 0.321569
42 1 14 0.349020 0.337255 0.321569
42 0 13 0.349020 0.337255 0.321569
43 0 14 0.349020 0.337255 0.321569
43 1 14 0.349020 0.337255 0.321569
43 0 13 0.349020 0.337255 0.321569
44 0 14 0.349020 0.337255 0.321569
44 1 14 0.349020 0.337255 0.321569
44 0 13 0.349020 0.337255 0.321569
45 0 14 0.349020 0.337255 0.321569
45 1 14 0.349020 0.337255 0.321569
45 0 13 0.349020 0.337255 0.321569
46 0 14 0.349020 0.337255 0.321569
46 1 14 0.349020 0.337255 0.321569
46 0 13 0.349020 0.337255 0.321569
47 0 14 0.349020 0.337255 0.321569
47 1 14 0.349020 0.337255 0.321569
47 0 13 0.349020 0.337255 0.321569
48 0 14 0.349020 0.337255 0.321569
48 1 14 0.349020 0.337255 0.321569
48 0 13 0.349020 0.337255 0.321569
33 0 12 0.349020 0.337255 0.321569
34 0 12 0.349020 0.337255 0.321569
35 0 12 0.349020 0.337255 0.321569
36 0 12 0.349020 0.337255 0.321569
37 0 12 0.349020 0.337255 0.321569
38 0 12 0.349020 0.337255 0.321569
39 0 12 0.349020 0.337255 0.321569
40 0 12 0.349020 0.337255 0.321569
41 0 12 0.349020 0.337255 0.321569
42 0 12 0.349020 0.337255 0.321569
43 0 12 0.349020 0.337255 0.321569
44 0 12 0.349020 0.337255 0.321569
45 0 12 0.349020 0.337255 0.321569
46 0 12 0.349020 0.337255 0.321569
47 0 12 0.349020 0.337255 0.321569
48 0 12 0.349020 0.337255 0.321569
33 0 11 0.349020 0.337255 0.321569
34 0 11 0.349020 0.337255 0.321569
35 0 11 0.349020 0.337255 0.321569
36 0 11 0.349020 0.337255 0.321569
37 0 11 0.349020 0.337255 0.321569
38 0 11 0.349020 0.337255 0.321569
39 0 11 0.349020 0.337255 0.321569
40 0 11 0.349020 0.337255 0.321569
41 0 11 0.349020 0.337255 0.321569
42 0 11 0.349020 0.337255 0.321569
43 0 11 0.349020 0.337255 0.321569
44 0 11 0.349020 0.337255 0.321569
45 0 11 0.349020 0.337255 0.321569
46 0 11 0.349020 0.337255 0.321569
47 0 11 0.349020 0.337255 0.321569
48 0 11 0.349020 0.337255 0.321569
33 0 10 0.349020 0.337255 0.321569
34 0 10 0.349020 0.337255 0.321569
35 0 10 0.349020 0.337255 0.321569
36 0 10 0.349020 0.337255 0.321569
37 0 10 0.349020 0.337255 0.321569
38 0 10 0.349020 0.337255 0.321569
39 0 10 0.349020 0.337255 0.321569
40 0 10 0.349020 0.337255 0.321569
41 0 10 0.349020 0.337255 0.321569
42 0 10 0.349020 0.337255 0.321569
43 0 10 0.349020 0.337255 0.321569
44 0 10 0.349020 0.337255 0.321569
45 0 10 0.349020 0.337255 0.321569
46 0 10 0.349020 0.337255 0.321569
47 0 10 0.349020 0.337255 0.321569
48 0 10 0.349020 0.337255 0.321569
33 0 9 0.349020 0.337255 0.321569
34 0 9 0.349020 0.337255 0.321569
35 0 9 0.349020 0.337255 0.321569
36 0 9 0.349020 0.337255 0.321569
37 0 9 0.349020 0.337255 0.321569
38 0 9 0.349020 0.337255 0.321569
39 0 9 0.349020 0.337255 0.321569
40 0 9 0.349020 0.337255 0.321569
41 0 9 0.349020 0.337255 0.321569
42 0 9 0.349020 0.337255 0.321569
43 0 9 0.349020 0.337255 0.321569
44 0 9 0.349020 0.337255 0.321569
45 0 9 0.349020 0.337255 0.321569
46 0 9 0.349020 0.337255 0.321569
47 0 9 0.349020 0.337255 0.321569
48 0 9 0.349020 0.337255 0.321569
33 0 8 0.349020 0.337255 0.321569
34 0 8 0.349020 0.337255 0.321569
35 0 8 0.349020 0.337255 0.321569
36 0 8 0.349020 0.337255 0.321569
37 0 8 0.349020 0.337255 0.321569
38 0 8 0.349020 0.337255 0.321569
39 0 8 0.349020 0.337255 0.321569
40 0 8 0.349020 0.337255 0.321569
41 0 8 0.349020 0.337255 0.321569
42 0 8 0.349020 0.337255 0.321569
43 0 8 0.349020 0.337255 0.321569
44 0 8 0.349020 0.337255 0.321569
45 0 8 0.349020 0.337255 0.321569
46 0 8 0.349020 0.337255 0.321569
47 0 8 0.349020 0.337255 0.321569
48 0 8 0.349020 0.337255 0.321569
33 0 7 0.349020 0.337255 0.321569
34 0 7 0.349020 0.337255 0.321569
35 0 7 0.349020 0.337255 0.321569
36 0 7 0.349020 0.337255 0.321569
37 0 7 0.349020 0.337255 0.321569
38 0 7 0.349020 0.337255 0.321569
39 0 7 0.349020 0.337255 0.321569
40 0 7 0.349020 0.337255 0.321569
41 0 7 0.349020 0.337255 0.321569
42 0 7 0.349020 0.337255 0.321569
43 0 7 0.349020 0.337255 0.321569
44 0 7 0.349020 0.337255 0.321569
45 0 7 0.349020 0.337255 0.321569
46 0 7 0.349020 0.337255 0.321569
47 0 7 0.349020 0.337255 0.321569
48 0 7 0.349020 0.337255 0.321569
33 0 6 0.349020 0.337255 0.321569
34 0 6 0.349020 0.337255 0.321569
35 0 6 0.349020 0.337255 0.321569
36 0 6 0.349020 0.337255 0.321569
37 0 6 0.349020 0.337255 0.321569
38 0 6 0.349020 0.337255 0.321569
39 0 6 0.349020 0.337255 0.321569
40 0 6 0.349020 0.337255 0.321569
41 0 6 0.349020 0.337255 0.321569
42 0 6 0.349020 0.337255 0.321569
43 0 6 0.349020 0.337255 0.321569
44 0 6 0.349020 0.337255 0.321569
45 0 6 0.349020 0.337255 0.321569
46 0 6 0.349020 0.337255 0.321569
47 0 6 0.349020 0.337255 0.321569
48 0 6 0.349020 0.337255 0.321569
33 0 5 0.349020 0.337255 0.321569
34 0 5 0.349020 0.337255 0.321569
35 0 5 0.349020 0.337255 0.321569
36 0 5 0.349020 0.337255 0.321569
37 0 5 0.349020 0.337255 0.321569
38 0 5 0.349020 0.337255 0.321569
39 0 5 0.349020 0.337255 0.321569
40 0 5 0.349020 0.337255 0.321569
41 0 5 0.349020 0.337255 0.321569
42 0 5 0.349020 0.337255 0.321569
43 0 5 0.349020 0.337255 0.321569
44 0 5 0.349020 0.337255 0.321569
45 0 5 0.349020 0.337255 0.321569
46 0 5 0.349020 0.337255 0.321569
47 0 5 0.349020 0.337255 0.321569
48 0 5 0.349020 0.337255 0.321569
33 0 4 0.349020 0.337255 0.321569
34 0 4 0.349020 0.337255 0.321569
35 0 4 0.349020 0.337255 0.321569
36 0 4 0.349020 0.337255 0.321569
37 0 4 0.349020 0.337255 0.321569
38 0 4 0.349020 0.337255 0.321569
39 0 4 0.349020 0.337255 0.321569
40 0 4 0.349020 0.337255 0.321569
41 0 4 0.349020 0.337255 0.321569
42 0 4 0.349020 0.337255 0.321569
43 0 4 0.349020 0.337255 0.321569
44 0 4 0.349020 0.337255 0.321569
45 0 4 0.349020 0.337255 0.321569
46 0 4 0.349020 0.337255 0.321569
47 0 4 0.349020 0.337255 0.321569
48 0 4 0.349020 0.337255 0.321569
33 0 3 0.349020 0.337255 0.321569
34 0 3 0.349020 0.337255 0.321569
35 0 3 0.349020 0.337255 0.321569
36 0 3 0.349020 0.337255 0.321569
37 0 3 0.349020 0.337255 0.321569
38 0 3 0.349020 0.337255 0.321569
39 0 3 0.349020 0.337255 0.321569
40 0 3 0.349020 0.337255 0.321569
41 0 3 0.349020 0.337255 0.321569
42 0 3 0.349020 0.337255 0.321569
43 0 3 0.349020 0.337255 0.321569
44 0 3 0.349020 0.337255 0.321569
45 0 3 0.349020 0.337255 0.321569
46 0 3 0.349020 0.337255 0.321569
47 0 3 0.349020 0.337255 0.321569
48 0 3 0.349020 0.337255 0.321569
33 0 2 0.349020 0.337255 0.321569
34 0 2 0.349020 0.337255 0.321569
35 0 2 0.349020 0.337255 0.321569
36 0 2 0.349020 0.337255 0.321569
37 0 2 0.349020 0.337255 0.321569
38 0 2 0.349020 0.337255 0.321569
39 0 2 0.349020 0.337255 0.321569
40 0 2 0.349020 0.337255 0.321569
41 0 2 0.349020 0.337255 0.321569
42 0 2 0.349020 0.337255 0.321569
43 0 2 0.349020 0.337255 0.321569
44 0 2 0.349020 0.337255 0.321569
45 0 2 0.349020 0.337255 0.321569
46 0 2 0.349020 0.337255 0.321569
47 0 2 0.349020 0.337255 0.321569
48 0 2 0.349020 0.337255 0.321569
33 0 1 0.349020 0.337255 0.321569
34 0 1 0.349020 0.337255 0.321569
35 0 1 0.349020 0.337255 0.321569
36 0 1 0.349020 0.337255 0.321569
37 0 1 0.349020 0.337255 0.321569
38 0 1 0.349020 0.337255 0.321569
39 0 1 0.349020 0.337255 0.321569
40 0 1 0.349020 0.337255 0.321569
41 0 1 0.349020 0.337255 0.321569
42 0 1 0.349020 0.337255 0.321569
43 0 1 0.349020 0.337255 0.321569
44 0 1 0.349020 0.337255 0.321569
45 0 1 0.349020 0.337255 0.321569
46 0 1 0.349020 0.337255 0.321569
47 0 1 0.349020 0.337255 0.321569
48 0 1 0.349020 0.337255 0.321569
33 0 0 0.349020 0.337255 0.321569
34 0 0 0.349020 0.337255 0.321569
35 0 0 0.349020 0.337255 0.321569
36 0 0 0.349020 0.337255 0.321569
37 0 0 0.349020 0.337255 0.321569
38 0 0 0.349020 0.337255 0.321569
39 0 0 0.349020 0.337255 0.321569
40 0 0 0.349020 0.337255 0.321569
41 0 0 0.349020 0.337255 0.321569
42 0 0 0.349020 0.337255 0.321569
43 0 0 0.349020 0.337255 0.321569
44 0 0 0.349020 0.337255 0.321569
45 0 0 0.349020 0.337255 0.321569
46 0 0 0.349020 0.337255 0.321569
47 0 0 0.349020 0.337255 0.321569
48 0 0 0.349020 0.337255 0.321569
33 1 15 0.349020 0.337255 0.321569
33 2 15 0.349020 0.337255 0.321569
34 1 15 0.349020 0.337255 0.321569
34 2 15 0.349020 0.337255 0.321569
35 1 15 0.349020 0.337255 0.321569
35 2 15 0.349020 0.337255 0.321569
36 1 15 0.349020 0.337255 0.321569
36 2 15 0.349020 0.337255 0.321569
37 1 15 0.349020 0.337255 0.321569
37 2 15 0.349020 0.337255 0.321569
38 1 15 0.349020 0.337255 0.321569
38 2 15 0.349020 0.337255 0.321569
39 1 15 0.349020 0.337255 0.321569
39 2 15 0.349020 0.337255 0.321569
40 1 15 0.349020 0.337255 0.321569
40 2 15 0.349020 0.337255 0.321569
41 1 15 0.349020 0.337255 0.321569
41 2 15 0.349020 0.337255 0.321569
42 1 15 0.349020 0.337255 0.321569
42 2 15 0.349020 0.337255 0.321569
43 1 15 0.349020 0.337255 0.321569
43 2 15 0.349020 0.337255 0.321569
44 1 15 0.349020 0.337255 0.321569
44 2 15 0.349020 0.337255 0.321569
45 1 15 0.349020 0.337255 0.321569
45 2 15 0.349020 0.337255 0.321569
46 1 15 0.349020 0.337255 0.321569
46 2 15 0.349020 0.337255 0.321569
47 1 15 0.349020 0.337255 0.321569
47 2 15 0.349020 0.337255 0.321569
48 1 15 0.349020 0.337255 0.321569
48 2 15 0.349020 0.337255 0.321569
33 2 16 0.349020 0.337255 0.321569
33 3 16 0.349020 0.337255 0.321569
34 2 16 0.349020 0.337255 0.321569
34 3 16 0.349020 0.337255 0.321569
35 2 16 0.349020 0.337255 0.321569
35 3 16 0.349020 0.337255 0.321569
36 2 16 0.349020 0.337255 0.321569
36 3 16 0.349020 0.337255 0.321569
37 2 16 0.349020 0.337255 0.321569
37 3 16 0.349020 0.337255 0.321569
38 2 16 0.349020 0.337255 0.321569
38 3 16 0.349020 0.337255 0.321569
39 2 16 0.349020 0.337255 0.321569
39 3 16 0.349020 0.337255 0.321569
40 2 16 0.349020 0.337255 0.321569
40 3 16 0.349020 0.337255 0.321569
41 2 16 0.349020 0.337255 0.321569
41 3 16 0.349020 0.337255 0.321569
42 2 16 0.349020 0.337255 0.321569
42 3 16 0.349020 0.337255 0.321569
43 2 16 0.349020 0.337255 0.321569
43 3 16 0.349020 0.337255 0.321569
44 2 16 0.349020 0.337255 0.321569
44 3 16 0.349020 0.337255 0.321569
45 2 16 0.349020 0.337255 0.321569
45 3 16 0.349020 0.337255 0.321569
46 2 16 0.349020 0.337255 0.321569
46 3 16 0.349020 0.337255 0.321569
47 2 16 0.349020 0.337255 0.321569
47 3 16 0.349020 0.337255 0.321569
48 2 16 0.349020 0.337255 0.321569
48 3 16 0.349020 0.337255 0.321569
33 4 16 0.349020 0.337255 0.321569
33 4 15 0.349020 0.337255 0.321569
34 4 16 0.349020 0.337255 0.321569
34 4 15 0.349020 0.337255 0.321569
35 4 16 0.349020 0.337255 0.321569
35 4 15 0.349020 0.337255 0.321569
36 4 16 0.349020 0.337255 0.321569
36 4 15 0.349020 0.337255 0.321569
37 4 16 0.349020 0.337255 0.321569
37 4 15 0.349020 0.337255 0.321569
38 4 16 0.349020 0.337255 0.321569
38 4 15 0.349020 0.337255 0.321569
39 4 16 0.349020 0.337255 0.321569
39 4 15 0.349020 0.337255 0.321569
40 4 16 0.349020 0.337255 0.321569
40 4 15 0.349020 0.337255 0.321569
41 4 16 0.349020 0.337255 0.321569
41 4 15 0.349020 0.337255 0.321569
42 4 16 0.349020 0.337255 0.321569
42 4 15 0.349020 0.337255 0.321569
43 4 16 0.349020 0.337255 0.321569
43 4 15 0.349020 0.337255 0.321569
44 4 16 0.349020 0.337255 0.321569
44 4 15 0.349020 0.337255 0.321569
45 4 16 0.349020 0.337255 0.321569
45 4 15 0.349020 0.337255 0.321569
46 4 16 0.349020 0.337255 0.321569
46 4 15 0.349020 0.337255 0.321569
47 4 16 0.349020 0.337255 0.321569
47 4 15 0.349020 0.337255 0.321569
48 4 16 0.349020 0.337255 0.321569
48 4 15 0.349020 0.337255 0.321569
33 4 14 0.349020 0.337255 0.321569
34 4 14 0.349020 0.337255 0.321569
35 4 14 0.349020 0.337255 0.321569
36 4 14 0.349020 0.337255 0.321569
37 4 14 0.349020 0.337255 0.321569
38 4 14 0.349020 0.337255 0.321569
39 4 14 0.349020 0.337255 0.321569
40 4 14 0.349020 0.337255 0.321569
41 4 14 0.349020 0.337255 0.321569
42 4 14 0.349020 0.337255 0.321569
43 4 14 0.349020 0.337255 0.321569
44 4 14 0.349020 0.337255 0.321569
45 4 14 0.349020 0.337255 0.321569
46 4 14 0.349020 0.337255 0.321569
47 4 14 0.349020 0.337255 0.321569
48 4 14 0.349020 0.337255 0.321569
33 5 14 0.349020 0.337255 0.321569
33 5 13 0.349020 0.337255 0.321569
34 5 14 0.349020 0.337255 0.321569
34 5 13 0.349020 0.337255 0.321569
35 5 14 0.349020 0.337255 0.321569
35 5 13 0.349020 0.337255 0.321569
36 5 14 0.349020 0.337255 0.321569
36 5 13 0.349020 0.337255 0.321569
37 5 14 0.349020 0.337255 0.321569
37 5 13 0.349020 0.337255 0.321569
38 5 14 0.349020 0.337255 0.321569
38 5 13 0.349020 0.337255 0.321569
39 5 14 0.349020 0.337255 0.321569
39 5 13 0.349020 0.337255 0.321569
40 5 14 0.349020 0.337255 0.321569
40 5 13 0.349020 0.337255 0.321569
41 5 14 0.349020 0.337255 0.321569
41 5 13 0.349020 0.337255 0.321569
42 5 14 0.349020 0.337255 0.321569
42 5 13 0.349020 0.337255 0.321569
43 5 14 0.349020 0.337255 0.321569
43 5 13 0.349020 0.337255 0.321569
44 5 14 0.349020 0.337255 0.321569
44 5 13 0.349020 0.337255 0.321569
45 5 14 0.349020 0.337255 0.321569
45 5 13 0.349020 0.337255 0.321569
46 5 14 0.349020 0.337255 0.321569
46 5 13 0.349020 0.337255 0.321569
47 5 14 0.349020 0.337255 0.321569
47 5 13 0.349020 0.337255 0.321569
48 5 14 0.349020 0.337255 0.321569
48 5 13 0.349020 0.337255 0.321569
33 6 13 0.349020 0.337255 0.321569
33 6 12 0.349020 0.337255 0.321569
34 6 13 0.349020 0.337255 0.321569
34 6 12 0.349020 0.337255 0.321569
35 6 13 0.349020 0.337255 0.321569
35 6 12 0.349020 0.337255 0.321569
36 6 13 0.349020 0.337255 0.321569
36 6 12 0.349020 0.337255 0.321569
37 6 13 0.349020 0.337255 0.321569
37 6 12 0.349020 0.337255 0.321569
38 6 13 0.349020 0.337255 0.321569
38 6 12 0.349020 0.337255 0.321569
39 6 13 0.349020 0.337255 0.321569
39 6 12 0.349020 0.337255 0.321569
40 6 13 0.349020 0.337255 0.321569
40 6 12 0.349020 0.337255 0.321569
41 6 13 0.349020 0.337255 0.321569
41 6 12 0.349020 0.337255 0.321569
42 6 13 0.349020 0.337255 0.321569
42 6 12 0.349020 0.337255 0.321569
43 6 13 0.349020 0.337255 0.321569
43 6 12 0.349020 0.337255 0.321569
44 6 13 0.349020 0.337255 0.321569
44 6 12 0.349020 0.337255 0.321569
45 6 13 0.349020 0.337255 0.321569
45 6 12 0.349020 0.337255 0.321569
46 6 13 0.349020 0.337255 0.321569
46 6 12 0.349020 0.337255 0.321569
47 6 13 0.349020 0.337255 0.321569
47 6 12 0.349020 0.337255 0.321569
48 6 13 0.349020 0.337255 0.321569
48 6 12 0.349020 0.337255 0.321569
33 6 11 0.349020 0.337255 0.321569
34 6 11 0.349020 0.337255 0.321569
35 6 11 0.349020 0.337255 0.321569
36 6 11 0.349020 0.337255 0.321569
37 6 11 0.349020 0.337255 0.321569
38 6 11 0.349020 0.337255 0.321569
39 6 11 0.349020 0.337255 0.321569
40 6 11 0.349020 0.337255 0.321569
41 6 11 0.349020 0.337255 0.321569
42 6 11 0.349020 0.337255 0.321569
43 6 11 0.349020 0.337255 0.321569
44 6 11 0.349020 0.337255 0.321569
45 6 11 0.349020 0.337255 0.321569
46 6 11 0.349020 0.337255 0.321569
47 6 11 0.349020 0.337255 0.321569
48 6 11 0.349020 0.337255 0.321569
33 6 10 0.349020 0.337255 0.321569
34 6 10 0.349020 0.337255 0.321569
35 6 10 0.349020 0.337255 0.321569
36 6 10 0.349020 0.337255 0.321569
37 6 10 0.349020 0.337255 0.321569
38 6 10 0.349020 0.337255 0.321569
39 6 10 0.349020 0.337255 0.321569
40 6 10 0.349020 0.337255 0.321569
41 6 10 0.349020 0.337255 0.321569
42 6 10 0.349020 0.337255 0.321569
43 6 10 0.349020 0.337255 0.321569
44 6 10 0.349020 0.337255 0.321569
45 6 10 0.349020 0.337255 0.321569
46 6 10 0.349020 0.337255 0.321569
47 6 10 0.349020 0.337255 0.321569
48 6 10 0.349020 0.337255 0.321569
33 6 9 0.349020 0.337255 0.321569
34 6 9 0.349020 0.337255 0.321569
35 6 9 0.349020 0.337255 0.321569
36 6 9 0.349020 0.337255 0.321569
37 6 9 0.349020 0.337255 0.321569
38 6 9 0.349020 0.337255 0.321569
39 6 9 0.349020 0.337255 0.321569
40 6 9 0.349020 0.337255 0.321569
41 6 9 0.349020 0.337255 0.321569
42 6 9 0.349020 0.337255 0.321569
43 6 9 0.349020 0.337255 0.321569
44 6 9 0.349020 0.337255 0.321569
45 6 9 0.349020 0.337255 0.321569
46 6 9 0.349020 0.337255 0.321569
47 6 9 0.349020 0.337255 0.321569
48 6 9 0.349020 0.337255 0.321569
33 6 8 0.349020 0.337255 0.321569
34 6 8 0.349020 0.337255 0.321569
35 6 8 0.349020 0.337255 0.321569
36 6 8 0.349020 0.337255 0.321569
37 6 8 0.349020 0.337255 0.321569
38 6 8 0.349020 0.337255 0.321569
39 6 8 0.349020 0.337255 0.321569
40 6 8 0.349020 0.337255 0.321569
41 6 8 0.349020 0.337255 0.321569
42 6 8 0.349020 0.337255 0.321569
43 6 8 0.349020 0.337255 0.321569
44 6 8 0.349020 0.337255 0.321569
45 6 8 0.349020 0.337255 0.321569
46 6 8 0.349020 0.337255 0.321569
47 6 8 0.349020 0.337255 0.321569
48 6 8 0.349020 0.337255 0.321569
33 6 7 0.349020 0.337255 0.321569
34 6 7 0.349020 0.337255 0.321569
35 6 7 0.349020 0.337255 0.321569
36 6 7 0.349020 0.337255 0.321569
37 6 7 0.349020 0.337255 0.321569
38 6 7 0.349020 0.337255 0.321569
39 6 7 0.349020 0.337255 0.321569
40 6 7 0.349020 0.337255 0.321569
41 6 7 0.349020 0.337255 0.321569
42 6 7 0.349020 0.337255 0.321569
43 6 7 0.349020 0.337255 0.321569
44 6 7 0.349020 0.337255 0.321569
45 6 7 0.349020 0.337255 0.321569
46 6 7 0.349020 0.337255 0.321569
47 6 7 0.349020 0.337255 0.321569
48 6 7 0.349020 0.337255 0.321569
33 6 6 0.349020 0.337255 0.321569
34 6 6 0.349020 0.337255 0.321569
35 6 6 0.349020 0.337255 0.321569
36 6 6 0.349020 0.337255 0.321569
37 6 6 0.349020 0.337255 0.321569
38 6 6 0.349020 0.337255 0.321569
39 6 6 0.349020 0.337255 0.321569
40 6 6 0.349020 0.337255 0.321569
41 6 6 0.349020 0.337255 0.321569
42 6 6 0.349020 0.337255 0.321569
43 6 6 0.349020 0.337255 0.321569
44 6 6 0.349020 0.337255 0.321569
45 6 6 0.349020 0.337255 0.321569
46 6 6 0.349020 0.337255 0.321569
47 6 6 0.349020 0.337255 0.321569
48 6 6 0.349020 0.337255 0.321569
33 6 5 0.349020 0.337255 0.321569
34 6 5 0.349020 0.337255 0.321569
35 6 5 0.349020 0.337255 0.321569
36 6 5 0.349020 0.337255 0.321569
37 6 5 0.349020 0.337255 0.321569
38 6 5 0.349020 0.337255 0.321569
39 6 5 0.349020 0.337255 0.321569
40 6 5 0.349020 0.337255 0.321569
41 6 5 0.349020 0.337255 0.321569
42 6 5 0.349020 0.337255 0.321569
43 6 5 0.349020 0.337255 0.321569
44 6 5 0.349020 0.337255 0.321569
45 6 5 0.349020 0.337255 0.321569
46 6 5 0.349020 0.337255 0.321569
47 6 5 0.349020 0.337255 0.321569
48 6 5 0.349020 0.337255 0.321569
33 6 4 0.349020 0.337255 0.321569
34 6 4 0.349020 0.337255 0.321569
35 6 4 0.349020 0.337255 0.321569
36 6 4 0.349020 0.337255 0.321569
37 6 4 0.349020 0.337255 0.321569
38 6 4 0.349020 0.337255 0.321569
39 6 4 0.349020 0.337255 0.321569
40 6 4 0.349020 0.337255 0.321569
41 6 4 0.349020 0.337255 0.321569
42 6 4 0.349020 0.337255 0.321569
43 6 4 0.349020 0.337255 0.321569
44 6 4 0.349020 0.337255 0.321569
45 6 4 0.349020 0.337255 0.321569
46 6 4 0.349020 0.337255 0.321569
47 6 4 0.349020 0.337255 0.321569
48 6 4 0.349020 0.337255 0.321569
33 6 3 0.349020 0.337255 0.321569
34 6 3 0.349020 0.337255 0.321569
35 6 3 0.349020 0.337255 0.321569
36 6 3 0.349020 0.337255 0.321569
37 6 3 0.349020 0.337255 0.321569
38 6 3 0.349020 0.337255 0.321569
39 6 3 0.349020 0.337255 0.321569
40 6 3 0.349020 0.337255 0.321569
41 6 3 0.349020 0.337255 0.321569
42 6 3 0.349020 0.337255 0.321569
43 6 3 0.349020 0.337255 0.321569
44 6 3 0.349020 0.337255 0.321569
45 6 3 0.349020 0.337255 0.321569
46 6 3 0.349020 0.337255 0.321569
47 6 3 0.349020 0.337255 0.321569
48 6 3 0.349020 0.337255 0.321569
33 6 2 0.349020 0.337255 0.321569
34 6 2 0.349020 0.337255 0.321569
35 6 2 0.349020 0.337255 0.321569
36 6 2 0.349020 0.337255 0.321569
37 6 2 0.349020 0.337255 0.321569
38 6 2 0.349020 0.337255 0.321569
39 6 2 0.349020 0.337255 0.321569
40 6 2 0.349020 0.337255 0.321569
41 6 2 0.349020 0.337255 0.321569
42 6 2 0.349020 0.337255 0.321569
43 6 2 0.349020 0.337255 0.321569
44 6 2 0.349020 0.337255 0.321569
45 6 2 0.349020 0.337255 0.321569
46 6 2 0.349020 0.337255 0.321569
47 6 2 0.349020 0.337255 0.321569
48 6 2 0.349020 0.337255 0.321569
33 6 1 0.349020 0.337255 0.321569
34 6 1 0.349020 0.337255 0.321569
35 6 1 0.349020 0.337255 0.321569
36 6 1 0.349020 0.337255 0.321569
37 6 1 0.349020 0.337255 0.321569
38 6 1 0.349020 0.337255 0.321569
39 6 1 0.349020 0.337255 0.321569
40 6 1 0.349020 0.337255 0.321569
41 6 1 0.349020 0.337255 0.321569
42 6 1 0.349020 0.337255 0.321569
43 6 1 0.349020 0.337255 0.321569
44 6 1 0.349020 0.337255 0.321569
45 6 1 0.349020 0.337255 0.321569
46 6 1 0.349020 0.337255 0.321569
47 6 1 0.349020 0.337255 0.321569
48 6 1 0.349020 0.337255 0.321569
33 6 0 0.349020 0.337255 0.321569
34 6 0 0.349020 0.337255 0.321569
35 6 0 0.349020 0.337255 0.321569
36 6 0 0.349020 0.337255 0.321569
37 6 0 0.349020 0.337255 0.321569
38 6 0 0.349020 0.337255 0.321569
39 6 0 0.349020 0.337255 0.321569
40 6 0 0.349020 0.337255 0.321569
41 6 0 0.349020 0.337255 0.321569
42 6 0 0.349020 0.337255 0.321569
43 6 0 0.349020 0.337255 0.321569
44 6 0 0.349020 0.337255 0.321569
45 6 0 0.349020 0.337255 0.321569
46 6 0 0.349020 0.337255 0.321569
47 6 0 0.349020 0.337255 0.321569
48 6 0 0.349020 0.337255 0.321569
49 0 14 0.349020 0.337255 0.321569
49 1 14 0.349020 0.337255 0.321569
49 0 13 0.349020 0.337255 0.321569
50 0 14 0.349020 0.337255 0.321569
50 1 14 0.349020 0.337255 0.321569
50 0 13 0.349020 0.337255 0.321569
51 0 14 0.349020 0.337255 0.321569
51 1 14 0.349020 0.337255 0.321569
51 0 13 0.349020 0.337255 0.321569
52 0 14 0.349020 0.337255 0.321569
52 1 14 0.349020 0.337255 0.321569
52 0 13 0.349020 0.337255 0.321569
53 0 14 0.349020 0.337255 0.321569
53 1 14 0.349020 0.337255 0.321569
53 0 13 0.349020 0.337255 0.321569
54 0 14 0.349020 0.337255 0.321569
54 1 14 0.349020 0.337255 0.321569
54 0 13 0.349020 0.337255 0.321569
55 0 14 0.349020 0.337255 0.321569
55 1 14 0.349020 0.337255 0.321569
55 0 13 0.349020 0.337255 0.321569
56 0 14 0.349020 0.337255 0.321569
56 1 14 0.349020 0.337255 0.321569
56 0 13 0.349020 0.337255 0.321569
57 0 14 0.349020 0.337255 0.321569
57 1 14 0.349020 0.337255 0.321569
57 0 13 0.349020 0.337255 0.321569
58 0 14 0.349020 0.337255 0.321569
58 1 14 0.349020 0.337255 0.321569
58 0 13 0.349020 0.337255 0.321569
59 0 14 0.349020 0.337255 0.321569
59 1 14 0.349020 0.337255 0.321569
59 0 13 0.349020 0.337255 0.321569
60 0 14 0.349020 0.337255 0.321569
60 1 14 0.349020 0.337255 0.321569
60 0 13 0.349020 0.337255 0.321569
61 0 14 0.349020 0.337255 0.321569
61 1 14 0.349020 0.337255 0.321569
61 0 13 0.349020 0.337255 0.321569
62 0 14 0.349020 0.337255 0.321569
62 1 14 0.349020 0.337255 0.321569
62 0 13 0.349020 0.337255 0.321569
63 0 14 0.349020 0.337255 0.321569
63 1 14 0.349020 0.337255 0.321569
63 0 13 0.349020 0.337255 0.321569
64 0 14 0.349020 0.337255 0.321569
64 1 14 0.349020 0.337255 0.321569
64 0 13 0.349020 0.337255 0.321569
49 0 12 0.349020 0.337255 0.321569
50 0 12 0.349020 0.337255 0.321569
51 0 12 0.349020 0.337255 0.321569
52 0 12 0.349020 0.337255 0.321569
53 0 12 0.349020 0.337255 0.321569
54 0 12 0.349020 0.337255 0.321569
55 0 12 0.349020 0.337255 0.321569
56 0 12 0.349020 0.337255 0.321569
57 0 12 0.349020 0.337255 0.321569
58 0 12 0.349020 0.337255 0.321569
59 0 12 0.349020 0.337255 0.321569
60 0 12 0.349020 0.337255 0.321569
61 0 12 0.349020 0.337255 0.321569
62 0 12 0.349020 0.337255 0.321569
63 0 12 0.349020 0.337255 0.321569
64 0 12 0.349020 0.337255 0.321569
49 0 11 0.349020 0.337255 0.321569
50 0 11 0.349020 0.337255 0.321569
51 0 11 0.349020 0.337255 0.321569
52 0 11 0.349020 0.337255 0.321569
53 0 11 0.349020 0.337255 0.321569
54 0 11 0.349020 0.337255 0.321569
55 0 11 0.349020 0.337255 0.321569
56 0 11 0.349020 0.337255 0.321569
57 0 11 0.349020 0.337255 0.321569
58 0 11 0.349020 0.337255 0.321569
59 0 11 0.349020 0.337255 0.321569
60 0 11 0.349020 0.337255 0.321569
61 0 11 0.349020 0.337255 0.321569
62 0 11 0.349020 0.337255 0.321569
63 0 11 0.349020 0.337255 0.321569
64 0 11 0.349020 0.337255 0.321569
49 0 10 0.349020 0.337255 0.321569
50 0 10 0.349020 0.337255 0.321569
51 0 10 0.349020 0.337255 0.321569
52 0 10 0.349020 0.337255 0.321569
53 0 10 0.349020 0.337255 0.321569
54 0 10 0.349020 0.337255 0.321569
55 0 10 0.349020 0.337255 0.321569
56 0 10 0.349020 0.337255 0.321569
57 0 10 0.349020 0.337255 0.321569
58 0 10 0.349020 0.337255 0.321569
59 0 10 0.349020 0.337255 0.321569
60 0 10 0.349020 0.337255 0.321569
61 0 10 0.349020 0.337255 0.321569
62 0 10 0.349020 0.337255 0.321569
63 0 10 0.349020 0.337255 0.321569
64 0 10 0.349020 0.337255 0.321569
49 0 9 0.349020 0.337255 0.321569
50 0 9 0.349020 0.337255 0.321569
51 0 9 0.349020 0.337255 0.321569
52 0 9 0.349020 0.337255 0.321569
53 0 9 0.349020 0.337255 0.321569
54 0 9 0.349020 0.337255 0.321569
55 0 9 0.349020 0.337255 0.321569
56 0 9 0.349020 0.337255 0.321569
57 0 9 0.349020 0.337255 0.321569
58 0 9 0.349020 0.337255 0.321569
59 0 9 0.349020 0.337255 0.321569
60 0 9 0.349020 0.337255 0.321569
61 0 9 0.349020 0.337255 0.321569
62 0 9 0.349020 0.337255 0.321569
63 0 9 0.349020 0.337255 0.321569
64 0 9 0.349020 0.337255 0.321569
49 0 8 0.349020 0.337255 0.321569
50 0 8 0.349020 0.337255 0.321569
51 0 8 0.349020 0.337255 0.321569
52 0 8 0.349020 0.337255 0.321569
53 0 8 0.349020 0.337255 0.321569
54 0 8 0.349020 0.337255 0.321569
55 0 8 0.349020 0.337255 0.321569
56 0 8 0.349020 0.337255 0.321569
57 0 8 0.349020 0.337255 0.321569
58 0 8 0.349020 0.337255 0.321569
59 0 8 0.349020 0.337255 0.321569
60 0 8 0.349020 0.337255 0.321569
61 0 8 0.349020 0.337255 0.321569
62 0 8 0.349020 0.337255 0.321569
63 0 8 0.349020 0.337255 0.321569
64 0 8 0.349020 0.337255 0.321569
49 0 7 0.349020 0.337255 0.321569
50 0 7 0.349020 0.337255 0.321569
51 0 7 0.349020 0.337255 0.321569
52 0 7 0.349020 0.337255 0.321569
53 0 7 0.349020 0.337255 0.321569
54 0 7 0.349020 0.337255 0.321569
55 0 7 0.349020 0.337255 0.321569
56 0 7 0.349020 0.337255 0.321569
57 0 7 0.349020 0.337255 0.321569
58 0 7 0.349020 0.337255 0.321569
59 0 7 0.349020 0.337255 0.321569
60 0 7 0.349020 0.337255 0.321569
61 0 7 0.349020 0.337255 0.321569
62 0 7 0.349020 0.337255 0.321569
63 0 7 0.349020 0.337255 0.321569
64 0 7 0.349020 0.337255 0.321569
49 0 6 0.349020 0.337255 0.321569
50 0 6 0.349020 0.337255 0.321569
51 0 6 0.349020 0.337255 0.321569
52 0 6 0.349020 0.337255 0.321569
53 0 6 0.349020 0.337255 0.321569
54 0 6 0.349020 0.337255 0.321569
55 0 6 0.349020 0.337255 0.321569
56 0 6 0.349020 0.337255 0.321569
57 0 6 0.349020 0.337255 0.321569
58 0 6 0.349020 0.337255 0.321569
59 0 6 0.349020 0.337255 0.321569
60 0 6 0.349020 0.337255 0.321569
61 0 6 0.349020 0.337255 0.321569
62 0 6 0.349020 0.337255 0.321569
63 0 6 0.349020 0.337255 0.321569
64 0 6 0.349020 0.337255 0.321569
49 0 5 0.349020 0.337255 0.321569
50 0 5 0.349020 0.337255 0.321569
51 0 5 0.349020 0.337255 0.321569
52 0 5 0.349020 0.337255 0.321569
53 0 5 0.349020 0.337255 0.321569
54 0 5 0.349020 0.337255 0.321569
55 0 5 0.349020 0.337255 0.321569
56 0 5 0.349020 0.337255 0.321569
57 0 5 0.349020 0.337255 0.321569
58 0 5 0.349020 0.337255 0.321569
59 0 5 0.349020 0.337255 0.321569
60 0 5 0.349020 0.337255 0.321569
61 0 5 0.349020 0.337255 0.321569
62 0 5 0.349020 0.337255 0.321569
63 0 5 0.349020 0.337255 0.321569
64 0 5 0.349020 0.337255 0.321569
49 0 4 0.349020 0.337255 0.321569
50 0 4 0.349020 0.337255 0.321569
51 0 4 0.349020 0.337255 0.321569
52 0 4 0.349020 0.337255 0.321569
53 0 4 0.349020 0.337255 0.321569
54 0 4 0.349020 0.337255 0.321569
55 0 4 0.349020 0.337255 0.321569
56 0 4 0.349020 0.337255 0.321569
57 0 4 0.349020 0.337255 0.321569
58 0 4 0.349020 0.337255 0.321569
59 0 4 0.349020 0.337255 0.321569
60 0 4 0.349020 0.337255 0.321569
61 0 4 0.349020 0.337255 0.321569
62 0 4 0.349020 0.337255 0.321569
63 0 4 0.349020 0.337255 0.321569
64 0 4 0.349020 0.337255 0.321569
49 0 3 0.349020 0.337255 0.321569
50 0 3 0.349020 0.337255 0.321569
51 0 3 0.349020 0.337255 0.321569
52 0 3 0.349020 0.337255 0.321569
53 0 3 0.349020 0.337255 0.321569
54 0 3 0.349020 0.337255 0.321569
55 0 3 0.349020 0.337255 0.321569
56 0 3 0.349020 0.337255 0.321569
57 0 3 0.349020 0.337255 0.321569
58 0 3 0.349020 0.337255 0.321569
59 0 3 0.349020 0.337255 0.321569
60 0 3 0.349020 0.337255 0.321569
61 0 3 0.349020 0.337255 0.321569
62 0 3 0.349020 0.337255 0.321569
63 0 3 0.349020 0.337255 0.321569
64 0 3 0.349020 0.337255 0.321569
49 0 2 0.349020 0.337255 0.321569
50 0 2 0.349020 0.337255 0.321569
51 0 2 0.349020 0.337255 0.321569
52 0 2 0.349020 0.337255 0.321569
53 0 2 0.349020 0.337255 0.321569
54 0 2 0.349020 0.337255 0.321569
55 0 2 0.349020 0.337255 0.321569
56 0 2 0.349020 0.337255 0.321569
57 0 2 0.349020 0.337255 0.321569
58 0 2 0.349020 0.337255 0.321569
59 0 2 0.349020 0.337255 0.321569
60 0 2 0.349020 0.337255 0.321569
61 0 2 0.349020 0.337255 0.321569
62 0 2 0.349020 0.337255 0.321569
63 0 2 0.349020 0.337255 0.321569
64 0 2 0.349020 0.337255 0.321569
49 0 1 0.349020 0.337255 0.321569
50 0 1 0.349020 0.337255 0.321569
51 0 1 0.349020 0.337255 0.321569
52 0 1 0.349020 0.337255 0.321569
53 0 1 0.349020 0.337255 0.321569
54 0 1 0.349020 0.337255 0.321569
55 0 1 0.349020 0.337255 0.321569
56 0 1 0.349020 0.337255 0.321569
57 0 1 0.349020 0.337255 0.321569
58 0 1 0.349020 0.337255 0.321569
59 0 1 0.349020 0.337255 0.321569
60 0 1 0.349020 0.337255 0.321569
61 0 1 0.349020 0.337255 0.321569
62 0 1 0.349020 0.337255 0.321569
63 0 1 0.349020 0.337255 0.321569
64 0 1 0.349020 0.337255 0.321569
49 0 0 0.349020 0.337255 0.321569
50 0 0 0.349020 0.337255 0.321569
51 0 0 0.349020 0.337255 0.321569
52 0 0 0.349020 0.337255 0.321569
53 0 0 0.349020 0.337255 0.321569
54 0 0 0.349020 0.337255 0.321569
55 0 0 0.349020 0.337255 0.321569
56 0 0 0.349020 0.337255 0.321569
57 0 0 0.349020 0.337255 0.321569
58 0 0 0.349020 0.337255 0.321569
59 0 0 0.349020 0.337255 0.321569
60 0 0 0.349020 0.337255 0.321569
61 0 0 0.349020 0.337255 0.321569
62 0 0 0.349020 0.337255 0.321569
63 0 0 0.349020 0.337255 0.321569
64 0 0 0.349020 0.337255 0.321569
49 1 15 0.349020 0.337255 0.321569
49 2 15 0.349020 0.337255 0.321569
50 1 15 0.349020 0.337255 0.321569
50 2 15 0.349020 0.337255 0.321569
51 1 15 0.349020 0.337255 0.321569
51 2 15 0.349020 0.337255 0.321569
52 1 15 0.349020 0.337255 0.321569
52 2 15 0.349020 0.337255 0.321569
53 1 15 0.349020 0.337255 0.321569
53 2 15 0.349020 0.337255 0.321569
54 1 15 0.349020 0.337255 0.321569
54 2 15 0.349020 0.337255 0.321569
55 1 15 0.349020 0.337255 0.321569
55 2 15 0.349020 0.337255 0.321569
56 1 15 0.349020 0.337255 0.321569
56 2 15 0.349020 0.337255 0.321569
57 1 15 0.349020 0.337255 0.321569
57 2 15 0.349020 0.337255 0.321569
58 1 15 0.349020 0.337255 0.321569
58 2 15 0.349020 0.337255 0.321569
59 1 15 0.349020 0.337255 0.321569
59 2 15 0.349020 0.337255 0.321569
60 1 15 0.349020 0.337255 0.321569
60 2 15 0.349020 0.337255 0.321569
61 1 15 0.349020 0.337255 0.321569
61 2 15 0.349020 0.337255 0.321569
62 1 15 0.349020 0.337255 0.321569
62 2 15 0.349020 0.337255 0.321569
63 1 15 0.349020 0.337255 0.321569
63 2 15 0.349020 0.337255 0.321569
64 1 15 0.349020 0.337255 0.321569
64 2 15 0.349020 0.337255 0.321569
49 2 16 0.349020 0.337255 0.321569
49 3 16 0.349020 0.337255 0.321569
50 2 16 0.349020 0.337255 0.321569
50 3 16 0.349020 0.337255 0.321569
51 2 16 0.349020 0.337255 0.321569
51 3 16 0.349020 0.337255 0.321569
52 2 16 0.349020 0.337255 0.321569
52 3 16 0.349020 0.337255 0.321569
53 2 16 0.349020 0.337255 0.321569
53 3 16 0.349020 0.337255 0.321569
54 2 16 0.349020 0.337255 0.321569
54 3 16 0.349020 0.337255 0.321569
55 2 16 0.349020 0.337255 0.321569
55 3 16 0.349020 0.337255 0.321569
56 2 16 0.349020 0.337255 0.321569
56 3 16 0.349020 0.337255 0.321569
57 2 16 0.349020 0.337255 0.321569
57 3 16 0.349020 0.337255 0.321569
58 2 16 0.349020 0.337255 0.321569
58 3 16 0.349020 0.337255 0.321569
59 2 16 0.349020 0.337255 0.321569
59 3 16 0.349020 0.337255 0.321569
60 2 16 0.349020 0.337255 0.321569
60 3 16 0.349020 0.337255 0.321569
61 2 16 0.349020 0.337255 0.321569
61 3 16 0.349020 0.337255 0.321569
62 2 16 0.349020 0.337255 0.321569
62 3 16 0.349020 0.337255 0.321569
63 2 16 0.349020 0.337255 0.321569
63 3 16 0.349020 0.337255 0.321569
64 2 16 0.349020 0.337255 0.321569
64 3 16 0.349020 0.337255 0.321569
49 4 16 0.349020 0.337255 0.321569
49 4 15 0.349020 0.337255 0.321569
50 4 16 0.349020 0.337255 0.321569
50 4 15 0.349020 0.337255 0.321569
51 4 16 0.349020 0.337255 0.321569
51 4 15 0.349020 0.337255 0.321569
52 4 16 0.349020 0.337255 0.321569
52 4 15 0.349020 0.337255 0.321569
53 4 16 0.349020 0.337255 0.321569
53 4 15 0.349020 0.337255 0.321569
54 4 16 0.349020 0.337255 0.321569
54 4 15 0.349020 0.337255 0.321569
55 4 16 0.349020 0.337255 0.321569
55 4 15 0.349020 0.337255 0.321569
56 4 16 0.349020 0.337255 0.321569
56 4 15 0.349020 0.337255 0.321569
57 4 16 0.349020 0.337255 0.321569
57 4 15 0.349020 0.337255 0.321569
58 4 16 0.349020 0.337255 0.321569
58 4 15 0.349020 0.337255 0.321569
59 4 16 0.349020 0.337255 0.321569
59 4 15 0.349020 0.337255 0.321569
60 4 16 0.349020 0.337255 0.321569
60 4 15 0.349020 0.337255 0.321569
61 4 16 0.349020 0.337255 0.321569
61 4 15 0.349020 0.337255 0.321569
62 4 16 0.349020 0.337255 0.321569
62 4 15 0.349020 0.337255 0.321569
63 4 16 0.349020 0.337255 0.321569
63 4 15 0.349020 0.337255 0.321569
64 4 16 0.349020 0.337255 0.321569
64 4 15 0.349020 0.337255 0.321569
49 4 14 0.349020 0.337255 0.321569
50 4 14 0.349020 0.337255 0.321569
51 4 14 0.349020 0.337255 0.321569
52 4 14 0.349020 0.337255 0.321569
53 4 14 0.349020 0.337255 0.321569
54 4 14 0.349020 0.337255 0.321569
55 4 14 0.349020 0.337255 0.321569
56 4 14 0.349020 0.337255 0.321569
57 4 14 0.349020 0.337255 0.321569
58 4 14 0.349020 0.337255 0.321569
59 4 14 0.349020 0.337255 0.321569
60 4 14 0.349020 0.337255 0.321569
61 4 14 0.349020 0.337255 0.321569
62 4 14 0.349020 0.337255 0.321569
63 4 14 0.349020 0.337255 0.321569
64 4 14 0.349020 0.337255 0.321569
49 5 14 0.349020 0.337255 0.321569
49 5 13 0.349020 0.337255 0.321569
50 5 14 0.349020 0.337255 0.321569
50 5 13 0.349020 0.337255 0.321569
51 5 14 0.349020 0.337255 0.321569
51 5 13 0.349020 0.337255 0.321569
52 5 14 0.349020 0.337255 0.321569
52 5 13 0.349020 0.337255 0.321569
53 5 14 0.349020 0.337255 0.321569
53 5 13 0.349020 0.337255 0.321569
54 5 14 0.349020 0.337255 0.321569
54 5 13 0.349020 0.337255 0.321569
55 5 14 0.349020 0.337255 0.321569
55 5 13 0.349020 0.337255 0.321569
56 5 14 0.349020 0.337255 0.321569
56 5 13 0.349020 0.337255 0.321569
57 5 14 0.349020 0.337255 0.321569
57 5 13 0.349020 0.337255 0.321569
58 5 14 0.349020 0.337255 0.321569
58 5 13 0.349020 0.337255 0.321569
59 5 14 0.349020 0.337255 0.321569
59 5 13 0.349020 0.337255 0.321569
60 5 14 0.349020 0.337255 0.321569
60 5 13 0.349020 0.337255 0.321569
61 5 14 0.349020 0.337255 0.321569
61 5 13 0.349020 0.337255 0.321569
62 5 14 0.349020 0.337255 0.321569
62 5 13 0.349020 0.337255 0.321569
63 5 14 0.349020 0.337255 0.321569
63 5 13 0.349020 0.337255 0.321569
64 5 14 0.349020 0.337255 0.321569
64 5 13 0.349020 0.337255 0.321569
49 6 13 0.349020 0.337255 0.321569
49 6 12 0.349020 0.337255 0.321569
50 6 13 0.349020 0.337255 0.321569
50 6 12 0.349020 0.337255 0.321569
51 6 13 0.349020 0.337255 0.321569
51 6 12 0.349020 0.337255 0.321569
52 6 13 0.349020 0.337255 0.321569
52 6 12 0.349020 0.337255 0.321569
53 6 13 0.349020 0.337255 0.321569
53 6 12 0.349020 0.337255 0.321569
54 6 13 0.349020 0.337255 0.321569
54 6 12 0.349020 0.337255 0.321569
55 6 13 0.349020 0.337255 0.321569
55 6 12 0.349020 0.337255 0.321569
56 6 13 0.349020 0.337255 0.321569
56 6 12 0.349020 0.337255 0.321569
57 6 13 0.349020 0.337255 0.321569
57 6 12 0.349020 0.337255 0.321569
58 6 13 0.349020 0.337255 0.321569
58 6 12 0.349020 0.337255 0.321569
59 6 13 0.349020 0.337255 0.321569
59 6 12 0.349020 0.337255 0.321569
60 6 13 0.349020 0.337255 0.321569
60 6 12 0.349020 0.337255 0.321569
61 6 13 0.349020 0.337255 0.321569
61 6 12 0.349020 0.337255 0.321569
62 6 13 0.349020 0.337255 0.321569
62 6 12 0.349020 0.337255 0.321569
63 6 13 0.349020 0.337255 0.321569
63 6 12 0.349020 0.337255 0.321569
64 6 13 0.349020 0.337255 0.321569
64 6 12 0.349020 0.337255 0.321569
49 6 11 0.349020 0.337255 0.321569
50 6 11 0.349020 0.337255 0.321569
51 6 11 0.349020 0.337255 0.321569
52 6 11 0.349020 0.337255 0.321569
53 6 11 0.349020 0.337255 0.321569
54 6 11 0.349020 0.337255 0.321569
55 6 11 0.349020 0.337255 0.321569
56 6 11 0.349020 0.337255 0.321569
57 6 11 0.349020 0.337255 0.321569
58 6 11 0.349020 0.337255 0.321569
59 6 11 0.349020 0.337255 0.321569
60 6 11 0.349020 0.337255 0.321569
61 6 11 0.349020 0.337255 0.321569
62 6 11 0.349020 0.337255 0.321569
63 6 11 0.349020 0.337255 0.321569
64 6 11 0.349020 0.337255 0.321569
49 6 10 0.349020 0.337255 0.321569
50 6 10 0.349020 0.337255 0.321569
51 6 10 0.349020 0.337255 0.321569
52 6 10 0.349020 0.337255 0.321569
53 6 10 0.349020 0.337255 0.321569
54 6 10 0.349020 0.337255 0.321569
55 6 10 0.349020 0.337255 0.321569
56 6 10 0.349020 0.337255 0.321569
57 6 10 0.349020 0.337255 0.321569
58 6 10 0.349020 0.337255 0.321569
59 6 10 0.349020 0.337255 0.321569
60 6 10 0.349020 0.337255 0.321569
61 6 10 0.349020 0.337255 0.321569
62 6 11 1.000000 1.000000 1.000000
62 6 10 1.000000 1.000000 1.000000
61 6 10 1.000000 1.000000 1.000000
61 6 11 1.000000 1.000000 1.000000
63 6 11 1.000000 1.000000 1.000000
63 6 10 1.000000 1.000000 1.000000
64 6 11 1.000000 1.000000 1.000000
64 6 10 1.000000 1.000000 1.000000
49 6 9 0.349020 0.337255 0.321569
50 6 9 0.349020 0.337255 0.321569
51 6 9 0.349020 0.337255 0.321569
52 6 9 0.349020 0.337255 0.321569
53 6 9 0.349020 0.337255 0.321569
54 6 9 0.349020 0.337255 0.321569
55 6 9 0.349020 0.337255 0.321569
56 6 9 0.349020 0.337255 0.321569
57 6 9 0.349020 0.337255 0.321569
58 6 9 0.349020 0.337255 0.321569
59 6 9 0.349020 0.337255 0.321569
60 6 9 0.349020 0.337255 0.321569
61 6 9 1.000000 1.000000 1.000000
60 6 9 1.000000 1.000000 1.000000
60 6 10 1.000000 1.000000 1.000000
62 6 9 1.000000 1.000000 1.000000
63 6 9 1.000000 1.000000 1.000000
64 6 9 1.000000 1.000000 1.000000
49 6 8 0.349020 0.337255 0.321569
50 6 8 0.349020 0.337255 0.321569
51 6 8 0.349020 0.337255 0.321569
52 6 8 0.349020 0.337255 0.321569
53 6 8 0.349020 0.337255 0.321569
54 6 8 0.349020 0.337255 0.321569
55 6 8 0.349020 0.337255 0.321569
56 6 8 0.349020 0.337255 0.321569
57 6 8 0.349020 0.337255 0.321569
58 6 8 0.349020 0.337255 0.321569
59 6 8 0.349020 0.337255 0.321569
60 6 8 0.349020 0.337255 0.321569
61 6 8 1.000000 1.000000 1.000000
60 6 8 1.000000 1.000000 1.000000
62 6 8 1.000000 1.000000 1.000000
63 6 8 1.000000 1.000000 1.000000
64 6 8 1.000000 1.000000 1.000000
49 6 7 0.349020 0.337255 0.321569
50 6 7 0.349020 0.337255 0.321569
51 6 7 0.349020 0.337255 0.321569
52 6 7 0.349020 0.337255 0.321569
53 6 7 0.349020 0.337255 0.321569
54 6 7 0.349020 0.337255 0.321569
55 6 7 0.349020 0.337255 0.321569
56 6 7 0.349020 0.337255 0.321569
57 6 7 0.349020 0.337255 0.321569
58 6 7 0.349020 0.337255 0.321569
59 6 7 0.349020 0.337255 0.321569
60 6 7 0.349020 0.337255 0.321569
61 6 7 1.000000 1.000000 1.000000
60 6 7 1.000000 1.000000 1.000000
62 6 7 1.000000 1.000000 1.000000
63 6 7 1.000000 1.000000 1.000000
64 6 7 1.000000 1.000000 1.000000
49 6 6 0.349020 0.337255 0.321569
50 6 6 0.349020 0.337255 0.321569
51 6 6 0.349020 0.337255 0.321569
52 6 6 0.349020 0.337255 0.321569
53 6 6 0.349020 0.337255 0.321569
54 6 6 0.349020 0.337255 0.321569
55 6 6 0.349020 0.337255 0.321569
56 6 6 0.349020 0.337255 0.321569
57 6 6 0.349020 0.337255 0.321569
58 6 6 0.349020 0.337255 0.321569
59 6 6 0.349020 0.337255 0.321569
60 6 6 0.349020 0.337255 0.321569
61 6 6 1.000000 1.000000 1.000000
60 6 6 1.000000 1.000000 1.000000
62 6 6 1.000000 1.000000 1.000000
63 6 6 1.000000 1.000000 1.000000
64 6 6 1.000000 1.000000 1.000000
49 6 5 0.349020 0.337255 0.321569
50 6 5 0.349020 0.337255 0.321569
51 6 5 0.349020 0.337255 0.321569
52 6 5 0.349020 0.337255 0.321569
53 6 5 0.349020 0.337255 0.321569
54 6 5 0.349020 0.337255 0.321569
55 6 5 0.349020 0.337255 0.321569
56 6 5 0.349020 0.337255 0.321569
57 6 5 0.349020 0.337255 0.321569
58 6 5 0.349020 0.337255 0.321569
59 6 5 0.349020 0.337255 0.321569
60 6 5 0.349020 0.337255 0.321569
61 6 5 1.000000 1.000000 1.000000
60 6 5 1.000000 1.000000 1.000000
62 6 5 1.000000 1.000000 1.000000
63 6 5 1.000000 1.000000 1.000000
64 6 5 1.000000 1.000000 1.000000
49 6 4 0.349020 0.337255 0.321569
50 6 4 0.349020 0.337255 0.321569
51 6 4 0.349020 0.337255 0.321569
52 6 4 0.349020 0.337255 0.321569
53 6 4 0.349020 0.337255 0.321569
54 6 4 0.349020 0.337255 0.321569
55 6 4 0.349020 0.337255 0.321569
56 6 4 0.349020 0.337255 0.321569
57 6 4 0.349020 0.337255 0.321569
58 6 4 0.349020 0.337255 0.321569
59 6 4 0.349020 0.337255 0.321569
60 6 4 0.349020 0.337255 0.321569
61 6 4 1.000000 1.000000 1.000000
60 6 4 1.000000 1.000000 1.000000
62 6 4 1.000000 1.000000 1.000000
63 6 4 1.000000 1.000000 1.000000
64 6 4 1.000000 1.000000 1.000000
49 6 3 0.349020 0.337255 0.321569
50 6 3 0.349020 0.337255 0.321569
51 6 3 0.349020 0.337255 0.321569
52 6 3 0.349020 0.337255 0.321569
53 6 3 0.349020 0.337255 0.321569
54 6 3 0.349020 0.337255 0.321569
55 6 3 0.349020 0.337255 0.321569
56 6 3 0.349020 0.337255 0.321569
57 6 3 0.349020 0.337255 0.321569
58 6 3 0.349020 0.337255 0.321569
59 6 3 0.349020 0.337255 0.321569
60 6 3 0.349020 0.337255 0.321569
61 6 3 1.000000 1.000000 1.000000
60 6 3 1.000000 1.000000 1.000000
62 6 3 1.000000 1.000000 1.000000
63 6 3 1.000000 1.000000 1.000000
64 6 3 1.000000 1.000000 1.000000
49 6 2 0.349020 0.337255 0.321569
50 6 2 0.349020 0.337255 0.321569
51 6 2 0.349020 0.337255 0.321569
52 6 2 0.349020 0.337255 0.321569
53 6 2 0.349020 0.337255 0.321569
54 6 2 0.349020 0.337255 0.321569
55 6 2 0.349020 0.337255 0.321569
56 6 2 0.349020 0.337255 0.321569
57 6 2 0.349020 0.337255 0.321569
58 6 2 0.349020 0.337255 0.321569
59 6 2 0.349020 0.337255 0.321569
60 6 2 0.349020 0.337255 0.321569
61 6 2 1.000000 1.000000 1.000000
60 6 2 1.000000 1.000000 1.000000
62 6 2 1.000000 1.000000 1.000000
63 6 2 1.000000 1.000000 1.000000
64 6 2 1.000000 1.000000 1.000000
49 6 1 0.349020 0.337255 0.321569
50 6 1 0.349020 0.337255 0.321569
51 6 1 0.349020 0.337255 0.321569
52 6 1 0.349020 0.337255 0.321569
53 6 1 0.349020 0.337255 0.321569
54 6 1 0.349020 0.337255 0.321569
55 6 1 0.349020 0.337255 0.321569
56 6 1 0.349020 0.337255 0.321569
57 6 1 0.349020 0.337255 0.321569
58 6 1 0.349020 0.337255 0.321569
59 6 1 0.349020 0.337255 0.321569
60 6 1 0.349020 0.337255 0.321569
61 6 1 1.000000 1.000000 1.000000
60 6 1 1.000000 1.000000 1.000000
62 6 1 1.000000 1.000000 1.000000
63 6 1 1.000000 1.000000 1.000000
64 6 1 1.000000 1.000000 1.000000
49 6 0 0.349020 0.337255 0.321569
50 6 0 0.349020 0.337255 0.321569
51 6 0 0.349020 0.337255 0.321569
52 6 0 0.349020 0.337255 0.321569
53 6 0 0.349020 0.337255 0.321569
54 6 0 0.349020 0.337255 0.321569
55 6 0 0.349020 0.337255 0.321569
56 6 0 0.349020 0.337255 0.321569
57 6 0 0.349020 0.337255 0.321569
58 6 0 0.349020 0.337255 0.321569
59 6 0 0.349020 0.337255 0.321569
60 6 0 0.349020 0.337255 0.321569
61 6 0 1.000000 1.000000 1.000000
60 6 0 1.000000 1.000000 1.000000
62 6 0 1.000000 1.000000 1.000000
63 6 0 1.000000 1.000000 1.000000
64 6 0 1.000000 1.000000 1.000000
65 0 14 0.349020 0.337255 0.321569
65 1 14 0.349020 0.337255 0.321569
65 0 13 0.349020 0.337255 0.321569
66 0 14 0.349020 0.337255 0.321569
66 1 14 0.349020 0.337255 0.321569
66 0 13 0.349020 0.337255 0.321569
67 0 14 0.349020 0.337255 0.321569
67 1 14 0.349020 0.337255 0.321569
67 0 13 0.349020 0.337255 0.321569
68 0 14 0.349020 0.337255 0.321569
68 1 14 0.349020 0.337255 0.321569
68 0 13 0.349020 0.337255 0.321569
69 0 14 0.349020 0.337255 0.321569
69 1 14 0.349020 0.337255 0.321569
69 0 13 0.349020 0.337255 0.321569
70 0 14 0.349020 0.337255 0.321569
70 1 14 0.349020 0.337255 0.321569
70 0 13 0.349020 0.337255 0.321569
71 0 14 0.349020 0.337255 0.321569
71 1 14 0.349020 0.337255 0.321569
71 0 13 0.349020 0.337255 0.321569
72 0 14 0.349020 0.337255 0.321569
72 1 14 0.349020 0.337255 0.321569
72 0 13 0.349020 0.337255 0.321569
73 0 14 0.349020 0.337255 0.321569
73 1 14 0.349020 0.337255 0.321569
73 0 13 0.349020 0.337255 0.321569
74 0 14 0.349020 0.337255 0.321569
74 1 14 0.349020 0.337255 0.321569
74 0 13 0.349020 0.337255 0.321569
75 0 14 0.349020 0.337255 0.321569
75 1 14 0.349020 0.337255 0.321569
75 0 13 0.349020 0.337255 0.321569
76 0 14 0.349020 0.337255 0.321569
76 1 14 0.349020 0.337255 0.321569
76 0 13 0.349020 0.337255 0.321569
77 0 14 0.349020 0.337255 0.321569
77 1 14 0.349020 0.337255 0.321569
77 0 13 0.349020 0.337255 0.321569
78 0 14 0.349020 0.337255 0.321569
78 1 14 0.349020 0.337255 0.321569
78 0 13 0.349020 0.337255 0.321569
78 1 13 0.349020 0.337255 0.321569
65 0 12 0.349020 0.337255 0.321569
66 0 12 0.349020 0.337255 0.321569
67 0 12 0.349020 0.337255 0.321569
68 0 12 0.349020 0.337255 0.321569
69 0 12 0.349020 0.337255 0.321569
70 0 12 0.349020 0.337255 0.321569
71 0 12 0.349020 0.337255 0.321569
72 0 12 0.349020 0.337255 0.321569
73 0 12 0.349020 0.337255 0.321569
74 0 12 0.349020 0.337255 0.321569
75 0 12 0.349020 0.337255 0.321569
76 0 12 0.349020 0.337255 0.321569
77 0 12 0.349020 0.337255 0.321569
78 0 12 0.349020 0.337255 0.321569
78 1 12 0.349020 0.337255 0.321569
65 0 11 0.349020 0.337255 0.321569
66 0 11 0.349020 0.337255 0.321569
67 0 11 0.349020 0.337255 0.321569
68 0 11 0.349020 0.337255 0.321569
69 0 11 0.349020 0.337255 0.321569
70 0 11 0.349020 0.337255 0.321569
71 0 11 0.349020 0.337255 0.321569
72 0 11 0.349020 0.337255 0.321569
73 0 11 0.349020 0.337255 0.321569
74 0 11 0.349020 0.337255 0.321569
75 0 11 0.349020 0.337255 0.321569
76 0 11 0.349020 0.337255 0.321569
77 0 11 0.349020 0.337255 0.321569
78 0 11 0.349020 0.337255 0.321569
78 1 11 0.349020 0.337255 0.321569
65 0 10 0.349020 0.337255 0.321569
66 0 10 0.349020 0.337255 0.321569
67 0 10 0.349020 0.337255 0.321569
68 0 10 0.349020 0.337255 0.321569
69 0 10 0.349020 0.337255 0.321569
70 0 10 0.349020 0.337255 0.321569
71 0 10 0.349020 0.337255 0.321569
72 0 10 0.349020 0.337255 0.321569
73 0 10 0.349020 0.337255 0.321569
74 0 10 0.349020 0.337255 0.321569
75 0 10 0.349020 0.337255 0.321569
76 0 10 0.349020 0.337255 0.321569
77 0 10 0.349020 0.337255 0.321569
78 0 10 0.349020 0.337255 0.321569
78 1 10 0.349020 0.337255 0.321569
65 0 9 0.349020 0.337255 0.321569
66 0 9 0.349020 0.337255 0.321569
67 0 9 0.349020 0.337255 0.321569
68 0 9 0.349020 0.337255 0.321569
69 0 9 0.349020 0.337255 0.321569
70 0 9 0.349020 0.337255 0.321569
71 0 9 0.349020 0.337255 0.321569
72 0 9 0.349020 0.337255 0.321569
73 0 9 0.349020 0.337255 0.321569
74 0 9 0.349020 0.337255 0.321569
75 0 9 0.349020 0.337255 0.321569
76 0 9 0.349020 0.337255 0.321569
77 0 9 0.349020 0.337255 0.321569
78 0 9 0.349020 0.337255 0.321569
78 1 9 0.349020 0.337255 0.321569
65 0 8 0.349020 0.337255 0.321569
66 0 8 0.349020 0.337255 0.321569
67 0 8 0.349020 0.337255 0.321569
68 0 8 0.349020 0.337255 0.321569
69 0 8 0.349020 0.337255 0.321569
70 0 8 0.349020 0.337255 0.321569
71 0 8 0.349020 0.337255 0.321569
72 0 8 0.349020 0.337255 0.321569
73 0 8 0.349020 0.337255 0.321569
74 0 8 0.349020 0.337255 0.321569
75 0 8 0.349020 0.337255 0.321569
76 0 8 0.349020 0.337255 0.321569
77 0 8 0.349020 0.337255 0.321569
78 0 8 0.349020 0.337255 0.321569
78 1 8 0.349020 0.337255 0.321569
65 0 7 0.349020 0.337255 0.321569
66 0 7 0.349020 0.337255 0.321569
67 0 7 0.349020 0.337255 0.321569
68 0 7 0.349020 0.337255 0.321569
69 0 7 0.349020 0.337255 0.321569
70 0 7 0.349020 0.337255 0.321569
71 0 7 0.349020 0.337255 0.321569
72 0 7 0.349020 0.337255 0.321569
73 0 7 0.349020 0.337255 0.321569
74 0 7 0.349020 0.337255 0.321569
75 0 7 0.349020 0.337255 0.321569
76 0 7 0.349020 0.337255 0.321569
77 0 7 0.349020 0.337255 0.321569
78 0 7 0.349020 0.337255 0.321569
78 1 7 0.349020 0.337255 0.321569
65 0 6 0.349020 0.337255 0.321569
66 0 6 0.349020 0.337255 0.321569
67 0 6 0.349020 0.337255 0.321569
68 0 6 0.349020 0.337255 0.321569
69 0 6 0.349020 0.337255 0.321569
70 0 6 0.349020 0.337255 0.321569
71 0 6 0.349020 0.337255 0.321569
72 0 6 0.349020 0.337255 0.321569
73 0 6 0.349020 0.337255 0.321569
74 0 6 0.349020 0.337255 0.321569
75 0 6 0.349020 0.337255 0.321569
76 0 6 0.349020 0.337255 0.321569
77 0 6 0.349020 0.337255 0.321569
78 0 6 0.349020 0.337255 0.321569
78 1 6 0.349020 0.337255 0.321569
65 0 5 0.349020 0.337255 0.321569
66 0 5 0.349020 0.337255 0.321569
67 0 5 0.349020 0.337255 0.321569
68 0 5 0.349020 0.337255 0.321569
69 0 5 0.349020 0.337255 0.321569
70 0 5 0.349020 0.337255 0.321569
71 0 5 0.349020 0.337255 0.321569
72 0 5 0.349020 0.337255 0.321569
73 0 5 0.349020 0.337255 0.321569
74 0 5 0.349020 0.337255 0.321569
75 0 5 0.349020 0.337255 0.321569
76 0 5 0.349020 0.337255 0.321569
77 0 5 0.349020 0.337255 0.321569
78 0 5 0.349020 0.337255 0.321569
78 1 5 0.349020 0.337255 0.321569
65 0 4 0.349020 0.337255 0.321569
66 0 4 0.349020 0.337255 0.321569
67 0 4 0.349020 0.337255 0.321569
68 0 4 0.349020 0.337255 0.321569
69 0 4 0.349020 0.337255 0.321569
70 0 4 0.349020 0.337255 0.321569
71 0 4 0.349020 0.337255 0.321569
72 0 4 0.349020 0.337255 0.321569
73 0 4 0.349020 0.337255 0.321569
74 0 4 0.349020 0.337255 0.321569
75 0 4 0.349020 0.337255 0.321569
76 0 4 0.349020 0.337255 0.321569
77 0 4 0.349020 0.337255 0.321569
78 0 4 0.349020 0.337255 0.321569
78 1 4 0.349020 0.337255 0.321569
65 0 3 0.349020 0.337255 0.321569
66 0 3 0.349020 0.337255 0.321569
67 0 3 0.349020 0.337255 0.321569
68 0 3 0.349020 0.337255 0.321569
69 0 3 0.349020 0.337255 0.321569
70 0 3 0.349020 0.337255 0.321569
71 0 3 0.349020 0.337255 0.321569
72 0 3 0.349020 0.337255 0.321569
73 0 3 0.349020 0.337255 0.321569
74 0 3 0.349020 0.337255 0.321569
75 0 3 0.349020 0.337255 0.321569
76 0 3 0.349020 0.337255 0.321569
77 0 3 0.349020 0.337255 0.321569
78 0 3 0.349020 0.337255 0.321569
78 1 3 0.349020 0.337255 0.321569
65 0 2 0.349020 0.337255 0.321569
66 0 2 0.349020 0.337255 0.321569
67 0 2 0.349020 0.337255 0.321569
68 0 2 0.349020 0.337255 0.321569
69 0 2 0.349020 0.337255 0.321569
70 0 2 0.349020 0.337255 0.321569
71 0 2 0.349020 0.337255 0.321569
72 0 2 0.349020 0.337255 0.321569
73 0 2 0.349020 0.337255 0.321569
74 0 2 0.349020 0.337255 0.321569
75 0 2 0.349020 0.337255 0.321569
76 0 2 0.349020 0.337255 0.321569
77 0 2 0.349020 0.337255 0.321569
78 0 2 0.349020 0.337255 0.321569
78 1 2 0.349020 0.337255 0.321569
65 0 1 0.349020 0.337255 0.321569
66 0 1 0.349020 0.337255 0.321569
67 0 1 0.349020 0.337255 0.321569
68 0 1 0.349020 0.337255 0.321569
69 0 1 0.349020 0.337255 0.321569
70 0 1 0.349020 0.337255 0.321569
71 0 1 0.349020 0.337255 0.321569
72 0 1 0.349020 0.337255 0.321569
73 0 1 0.349020 0.337255 0.321569
74 0 1 0.349020 0.337255 0.321569
75 0 1 0.349020 0.337255 0.321569
76 0 1 0.349020 0.337255 0.321569
77 0 1 0.349020 0.337255 0.321569
78 0 1 0.349020 0.337255 0.321569
78 1 1 0.349020 0.337255 0.321569
65 0 0 0.349020 0.337255 0.321569
66 0 0 0.349020 0.337255 0.321569
67 0 0 0.349020 0.337255 0.321569
68 0 0 0.349020 0.337255 0.321569
69 0 0 0.349020 0.337255 0.321569
70 0 0 0.349020 0.337255 0.321569
71 0 0 0.349020 0.337255 0.321569
72 0 0 0.349020 0.337255 0.321569
73 0 0 0.349020 0.337255 0.321569
74 0 0 0.349020 0.337255 0.321569
75 0 0 0.349020 0.337255 0.321569
76 0 0 0.349020 0.337255 0.321569
77 0 0 0.349020 0.337255 0.321569
78 0 0 0.349020 0.337255 0.321569
78 1 0 0.349020 0.337255 0.321569
65 1 15 0.349020 0.337255 0.321569
65 2 15 0.349020 0.337255 0.321569
66 1 15 0.349020 0.337255 0.321569
66 2 15 0.349020 0.337255 0.321569
67 1 15 0.349020 0.337255 0.321569
67 2 15 0.349020 0.337255 0.321569
68 1 15 0.349020 0.337255 0.321569
68 2 15 0.349020 0.337255 0.321569
69 1 15 0.349020 0.337255 0.321569
69 2 15 0.349020 0.337255 0.321569
70 1 15 0.349020 0.337255 0.321569
70 2 15 0.349020 0.337255 0.321569
71 1 15 0.349020 0.337255 0.321569
71 2 15 0.349020 0.337255 0.321569
72 1 15 0.349020 0.337255 0.321569
72 2 15 0.349020 0.337255 0.321569
73 1 15 0.349020 0.337255 0.321569
73 2 15 0.349020 0.337255 0.321569
74 1 15 0.349020 0.337255 0.321569
74 2 15 0.349020 0.337255 0.321569
75 1 15 0.349020 0.337255 0.321569
75 2 15 0.349020 0.337255 0.321569
76 1 15 0.349020 0.337255 0.321569
76 2 15 0.349020 0.337255 0.321569
77 1 15 0.349020 0.337255 0.321569
77 2 15 0.349020 0.337255 0.321569
78 1 15 0.349020 0.337255 0.321569
78 2 15 0.349020 0.337255 0.321569
79 1 15 0.349020 0.337255 0.321569
79 2 15 0.349020 0.337255 0.321569
79 1 14 0.349020 0.337255 0.321569
79 2 14 0.349020 0.337255 0.321569
79 1 13 0.349020 0.337255 0.321569
79 2 13 0.349020 0.337255 0.321569
79 1 12 0.349020 0.337255 0.321569
79 2 12 0.349020 0.337255 0.321569
79 1 11 0.349020 0.337255 0.321569
79 2 11 0.349020 0.337255 0.321569
79 1 10 0.349020 0.337255 0.321569
79 2 10 0.349020 0.337255 0.321569
79 1 9 0.349020 0.337255 0.321569
79 2 9 0.349020 0.337255 0.321569
79 1 8 0.349020 0.337255 0.321569
79 2 8 0.349020 0.337255 0.321569
79 1 7 0.349020 0.337255 0.321569
79 2 7 0.349020 0.337255 0.321569
79 1 6 0.349020 0.337255 0.321569
79 2 6 0.349020 0.337255 0.321569
79 1 5 0.349020 0.337255 0.321569
79 2 5 0.349020 0.337255 0.321569
79 1 4 0.349020 0.337255 0.321569
79 2 4 0.349020 0.337255 0.321569
79 1 3 0.349020 0.337255 0.321569
79 2 3 0.349020 0.337255 0.321569
79 1 2 0.349020 0.337255 0.321569
79 2 2 0.349020 0.337255 0.321569
79 1 1 0.349020 0.337255 0.321569
79 2 1 0.349020 0.337255 0.321569
79 1 0 0.349020 0.337255 0.321569
79 2 0 0.349020 0.337255 0.321569
65 2 16 0.349020 0.337255 0.321569
65 3 16 0.349020 0.337255 0.321569
66 2 16 0.349020 0.337255 0.321569
66 3 16 0.349020 0.337255 0.321569
67 2 16 0.349020 0.337255 0.321569
67 3 16 0.349020 0.337255 0.321569
68 2 16 0.349020 0.337255 0.321569
68 3 16 0.349020 0.337255 0.321569
69 2 16 0.349020 0.337255 0.321569
69 3 16 0.349020 0.337255 0.321569
70 2 16 0.349020 0.337255 0.321569
70 3 16 0.349020 0.337255 0.321569
71 2 16 0.349020 0.337255 0.321569
71 3 16 0.349020 0.337255 0.321569
72 2 16 0.349020 0.337255 0.321569
72 3 16 0.349020 0.337255 0.321569
73 2 16 0.349020 0.337255 0.321569
73 3 16 0.349020 0.337255 0.321569
74 2 16 0.349020 0.337255 0.321569
74 3 16 0.349020 0.337255 0.321569
75 2 16 0.349020 0.337255 0.321569
75 3 16 0.349020 0.337255 0.321569
76 2 16 0.349020 0.337255 0.321569
76 3 16 0.349020 0.337255 0.321569
77 2 16 0.349020 0.337255 0.321569
77 3 16 0.349020 0.337255 0.321569
78 2 16 0.349020 0.337255 0.321569
78 3 16 0.349020 0.337255 0.321569
79 2 16 0.349020 0.337255 0.321569
79 3 16 0.349020 0.337255 0.321569
80 2 16 0.349020 0.337255 0.321569
80 3 16 0.349020 0.337255 0.321569
80 2 15 0.349020 0.337255 0.321569
80 3 15 0.349020 0.337255 0.321569
80 2 14 0.349020 0.337255 0.321569
80 3 14 0.349020 0.337255 0.321569
80 2 13 0.349020 0.337255 0.321569
80 3 13 0.349020 0.337255 0.321569
80 2 12 0.349020 0.337255 0.321569
80 3 12 0.349020 0.337255 0.321569
80 2 11 0.349020 0.337255 0.321569
80 3 11 0.349020 0.337255 0.321569
80 2 10 0.349020 0.337255 0.321569
80 3 10 0.349020 0.337255 0.321569
80 2 9 0.349020 0.337255 0.321569
80 3 9 0.349020 0.337255 0.321569
80 2 8 0.349020 0.337255 0.321569
80 3 8 0.349020 0.337255 0.321569
80 2 7 0.349020 0.337255 0.321569
80 3 7 0.349020 0.337255 0.321569
80 2 6 0.349020 0.337255 0.321569
80 3 6 0.349020 0.337255 0.321569
80 2 5 0.349020 0.337255 0.321569
80 3 5 0.349020 0.337255 0.321569
80 2 4 0.349020 0.337255 0.321569
80 3 4 0.349020 0.337255 0.321569
80 2 3 0.349020 0.337255 0.321569
80 3 3 0.349020 0.337255 0.321569
80 2 2 0.349020 0.337255 0.321569
80 3 2 0.349020 0.337255 0.321569
80 2 1 0.349020 0.337255 0.321569
80 3 1 0.349020 0.337255 0.321569
80 2 0 0.349020 0.337255 0.321569
80 3 0 0.349020 0.337255 0.321569
65 4 16 0.349020 0.337255 0.321569
65 4 15 0.349020 0.337255 0.321569
66 4 16 0.349020 0.337255 0.321569
66 4 15 0.349020 0.337255 0.321569
67 4 16 0.349020 0.337255 0.321569
67 4 15 0.349020 0.337255 0.321569
68 4 16 0.349020 0.337255 0.321569
68 4 15 0.349020 0.337255 0.321569
69 4 16 0.349020 0.337255 0.321569
69 4 15 0.349020 0.337255 0.321569
70 4 16 0.349020 0.337255 0.321569
70 4 15 0.349020 0.337255 0.321569
71 4 16 0.349020 0.337255 0.321569
71 4 15 0.349020 0.337255 0.321569
72 4 16 0.349020 0.337255 0.321569
72 4 15 0.349020 0.337255 0.321569
73 4 16 0.349020 0.337255 0.321569
73 4 15 0.349020 0.337255 0.321569
74 4 16 0.349020 0.337255 0.321569
74 4 15 0.349020 0.337255 0.321569
75 4 16 0.349020 0.337255 0.321569
75 4 15 0.349020 0.337255 0.321569
76 4 16 0.349020 0.337255 0.321569
76 4 15 0.349020 0.337255 0.321569
77 4 16 0.349020 0.337255 0.321569
77 4 15 0.349020 0.337255 0.321569
78 4 16 0.349020 0.337255 0.321569
78 4 15 0.349020 0.337255 0.321569
79 4 16 0.349020 0.337255 0.321569
79 4 15 0.349020 0.337255 0.321569
80 4 16 0.349020 0.337255 0.321569
80 4 15 0.349020 0.337255 0.321569
65 4 14 0.349020 0.337255 0.321569
66 4 14 0.349020 0.337255 0.321569
67 4 14 0.349020 0.337255 0.321569
68 4 14 0.349020 0.337255 0.321569
69 4 14 0.349020 0.337255 0.321569
70 4 14 0.349020 0.337255 0.321569
71 4 14 0.349020 0.337255 0.321569
72 4 14 0.349020 0.337255 0.321569
73 4 14 0.349020 0.337255 0.321569
74 4 14 0.349020 0.337255 0.321569
75 4 14 0.349020 0.337255 0.321569
76 4 14 0.349020 0.337255 0.321569
77 4 14 0.349020 0.337255 0.321569
78 4 14 0.349020 0.337255 0.321569
79 4 14 0.349020 0.337255 0.321569
80 4 14 0.349020 0.337255 0.321569
78 4 13 0.349020 0.337255 0.321569
77 4 13 0.349020 0.337255 0.321569
79 4 13 0.349020 0.337255 0.321569
80 4 13 0.349020 0.337255 0.321569
78 4 12 0.349020 0.337255 0.321569
77 4 12 0.349020 0.337255 0.321569
79 4 12 0.349020 0.337255 0.321569
80 4 12 0.349020 0.337255 0.321569
78 4 11 0.349020 0.337255 0.321569
77 4 11 0.349020 0.337255 0.321569
79 4 11 0.349020 0.337255 0.321569
80 4 11 0.349020 0.337255 0.321569
78 4 10 0.349020 0.337255 0.321569
77 4 10 0.349020 0.337255 0.321569
79 4 10 0.349020 0.337255 0.321569
80 4 10 0.349020 0.337255 0.321569
78 4 9 0.349020 0.337255 0.321569
77 4 9 0.349020 0.337255 0.321569
79 4 9 0.349020 0.337255 0.321569
80 4 9 0.349020 0.337255 0.321569
78 4 8 0.349020 0.337255 0.321569
77 4 8 0.349020 0.337255 0.321569
79 4 8 0.349020 0.337255 0.321569
80 4 8 0.349020 0.337255 0.321569
78 4 7 0.349020 0.337255 0.321569
77 4 7 0.349020 0.337255 0.321569
79 4 7 0.349020 0.337255 0.321569
80 4 7 0.349020 0.337255 0.321569
78 4 6 0.349020 0.337255 0.321569
77 4 6 0.349020 0.337255 0.321569
79 4 6 0.349020 0.337255 0.321569
80 4 6 0.349020 0.337255 0.321569
78 4 5 0.349020 0.337255 0.321569
77 4 5 0.349020 0.337255 0.321569
79 4 5 0.349020 0.337255 0.321569
80 4 5 0.349020 0.337255 0.321569
78 4 4 0.349020 0.337255 0.321569
77 4 4 0.349020 0.337255 0.321569
79 4 4 0.349020 0.337255 0.321569
80 4 4 0.349020 0.337255 0.321569
78 4 3 0.349020 0.337255 0.321569
77 4 3 0.349020 0.337255 0.321569
79 4 3 0.349020 0.337255 0.321569
80 4 3 0.349020 0.337255 0.321569
78 4 2 0.349020 0.337255 0.321569
77 4 2 0.349020 0.337255 0.321569
79 4 2 0.349020 0.337255 0.321569
80 4 2 0.349020 0.337255 0.321569
78 4 1 0.349020 0.337255 0.321569
77 4 1 0.349020 0.337255 0.321569
79 4 1 0.349020 0.337255 0.321569
80 4 1 0.349020 0.337255 0.321569
78 4 0 0.349020 0.337255 0.321569
77 4 0 0.349020 0.337255 0.321569
79 4 0 0.349020 0.337255 0.321569
80 4 0 0.349020 0.337255 0.321569
65 5 14 0.349020 0.337255 0.321569
65 5 13 0.349020 0.337255 0.321569
66 5 14 0.349020 0.337255 0.321569
66 5 13 0.349020 0.337255 0.321569
67 5 14 0.349020 0.337255 0.321569
67 5 13 0.349020 0.337255 0.321569
68 5 14 0.349020 0.337255 0.321569
68 5 13 0.349020 0.337255 0.321569
69 5 14 0.349020 0.337255 0.321569
69 5 13 0.349020 0.337255 0.321569
70 5 14 0.349020 0.337255 0.321569
70 5 13 0.349020 0.337255 0.321569
71 5 14 0.349020 0.337255 0.321569
71 5 13 0.349020 0.337255 0.321569
72 5 14 0.349020 0.337255 0.321569
72 5 13 0.349020 0.337255 0.321569
73 5 14 0.349020 0.337255 0.321569
73 5 13 0.349020 0.337255 0.321569
74 5 14 0.349020 0.337255 0.321569
74 5 13 0.349020 0.337255 0.321569
75 5 14 0.349020 0.337255 0.321569
75 5 13 0.349020 0.337255 0.321569
76 5 14 0.349020 0.337255 0.321569
76 5 13 0.349020 0.337255 0.321569
77 5 14 0.349020 0.337255 0.321569
77 5 13 0.349020 0.337255 0.321569
75 5 12 0.349020 0.337255 0.321569
74 5 12 0.349020 0.337255 0.321569
76 5 12 0.349020 0.337255 0.321569
77 5 12 0.349020 0.337255 0.321569
75 5 11 0.349020 0.337255 0.321569
74 5 11 0.349020 0.337255 0.321569
76 5 11 0.349020 0.337255 0.321569
77 5 11 0.349020 0.337255 0.321569
75 5 10 0.349020 0.337255 0.321569
74 5 10 0.349020 0.337255 0.321569
76 5 10 0.349020 0.337255 0.321569
77 5 10 0.349020 0.337255 0.321569
75 5 9 0.349020 0.337255 0.321569
74 5 9 0.349020 0.337255 0.321569
76 5 9 0.349020 0.337255 0.321569
77 5 9 0.349020 0.337255 0.321569
75 5 8 0.349020 0.337255 0.321569
74 5 8 0.349020 0.337255 0.321569
76 5 8 0.349020 0.337255 0.321569
77 5 8 0.349020 0.337255 0.321569
75 5 7 0.349020 0.337255 0.321569
74 5 7 0.349020 0.337255 0.321569
76 5 7 0.349020 0.337255 0.321569
77 5 7 0.349020 0.337255 0.321569
75 5 6 0.349020 0.337255 0.321569
74 5 6 0.349020 0.337255 0.321569
76 5 6 0.349020 0.337255 0.321569
77 5 6 0.349020 0.337255 0.321569
75 5 5 0.349020 0.337255 0.321569
74 5 5 0.349020 0.337255 0.321569
76 5 5 0.349020 0.337255 0.321569
77 5 5 0.349020 0.337255 0.321569
75 5 4 0.349020 0.337255 0.321569
74 5 4 0.349020 0.337255 0.321569
76 5 4 0.349020 0.337255 0.321569
77 5 4 0.349020 0.337255 0.321569
75 5 3 0.349020 0.337255 0.321569
74 5 3 0.349020 0.337255 0.321569
76 5 3 0.349020 0.337255 0.321569
77 5 3 0.349020 0.337255 0.321569
75 5 2 0.349020 0.337255 0.321569
74 5 2 0.349020 0.337255 0.321569
76 5 2 0.349020 0.337255 0.321569
77 5 2 0.349020 0.337255 0.321569
75 5 1 0.349020 0.337255 0.321569
74 5 1 0.349020 0.337255 0.321569
76 5 1 0.349020 0.337255 0.321569
77 5 1 0.349020 0.337255 0.321569
75 5 0 0.349020 0.337255 0.321569
74 5 0 0.349020 0.337255 0.321569
76 5 0 0.349020 0.337255 0.321569
77 5 0 0.349020 0.337255 0.321569
65 6 13 0.349020 0.337255 0.321569
65 6 12 0.349020 0.337255 0.321569
66 6 13 0.349020 0.337255 0.321569
66 6 12 0.349020 0.337255 0.321569
67 6 13 0.349020 0.337255 0.321569
67 6 12 0.349020 0.337255 0.321569
68 6 13 0.349020 0.337255 0.321569
68 6 12 0.349020 0.337255 0.321569
69 6 13 0.349020 0.337255 0.321569
69 6 12 0.349020 0.337255 0.321569
70 6 13 0.349020 0.337255 0.321569
70 6 12 0.349020 0.337255 0.321569
71 6 13 0.349020 0.337255 0.321569
71 6 12 0.349020 0.337255 0.321569
72 6 13 0.349020 0.337255 0.321569
72 6 12 0.349020 0.337255 0.321569
73 6 13 0.349020 0.337255 0.321569
73 6 12 0.349020 0.337255 0.321569
74 6 13 0.349020 0.337255 0.321569
74 6 12 0.349020 0.337255 0.321569
65 6 11 0.349020 0.337255 0.321569
66 6 11 0.349020 0.337255 0.321569
67 6 11 0.349020 0.337255 0.321569
68 6 11 0.349020 0.337255 0.321569
69 6 11 0.349020 0.337255 0.321569
70 6 11 0.349020 0.337255 0.321569
71 6 11 0.349020 0.337255 0.321569
72 6 11 0.349020 0.337255 0.321569
73 6 11 0.349020 0.337255 0.321569
74 6 11 0.349020 0.337255 0.321569
65 6 11 1.000000 1.000000 1.000000
65 6 10 1.000000 1.000000 1.000000
66 6 11 1.000000 1.000000 1.000000
66 6 10 1.000000 1.000000 1.000000
67 6 11 1.000000 1.000000 1.000000
67 6 10 1.000000 1.000000 1.000000
68 6 11 1.000000 1.000000 1.000000
68 6 10 1.000000 1.000000 1.000000
69 6 11 1.000000 1.000000 1.000000
69 6 10 1.000000 1.000000 1.000000
70 6 11 1.000000 1.000000 1.000000
70 6 10 1.000000 1.000000 1.000000
71 6 11 1.000000 1.000000 1.000000
71 6 10 1.000000 1.000000 1.000000
72 6 10 0.349020 0.337255 0.321569
71 6 10 0.349020 0.337255 0.321569
73 6 10 0.349020 0.337255 0.321569
74 6 10 0.349020 0.337255 0.321569
65 6 9 1.000000 1.000000 1.000000
66 6 9 1.000000 1.000000 1.000000
67 6 9 1.000000 1.000000 1.000000
68 6 9 1.000000 1.000000 1.000000
69 6 9 1.000000 1.000000 1.000000
70 6 9 1.000000 1.000000 1.000000
71 6 9 1.000000 1.000000 1.000000
72 6 10 1.000000 1.000000 1.000000
72 6 9 1.000000 1.000000 1.000000
73 6 9 0.349020 0.337255 0.321569
72 6 9 0.349020 0.337255 0.321569
74 6 9 0.349020 0.337255 0.321569
65 6 8 1.000000 1.000000 1.000000
66 6 8 1.000000 1.000000 1.000000
67 6 8 1.000000 1.000000 1.000000
68 6 8 1.000000 1.000000 1.000000
69 6 8 1.000000 1.000000 1.000000
70 6 8 1.000000 1.000000 1.000000
71 6 8 1.000000 1.000000 1.000000
72 6 8 1.000000 1.000000 1.000000
73 6 8 0.349020 0.337255 0.321569
72 6 8 0.349020 0.337255 0.321569
74 6 8 0.349020 0.337255 0.321569
65 6 7 1.000000 1.000000 1.000000
66 6 7 1.000000 1.000000 1.000000
67 6 7 1.000000 1.000000 1.000000
68 6 7 1.000000 1.000000 1.000000
69 6 8 0.349020 0.337255 0.321569
69 6 7 0.349020 0.337255 0.321569
68 6 7 0.349020 0.337255 0.321569
68 6 8 0.349020 0.337255 0.321569
70 6 8 0.349020 0.337255 0.321569
70 6 7 0.349020 0.337255 0.321569
71 6 7 1.000000 1.000000 1.000000
70 6 7 1.000000 1.000000 1.000000
72 6 7 1.000000 1.000000 1.000000
73 6 7 0.349020 0.337255 0.321569
72 6 7 0.349020 0.337255 0.321569
74 6 7 0.349020 0.337255 0.321569
65 6 6 1.000000 1.000000 1.000000
66 6 6 1.000000 1.000000 1.000000
67 6 6 1.000000 1.000000 1.000000
68 6 6 0.349020 0.337255 0.321569
67 6 6 0.349020 0.337255 0.321569
67 6 7 0.349020 0.337255 0.321569
69 6 6 0.349020 0.337255 0.321569
70 6 6 0.349020 0.337255 0.321569
71 6 6 1.000000 1.000000 1.000000
70 6 6 1.000000 1.000000 1.000000
72 6 6 1.000000 1.000000 1.000000
73 6 6 0.349020 0.337255 0.321569
72 6 6 0.349020 0.337255 0.321569
74 6 6 0.349020 0.337255 0.321569
65 6 5 1.000000 1.000000 1.000000
66 6 5 1.000000 1.000000 1.000000
67 6 5 1.000000 1.000000 1.000000
68 6 5 0.349020 0.337255 0.321569
67 6 5 0.349020 0.337255 0.321569
69 6 5 0.349020 0.337255 0.321569
70 6 5 0.349020 0.337255 0.321569
71 6 5 1.000000 1.000000 1.000000
70 6 5 1.000000 1.000000 1.000000
72 6 5 1.000000 1.000000 1.000000
73 6 5 0.349020 0.337255 0.321569
72 6 5 0.349020 0.337255 0.321569
74 6 5 0.349020 0.337255 0.321569
65 6 4 1.000000 1.000000 1.000000
66 6 4 1.000000 1.000000 1.000000
67 6 4 1.000000 1.000000 1.000000
68 6 4 0.349020 0.337255 0.321569
67 6 4 0.349020 0.337255 0.321569
69 6 4 0.349020 0.337255 0.321569
70 6 4 0.349020 0.337255 0.321569
71 6 4 1.000000 1.000000 1.000000
70 6 4 1.000000 1.000000 1.000000
72 6 4 1.000000 1.000000 1.000000
73 6 4 0.349020 0.337255 0.321569
72 6 4 0.349020 0.337255 0.321569
74 6 4 0.349020 0.337255 0.321569
65 6 3 1.000000 1.000000 1.000000
66 6 3 1.000000 1.000000 1.000000
67 6 3 1.000000 1.000000 1.000000
68 6 3 0.349020 0.337255 0.321569
67 6 3 0.349020 0.337255 0.321569
69 6 3 0.349020 0.337255 0.321569
70 6 3 0.349020 0.337255 0.321569
71 6 3 1.000000 1.000000 1.000000
70 6 3 1.000000 1.000000 1.000000
72 6 3 1.000000 1.000000 1.000000
73 6 3 0.349020 0.337255 0.321569
72 6 3 0.349020 0.337255 0.321569
74 6 3 0.349020 0.337255 0.321569
65 6 2 1.000000 1.000000 1.000000
66 6 2 1.000000 1.000000 1.000000
67 6 2 1.000000 1.000000 1.000000
68 6 2 0.349020 0.337255 0.321569
67 6 2 0.349020 0.337255 0.321569
69 6 2 0.349020 0.337255 0.321569
70 6 2 0.349020 0.337255 0.321569
71 6 2 1.000000 1.000000 1.000000
70 6 2 1.000000 1.000000 1.000000
72 6 2 1.000000 1.000000 1.000000
73 6 2 0.349020 0.337255 0.321569
72 6 2 0.349020 0.337255 0.321569
74 6 2 0.349020 0.337255 0.321569
65 6 1 1.000000 1.000000 1.000000
66 6 1 1.000000 1.000000 1.000000
67 6 1 1.000000 1.000000 1.000000
68 6 1 0.349020 0.337255 0.321569
67 6 1 0.349020 0.337255 0.321569
69 6 1 0.349020 0.337255 0.321569
70 6 1 0.349020 0.337255 0.321569
71 6 1 1.000000 1.000000 1.000000
70 6 1 1.000000 1.000000 1.000000
72 6 1 1.000000 1.000000 1.000000
73 6 1 0.349020 0.337255 0.321569
72 6 1 0.349020 0.337255 0.321569
74 6 1 0.349020 0.337255 0.321569
65 6 0 1.000000 1.000000 1.000000
66 6 0 1.000000 1.000000 1.000000
67 6 0 1.000000 1.000000 1.000000
68 6 0 0.349020 0.337255 0.321569
67 6 0 0.349020 0.337255 0.321569
69 6 0 0.349020 0.337255 0.321569
70 6 0 0.349020 0.337255 0.321569
71 6 0 1.000000 1.000000 1.000000
70 6 0 1.000000 1.000000 1.000000
72 6 0 1.000000 1.000000 1.000000
73 6 0 0.349020 0.337255 0.321569
72 6 0 0.349020 0.337255 0.321569
74 6 0 0.349020 0.337255 0.321569
-14 0 0 0.349020 0.337255 0.321569
-14 0 -1 0.349020 0.337255 0.321569
-13 0 -1 0.349020 0.337255 0.321569
-13 0 0 0.349020 0.337255 0.321569
-14 1 0 0.349020 0.337255 0.321569
-14 1 -1 0.349020 0.337255 0.321569
-12 0 -1 0.349020 0.337255 0.321569
-12 0 0 0.349020 0.337255 0.321569
-11 0 -1 0.349020 0.337255 0.321569
-11 0 0 0.349020 0.337255 0.321569
-10 0 -1 0.349020 0.337255 0.321569
-10 0 0 0.349020 0.337255 0.321569
-9 0 -1 0.349020 0.337255 0.321569
-9 0 0 0.349020 0.337255 0.321569
-8 0 -1 0.349020 0.337255 0.321569
-8 0 0 0.349020 0.337255 0.321569
-7 0 -1 0.349020 0.337255 0.321569
-7 0 0 0.349020 0.337255 0.321569
-6 0 -1 0.349020 0.337255 0.321569
-6 0 0 0.349020 0.337255 0.321569
-5 0 -1 0.349020 0.337255 0.321569
-5 0 0 0.349020 0.337255 0.321569
-4 0 -1 0.349020 0.337255 0.321569
-4 0 0 0.349020 0.337255 0.321569
-3 0 -1 0.349020 0.337255 0.321569
-3 0 0 0.349020 0.337255 0.321569
-2 0 -1 0.349020 0.337255 0.321569
-2 0 0 0.349020 0.337255 0.321569
-1 0 -1 0.349020 0.337255 0.321569
-1 0 0 0.349020 0.337255 0.321569
0 0 -1 0.349020 0.337255 0.321569
0 0 0 0.349020 0.337255 0.321569
-14 0 -2 0.349020 0.337255 0.321569
-13 0 -2 0.349020 0.337255 0.321569
-14 1 -2 0.349020 0.337255 0.321569
-12 0 -2 0.349020 0.337255 0.321569
-11 0 -2 0.349020 0.337255 0.321569
-10 0 -2 0.349020 0.337255 0.321569
-9 0 -2 0.349020 0.337255 0.321569
-8 0 -2 0.349020 0.337255 0.321569
-7 0 -2 0.349020 0.337255 0.321569
-6 0 -2 0.349020 0.337255 0.321569
-5 0 -2 0.349020 0.337255 0.321569
-4 0 -2 0.349020 0.337255 0.321569
-3 0 -2 0.349020 0.337255 0.321569
-2 0 -2 0.349020 0.337255 0.321569
-1 0 -2 0.349020 0.337255 0.321569
0 0 -2 0.349020 0.337255 0.321569
-14 0 -3 0.349020 0.337255 0.321569
-13 0 -3 0.349020 0.337255 0.321569
-14 1 -3 0.349020 0.337255 0.321569
-12 0 -3 0.349020 0.337255 0.321569
-11 0 -3 0.349020 0.337255 0.321569
-10 0 -3 0.349020 0.337255 0.321569
-9 0 -3 0.349020 0.337255 0.321569
-8 0 -3 0.349020 0.337255 0.321569
-7 0 -3 0.349020 0.337255 0.321569
-6 0 -3 0.349020 0.337255 0.321569
-5 0 -3 0.349020 0.337255 0.321569
-4 0 -3 0.349020 0.337255 0.321569
-3 0 -3 0.349020 0.337255 0.321569
-2 0 -3 0.349020 0.337255 0.321569
-1 0 -3 0.349020 0.337255 0.321569
0 0 -3 0.349020 0.337255 0.321569
-14 0 -4 0.349020 0.337255 0.321569
-13 0 -4 0.349020 0.337255 0.321569
-14 1 -4 0.349020 0.337255 0.321569
-12 0 -4 0.349020 0.337255 0.321569
-11 0 -4 0.349020 0.337255 0.321569
-10 0 -4 0.349020 0.337255 0.321569
-9 0 -4 0.349020 0.337255 0.321569
-8 0 -4 0.349020 0.337255 0.321569
-7 0 -4 0.349020 0.337255 0.321569
-6 0 -4 0.349020 0.337255 0.321569
-5 0 -4 0.349020 0.337255 0.321569
-4 0 -4 0.349020 0.337255 0.321569
-3 0 -4 0.349020 0.337255 0.321569
-2 0 -4 0.349020 0.337255 0.321569
-1 0 -4 0.349020 0.337255 0.321569
0 0 -4 0.349020 0.337255 0.321569
-14 0 -5 0.349020 0.337255 0.321569
-13 0 -5 0.349020 0.337255 0.321569
-14 1 -5 0.349020 0.337255 0.321569
-12 0 -5 0.349020 0.337255 0.321569
-11 0 -5 0.349020 0.337255 0.321569
-10 0 -5 0.349020 0.337255 0.321569
-9 0 -5 0.349020 0.337255 0.321569
-8 0 -5 0.349020 0.337255 0.321569
-7 0 -5 0.349020 0.337255 0.321569
-6 0 -5 0.349020 0.337255 0.321569
-5 0 -5 0.349020 0.337255 0.321569
-4 0 -5 0.349020 0.337255 0.321569
-3 0 -5 0.349020 0.337255 0.321569
-2 0 -5 0.349020 0.337255 0.321569
-1 0 -5 0.349020 0.337255 0.321569
0 0 -5 0.349020 0.337255 0.321569
-14 0 -6 0.349020 0.337255 0.321569
-13 0 -6 0.349020 0.337255 0.321569
-14 1 -6 0.349020 0.337255 0.321569
-12 0 -6 0.349020 0.337255 0.321569
-11 0 -6 0.349020 0.337255 0.321569
-10 0 -6 0.349020 0.337255 0.321569
-9 0 -6 0.349020 0.337255 0.321569
-8 0 -6 0.349020 0.337255 0.321569
-7 0 -6 0.349020 0.337255 0.321569
-6 0 -6 0.349020 0.337255 0.321569
-5 0 -6 0.349020 0.337255 0.321569
-4 0 -6 0.349020 0.337255 0.321569
-3 0 -6 0.349020 0.337255 0.321569
-2 0 -6 0.349020 0.337255 0.321569
-1 0 -6 0.349020 0.337255 0.321569
0 0 -6 0.349020 0.337255 0.321569
-13 0 -7 0.349020 0.337255 0.321569
-14 0 -7 0.349020 0.337255 0.321569
-14 1 -7 0.349020 0.337255 0.321569
-13 1 -7 0.349020 0.337255 0.321569
-12 0 -7 0.349020 0.337255 0.321569
-12 1 -7 0.349020 0.337255 0.321569
-11 0 -7 0.349020 0.337255 0.321569
-11 1 -7 0.349020 0.337255 0.321569
-10 0 -7 0.349020 0.337255 0.321569
-10 1 -7 0.349020 0.337255 0.321569
-9 0 -7 0.349020 0.337255 0.321569
-9 1 -7 0.349020 0.337255 0.321569
-8 0 -7 0.349020 0.337255 0.321569
-8 1 -7 0.349020 0.337255 0.321569
-7 0 -7 0.349020 0.337255 0.321569
-7 1 -7 0.349020 0.337255 0.321569
-6 0 -7 0.349020 0.337255 0.321569
-6 1 -7 0.349020 0.337255 0.321569
-5 0 -7 0.349020 0.337255 0.321569
-5 1 -7 0.349020 0.337255 0.321569
-4 0 -7 0.349020 0.337255 0.321569
-4 1 -7 0.349020 0.337255 0.321569
-3 0 -7 0.349020 0.337255 0.321569
-3 1 -7 0.349020 0.337255 0.321569
-2 0 -7 0.349020 0.337255 0.321569
-2 1 -7 0.349020 0.337255 0.321569
-1 0 -7 0.349020 0.337255 0.321569
-1 1 -7 0.349020 0.337255 0.321569
0 0 -7 0.349020 0.337255 0.321569
0 1 -7 0.349020 0.337255 0.321569
-15 1 0 0.349020 0.337255 0.321569
-15 1 -1 0.349020 0.337255 0.321569
-15 2 0 0.349020 0.337255 0.321569
-15 2 -1 0.349020 0.337255 0.321569
-15 1 -2 0.349020 0.337255 0.321569
-15 2 -2 0.349020 0.337255 0.321569
-15 1 -3 0.349020 0.337255 0.321569
-15 2 -3 0.349020 0.337255 0.321569
-15 1 -4 0.349020 0.337255 0.321569
-15 2 -4 0.349020 0.337255 0.321569
-15 1 -5 0.349020 0.337255 0.321569
-15 2 -5 0.349020 0.337255 0.321569
-15 1 -6 0.349020 0.337255 0.321569
-15 2 -6 0.349020 0.337255 0.321569
-15 1 -7 0.349020 0.337255 0.321569
-15 2 -7 0.349020 0.337255 0.321569
-14 1 -8 0.349020 0.337255 0.321569
-15 1 -8 0.349020 0.337255 0.321569
-15 2 -8 0.349020 0.337255 0.321569
-14 2 -8 0.349020 0.337255 0.321569
-13 1 -8 0.349020 0.337255 0.321569
-13 2 -8 0.349020 0.337255 0.321569
-12 1 -8 0.349020 0.337255 0.321569
-12 2 -8 0.349020 0.337255 0.321569
-11 1 -8 0.349020 0.337255 0.321569
-11 2 -8 0.349020 0.337255 0.321569
-10 1 -8 0.349020 0.337255 0.321569
-10 2 -8 0.349020 0.337255 0.321569
-9 1 -8 0.349020 0.337255 0.321569
-9 2 -8 0.349020 0.337255 0.321569
-8 1 -8 0.349020 0.337255 0.321569
-8 2 -8 0.349020 0.337255 0.321569
-7 1 -8 0.349020 0.337255 0.321569
-7 2 -8 0.349020 0.337255 0.321569
-6 1 -8 0.349020 0.337255 0.321569
-6 2 -8 0.349020 0.337255 0.321569
-5 1 -8 0.349020 0.337255 0.321569
-5 2 -8 0.349020 0.337255 0.321569
-4 1 -8 0.349020 0.337255 0.321569
-4 2 -8 0.349020 0.337255 0.321569
-3 1 -8 0.349020 0.337255 0.321569
-3 2 -8 0.349020 0.337255 0.321569
-2 1 -8 0.349020 0.337255 0.321569
-2 2 -8 0.349020 0.337255 0.321569
-1 1 -8 0.349020 0.337255 0.321569
-1 2 -8 0.349020 0.337255 0.321569
0 1 -8 0.349020 0.337255 0.321569
0 2 -8 0.349020 0.337255 0.321569
-16 2 0 0.349020 0.337255 0.321569
-16 2 -1 0.349020 0.337255 0.321569
-16 3 0 0.349020 0.337255 0.321569
-16 3 -1 0.349020 0.337255 0.321569
-16 2 -2 0.349020 0.337255 0.321569
-16 3 -2 0.349020 0.337255 0.321569
-16 2 -3 0.349020 0.337255 0.321569
-16 3 -3 0.349020 0.337255 0.321569
-16 2 -4 0.349020 0.337255 0.321569
-16 3 -4 0.349020 0.337255 0.321569
-16 2 -5 0.349020 0.337255 0.321569
-16 3 -5 0.349020 0.337255 0.321569
-16 2 -6 0.349020 0.337255 0.321569
-16 3 -6 0.349020 0.337255 0.321569
-16 2 -7 0.349020 0.337255 0.321569
-16 3 -7 0.349020 0.337255 0.321569
-16 2 -8 0.349020 0.337255 0.321569
-16 3 -8 0.349020 0.337255 0.321569
-15 2 -9 0.349020 0.337255 0.321569
-16 2 -9 0.349020 0.337255 0.321569
-16 3 -9 0.349020 0.337255 0.321569
-15 3 -9 0.349020 0.337255 0.321569
-14 2 -9 0.349020 0.337255 0.321569
-14 3 -9 0.349020 0.337255 0.321569
-13 2 -9 0.349020 0.337255 0.321569
-13 3 -9 0.349020 0.337255 0.321569
-12 2 -9 0.349020 0.337255 0.321569
-12 3 -9 0.349020 0.337255 0.321569
-11 2 -9 0.349020 0.337255 0.321569
-11 3 -9 0.349020 0.337255 0.321569
-10 2 -9 0.349020 0.337255 0.321569
-10 3 -9 0.349020 0.337255 0.321569
-9 2 -9 0.349020 0.337255 0.321569
-9 3 -9 0.349020 0.337255 0.321569
-8 2 -9 0.349020 0.337255 0.321569
-8 3 -9 0.349020 0.337255 0.321569
-7 2 -9 0.349020 0.337255 0.321569
-7 3 -9 0.349020 0.337255 0.321569
-6 2 -9 0.349020 0.337255 0.321569
-6 3 -9 0.349020 0.337255 0.321569
-5 2 -9 0.349020 0.337255 0.321569
-5 3 -9 0.349020 0.337255 0.321569
-4 2 -9 0.349020 0.337255 0.321569
-4 3 -9 0.349020 0.337255 0.321569
-3 2 -9 0.349020 0.337255 0.321569
-3 3 -9 0.349020 0.337255 0.321569
-2 2 -9 0.349020 0.337255 0.321569
-2 3 -9 0.349020 0.337255 0.321569
-1 2 -9 0.349020 0.337255 0.321569
-1 3 -9 0.349020 0.337255 0.321569
0 2 -9 0.349020 0.337255 0.321569
0 3 -9 0.349020 0.337255 0.321569
-16 4 0 0.349020 0.337255 0.321569
-16 4 -1 0.349020 0.337255 0.321569
-16 4 -2 0.349020 0.337255 0.321569
-16 4 -3 0.349020 0.337255 0.321569
-16 4 -4 0.349020 0.337255 0.321569
-16 4 -5 0.349020 0.337255 0.321569
-16 4 -6 0.349020 0.337255 0.321569
-16 4 -7 0.349020 0.337255 0.321569
-15 4 -7 0.349020 0.337255 0.321569
-15 4 -8 0.349020 0.337255 0.321569
-16 4 -8 0.349020 0.337255 0.321569
-14 4 -7 0.349020 0.337255 0.321569
-14 4 -8 0.349020 0.337255 0.321569
-13 4 -7 0.349020 0.337255 0.321569
-13 4 -8 0.349020 0.337255 0.321569
-12 4 -7 0.349020 0.337255 0.321569
-12 4 -8 0.349020 0.337255 0.321569
-11 4 -7 0.349020 0.337255 0.321569
-11 4 -8 0.349020 0.337255 0.321569
-10 4 -7 0.349020 0.337255 0.321569
-10 4 -8 0.349020 0.337255 0.321569
-9 4 -7 0.349020 0.337255 0.321569
-9 4 -8 0.349020 0.337255 0.321569
-8 4 -7 0.349020 0.337255 0.321569
-8 4 -8 0.349020 0.337255 0.321569
-7 4 -7 0.349020 0.337255 0.321569
-7 4 -8 0.349020 0.337255 0.321569
-6 4 -7 0.349020 0.337255 0.321569
-6 4 -8 0.349020 0.337255 0.321569
-5 4 -7 0.349020 0.337255 0.321569
-5 4 -8 0.349020 0.337255 0.321569
-4 4 -7 0.349020 0.337255 0.321569
-4 4 -8 0.349020 0.337255 0.321569
-3 4 -7 0.349020 0.337255 0.321569
-3 4 -8 0.349020 0.337255 0.321569
-2 4 -7 0.349020 0.337255 0.321569
-2 4 -8 0.349020 0.337255 0.321569
-1 4 -7 0.349020 0.337255 0.321569
-1 4 -8 0.349020 0.337255 0.321569
0 4 -7 0.349020 0.337255 0.321569
0 4 -8 0.349020 0.337255 0.321569
-16 4 -9 0.349020 0.337255 0.321569
-15 4 -9 0.349020 0.337255 0.321569
-14 4 -9 0.349020 0.337255 0.321569
-13 4 -9 0.349020 0.337255 0.321569
-12 4 -9 0.349020 0.337255 0.321569
-11 4 -9 0.349020 0.337255 0.321569
-10 4 -9 0.349020 0.337255 0.321569
-9 4 -9 0.349020 0.337255 0.321569
-8 4 -9 0.349020 0.337255 0.321569
-7 4 -9 0.349020 0.337255 0.321569
-6 4 -9 0.349020 0.337255 0.321569
-5 4 -9 0.349020 0.337255 0.321569
-4 4 -9 0.349020 0.337255 0.321569
-3 4 -9 0.349020 0.337255 0.321569
-2 4 -9 0.349020 0.337255 0.321569
-1 4 -9 0.349020 0.337255 0.321569
0 4 -9 0.349020 0.337255 0.321569
-15 5 0 0.349020 0.337255 0.321569
-15 5 -1 0.349020 0.337255 0.321569
-16 5 -1 0.349020 0.337255 0.321569
-16 5 0 0.349020 0.337255 0.321569
-15 5 -2 0.349020 0.337255 0.321569
-16 5 -2 0.349020 0.337255 0.321569
-15 5 -3 0.349020 0.337255 0.321569
-16 5 -3 0.349020 0.337255 0.321569
-15 5 -4 0.349020 0.337255 0.321569
-16 5 -4 0.349020 0.337255 0.321569
-15 5 -5 0.349020 0.337255 0.321569
-16 5 -5 0.349020 0.337255 0.321569
-15 5 -6 0.349020 0.337255 0.321569
-16 5 -6 0.349020 0.337255 0.321569
-16 5 -7 0.349020 0.337255 0.321569
-15 5 -7 0.349020 0.337255 0.321569
-14 5 -7 0.349020 0.337255 0.321569
-14 5 -6 0.349020 0.337255 0.321569
-13 5 -7 0.349020 0.337255 0.321569
-13 5 -6 0.349020 0.337255 0.321569
-12 5 -7 0.349020 0.337255 0.321569
-12 5 -6 0.349020 0.337255 0.321569
-11 5 -7 0.349020 0.337255 0.321569
-11 5 -6 0.349020 0.337255 0.321569
-10 5 -7 0.349020 0.337255 0.321569
-10 5 -6 0.349020 0.337255 0.321569
-9 5 -7 0.349020 0.337255 0.321569
-9 5 -6 0.349020 0.337255 0.321569
-8 5 -7 0.349020 0.337255 0.321569
-8 5 -6 0.349020 0.337255 0.321569
-7 5 -7 0.349020 0.337255 0.321569
-7 5 -6 0.349020 0.337255 0.321569
-6 5 -7 0.349020 0.337255 0.321569
-6 5 -6 0.349020 0.337255 0.321569
-5 5 -7 0.349020 0.337255 0.321569
-5 5 -6 0.349020 0.337255 0.321569
-4 5 -7 0.349020 0.337255 0.321569
-4 5 -6 0.349020 0.337255 0.321569
-3 5 -7 0.349020 0.337255 0.321569
-3 5 -6 0.349020 0.337255 0.321569
-2 5 -7 0.349020 0.337255 0.321569
-2 5 -6 0.349020 0.337255 0.321569
-1 5 -7 0.349020 0.337255 0.321569
-1 5 -6 0.349020 0.337255 0.321569
0 5 -7 0.349020 0.337255 0.321569
0 5 -6 0.349020 0.337255 0.321569
-14 6 0 0.349020 0.337255 0.321569
-14 6 -1 0.349020 0.337255 0.321569
-15 6 -1 0.349020 0.337255 0.321569
-15 6 0 0.349020 0.337255 0.321569
-13 6 0 0.349020 0.337255 0.321569
-13 6 -1 0.349020 0.337255 0.321569
-12 6 0 0.349020 0.337255 0.321569
-12 6 -1 0.349020 0.337255 0.321569
-11 6 0 0.349020 0.337255 0.321569
-11 6 -1 0.349020 0.337255 0.321569
-10 6 0 0.349020 0.337255 0.321569
-10 6 -1 0.349020 0.337255 0.321569
-9 6 0 0.349020 0.337255 0.321569
-9 6 -1 0.349020 0.337255 0.321569
-8 6 0 0.349020 0.337255 0.321569
-8 6 -1 0.349020 0.337255 0.321569
-7 6 0 0.349020 0.337255 0.321569
-7 6 -1 0.349020 0.337255 0.321569
-6 6 0 0.349020 0.337255 0.321569
-6 6 -1 0.349020 0.337255 0.321569
-5 6 0 0.349020 0.337255 0.321569
-5 6 -1 0.349020 0.337255 0.321569
-4 6 0 0.349020 0.337255 0.321569
-4 6 -1 0.349020 0.337255 0.321569
-3 6 0 0.349020 0.337255 0.321569
-3 6 -1 0.349020 0.337255 0.321569
-2 6 0 0.349020 0.337255 0.321569
-2 6 -1 0.349020 0.337255 0.321569
-1 6 0 0.349020 0.337255 0.321569
-1 6 -1 0.349020 0.337255 0.321569
0 6 0 0.349020 0.337255 0.321569
0 6 -1 0.349020 0.337255 0.321569
-14 6 -2 0.349020 0.337255 0.321569
-15 6 -2 0.349020 0.337255 0.321569
-13 6 -2 0.349020 0.337255 0.321569
-12 6 -2 0.349020 0.337255 0.321569
-11 6 -2 0.349020 0.337255 0.321569
-10 6 -2 0.349020 0.337255 0.321569
-9 6 -2 0.349020 0.337255 0.321569
-8 6 -2 0.349020 0.337255 0.321569
-7 6 -2 0.349020 0.337255 0.321569
-6 6 -2 0.349020 0.337255 0.321569
-5 6 -2 0.349020 0.337255 0.321569
-4 6 -2 0.349020 0.337255 0.321569
-3 6 -2 0.349020 0.337255 0.321569
-2 6 -2 0.349020 0.337255 0.321569
-1 6 -2 0.349020 0.337255 0.321569
0 6 -2 0.349020 0.337255 0.321569
-14 6 -3 0.349020 0.337255 0.321569
-15 6 -3 0.349020 0.337255 0.321569
-13 6 -3 0.349020 0.337255 0.321569
-12 6 -3 0.349020 0.337255 0.321569
-11 6 -3 0.349020 0.337255 0.321569
-10 6 -3 0.349020 0.337255 0.321569
-9 6 -3 0.349020 0.337255 0.321569
-8 6 -3 0.349020 0.337255 0.321569
-7 6 -3 0.349020 0.337255 0.321569
-6 6 -3 0.349020 0.337255 0.321569
-5 6 -3 0.349020 0.337255 0.321569
-4 6 -3 0.349020 0.337255 0.321569
-3 6 -3 0.349020 0.337255 0.321569
-2 6 -3 0.349020 0.337255 0.321569
-1 6 -3 0.349020 0.337255 0.321569
0 6 -3 0.349020 0.337255 0.321569
-14 6 -4 0.349020 0.337255 0.321569
-15 6 -4 0.349020 0.337255 0.321569
-13 6 -4 0.349020 0.337255 0.321569
-12 6 -4 0.349020 0.337255 0.321569
-11 6 -4 0.349020 0.337255 0.321569
-10 6 -4 0.349020 0.337255 0.321569
-9 6 -4 0.349020 0.337255 0.321569
-8 6 -4 0.349020 0.337255 0.321569
-7 6 -4 0.349020 0.337255 0.321569
-6 6 -4 0.349020 0.337255 0.321569
-5 6 -4 0.349020 0.337255 0.321569
-4 6 -4 0.349020 0.337255 0.321569
-3 6 -4 0.349020 0.337255 0.321569
-2 6 -4 0.349020 0.337255 0.321569
-1 6 -4 0.349020 0.337255 0.321569
0 6 -4 0.349020 0.337255 0.321569
-14 6 -5 0.349020 0.337255 0.321569
-15 6 -5 0.349020 0.337255 0.321569
-13 6 -5 0.349020 0.337255 0.321569
-12 6 -5 0.349020 0.337255 0.321569
-15 6 -6 0.349020 0.337255 0.321569
-14 6 -6 0.349020 0.337255 0.321569
-13 6 -6 0.349020 0.337255 0.321569
-12 6 -6 0.349020 0.337255 0.321569
-11 6 -6 0.349020 0.337255 0.321569
-11 6 -5 0.349020 0.337255 0.321569
-10 6 -6 0.349020 0.337255 0.321569
-10 6 -5 0.349020 0.337255 0.321569
-9 6 -6 0.349020 0.337255 0.321569
-9 6 -5 0.349020 0.337255 0.321569
-8 6 -6 0.349020 0.337255 0.321569
-8 6 -5 0.349020 0.337255 0.321569
-7 6 -6 0.349020 0.337255 0.321569
-7 6 -5 0.349020 0.337255 0.321569
-6 6 -6 0.349020 0.337255 0.321569
-6 6 -5 0.349020 0.337255 0.321569
-5 6 -6 0.349020 0.337255 0.321569
-5 6 -5 0.349020 0.337255 0.321569
-4 6 -6 0.349020 0.337255 0.321569
-4 6 -5 0.349020 0.337255 0.321569
-3 6 -6 0.349020 0.337255 0.321569
-3 6 -5 0.349020 0.337255 0.321569
-2 6 -6 0.349020 0.337255 0.321569
-2 6 -5 0.349020 0.337255 0.321569
-1 6 -6 0.349020 0.337255 0.321569
-1 6 -5 0.349020 0.337255 0.321569
0 6 -6 0.349020 0.337255 0.321569
0 6 -5 0.349020 0.337255 0.321569
-12 6 -4 1.000000 1.000000 1.000000
-11 6 -4 1.000000 1.000000 1.000000
-11 7 -4 1.000000 1.000000 1.000000
-12 7 -4 1.000000 1.000000 1.000000
-11 6 -5 1.000000 1.000000 1.000000
-12 6 -5 1.000000 1.000000 1.000000
-12 7 -5 1.000000 1.000000 1.000000
-11 7 -5 1.000000 1.000000 1.000000
-10 6 -4 1.000000 1.000000 1.000000
-10 7 -4 1.000000 1.000000 1.000000
-10 6 -5 1.000000 1.000000 1.000000
-10 7 -5 1.000000 1.000000 1.000000
-9 6 -4 1.000000 1.000000 1.000000
-9 7 -4 1.000000 1.000000 1.000000
-9 6 -5 1.000000 1.000000 1.000000
-9 7 -5 1.000000 1.000000 1.000000
-8 6 -4 1.000000 1.000000 1.000000
-8 7 -4 1.000000 1.000000 1.000000
-8 6 -5 1.000000 1.000000 1.000000
-8 7 -5 1.000000 1.000000 1.000000
-7 6 -4 1.000000 1.000000 1.000000
-7 7 -4 1.000000 1.000000 1.000000
-7 6 -5 1.000000 1.000000 1.000000
-7 7 -5 1.000000 1.000000 1.000000
-6 6 -4 1.000000 1.000000 1.000000
-6 7 -4 1.000000 1.000000 1.000000
-6 6 -5 1.000000 1.000000 1.000000
-6 7 -5 1.000000 1.000000 1.000000
-5 6 -4 1.000000 1.000000 1.000000
-5 7 -4 1.000000 1.000000 1.000000
-5 6 -5 1.000000 1.000000 1.000000
-5 7 -5 1.000000 1.000000 1.000000
-4 6 -4 1.000000 1.000000 1.000000
-4 7 -4 1.000000 1.000000 1.000000
-4 6 -5 1.000000 1.000000 1.000000
-4 7 -5 1.000000 1.000000 1.000000
-3 6 -4 1.000000 1.000000 1.000000
-3 7 -4 1.000000 1.000000 1.000000
-3 6 -5 1.000000 1.000000 1.000000
-3 7 -5 1.000000 1.000000 1.000000
-2 6 -4 1.000000 1.000000 1.000000
-2 7 -4 1.000000 1.000000 1.000000
-2 6 -5 1.000000 1.000000 1.000000
-2 7 -5 1.000000 1.000000 1.000000
-1 6 -4 1.000000 1.000000 1.000000
-1 7 -4 1.000000 1.000000 1.000000
-1 6 -5 1.000000 1.000000 1.000000
-1 7 -5 1.000000 1.000000 1.000000
0 6 -4 1.000000 1.000000 1.000000
0 7 -4 1.000000 1.000000 1.000000
0 6 -5 1.000000 1.000000 1.000000
0 7 -5 1.000000 1.000000 1.000000
-13 7 -4 1.000000 1.000000 1.000000
-12 8 -4 1.000000 1.000000 1.000000
-13 8 -4 1.000000 1.000000 1.000000
-13 7 -5 1.000000 1.000000 1.000000
-13 8 -5 1.000000 1.000000 1.000000
-12 8 -5 1.000000 1.000000 1.000000
-11 8 -4 1.000000 1.000000 1.000000
-11 8 -5 1.000000 1.000000 1.000000
-10 8 -4 1.000000 1.000000 1.000000
-10 8 -5 1.000000 1.000000 1.000000
-9 8 -4 1.000000 1.000000 1.000000
-9 8 -5 1.000000 1.000000 1.000000
-8 8 -4 1.000000 1.000000 1.000000
-8 8 -5 1.000000 1.000000 1.000000
-7 8 -4 1.000000 1.000000 1.000000
-7 8 -5 1.000000 1.000000 1.000000
-6 8 -4 1.000000 1.000000 1.000000
-6 8 -5 1.000000 1.000000 1.000000
-5 8 -4 1.000000 1.000000 1.000000
-5 8 -5 1.000000 1.000000 1.000000
-4 8 -4 1.000000 1.000000 1.000000
-4 8 -5 1.000000 1.000000 1.000000
-3 8 -4 1.000000 1.000000 1.000000
-3 8 -5 1.000000 1.000000 1.000000
-2 8 -4 1.000000 1.000000 1.000000
-2 8 -5 1.000000 1.000000 1.000000
-1 8 -4 1.000000 1.000000 1.000000
-1 8 -5 1.000000 1.000000 1.000000
0 8 -4 1.000000 1.000000 1.000000
0 8 -5 1.000000 1.000000 1.000000
-12 9 -4 1.000000 1.000000 1.000000
-13 9 -4 1.000000 1.000000 1.000000
-13 9 -5 1.000000 1.000000 1.000000
-12 9 -5 1.000000 1.000000 1.000000
-11 9 -4 1.000000 1.000000 1.000000
-11 9 -5 1.000000 1.000000 1.000000
-10 9 -4 1.000000 1.000000 1.000000
-10 9 -5 1.000000 1.000000 1.000000
-9 9 -4 1.000000 1.000000 1.000000
-9 9 -5 1.000000 1.000000 1.000000
-8 9 -4 1.000000 1.000000 1.000000
-8 9 -5 1.000000 1.000000 1.000000
-7 9 -4 1.000000 1.000000 1.000000
-7 9 -5 1.000000 1.000000 1.000000
-6 9 -4 1.000000 1.000000 1.000000
-6 9 -5 1.000000 1.000000 1.000000
-5 9 -4 1.000000 1.000000 1.000000
-5 9 -5 1.000000 1.000000 1.000000
-4 9 -4 1.000000 1.000000 1.000000
-4 9 -5 1.000000 1.000000 1.000000
-3 9 -4 1.000000 1.000000 1.000000
-3 9 -5 1.000000 1.000000 1.000000
-2 9 -4 1.000000 1.000000 1.000000
-2 9 -5 1.000000 1.000000 1.000000
-1 9 -4 1.000000 1.000000 1.000000
-1 9 -5 1.000000 1.000000 1.000000
0 9 -4 1.000000 1.000000 1.000000
0 9 -5 1.000000 1.000000 1.000000
-14 9 -4 1.000000 1.000000 1.000000
-13 10 -4 1.000000 1.000000 1.000000
-14 10 -4 1.000000 1.000000 1.000000
-14 9 -5 1.000000 1.000000 1.000000
-14 10 -5 1.000000 1.000000 1.000000
-13 10 -5 1.000000 1.000000 1.000000
-12 10 -4 1.000000 1.000000 1.000000
-12 10 -5 1.000000 1.000000 1.000000
-11 10 -4 1.000000 1.000000 1.000000
-11 10 -5 1.000000 1.000000 1.000000
-10 10 -4 1.000000 1.000000 1.000000
-10 10 -5 1.000000 1.000000 1.000000
-9 10 -4 1.000000 1.000000 1.000000
-9 10 -5 1.000000 1.000000 1.000000
-8 10 -4 1.000000 1.000000 1.000000
-8 10 -5 1.000000 1.000000 1.000000
-7 10 -4 1.000000 1.000000 1.000000
-7 10 -5 1.000000 1.000000 1.000000
-6 10 -4 1.000000 1.000000 1.000000
-6 10 -5 1.000000 1.000000 1.000000
-5 10 -4 1.000000 1.000000 1.000000
-5 10 -5 1.000000 1.000000 1.000000
-4 10 -4 1.000000 1.000000 1.000000
-4 10 -5 1.000000 1.000000 1.000000
-3 10 -4 1.000000 1.000000 1.000000
-3 10 -5 1.000000 1.000000 1.000000
-2 10 -4 1.000000 1.000000 1.000000
-2 10 -5 1.000000 1.000000 1.000000
-1 10 -4 1.000000 1.000000 1.000000
-1 10 -5 1.000000 1.000000 1.000000
0 10 -4 1.000000 1.000000 1.000000
0 10 -5 1.000000 1.000000 1.000000
-13 11 -4 1.000000 1.000000 1.000000
-14 11 -4 1.000000 1.000000 1.000000
-14 11 -5 1.000000 1.000000 1.000000
-13 11 -5 1.000000 1.000000 1.000000
-12 11 -4 1.000000 1.000000 1.000000
-12 11 -5 1.000000 1.000000 1.000000
-11 11 -4 1.000000 1.000000 1.000000
-11 11 -5 1.000000 1.000000 1.000000
-10 11 -4 1.000000 1.000000 1.000000
-10 11 -5 1.000000 1.000000 1.000000
-9 11 -4 1.000000 1.000000 1.000000
-9 11 -5 1.000000 1.000000 1.000000
-8 11 -4 1.000000 1.000000 1.000000
-8 11 -5 1.000000 1.000000 1.000000
-7 11 -4 1.000000 1.000000 1.000000
-7 11 -5 1.000000 1.000000 1.000000
-6 11 -4 1.000000 1.000000 1.000000
-6 11 -5 1.000000 1.000000 1.000000
-5 11 -4 1.000000 1.000000 1.000000
-5 11 -5 1.000000 1.000000 1.000000
-4 11 -4 1.000000 1.000000 1.000000
-4 11 -5 1.000000 1.000000 1.000000
-3 11 -4 1.000000 1.000000 1.000000
-3 11 -5 1.000000 1.000000 1.000000
-2 11 -4 1.000000 1.000000 1.000000
-2 11 -5 1.000000 1.000000 1.000000
-1 11 -4 1.000000 1.000000 1.000000
-1 11 -5 1.000000 1.000000 1.000000
0 11 -4 1.000000 1.000000 1.000000
0 11 -5 1.000000 1.000000 1.000000
-13 12 -4 1.000000 1.000000 1.000000
-14 12 -4 1.000000 1.000000 1.000000
-14 12 -5 1.000000 1.000000 1.000000
-13 12 -5 1.000000 1.000000 1.000000
-12 12 -4 1.000000 1.000000 1.000000
-12 12 -5 1.000000 1.000000 1.000000
-11 12 -4 1.000000 1.000000 1.000000
-11 12 -5 1.000000 1.000000 1.000000
-10 12 -4 1.000000 1.000000 1.000000
-10 12 -5 1.000000 1.000000 1.000000
-9 12 -4 1.000000 1.000000 1.000000
-9 12 -5 1.000000 1.000000 1.000000
-8 12 -4 1.000000 1.000000 1.000000
-8 12 -5 1.000000 1.000000 1.000000
-7 12 -4 1.000000 1.000000 1.000000
-7 12 -5 1.000000 1.000000 1.000000
-6 12 -4 1.000000 1.000000 1.000000
-6 12 -5 1.000000 1.000000 1.000000
-5 12 -4 1.000000 1.000000 1.000000
-5 12 -5 1.000000 1.000000 1.000000
-4 12 -4 1.000000 1.000000 1.000000
-4 12 -5 1.000000 1.000000 1.000000
-3 12 -4 1.000000 1.000000 1.000000
-3 12 -5 1.000000 1.000000 1.000000
-2 12 -4 1.000000 1.000000 1.000000
-2 12 -5 1.000000 1.000000 1.000000
-1 12 -4 1.000000 1.000000 1.000000
-1 12 -5 1.000000 1.000000 1.000000
0 12 -4 1.000000 1.000000 1.000000
0 12 -5 1.000000 1.000000 1.000000
1 0 -1 0.349020 0.337255 0.321569
1 0 0 0.349020 0.337255 0.321569
2 0 -1 0.349020 0.337255 0.321569
2 0 0 0.349020 0.337255 0.321569
3 0 -1 0.349020 0.337255 0.321569
3 0 0 0.349020 0.337255 0.321569
4 0 -1 0.349020 0.337255 0.321569
4 0 0 0.349020 0.337255 0.321569
5 0 -1 0.349020 0.337255 0.321569
5 0 0 0.349020 0.337255 0.321569
6 0 -1 0.349020 0.337255 0.321569
6 0 0 0.349020 0.337255 0.321569
7 0 -1 0.349020 0.337255 0.321569
7 0 0 0.349020 0.337255 0.321569
8 0 -1 0.349020 0.337255 0.321569
8 0 0 0.349020 0.337255 0.321569
9 0 -1 0.349020 0.337255 0.321569
9 0 0 0.349020 0.337255 0.321569
10 0 -1 0.349020 0.337255 0.321569
10 0 0 0.349020 0.337255 0.321569
11 0 -1 0.349020 0.337255 0.321569
11 0 0 0.349020 0.337255 0.321569
12 0 -1 0.349020 0.337255 0.321569
12 0 0 0.349020 0.337255 0.321569
13 0 -1 0.349020 0.337255 0.321569
13 0 0 0.349020 0.337255 0.321569
14 0 -1 0.349020 0.337255 0.321569
14 0 0 0.349020 0.337255 0.321569
15 0 -1 0.349020 0.337255 0.321569
15 0 0 0.349020 0.337255 0.321569
16 0 -1 0.349020 0.337255 0.321569
16 0 0 0.349020 0.337255 0.321569
1 0 -2 0.349020 0.337255 0.321569
2 0 -2 0.349020 0.337255 0.321569
3 0 -2 0.349020 0.337255 0.321569
4 0 -2 0.349020 0.337255 0.321569
5 0 -2 0.349020 0.337255 0.321569
6 0 -2 0.349020 0.337255 0.321569
7 0 -2 0.349020 0.337255 0.321569
8 0 -2 0.349020 0.337255 0.321569
9 0 -2 0.349020 0.337255 0.321569
10 0 -2 0.349020 0.337255 0.321569
11 0 -2 0.349020 0.337255 0.321569
12 0 -2 0.349020 0.337255 0.321569
13 0 -2 0.349020 0.337255 0.321569
14 0 -2 0.349020 0.337255 0.321569
15 0 -2 0.349020 0.337255 0.321569
16 0 -2 0.349020 0.337255 0.321569
1 0 -3 0.349020 0.337255 0.321569
2 0 -3 0.349020 0.337255 0.321569
3 0 -3 0.349020 0.337255 0.321569
4 0 -3 0.349020 0.337255 0.321569
5 0 -3 0.349020 0.337255 0.321569
6 0 -3 0.349020 0.337255 0.321569
7 0 -3 0.349020 0.337255 0.321569
8 0 -3 0.349020 0.337255 0.321569
9 0 -3 0.349020 0.337255 0.321569
10 0 -3 0.349020 0.337255 0.321569
11 0 -3 0.349020 0.337255 0.321569
12 0 -3 0.349020 0.337255 0.321569
13 0 -3 0.349020 0.337255 0.321569
14 0 -3 0.349020 0.337255 0.321569
15 0 -3 0.349020 0.337255 0.321569
16 0 -3 0.349020 0.337255 0.321569
1 0 -4 0.349020 0.337255 0.321569
2 0 -4 0.349020 0.337255 0.321569
3 0 -4 0.349020 0.337255 0.321569
4 0 -4 0.349020 0.337255 0.321569
5 0 -4 0.349020 0.337255 0.321569
6 0 -4 0.349020 0.337255 0.321569
7 0 -4 0.349020 0.337255 0.321569
8 0 -4 0.349020 0.337255 0.321569
9 0 -4 0.349020 0.337255 0.321569
10 0 -4 0.349020 0.337255 0.321569
11 0 -4 0.349020 0.337255 0.321569
12 0 -4 0.349020 0.337255 0.321569
13 0 -4 0.349020 0.337255 0.321569
14 0 -4 0.349020 0.337255 0.321569
15 0 -4 0.349020 0.337255 0.321569
16 0 -4 0.349020 0.337255 0.321569
1 0 -5 0.349020 0.337255 0.321569
2 0 -5 0.349020 0.337255 0.321569
3 0 -5 0.349020 0.337255 0.321569
4 0 -5 0.349020 0.337255 0.321569
5 0 -5 0.349020 0.337255 0.321569
6 0 -5 0.349020 0.337255 0.321569
7 0 -5 0.349020 0.337255 0.321569
8 0 -5 0.349020 0.337255 0.321569
9 0 -5 0.349020 0.337255 0.321569
10 0 -5 0.349020 0.337255 0.321569
11 0 -5 0.349020 0.337255 0.321569
12 0 -5 0.349020 0.337255 0.321569
13 0 -5 0.349020 0.337255 0.321569
14 0 -5 0.349020 0.337255 0.321569
15 0 -5 0.349020 0.337255 0.321569
16 0 -5 0.349020 0.337255 0.321569
1 0 -6 0.349020 0.337255 0.321569
2 0 -6 0.349020 0.337255 0.321569
3 0 -6 0.349020 0.337255 0.321569
4 0 -6 0.349020 0.337255 0.321569
5 0 -6 0.349020 0.337255 0.321569
6 0 -6 0.349020 0.337255 0.321569
7 0 -6 0.349020 0.337255 0.321569
8 0 -6 0.349020 0.337255 0.321569
9 0 -6 0.349020 0.337255 0.321569
10 0 -6 0.349020 0.337255 0.321569
11 0 -6 0.349020 0.337255 0.321569
12 0 -6 0.349020 0.337255 0.321569
13 0 -6 0.349020 0.337255 0.321569
14 0 -6 0.349020 0.337255 0.321569
15 0 -6 0.349020 0.337255 0.321569
16 0 -6 0.349020 0.337255 0.321569
1 0 -7 0.349020 0.337255 0.321569
1 1 -7 0.349020 0.337255 0.321569
2 0 -7 0.349020 0.337255 0.321569
2 1 -7 0.349020 0.337255 0.321569
3 0 -7 0.349020 0.337255 0.321569
3 1 -7 0.349020 0.337255 0.321569
4 0 -7 0.349020 0.337255 0.321569
4 1 -7 0.349020 0.337255 0.321569
5 0 -7 0.349020 0.337255 0.321569
5 1 -7 0.349020 0.337255 0.321569
6 0 -7 0.349020 0.337255 0.321569
6 1 -7 0.349020 0.337255 0.321569
7 0 -7 0.349020 0.337255 0.321569
7 1 -7 0.349020 0.337255 0.321569
8 0 -7 0.349020 0.337255 0.321569
8 1 -7 0.349020 0.337255 0.321569
9 0 -7 0.349020 0.337255 0.321569
9 1 -7 0.349020 0.337255 0.321569
10 0 -7 0.349020 0.337255 0.321569
10 1 -7 0.349020 0.337255 0.321569
11 0 -7 0.349020 0.337255 0.321569
11 1 -7 0.349020 0.337255 0.321569
12 0 -7 0.349020 0.337255 0.321569
12 1 -7 0.349020 0.337255 0.321569
13 0 -7 0.349020 0.337255 0.321569
13 1 -7 0.349020 0.337255 0.321569
14 0 -7 0.349020 0.337255 0.321569
14 1 -7 0.349020 0.337255 0.321569
15 0 -7 0.349020 0.337255 0.321569
15 1 -7 0.349020 0.337255 0.321569
16 0 -7 0.349020 0.337255 0.321569
16 1 -7 0.349020 0.337255 0.321569
1 1 -8 0.349020 0.337255 0.321569
1 2 -8 0.349020 0.337255 0.321569
2 1 -8 0.349020 0.337255 0.321569
2 2 -8 0.349020 0.337255 0.321569
3 1 -8 0.349020 0.337255 0.321569
3 2 -8 0.349020 0.337255 0.321569
4 1 -8 0.349020 0.337255 0.321569
4 2 -8 0.349020 0.337255 0.321569
5 1 -8 0.349020 0.337255 0.321569
5 2 -8 0.349020 0.337255 0.321569
6 1 -8 0.349020 0.337255 0.321569
6 2 -8 0.349020 0.337255 0.321569
7 1 -8 0.349020 0.337255 0.321569
7 2 -8 0.349020 0.337255 0.321569
8 1 -8 0.349020 0.337255 0.321569
8 2 -8 0.349020 0.337255 0.321569
9 1 -8 0.349020 0.337255 0.321569
9 2 -8 0.349020 0.337255 0.321569
10 1 -8 0.349020 0.337255 0.321569
10 2 -8 0.349020 0.337255 0.321569
11 1 -8 0.349020 0.337255 0.321569
11 2 -8 0.349020 0.337255 0.321569
12 1 -8 0.349020 0.337255 0.321569
12 2 -8 0.349020 0.337255 0.321569
13 1 -8 0.349020 0.337255 0.321569
13 2 -8 0.349020 0.337255 0.321569
14 1 -8 0.349020 0.337255 0.321569
14 2 -8 0.349020 0.337255 0.321569
15 1 -8 0.349020 0.337255 0.321569
15 2 -8 0.349020 0.337255 0.321569
16 1 -8 0.349020 0.337255 0.321569
16 2 -8 0.349020 0.337255 0.321569
1 2 -9 0.349020 0.337255 0.321569
1 3 -9 0.349020 0.337255 0.321569
2 2 -9 0.349020 0.337255 0.321569
2 3 -9 0.349020 0.337255 0.321569
3 2 -9 0.349020 0.337255 0.321569
3 3 -9 0.349020 0.337255 0.321569
4 2 -9 0.349020 0.337255 0.321569
4 3 -9 0.349020 0.337255 0.321569
5 2 -9 0.349020 0.337255 0.321569
5 3 -9 0.349020 0.337255 0.321569
6 2 -9 0.349020 0.337255 0.321569
6 3 -9 0.349020 0.337255 0.321569
7 2 -9 0.349020 0.337255 0.321569
7 3 -9 0.349020 0.337255 0.321569
8 2 -9 0.349020 0.337255 0.321569
8 3 -9 0.349020 0.337255 0.321569
9 2 -9 0.349020 0.337255 0.321569
9 3 -9 0.349020 0.337255 0.321569
10 2 -9 0.349020 0.337255 0.321569
10 3 -9 0.349020 0.337255 0.321569
11 2 -9 0.349020 0.337255 0.321569
11 3 -9 0.349020 0.337255 0.321569
12 2 -9 0.349020 0.337255 0.321569
12 3 -9 0.349020 0.337255 0.321569
13 2 -9 0.349020 0.337255 0.321569
13 3 -9 0.349020 0.337255 0.321569
14 2 -9 0.349020 0.337255 0.321569
14 3 -9 0.349020 0.337255 0.321569
15 2 -9 0.349020 0.337255 0.321569
15 3 -9 0.349020 0.337255 0.321569
16 2 -9 0.349020 0.337255 0.321569
16 3 -9 0.349020 0.337255 0.321569
1 4 -7 0.349020 0.337255 0.321569
1 4 -8 0.349020 0.337255 0.321569
2 4 -7 0.349020 0.337255 0.321569
2 4 -8 0.349020 0.337255 0.321569
3 4 -7 0.349020 0.337255 0.321569
3 4 -8 0.349020 0.337255 0.321569
4 4 -7 0.349020 0.337255 0.321569
4 4 -8 0.349020 0.337255 0.321569
5 4 -7 0.349020 0.337255 0.321569
5 4 -8 0.349020 0.337255 0.321569
6 4 -7 0.349020 0.337255 0.321569
6 4 -8 0.349020 0.337255 0.321569
7 4 -7 0.349020 0.337255 0.321569
7 4 -8 0.349020 0.337255 0.321569
8 4 -7 0.349020 0.337255 0.321569
8 4 -8 0.349020 0.337255 0.321569
9 4 -7 0.349020 0.337255 0.321569
9 4 -8 0.349020 0.337255 0.321569
10 4 -7 0.349020 0.337255 0.321569
10 4 -8 0.349020 0.337255 0.321569
11 4 -7 0.349020 0.337255 0.321569
11 4 -8 0.349020 0.337255 0.321569
12 4 -7 0.349020 0.337255 0.321569
12 4 -8 0.349020 0.337255 0.321569
13 4 -7 0.349020 0.337255 0.321569
13 4 -8 0.349020 0.337255 0.321569
14 4 -7 0.349020 0.337255 0.321569
14 4 -8 0.349020 0.337255 0.321569
15 4 -7 0.349020 0.337255 0.321569
15 4 -8 0.349020 0.337255 0.321569
16 4 -7 0.349020 0.337255 0.321569
16 4 -8 0.349020 0.337255 0.321569
1 4 -9 0.349020 0.337255 0.321569
2 4 -9 0.349020 0.337255 0.321569
3 4 -9 0.349020 0.337255 0.321569
4 4 -9 0.349020 0.337255 0.321569
5 4 -9 0.349020 0.337255 0.321569
6 4 -9 0.349020 0.337255 0.321569
7 4 -9 0.349020 0.337255 0.321569
8 4 -9 0.349020 0.337255 0.321569
9 4 -9 0.349020 0.337255 0.321569
10 4 -9 0.349020 0.337255 0.321569
11 4 -9 0.349020 0.337255 0.321569
12 4 -9 0.349020 0.337255 0.321569
13 4 -9 0.349020 0.337255 0.321569
14 4 -9 0.349020 0.337255 0.321569
15 4 -9 0.349020 0.337255 0.321569
16 4 -9 0.349020 0.337255 0.321569
1 5 -7 0.349020 0.337255 0.321569
1 5 -6 0.349020 0.337255 0.321569
2 5 -7 0.349020 0.337255 0.321569
2 5 -6 0.349020 0.337255 0.321569
3 5 -7 0.349020 0.337255 0.321569
3 5 -6 0.349020 0.337255 0.321569
4 5 -7 0.349020 0.337255 0.321569
4 5 -6 0.349020 0.337255 0.321569
5 5 -7 0.349020 0.337255 0.321569
5 5 -6 0.349020 0.337255 0.321569
6 5 -7 0.349020 0.337255 0.321569
6 5 -6 0.349020 0.337255 0.321569
7 5 -7 0.349020 0.337255 0.321569
7 5 -6 0.349020 0.337255 0.321569
8 5 -7 0.349020 0.337255 0.321569
8 5 -6 0.349020 0.337255 0.321569
9 5 -7 0.349020 0.337255 0.321569
9 5 -6 0.349020 0.337255 0.321569
10 5 -7 0.349020 0.337255 0.321569
10 5 -6 0.349020 0.337255 0.321569
11 5 -7 0.349020 0.337255 0.321569
11 5 -6 0.349020 0.337255 0.321569
12 5 -7 0.349020 0.337255 0.321569
12 5 -6 0.349020 0.337255 0.321569
13 5 -7 0.349020 0.337255 0.321569
13 5 -6 0.349020 0.337255 0.321569
14 5 -7 0.349020 0.337255 0.321569
14 5 -6 0.349020 0.337255 0.321569
15 5 -7 0.349020 0.337255 0.321569
15 5 -6 0.349020 0.337255 0.321569
16 5 -7 0.349020 0.337255 0.321569
16 5 -6 0.349020 0.337255 0.321569
1 6 0 0.349020 0.337255 0.321569
1 6 -1 0.349020 0.337255 0.321569
2 6 0 0.349020 0.337255 0.321569
2 6 -1 0.349020 0.337255 0.321569
3 6 0 0.349020 0.337255 0.321569
3 6 -1 0.349020 0.337255 0.321569
4 6 0 0.349020 0.337255 0.321569
4 6 -1 0.349020 0.337255 0.321569
5 6 0 0.349020 0.337255 0.321569
5 6 -1 0.349020 0.337255 0.321569
6 6 0 0.349020 0.337255 0.321569
6 6 -1 0.349020 0.337255 0.321569
7 6 0 0.349020 0.337255 0.321569
7 6 -1 0.349020 0.337255 0.321569
8 6 0 0.349020 0.337255 0.321569
8 6 -1 0.349020 0.337255 0.321569
9 6 0 0.349020 0.337255 0.321569
9 6 -1 0.349020 0.337255 0.321569
10 6 0 0.349020 0.337255 0.321569
10 6 -1 0.349020 0.337255 0.321569
11 6 0 0.349020 0.337255 0.321569
11 6 -1 0.349020 0.337255 0.321569
12 6 0 0.349020 0.337255 0.321569
12 6 -1 0.349020 0.337255 0.321569
13 6 0 0.349020 0.337255 0.321569
13 6 -1 0.349020 0.337255 0.321569
14 6 0 0.349020 0.337255 0.321569
14 6 -1 0.349020 0.337255 0.321569
15 6 0 0.349020 0.337255 0.321569
15 6 -1 0.349020 0.337255 0.321569
16 6 0 0.349020 0.337255 0.321569
16 6 -1 0.349020 0.337255 0.321569
1 6 -2 0.349020 0.337255 0.321569
2 6 -2 0.349020 0.337255 0.321569
3 6 -2 0.349020 0.337255 0.321569
4 6 -2 0.349020 0.337255 0.321569
5 6 -2 0.349020 0.337255 0.321569
6 6 -2 0.349020 0.337255 0.321569
7 6 -2 0.349020 0.337255 0.321569
8 6 -2 0.349020 0.337255 0.321569
9 6 -2 0.349020 0.337255 0.321569
10 6 -2 0.349020 0.337255 0.321569
11 6 -2 0.349020 0.337255 0.321569
12 6 -2 0.349020 0.337255 0.321569
13 6 -2 0.349020 0.337255 0.321569
14 6 -2 0.349020 0.337255 0.321569
15 6 -2 0.349020 0.337255 0.321569
16 6 -2 0.349020 0.337255 0.321569
1 6 -3 0.349020 0.337255 0.321569
2 6 -3 0.349020 0.337255 0.321569
3 6 -3 0.349020 0.337255 0.321569
4 6 -3 0.349020 0.337255 0.321569
5 6 -3 0.349020 0.337255 0.321569
6 6 -3 0.349020 0.337255 0.321569
7 6 -3 0.349020 0.337255 0.321569
8 6 -3 0.349020 0.337255 0.321569
9 6 -3 0.349020 0.337255 0.321569
10 6 -3 0.349020 0.337255 0.321569
11 6 -3 0.349020 0.337255 0.321569
12 6 -3 0.349020 0.337255 0.321569
13 6 -3 0.349020 0.337255 0.321569
14 6 -3 0.349020 0.337255 0.321569
15 6 -3 0.349020 0.337255 0.321569
16 6 -3 0.349020 0.337255 0.321569
1 6 -4 0.349020 0.337255 0.321569
2 6 -4 0.349020 0.337255 0.321569
3 6 -4 0.349020 0.337255 0.321569
4 6 -4 0.349020 0.337255 0.321569
5 6 -4 0.349020 0.337255 0.321569
6 6 -4 0.349020 0.337255 0.321569
7 6 -4 0.349020 0.337255 0.321569
8 6 -4 0.349020 0.337255 0.321569
9 6 -4 0.349020 0.337255 0.321569
10 6 -4 0.349020 0.337255 0.321569
11 6 -4 0.349020 0.337255 0.321569
12 6 -4 0.349020 0.337255 0.321569
13 6 -4 0.349020 0.337255 0.321569
14 6 -4 0.349020 0.337255 0.321569
15 6 -4 0.349020 0.337255 0.321569
16 6 -4 0.349020 0.337255 0.321569
8 6 -5 0.349020 0.337255 0.321569
7 6 -5 0.349020 0.337255 0.321569
9 6 -5 0.349020 0.337255 0.321569
10 6 -5 0.349020 0.337255 0.321569
11 6 -5 0.349020 0.337255 0.321569
12 6 -5 0.349020 0.337255 0.321569
13 6 -5 0.349020 0.337255 0.321569
14 6 -5 0.349020 0.337255 0.321569
15 6 -5 0.349020 0.337255 0.321569
16 6 -5 0.349020 0.337255 0.321569
1 6 -6 0.349020 0.337255 0.321569
1 6 -5 0.349020 0.337255 0.321569
2 6 -6 0.349020 0.337255 0.321569
2 6 -5 0.349020 0.337255 0.321569
3 6 -6 0.349020 0.337255 0.321569
3 6 -5 0.349020 0.337255 0.321569
4 6 -6 0.349020 0.337255 0.321569
4 6 -5 0.349020 0.337255 0.321569
5 6 -6 0.349020 0.337255 0.321569
5 6 -5 0.349020 0.337255 0.321569
6 6 -6 0.349020 0.337255 0.321569
6 6 -5 0.349020 0.337255 0.321569
7 6 -6 0.349020 0.337255 0.321569
8 6 -6 0.349020 0.337255 0.321569
9 6 -6 0.349020 0.337255 0.321569
10 6 -6 0.349020 0.337255 0.321569
11 6 -6 0.349020 0.337255 0.321569
12 6 -6 0.349020 0.337255 0.321569
13 6 -6 0.349020 0.337255 0.321569
14 6 -6 0.349020 0.337255 0.321569
15 6 -6 0.349020 0.337255 0.321569
16 6 -6 0.349020 0.337255 0.321569
1 6 -4 1.000000 1.000000 1.000000
1 7 -4 1.000000 1.000000 1.000000
1 6 -5 1.000000 1.000000 1.000000
1 7 -5 1.000000 1.000000 1.000000
2 6 -4 1.000000 1.000000 1.000000
2 7 -4 1.000000 1.000000 1.000000
2 6 -5 1.000000 1.000000 1.000000
2 7 -5 1.000000 1.000000 1.000000
3 6 -4 1.000000 1.000000 1.000000
3 7 -4 1.000000 1.000000 1.000000
3 6 -5 1.000000 1.000000 1.000000
3 7 -5 1.000000 1.000000 1.000000
4 6 -4 1.000000 1.000000 1.000000
4 7 -4 1.000000 1.000000 1.000000
4 6 -5 1.000000 1.000000 1.000000
4 7 -5 1.000000 1.000000 1.000000
5 6 -4 1.000000 1.000000 1.000000
5 7 -4 1.000000 1.000000 1.000000
5 6 -5 1.000000 1.000000 1.000000
5 7 -5 1.000000 1.000000 1.000000
6 6 -4 1.000000 1.000000 1.000000
6 7 -4 1.000000 1.000000 1.000000
6 6 -5 1.000000 1.000000 1.000000
6 7 -5 1.000000 1.000000 1.000000
7 6 -4 1.000000 1.000000 1.000000
7 7 -4 1.000000 1.000000 1.000000
7 6 -5 1.000000 1.000000 1.000000
7 7 -5 1.000000 1.000000 1.000000
1 8 -4 1.000000 1.000000 1.000000
1 8 -5 1.000000 1.000000 1.000000
2 8 -4 1.000000 1.000000 1.000000
2 8 -5 1.000000 1.000000 1.000000
3 8 -4 1.000000 1.000000 1.000000
3 8 -5 1.000000 1.000000 1.000000
4 8 -4 1.000000 1.000000 1.000000
4 8 -5 1.000000 1.000000 1.000000
5 8 -4 1.000000 1.000000 1.000000
5 8 -5 1.000000 1.000000 1.000000
6 8 -4 1.000000 1.000000 1.000000
6 8 -5 1.000000 1.000000 1.000000
7 8 -4 1.000000 1.000000 1.000000
7 8 -5 1.000000 1.000000 1.000000
1 9 -4 1.000000 1.000000 1.000000
1 9 -5 1.000000 1.000000 1.000000
5 9 -4 1.000000 1.000000 1.000000
4 9 -4 1.000000 1.000000 1.000000
4 9 -5 1.000000 1.000000 1.000000
5 9 -5 1.000000 1.000000 1.000000
6 9 -4 1.000000 1.000000 1.000000
6 9 -5 1.000000 1.000000 1.000000
7 9 -4 1.000000 1.000000 1.000000
7 9 -5 1.000000 1.000000 1.000000
8 8 -4 1.000000 1.000000 1.000000
8 9 -4 1.000000 1.000000 1.000000
8 8 -5 1.000000 1.000000 1.000000
8 9 -5 1.000000 1.000000 1.000000
9 8 -4 1.000000 1.000000 1.000000
9 9 -4 1.000000 1.000000 1.000000
9 8 -5 1.000000 1.000000 1.000000
9 9 -5 1.000000 1.000000 1.000000
10 8 -4 1.000000 1.000000 1.000000
10 9 -4 1.000000 1.000000 1.000000
10 8 -5 1.000000 1.000000 1.000000
10 9 -5 1.000000 1.000000 1.000000
1 10 -4 1.000000 1.000000 1.000000
1 10 -5 1.000000 1.000000 1.000000
5 10 -4 1.000000 1.000000 1.000000
4 10 -4 1.000000 1.000000 1.000000
4 10 -5 1.000000 1.000000 1.000000
5 10 -5 1.000000 1.000000 1.000000
6 10 -4 1.000000 1.000000 1.000000
6 10 -5 1.000000 1.000000 1.000000
7 10 -4 1.000000 1.000000 1.000000
7 10 -5 1.000000 1.000000 1.000000
8 10 -4 1.000000 1.000000 1.000000
8 10 -5 1.000000 1.000000 1.000000
9 10 -4 1.000000 1.000000 1.000000
9 10 -5 1.000000 1.000000 1.000000
10 10 -4 1.000000 1.000000 1.000000
10 10 -5 1.000000 1.000000 1.000000
1 11 -4 1.000000 1.000000 1.000000
1 11 -5 1.000000 1.000000 1.000000
5 11 -4 1.000000 1.000000 1.000000
4 11 -4 1.000000 1.000000 1.000000
4 11 -5 1.000000 1.000000 1.000000
5 11 -5 1.000000 1.000000 1.000000
6 11 -4 1.000000 1.000000 1.000000
6 11 -5 1.000000 1.000000 1.000000
7 11 -4 1.000000 1.000000 1.000000
7 11 -5 1.000000 1.000000 1.000000
8 11 -4 1.000000 1.000000 1.000000
8 11 -5 1.000000 1.000000 1.000000
9 11 -4 1.000000 1.000000 1.000000
9 11 -5 1.000000 1.000000 1.000000
10 11 -4 1.000000 1.000000 1.000000
10 11 -5 1.000000 1.000000 1.000000
11 10 -4 1.000000 1.000000 1.000000
11 11 -4 1.000000 1.000000 1.000000
11 10 -5 1.000000 1.000000 1.000000
11 11 -5 1.000000 1.000000 1.000000
1 12 -4 1.000000 1.000000 1.000000
1 12 -5 1.000000 1.000000 1.000000
2 11 -4 1.000000 1.000000 1.000000
2 12 -4 1.000000 1.000000 1.000000
2 11 -5 1.000000 1.000000 1.000000
2 12 -5 1.000000 1.000000 1.000000
3 11 -4 1.000000 1.000000 1.000000
3 12 -4 1.000000 1.000000 1.000000
3 11 -5 1.000000 1.000000 1.000000
3 12 -5 1.000000 1.000000 1.000000
4 12 -4 1.000000 1.000000 1.000000
4 12 -5 1.000000 1.000000 1.000000
5 12 -4 1.000000 1.000000 1.000000
5 12 -5 1.000000 1.000000 1.000000
6 12 -4 1.000000 1.000000 1.000000
6 12 -5 1.000000 1.000000 1.000000
7 12 -4 1.000000 1.000000 1.000000
7 12 -5 1.000000 1.000000 1.000000
8 12 -4 1.000000 1.000000 1.000000
8 12 -5 1.000000 1.000000 1.000000
9 12 -4 1.000000 1.000000 1.000000
9 12 -5 1.000000 1.000000 1.000000
10 12 -4 1.000000 1.000000 1.000000
10 12 -5 1.000000 1.000000 1.000000
11 12 -4 1.000000 1.000000 1.000000
11 12 -5 1.000000 1.000000 1.000000
17 0 -1 0.349020 0.337255 0.321569
17 0 0 0.349020 0.337255 0.321569
18 0 -1 0.349020 0.337255 0.321569
18 0 0 0.349020 0.337255 0.321569
19 0 -1 0.349020 0.337255 0.321569
19 0 0 0.349020 0.337255 0.321569
20 0 -1 0.349020 0.337255 0.321569
20 0 0 0.349020 0.337255 0.321569
21 0 -1 0.349020 0.337255 0.321569
21 0 0 0.349020 0.337255 0.321569
22 0 -1 0.349020 0.337255 0.321569
22 0 0 0.349020 0.337255 0.321569
23 0 -1 0.349020 0.337255 0.321569
23 0 0 0.349020 0.337255 0.321569
24 0 -1 0.349020 0.337255 0.321569
24 0 0 0.349020 0.337255 0.321569
25 0 -1 0.349020 0.337255 0.321569
25 0 0 0.349020 0.337255 0.321569
26 0 -1 0.349020 0.337255 0.321569
26 0 0 0.349020 0.337255 0.321569
27 0 -1 0.349020 0.337255 0.321569
27 0 0 0.349020 0.337255 0.321569
28 0 -1 0.349020 0.337255 0.321569
28 0 0 0.349020 0.337255 0.321569
29 0 -1 0.349020 0.337255 0.321569
29 0 0 0.349020 0.337255 0.321569
30 0 -1 0.349020 0.337255 0.321569
30 0 0 0.349020 0.337255 0.321569
31 0 -1 0.349020 0.337255 0.321569
31 0 0 0.349020 0.337255 0.321569
32 0 -1 0.349020 0.337255 0.321569
32 0 0 0.349020 0.337255 0.321569
17 0 -2 0.349020 0.337255 0.321569
18 0 -2 0.349020 0.337255 0.321569
19 0 -2 0.349020 0.337255 0.321569
20 0 -2 0.349020 0.337255 0.321569
21 0 -2 0.349020 0.337255 0.321569
22 0 -2 0.349020 0.337255 0.321569
23 0 -2 0.349020 0.337255 0.321569
24 0 -2 0.349020 0.337255 0.321569
25 0 -2 0.349020 0.337255 0.321569
26 0 -2 0.349020 0.337255 0.321569
27 0 -2 0.349020 0.337255 0.321569
28 0 -2 0.349020 0.337255 0.321569
29 0 -2 0.349020 0.337255 0.321569
30 0 -2 0.349020 0.337255 0.321569
31 0 -2 0.349020 0.337255 0.321569
32 0 -2 0.349020 0.337255 0.321569
17 0 -3 0.349020 0.337255 0.321569
18 0 -3 0.349020 0.337255 0.321569
19 0 -3 0.349020 0.337255 0.321569
20 0 -3 0.349020 0.337255 0.321569
21 0 -3 0.349020 0.337255 0.321569
22 0 -3 0.349020 0.337255 0.321569
23 0 -3 0.349020 0.337255 0.321569
24 0 -3 0.349020 0.337255 0.321569
25 0 -3 0.349020 0.337255 0.321569
26 0 -3 0.349020 0.337255 0.321569
27 0 -3 0.349020 0.337255 0.321569
28 0 -3 0.349020 0.337255 0.321569
29 0 -3 0.349020 0.337255 0.321569
30 0 -3 0.349020 0.337255 0.321569
31 0 -3 0.349020 0.337255 0.321569
32 0 -3 0.349020 0.337255 0.321569
17 0 -4 0.349020 0.337255 0.321569
18 0 -4 0.349020 0.337255 0.321569
19 0 -4 0.349020 0.337255 0.321569
20 0 -4 0.349020 0.337255 0.321569
21 0 -4 0.349020 0.337255 0.321569
22 0 -4 0.349020 0.337255 0.321569
23 0 -4 0.349020 0.337255 0.321569
24 0 -4 0.349020 0.337255 0.321569
25 0 -4 0.349020 0.337255 0.321569
26 0 -4 0.349020 0.337255 0.321569
27 0 -4 0.349020 0.337255 0.321569
28 0 -4 0.349020 0.337255 0.321569
29 0 -4 0.349020 0.337255 0.321569
30 0 -4 0.349020 0.337255 0.321569
31 0 -4 0.349020 0.337255 0.321569
32 0 -4 0.349020 0.337255 0.321569
17 0 -5 0.349020 0.337255 0.321569
18 0 -5 0.349020 0.337255 0.321569
19 0 -5 0.349020 0.337255 0.321569
20 0 -5 0.349020 0.337255 0.321569
21 0 -5 0.349020 0.337255 0.321569
22 0 -5 0.349020 0.337255 0.321569
23 0 -5 0.349020 0.337255 0.321569
24 0 -5 0.349020 0.337255 0.321569
25 0 -5 0.349020 0.337255 0.321569
26 0 -5 0.349020 0.337255 0.321569
27 0 -5 0.349020 0.337255 0.321569
28 0 -5 0.349020 0.337255 0.321569
29 0 -5 0.349020 0.337255 0.321569
30 0 -5 0.349020 0.337255 0.321569
31 0 -5 0.349020 0.337255 0.321569
32 0 -5 0.349020 0.337255 0.321569
17 0 -6 0.349020 0.337255 0.321569
18 0 -6 0.349020 0.337255 0.321569
19 0 -6 0.349020 0.337255 0.321569
20 0 -6 0.349020 0.337255 0.321569
21 0 -6 0.349020 0.337255 0.321569
22 0 -6 0.349020 0.337255 0.321569
23 0 -6 0.349020 0.337255 0.321569
24 0 -6 0.349020 0.337255 0.321569
25 0 -6 0.349020 0.337255 0.321569
26 0 -6 0.349020 0.337255 0.321569
27 0 -6 0.349020 0.337255 0.321569
28 0 -6 0.349020 0.337255 0.321569
29 0 -6 0.349020 0.337255 0.321569
30 0 -6 0.349020 0.337255 0.321569
31 0 -6 0.349020 0.337255 0.321569
32 0 -6 0.349020 0.337255 0.321569
17 0 -7 0.349020 0.337255 0.321569
17 1 -7 0.349020 0.337255 0.321569
18 0 -7 0.349020 0.337255 0.321569
18 1 -7 0.349020 0.337255 0.321569
19 0 -7 0.349020 0.337255 0.321569
19 1 -7 0.349020 0.337255 0.321569
20 0 -7 0.349020 0.337255 0.321569
20 1 -7 0.349020 0.337255 0.321569
21 0 -7 0.349020 0.337255 0.321569
21 1 -7 0.349020 0.337255 0.321569
22 0 -7 0.349020 0.337255 0.321569
22 1 -7 0.349020 0.337255 0.321569
23 0 -7 0.349020 0.337255 0.321569
23 1 -7 0.349020 0.337255 0.321569
24 0 -7 0.349020 0.337255 0.321569
24 1 -7 0.349020 0.337255 0.321569
25 0 -7 0.349020 0.337255 0.321569
25 1 -7 0.349020 0.337255 0.321569
26 0 -7 0.349020 0.337255 0.321569
26 1 -7 0.349020 0.337255 0.321569
27 0 -7 0.349020 0.337255 0.321569
27 1 -7 0.349020 0.337255 0.321569
28 0 -7 0.349020 0.337255 0.321569
28 1 -7 0.349020 0.337255 0.321569
29 0 -7 0.349020 0.337255 0.321569
29 1 -7 0.349020 0.337255 0.321569
30 0 -7 0.349020 0.337255 0.321569
30 1 -7 0.349020 0.337255 0.321569
31 0 -7 0.349020 0.337255 0.321569
31 1 -7 0.349020 0.337255 0.321569
32 0 -7 0.349020 0.337255 0.321569
32 1 -7 0.349020 0.337255 0.321569
17 1 -8 0.349020 0.337255 0.321569
17 2 -8 0.349020 0.337255 0.321569
18 1 -8 0.349020 0.337255 0.321569
18 2 -8 0.349020 0.337255 0.321569
19 1 -8 0.349020 0.337255 0.321569
19 2 -8 0.349020 0.337255 0.321569
20 1 -8 0.349020 0.337255 0.321569
20 2 -8 0.349020 0.337255 0.321569
21 1 -8 0.349020 0.337255 0.321569
21 2 -8 0.349020 0.337255 0.321569
22 1 -8 0.349020 0.337255 0.321569
22 2 -8 0.349020 0.337255 0.321569
23 1 -8 0.349020 0.337255 0.321569
23 2 -8 0.349020 0.337255 0.321569
24 1 -8 0.349020 0.337255 0.321569
24 2 -8 0.349020 0.337255 0.321569
25 1 -8 0.349020 0.337255 0.321569
25 2 -8 0.349020 0.337255 0.321569
26 1 -8 0.349020 0.337255 0.321569
26 2 -8 0.349020 0.337255 0.321569
27 1 -8 0.349020 0.337255 0.321569
27 2 -8 0.349020 0.337255 0.321569
28 1 -8 0.349020 0.337255 0.321569
28 2 -8 0.349020 0.337255 0.321569
29 1 -8 0.349020 0.337255 0.321569
29 2 -8 0.349020 0.337255 0.321569
30 1 -8 0.349020 0.337255 0.321569
30 2 -8 0.349020 0.337255 0.321569
31 1 -8 0.349020 0.337255 0.321569
31 2 -8 0.349020 0.337255 0.321569
32 1 -8 0.349020 0.337255 0.321569
32 2 -8 0.349020 0.337255 0.321569
17 2 -9 0.349020 0.337255 0.321569
17 3 -9 0.349020 0.337255 0.321569
18 2 -9 0.349020 0.337255 0.321569
18 3 -9 0.349020 0.337255 0.321569
19 2 -9 0.349020 0.337255 0.321569
19 3 -9 0.349020 0.337255 0.321569
20 2 -9 0.349020 0.337255 0.321569
20 3 -9 0.349020 0.337255 0.321569
21 2 -9 0.349020 0.337255 0.321569
21 3 -9 0.349020 0.337255 0.321569
22 2 -9 0.349020 0.337255 0.321569
22 3 -9 0.349020 0.337255 0.321569
23 2 -9 0.349020 0.337255 0.321569
23 3 -9 0.349020 0.337255 0.321569
24 2 -9 0.349020 0.337255 0.321569
24 3 -9 0.349020 0.337255 0.321569
25 2 -9 0.349020 0.337255 0.321569
25 3 -9 0.349020 0.337255 0.321569
26 2 -9 0.349020 0.337255 0.321569
26 3 -9 0.349020 0.337255 0.321569
27 2 -9 0.349020 0.337255 0.321569
27 3 -9 0.349020 0.337255 0.321569
28 2 -9 0.349020 0.337255 0.321569
28 3 -9 0.349020 0.337255 0.321569
29 2 -9 0.349020 0.337255 0.321569
29 3 -9 0.349020 0.337255 0.321569
30 2 -9 0.349020 0.337255 0.321569
30 3 -9 0.349020 0.337255 0.321569
31 2 -9 0.349020 0.337255 0.321569
31 3 -9 0.349020 0.337255 0.321569
32 2 -9 0.349020 0.337255 0.321569
32 3 -9 0.349020 0.337255 0.321569
17 4 -7 0.349020 0.337255 0.321569
17 4 -8 0.349020 0.337255 0.321569
18 4 -7 0.349020 0.337255 0.321569
18 4 -8 0.349020 0.337255 0.321569
19 4 -7 0.349020 0.337255 0.321569
19 4 -8 0.349020 0.337255 0.321569
20 4 -7 0.349020 0.337255 0.321569
20 4 -8 0.349020 0.337255 0.321569
21 4 -7 0.349020 0.337255 0.321569
21 4 -8 0.349020 0.337255 0.321569
22 4 -7 0.349020 0.337255 0.321569
22 4 -8 0.349020 0.337255 0.321569
23 4 -7 0.349020 0.337255 0.321569
23 4 -8 0.349020 0.337255 0.321569
24 4 -7 0.349020 0.337255 0.321569
24 4 -8 0.349020 0.337255 0.321569
25 4 -7 0.349020 0.337255 0.321569
25 4 -8 0.349020 0.337255 0.321569
26 4 -7 0.349020 0.337255 0.321569
26 4 -8 0.349020 0.337255 0.321569
27 4 -7 0.349020 0.337255 0.321569
27 4 -8 0.349020 0.337255 0.321569
28 4 -7 0.349020 0.337255 0.321569
28 4 -8 0.349020 0.337255 0.321569
29 4 -7 0.349020 0.337255 0.321569
29 4 -8 0.349020 0.337255 0.321569
30 4 -7 0.349020 0.337255 0.321569
30 4 -8 0.349020 0.337255 0.321569
31 4 -7 0.349020 0.337255 0.321569
31 4 -8 0.349020 0.337255 0.321569
32 4 -7 0.349020 0.337255 0.321569
32 4 -8 0.349020 0.337255 0.321569
17 4 -9 0.349020 0.337255 0.321569
18 4 -9 0.349020 0.337255 0.321569
19 4 -9 0.349020 0.337255 0.321569
20 4 -9 0.349020 0.337255 0.321569
21 4 -9 0.349020 0.337255 0.321569
22 4 -9 0.349020 0.337255 0.321569
23 4 -9 0.349020 0.337255 0.321569
24 4 -9 0.349020 0.337255 0.321569
25 4 -9 0.349020 0.337255 0.321569
26 4 -9 0.349020 0.337255 0.321569
27 4 -9 0.349020 0.337255 0.321569
28 4 -9 0.349020 0.337255 0.321569
29 4 -9 0.349020 0.337255 0.321569
30 4 -9 0.349020 0.337255 0.321569
31 4 -9 0.349020 0.337255 0.321569
32 4 -9 0.349020 0.337255 0.321569
17 5 -7 0.349020 0.337255 0.321569
17 5 -6 0.349020 0.337255 0.321569
18 5 -7 0.349020 0.337255 0.321569
18 5 -6 0.349020 0.337255 0.321569
19 5 -7 0.349020 0.337255 0.321569
19 5 -6 0.349020 0.337255 0.321569
20 5 -7 0.349020 0.337255 0.321569
20 5 -6 0.349020 0.337255 0.321569
21 5 -7 0.349020 0.337255 0.321569
21 5 -6 0.349020 0.337255 0.321569
22 5 -7 0.349020 0.337255 0.321569
22 5 -6 0.349020 0.337255 0.321569
23 5 -7 0.349020 0.337255 0.321569
23 5 -6 0.349020 0.337255 0.321569
24 5 -7 0.349020 0.337255 0.321569
24 5 -6 0.349020 0.337255 0.321569
25 5 -7 0.349020 0.337255 0.321569
25 5 -6 0.349020 0.337255 0.321569
26 5 -7 0.349020 0.337255 0.321569
26 5 -6 0.349020 0.337255 0.321569
27 5 -7 0.349020 0.337255 0.321569
27 5 -6 0.349020 0.337255 0.321569
28 5 -7 0.349020 0.337255 0.321569
28 5 -6 0.349020 0.337255 0.321569
29 5 -7 0.349020 0.337255 0.321569
29 5 -6 0.349020 0.337255 0.321569
30 5 -7 0.349020 0.337255 0.321569
30 5 -6 0.349020 0.337255 0.321569
31 5 -7 0.349020 0.337255 0.321569
31 5 -6 0.349020 0.337255 0.321569
32 5 -7 0.349020 0.337255 0.321569
32 5 -6 0.349020 0.337255 0.321569
17 6 0 0.349020 0.337255 0.321569
17 6 -1 0.349020 0.337255 0.321569
18 6 0 0.349020 0.337255 0.321569
18 6 -1 0.349020 0.337255 0.321569
19 6 0 0.349020 0.337255 0.321569
19 6 -1 0.349020 0.337255 0.321569
20 6 0 0.349020 0.337255 0.321569
20 6 -1 0.349020 0.337255 0.321569
21 6 0 0.349020 0.337255 0.321569
21 6 -1 0.349020 0.337255 0.321569
22 6 0 0.349020 0.337255 0.321569
22 6 -1 0.349020 0.337255 0.321569
23 6 0 0.349020 0.337255 0.321569
23 6 -1 0.349020 0.337255 0.321569
24 6 0 0.349020 0.337255 0.321569
24 6 -1 0.349020 0.337255 0.321569
25 6 0 0.349020 0.337255 0.321569
25 6 -1 0.349020 0.337255 0.321569
26 6 0 0.349020 0.337255 0.321569
26 6 -1 0.349020 0.337255 0.321569
27 6 0 0.349020 0.337255 0.321569
27 6 -1 0.349020 0.337255 0.321569
28 6 0 0.349020 0.337255 0.321569
28 6 -1 0.349020 0.337255 0.321569
29 6 0 0.349020 0.337255 0.321569
29 6 -1 0.349020 0.337255 0.321569
30 6 0 0.349020 0.337255 0.321569
30 6 -1 0.349020 0.337255 0.321569
31 6 0 0.349020 0.337255 0.321569
31 6 -1 0.349020 0.337255 0.321569
32 6 0 0.349020 0.337255 0.321569
32 6 -1 0.349020 0.337255 0.321569
17 6 -2 0.349020 0.337255 0.321569
18 6 -2 0.349020 0.337255 0.321569
19 6 -2 0.349020 0.337255 0.321569
20 6 -2 0.349020 0.337255 0.321569
21 6 -2 0.349020 0.337255 0.321569
22 6 -2 0.349020 0.337255 0.321569
23 6 -2 0.349020 0.337255 0.321569
24 6 -2 0.349020 0.337255 0.321569
25 6 -2 0.349020 0.337255 0.321569
26 6 -2 0.349020 0.337255 0.321569
27 6 -2 0.349020 0.337255 0.321569
28 6 -2 0.349020 0.337255 0.321569
29 6 -2 0.349020 0.337255 0.321569
30 6 -2 0.349020 0.337255 0.321569
31 6 -2 0.349020 0.337255 0.321569
32 6 -2 0.349020 0.337255 0.321569
17 6 -3 0.349020 0.337255 0.321569
18 6 -3 0.349020 0.337255 0.321569
19 6 -3 0.349020 0.337255 0.321569
20 6 -3 0.349020 0.337255 0.321569
21 6 -3 0.349020 0.337255 0.321569
22 6 -3 0.349020 0.337255 0.321569
23 6 -3 0.349020 0.337255 0.321569
24 6 -3 0.349020 0.337255 0.321569
25 6 -3 0.349020 0.337255 0.321569
26 6 -3 0.349020 0.337255 0.321569
27 6 -3 0.349020 0.337255 0.321569
28 6 -3 0.349020 0.337255 0.321569
29 6 -3 0.349020 0.337255 0.321569
30 6 -3 0.349020 0.337255 0.321569
31 6 -3 0.349020 0.337255 0.321569
32 6 -3 0.349020 0.337255 0.321569
17 6 -4 0.349020 0.337255 0.321569
18 6 -4 0.349020 0.337255 0.321569
19 6 -4 0.349020 0.337255 0.321569
20 6 -4 0.349020 0.337255 0.321569
21 6 -4 0.349020 0.337255 0.321569
22 6 -4 0.349020 0.337255 0.321569
23 6 -4 0.349020 0.337255 0.321569
24 6 -4 0.349020 0.337255 0.321569
25 6 -4 0.349020 0.337255 0.321569
26 6 -4 0.349020 0.337255 0.321569
27 6 -4 0.349020 0.337255 0.321569
28 6 -4 0.349020 0.337255 0.321569
29 6 -4 0.349020 0.337255 0.321569
30 6 -4 0.349020 0.337255 0.321569
31 6 -4 0.349020 0.337255 0.321569
32 6 -4 0.349020 0.337255 0.321569
17 6 -5 0.349020 0.337255 0.321569
18 6 -5 0.349020 0.337255 0.321569
19 6 -5 0.349020 0.337255 0.321569
20 6 -5 0.349020 0.337255 0.321569
21 6 -5 0.349020 0.337255 0.321569
22 6 -5 0.349020 0.337255 0.321569
23 6 -5 0.349020 0.337255 0.321569
24 6 -5 0.349020 0.337255 0.321569
25 6 -5 0.349020 0.337255 0.321569
26 6 -5 0.349020 0.337255 0.321569
27 6 -5 0.349020 0.337255 0.321569
28 6 -5 0.349020 0.337255 0.321569
29 6 -5 0.349020 0.337255 0.321569
30 6 -5 0.349020 0.337255 0.321569
31 6 -5 0.349020 0.337255 0.321569
32 6 -5 0.349020 0.337255 0.321569
17 6 -6 0.349020 0.337255 0.321569
18 6 -6 0.349020 0.337255 0.321569
19 6 -6 0.349020 0.337255 0.321569
20 6 -6 0.349020 0.337255 0.321569
21 6 -6 0.349020 0.337255 0.321569
22 6 -6 0.349020 0.337255 0.321569
23 6 -6 0.349020 0.337255 0.321569
24 6 -6 0.349020 0.337255 0.321569
25 6 -6 0.349020 0.337255 0.321569
26 6 -6 0.349020 0.337255 0.321569
27 6 -6 0.349020 0.337255 0.321569
28 6 -6 0.349020 0.337255 0.321569
29 6 -6 0.349020 0.337255 0.321569
30 6 -6 0.349020 0.337255 0.321569
31 6 -6 0.349020 0.337255 0.321569
32 6 -6 0.349020 0.337255 0.321569
33 0 -1 0.349020 0.337255 0.321569
33 0 0 0.349020 0.337255 0.321569
34 0 -1 0.349020 0.337255 0.321569
34 0 0 0.349020 0.337255 0.321569
35 0 -1 0.349020 0.337255 0.321569
35 0 0 0.349020 0.337255 0.321569
36 0 -1 0.349020 0.337255 0.321569
36 0 0 0.349020 0.337255 0.321569
37 0 -1 0.349020 0.337255 0.321569
37 0 0 0.349020 0.337255 0.321569
38 0 -1 0.349020 0.337255 0.321569
38 0 0 0.349020 0.337255 0.321569
39 0 -1 0.349020 0.337255 0.321569
39 0 0 0.349020 0.337255 0.321569
40 0 -1 0.349020 0.337255 0.321569
40 0 0 0.349020 0.337255 0.321569
41 0 -1 0.349020 0.337255 0.321569
41 0 0 0.349020 0.337255 0.321569
42 0 -1 0.349020 0.337255 0.321569
42 0 0 0.349020 0.337255 0.321569
43 0 -1 0.349020 0.337255 0.321569
43 0 0 0.349020 0.337255 0.321569
44 0 -1 0.349020 0.337255 0.321569
44 0 0 0.349020 0.337255 0.321569
45 0 -1 0.349020 0.337255 0.321569
45 0 0 0.349020 0.337255 0.321569
46 0 -1 0.349020 0.337255 0.321569
46 0 0 0.349020 0.337255 0.321569
47 0 -1 0.349020 0.337255 0.321569
47 0 0 0.349020 0.337255 0.321569
48 0 -1 0.349020 0.337255 0.321569
48 0 0 0.349020 0.337255 0.321569
33 0 -2 0.349020 0.337255 0.321569
34 0 -2 0.349020 0.337255 0.321569
35 0 -2 0.349020 0.337255 0.321569
36 0 -2 0.349020 0.337255 0.321569
37 0 -2 0.349020 0.337255 0.321569
38 0 -2 0.349020 0.337255 0.321569
39 0 -2 0.349020 0.337255 0.321569
40 0 -2 0.349020 0.337255 0.321569
41 0 -2 0.349020 0.337255 0.321569
42 0 -2 0.349020 0.337255 0.321569
43 0 -2 0.349020 0.337255 0.321569
44 0 -2 0.349020 0.337255 0.321569
45 0 -2 0.349020 0.337255 0.321569
46 0 -2 0.349020 0.337255 0.321569
47 0 -2 0.349020 0.337255 0.321569
48 0 -2 0.349020 0.337255 0.321569
33 0 -3 0.349020 0.337255 0.321569
34 0 -3 0.349020 0.337255 0.321569
35 0 -3 0.349020 0.337255 0.321569
36 0 -3 0.349020 0.337255 0.321569
37 0 -3 0.349020 0.337255 0.321569
38 0 -3 0.349020 0.337255 0.321569
39 0 -3 0.349020 0.337255 0.321569
40 0 -3 0.349020 0.337255 0.321569
41 0 -3 0.349020 0.337255 0.321569
42 0 -3 0.349020 0.337255 0.321569
43 0 -3 0.349020 0.337255 0.321569
44 0 -3 0.349020 0.337255 0.321569
45 0 -3 0.349020 0.337255 0.321569
46 0 -3 0.349020 0.337255 0.321569
47 0 -3 0.349020 0.337255 0.321569
48 0 -3 0.349020 0.337255 0.321569
33 0 -4 0.349020 0.337255 0.321569
34 0 -4 0.349020 0.337255 0.321569
35 0 -4 0.349020 0.337255 0.321569
36 0 -4 0.349020 0.337255 0.321569
37 0 -4 0.349020 0.337255 0.321569
38 0 -4 0.349020 0.337255 0.321569
39 0 -4 0.349020 0.337255 0.321569
40 0 -4 0.349020 0.337255 0.321569
41 0 -4 0.349020 0.337255 0.321569
42 0 -4 0.349020 0.337255 0.321569
43 0 -4 0.349020 0.337255 0.321569
44 0 -4 0.349020 0.337255 0.321569
45 0 -4 0.349020 0.337255 0.321569
46 0 -4 0.349020 0.337255 0.321569
47 0 -4 0.349020 0.337255 0.321569
48 0 -4 0.349020 0.337255 0.321569
33 0 -5 0.349020 0.337255 0.321569
34 0 -5 0.349020 0.337255 0.321569
35 0 -5 0.349020 0.337255 0.321569
36 0 -5 0.349020 0.337255 0.321569
37 0 -5 0.349020 0.337255 0.321569
38 0 -5 0.349020 0.337255 0.321569
39 0 -5 0.349020 0.337255 0.321569
40 0 -5 0.349020 0.337255 0.321569
41 0 -5 0.349020 0.337255 0.321569
42 0 -5 0.349020 0.337255 0.321569
43 0 -5 0.349020 0.337255 0.321569
44 0 -5 0.349020 0.337255 0.321569
45 0 -5 0.349020 0.337255 0.321569
46 0 -5 0.349020 0.337255 0.321569
47 0 -5 0.349020 0.337255 0.321569
48 0 -5 0.349020 0.337255 0.321569
33 0 -6 0.349020 0.337255 0.321569
34 0 -6 0.349020 0.337255 0.321569
35 0 -6 0.349020 0.337255 0.321569
36 0 -6 0.349020 0.337255 0.321569
37 0 -6 0.349020 0.337255 0.321569
38 0 -6 0.349020 0.337255 0.321569
39 0 -6 0.349020 0.337255 0.321569
40 0 -6 0.349020 0.337255 0.321569
41 0 -6 0.349020 0.337255 0.321569
42 0 -6 0.349020 0.337255 0.321569
43 0 -6 0.349020 0.337255 0.321569
44 0 -6 0.349020 0.337255 0.321569
45 0 -6 0.349020 0.337255 0.321569
46 0 -6 0.349020 0.337255 0.321569
47 0 -6 0.349020 0.337255 0.321569
48 0 -6 0.349020 0.337255 0.321569
33 0 -7 0.349020 0.337255 0.321569
33 1 -7 0.349020 0.337255 0.321569
34 0 -7 0.349020 0.337255 0.321569
34 1 -7 0.349020 0.337255 0.321569
35 0 -7 0.349020 0.337255 0.321569
35 1 -7 0.349020 0.337255 0.321569
36 0 -7 0.349020 0.337255 0.321569
36 1 -7 0.349020 0.337255 0.321569
37 0 -7 0.349020 0.337255 0.321569
37 1 -7 0.349020 0.337255 0.321569
38 0 -7 0.349020 0.337255 0.321569
38 1 -7 0.349020 0.337255 0.321569
39 0 -7 0.349020 0.337255 0.321569
39 1 -7 0.349020 0.337255 0.321569
40 0 -7 0.349020 0.337255 0.321569
40 1 -7 0.349020 0.337255 0.321569
41 0 -7 0.349020 0.337255 0.321569
41 1 -7 0.349020 0.337255 0.321569
42 0 -7 0.349020 0.337255 0.321569
42 1 -7 0.349020 0.337255 0.321569
43 0 -7 0.349020 0.337255 0.321569
43 1 -7 0.349020 0.337255 0.321569
44 0 -7 0.349020 0.337255 0.321569
44 1 -7 0.349020 0.337255 0.321569
45 0 -7 0.349020 0.337255 0.321569
45 1 -7 0.349020 0.337255 0.321569
46 0 -7 0.349020 0.337255 0.321569
46 1 -7 0.349020 0.337255 0.321569
47 0 -7 0.349020 0.337255 0.321569
47 1 -7 0.349020 0.337255 0.321569
48 0 -7 0.349020 0.337255 0.321569
48 1 -7 0.349020 0.337255 0.321569
33 1 -8 0.349020 0.337255 0.321569
33 2 -8 0.349020 0.337255 0.321569
34 1 -8 0.349020 0.337255 0.321569
34 2 -8 0.349020 0.337255 0.321569
35 1 -8 0.349020 0.337255 0.321569
35 2 -8 0.349020 0.337255 0.321569
36 1 -8 0.349020 0.337255 0.321569
36 2 -8 0.349020 0.337255 0.321569
37 1 -8 0.349020 0.337255 0.321569
37 2 -8 0.349020 0.337255 0.321569
38 1 -8 0.349020 0.337255 0.321569
38 2 -8 0.349020 0.337255 0.321569
39 1 -8 0.349020 0.337255 0.321569
39 2 -8 0.349020 0.337255 0.321569
40 1 -8 0.349020 0.337255 0.321569
40 2 -8 0.349020 0.337255 0.321569
41 1 -8 0.349020 0.337255 0.321569
41 2 -8 0.349020 0.337255 0.321569
42 1 -8 0.349020 0.337255 0.321569
42 2 -8 0.349020 0.337255 0.321569
43 1 -8 0.349020 0.337255 0.321569
43 2 -8 0.349020 0.337255 0.321569
44 1 -8 0.349020 0.337255 0.321569
44 2 -8 0.349020 0.337255 0.321569
45 1 -8 0.349020 0.337255 0.321569
45 2 -8 0.349020 0.337255 0.321569
46 1 -8 0.349020 0.337255 0.321569
46 2 -8 0.349020 0.337255 0.321569
47 1 -8 0.349020 0.337255 0.321569
47 2 -8 0.349020 0.337255 0.321569
48 1 -8 0.349020 0.337255 0.321569
48 2 -8 0.349020 0.337255 0.321569
33 2 -9 0.349020 0.337255 0.321569
33 3 -9 0.349020 0.337255 0.321569
34 2 -9 0.349020 0.337255 0.321569
34 3 -9 0.349020 0.337255 0.321569
35 2 -9 0.349020 0.337255 0.321569
35 3 -9 0.349020 0.337255 0.321569
36 2 -9 0.349020 0.337255 0.321569
36 3 -9 0.349020 0.337255 0.321569
37 2 -9 0.349020 0.337255 0.321569
37 3 -9 0.349020 0.337255 0.321569
38 2 -9 0.349020 0.337255 0.321569
38 3 -9 0.349020 0.337255 0.321569
39 2 -9 0.349020 0.337255 0.321569
39 3 -9 0.349020 0.337255 0.321569
40 2 -9 0.349020 0.337255 0.321569
40 3 -9 0.349020 0.337255 0.321569
41 2 -9 0.349020 0.337255 0.321569
41 3 -9 0.349020 0.337255 0.321569
42 2 -9 0.349020 0.337255 0.321569
42 3 -9 0.349020 0.337255 0.321569
43 2 -9 0.349020 0.337255 0.321569
43 3 -9 0.349020 0.337255 0.321569
44 2 -9 0.349020 0.337255 0.321569
44 3 -9 0.349020 0.337255 0.321569
45 2 -9 0.349020 0.337255 0.321569
45 3 -9 0.349020 0.337255 0.321569
46 2 -9 0.349020 0.337255 0.321569
46 3 -9 0.349020 0.337255 0.321569
47 2 -9 0.349020 0.337255 0.321569
47 3 -9 0.349020 0.337255 0.321569
48 2 -9 0.349020 0.337255 0.321569
48 3 -9 0.349020 0.337255 0.321569
33 4 -7 0.349020 0.337255 0.321569
33 4 -8 0.349020 0.337255 0.321569
34 4 -7 0.349020 0.337255 0.321569
34 4 -8 0.349020 0.337255 0.321569
35 4 -7 0.349020 0.337255 0.321569
35 4 -8 0.349020 0.337255 0.321569
36 4 -7 0.349020 0.337255 0.321569
36 4 -8 0.349020 0.337255 0.321569
37 4 -7 0.349020 0.337255 0.321569
37 4 -8 0.349020 0.337255 0.321569
38 4 -7 0.349020 0.337255 0.321569
38 4 -8 0.349020 0.337255 0.321569
39 4 -7 0.349020 0.337255 0.321569
39 4 -8 0.349020 0.337255 0.321569
40 4 -7 0.349020 0.337255 0.321569
40 4 -8 0.349020 0.337255 0.321569
41 4 -7 0.349020 0.337255 0.321569
41 4 -8 0.349020 0.337255 0.321569
42 4 -7 0.349020 0.337255 0.321569
42 4 -8 0.349020 0.337255 0.321569
43 4 -7 0.349020 0.337255 0.321569
43 4 -8 0.349020 0.337255 0.321569
44 4 -7 0.349020 0.337255 0.321569
44 4 -8 0.349020 0.337255 0.321569
45 4 -7 0.349020 0.337255 0.321569
45 4 -8 0.349020 0.337255 0.321569
46 4 -7 0.349020 0.337255 0.321569
46 4 -8 0.349020 0.337255 0.321569
47 4 -7 0.349020 0.337255 0.321569
47 4 -8 0.349020 0.337255 0.321569
48 4 -7 0.349020 0.337255 0.321569
48 4 -8 0.349020 0.337255 0.321569
33 4 -9 0.349020 0.337255 0.321569
34 4 -9 0.349020 0.337255 0.321569
35 4 -9 0.349020 0.337255 0.321569
36 4 -9 0.349020 0.337255 0.321569
37 4 -9 0.349020 0.337255 0.321569
38 4 -9 0.349020 0.337255 0.321569
39 4 -9 0.349020 0.337255 0.321569
40 4 -9 0.349020 0.337255 0.321569
41 4 -9 0.349020 0.337255 0.321569
42 4 -9 0.349020 0.337255 0.321569
43 4 -9 0.349020 0.337255 0.321569
44 4 -9 0.349020 0.337255 0.321569
45 4 -9 0.349020 0.337255 0.321569
46 4 -9 0.349020 0.337255 0.321569
47 4 -9 0.349020 0.337255 0.321569
48 4 -9 0.349020 0.337255 0.321569
33 5 -7 0.349020 0.337255 0.321569
33 5 -6 0.349020 0.337255 0.321569
34 5 -7 0.349020 0.337255 0.321569
34 5 -6 0.349020 0.337255 0.321569
35 5 -7 0.349020 0.337255 0.321569
35 5 -6 0.349020 0.337255 0.321569
36 5 -7 0.349020 0.337255 0.321569
36 5 -6 0.349020 0.337255 0.321569
37 5 -7 0.349020 0.337255 0.321569
37 5 -6 0.349020 0.337255 0.321569
38 5 -7 0.349020 0.337255 0.321569
38 5 -6 0.349020 0.337255 0.321569
39 5 -7 0.349020 0.337255 0.321569
39 5 -6 0.349020 0.337255 0.321569
40 5 -7 0.349020 0.337255 0.321569
40 5 -6 0.349020 0.337255 0.321569
41 5 -7 0.349020 0.337255 0.321569
41 5 -6 0.349020 0.337255 0.321569
42 5 -7 0.349020 0.337255 0.321569
42 5 -6 0.349020 0.337255 0.321569
43 5 -7 0.349020 0.337255 0.321569
43 5 -6 0.349020 0.337255 0.321569
44 5 -7 0.349020 0.337255 0.321569
44 5 -6 0.349020 0.337255 0.321569
45 5 -7 0.349020 0.337255 0.321569
45 5 -6 0.349020 0.337255 0.321569
46 5 -7 0.349020 0.337255 0.321569
46 5 -6 0.349020 0.337255 0.321569
47 5 -7 0.349020 0.337255 0.321569
47 5 -6 0.349020 0.337255 0.321569
48 5 -7 0.349020 0.337255 0.321569
48 5 -6 0.349020 0.337255 0.321569
33 6 0 0.349020 0.337255 0.321569
33 6 -1 0.349020 0.337255 0.321569
34 6 0 0.349020 0.337255 0.321569
34 6 -1 0.349020 0.337255 0.321569
35 6 0 0.349020 0.337255 0.321569
35 6 -1 0.349020 0.337255 0.321569
36 6 0 0.349020 0.337255 0.321569
36 6 -1 0.349020 0.337255 0.321569
37 6 0 0.349020 0.337255 0.321569
37 6 -1 0.349020 0.337255 0.321569
38 6 0 0.349020 0.337255 0.321569
38 6 -1 0.349020 0.337255 0.321569
39 6 0 0.349020 0.337255 0.321569
39 6 -1 0.349020 0.337255 0.321569
40 6 0 0.349020 0.337255 0.321569
40 6 -1 0.349020 0.337255 0.321569
41 6 0 0.349020 0.337255 0.321569
41 6 -1 0.349020 0.337255 0.321569
42 6 0 0.349020 0.337255 0.321569
42 6 -1 0.349020 0.337255 0.321569
43 6 0 0.349020 0.337255 0.321569
43 6 -1 0.349020 0.337255 0.321569
44 6 0 0.349020 0.337255 0.321569
44 6 -1 0.349020 0.337255 0.321569
45 6 0 0.349020 0.337255 0.321569
45 6 -1 0.349020 0.337255 0.321569
46 6 0 0.349020 0.337255 0.321569
46 6 -1 0.349020 0.337255 0.321569
47 6 0 0.349020 0.337255 0.321569
47 6 -1 0.349020 0.337255 0.321569
48 6 0 0.349020 0.337255 0.321569
48 6 -1 0.349020 0.337255 0.321569
33 6 -2 0.349020 0.337255 0.321569
34 6 -2 0.349020 0.337255 0.321569
35 6 -2 0.349020 0.337255 0.321569
36 6 -2 0.349020 0.337255 0.321569
37 6 -2 0.349020 0.337255 0.321569
38 6 -2 0.349020 0.337255 0.321569
39 6 -2 0.349020 0.337255 0.321569
40 6 -2 0.349020 0.337255 0.321569
41 6 -2 0.349020 0.337255 0.321569
42 6 -2 0.349020 0.337255 0.321569
43 6 -2 0.349020 0.337255 0.321569
44 6 -2 0.349020 0.337255 0.321569
45 6 -2 0.349020 0.337255 0.321569
46 6 -2 0.349020 0.337255 0.321569
47 6 -2 0.349020 0.337255 0.321569
48 6 -2 0.349020 0.337255 0.321569
33 6 -3 0.349020 0.337255 0.321569
34 6 -3 0.349020 0.337255 0.321569
35 6 -3 0.349020 0.337255 0.321569
36 6 -3 0.349020 0.337255 0.321569
37 6 -3 0.349020 0.337255 0.321569
38 6 -3 0.349020 0.337255 0.321569
39 6 -3 0.349020 0.337255 0.321569
40 6 -3 0.349020 0.337255 0.321569
41 6 -3 0.349020 0.337255 0.321569
42 6 -3 0.349020 0.337255 0.321569
43 6 -3 0.349020 0.337255 0.321569
44 6 -3 0.349020 0.337255 0.321569
45 6 -3 0.349020 0.337255 0.321569
46 6 -3 0.349020 0.337255 0.321569
47 6 -3 0.349020 0.337255 0.321569
48 6 -3 0.349020 0.337255 0.321569
33 6 -4 0.349020 0.337255 0.321569
34 6 -4 0.349020 0.337255 0.321569
35 6 -4 0.349020 0.337255 0.321569
36 6 -4 0.349020 0.337255 0.321569
37 6 -4 0.349020 0.337255 0.321569
38 6 -4 0.349020 0.337255 0.321569
39 6 -4 0.349020 0.337255 0.321569
40 6 -4 0.349020 0.337255 0.321569
41 6 -4 0.349020 0.337255 0.321569
42 6 -4 0.349020 0.337255 0.321569
43 6 -4 0.349020 0.337255 0.321569
44 6 -4 0.349020 0.337255 0.321569
45 6 -4 0.349020 0.337255 0.321569
46 6 -4 0.349020 0.337255 0.321569
47 6 -4 0.349020 0.337255 0.321569
48 6 -4 0.349020 0.337255 0.321569
33 6 -5 0.349020 0.337255 0.321569
34 6 -5 0.349020 0.337255 0.321569
35 6 -5 0.349020 0.337255 0.321569
36 6 -5 0.349020 0.337255 0.321569
37 6 -5 0.349020 0.337255 0.321569
38 6 -5 0.349020 0.337255 0.321569
39 6 -5 0.349020 0.337255 0.321569
40 6 -5 0.349020 0.337255 0.321569
41 6 -5 0.349020 0.337255 0.321569
42 6 -5 0.349020 0.337255 0.321569
43 6 -5 0.349020 0.337255 0.321569
44 6 -5 0.349020 0.337255 0.321569
45 6 -5 0.349020 0.337255 0.321569
46 6 -5 0.349020 0.337255 0.321569
47 6 -5 0.349020 0.337255 0.321569
48 6 -5 0.349020 0.337255 0.321569
33 6 -6 0.349020 0.337255 0.321569
34 6 -6 0.349020 0.337255 0.321569
35 6 -6 0.349020 0.337255 0.321569
36 6 -6 0.349020 0.337255 0.321569
37 6 -6 0.349020 0.337255 0.321569
38 6 -6 0.349020 0.337255 0.321569
39 6 -6 0.349020 0.337255 0.321569
40 6 -6 0.349020 0.337255 0.321569
41 6 -6 0.349020 0.337255 0.321569
42 6 -6 0.349020 0.337255 0.321569
43 6 -6 0.349020 0.337255 0.321569
44 6 -6 0.349020 0.337255 0.321569
45 6 -6 0.349020 0.337255 0.321569
46 6 -6 0.349020 0.337255 0.321569
47 6 -6 0.349020 0.337255 0.321569
48 6 -6 0.349020 0.337255 0.321569
49 0 -1 0.349020 0.337255 0.321569
49 0 0 0.349020 0.337255 0.321569
50 0 -1 0.349020 0.337255 0.321569
50 0 0 0.349020 0.337255 0.321569
51 0 -1 0.349020 0.337255 0.321569
51 0 0 0.349020 0.337255 0.321569
52 0 -1 0.349020 0.337255 0.321569
52 0 0 0.349020 0.337255 0.321569
53 0 -1 0.349020 0.337255 0.321569
53 0 0 0.349020 0.337255 0.321569
54 0 -1 0.349020 0.337255 0.321569
54 0 0 0.349020 0.337255 0.321569
55 0 -1 0.349020 0.337255 0.321569
55 0 0 0.349020 0.337255 0.321569
56 0 -1 0.349020 0.337255 0.321569
56 0 0 0.349020 0.337255 0.321569
57 0 -1 0.349020 0.337255 0.321569
57 0 0 0.349020 0.337255 0.321569
58 0 -1 0.349020 0.337255 0.321569
58 0 0 0.349020 0.337255 0.321569
59 0 -1 0.349020 0.337255 0.321569
59 0 0 0.349020 0.337255 0.321569
60 0 -1 0.349020 0.337255 0.321569
60 0 0 0.349020 0.337255 0.321569
61 0 -1 0.349020 0.337255 0.321569
61 0 0 0.349020 0.337255 0.321569
62 0 -1 0.349020 0.337255 0.321569
62 0 0 0.349020 0.337255 0.321569
63 0 -1 0.349020 0.337255 0.321569
63 0 0 0.349020 0.337255 0.321569
64 0 -1 0.349020 0.337255 0.321569
64 0 0 0.349020 0.337255 0.321569
49 0 -2 0.349020 0.337255 0.321569
50 0 -2 0.349020 0.337255 0.321569
51 0 -2 0.349020 0.337255 0.321569
52 0 -2 0.349020 0.337255 0.321569
53 0 -2 0.349020 0.337255 0.321569
54 0 -2 0.349020 0.337255 0.321569
55 0 -2 0.349020 0.337255 0.321569
56 0 -2 0.349020 0.337255 0.321569
57 0 -2 0.349020 0.337255 0.321569
58 0 -2 0.349020 0.337255 0.321569
59 0 -2 0.349020 0.337255 0.321569
60 0 -2 0.349020 0.337255 0.321569
61 0 -2 0.349020 0.337255 0.321569
62 0 -2 0.349020 0.337255 0.321569
63 0 -2 0.349020 0.337255 0.321569
64 0 -2 0.349020 0.337255 0.321569
49 0 -3 0.349020 0.337255 0.321569
50 0 -3 0.349020 0.337255 0.321569
51 0 -3 0.349020 0.337255 0.321569
52 0 -3 0.349020 0.337255 0.321569
53 0 -3 0.349020 0.337255 0.321569
54 0 -3 0.349020 0.337255 0.321569
55 0 -3 0.349020 0.337255 0.321569
56 0 -3 0.349020 0.337255 0.321569
57 0 -3 0.349020 0.337255 0.321569
58 0 -3 0.349020 0.337255 0.321569
59 0 -3 0.349020 0.337255 0.321569
60 0 -3 0.349020 0.337255 0.321569
61 0 -3 0.349020 0.337255 0.321569
62 0 -3 0.349020 0.337255 0.321569
63 0 -3 0.349020 0.337255 0.321569
64 0 -3 0.349020 0.337255 0.321569
49 0 -4 0.349020 0.337255 0.321569
50 0 -4 0.349020 0.337255 0.321569
51 0 -4 0.349020 0.337255 0.321569
52 0 -4 0.349020 0.337255 0.321569
53 0 -4 0.349020 0.337255 0.321569
54 0 -4 0.349020 0.337255 0.321569
55 0 -4 0.349020 0.337255 0.321569
56 0 -4 0.349020 0.337255 0.321569
57 0 -4 0.349020 0.337255 0.321569
58 0 -4 0.349020 0.337255 0.321569
59 0 -4 0.349020 0.337255 0.321569
60 0 -4 0.349020 0.337255 0.321569
61 0 -4 0.349020 0.337255 0.321569
62 0 -4 0.349020 0.337255 0.321569
63 0 -4 0.349020 0.337255 0.321569
64 0 -4 0.349020 0.337255 0.321569
49 0 -5 0.349020 0.337255 0.321569
50 0 -5 0.349020 0.337255 0.321569
51 0 -5 0.349020 0.337255 0.321569
52 0 -5 0.349020 0.337255 0.321569
53 0 -5 0.349020 0.337255 0.321569
54 0 -5 0.349020 0.337255 0.321569
55 0 -5 0.349020 0.337255 0.321569
56 0 -5 0.349020 0.337255 0.321569
57 0 -5 0.349020 0.337255 0.321569
58 0 -5 0.349020 0.337255 0.321569
59 0 -5 0.349020 0.337255 0.321569
60 0 -5 0.349020 0.337255 0.321569
61 0 -5 0.349020 0.337255 0.321569
62 0 -5 0.349020 0.337255 0.321569
63 0 -5 0.349020 0.337255 0.321569
64 0 -5 0.349020 0.337255 0.321569
49 0 -6 0.349020 0.337255 0.321569
50 0 -6 0.349020 0.337255 0.321569
51 0 -6 0.349020 0.337255 0.321569
52 0 -6 0.349020 0.337255 0.321569
53 0 -6 0.349020 0.337255 0.321569
54 0 -6 0.349020 0.337255 0.321569
55 0 -6 0.349020 0.337255 0.321569
56 0 -6 0.349020 0.337255 0.321569
57 0 -6 0.349020 0.337255 0.321569
58 0 -6 0.349020 0.337255 0.321569
59 0 -6 0.349020 0.337255 0.321569
60 0 -6 0.349020 0.337255 0.321569
61 0 -6 0.349020 0.337255 0.321569
62 0 -6 0.349020 0.337255 0.321569
63 0 -6 0.349020 0.337255 0.321569
64 0 -6 0.349020 0.337255 0.321569
49 0 -7 0.349020 0.337255 0.321569
49 1 -7 0.349020 0.337255 0.321569
50 0 -7 0.349020 0.337255 0.321569
50 1 -7 0.349020 0.337255 0.321569
51 0 -7 0.349020 0.337255 0.321569
51 1 -7 0.349020 0.337255 0.321569
52 0 -7 0.349020 0.337255 0.321569
52 1 -7 0.349020 0.337255 0.321569
53 0 -7 0.349020 0.337255 0.321569
53 1 -7 0.349020 0.337255 0.321569
54 0 -7 0.349020 0.337255 0.321569
54 1 -7 0.349020 0.337255 0.321569
55 0 -7 0.349020 0.337255 0.321569
55 1 -7 0.349020 0.337255 0.321569
56 0 -7 0.349020 0.337255 0.321569
56 1 -7 0.349020 0.337255 0.321569
57 0 -7 0.349020 0.337255 0.321569
57 1 -7 0.349020 0.337255 0.321569
58 0 -7 0.349020 0.337255 0.321569
58 1 -7 0.349020 0.337255 0.321569
59 0 -7 0.349020 0.337255 0.321569
59 1 -7 0.349020 0.337255 0.321569
60 0 -7 0.349020 0.337255 0.321569
60 1 -7 0.349020 0.337255 0.321569
61 0 -7 0.349020 0.337255 0.321569
61 1 -7 0.349020 0.337255 0.321569
62 0 -7 0.349020 0.337255 0.321569
62 1 -7 0.349020 0.337255 0.321569
63 0 -7 0.349020 0.337255 0.321569
63 1 -7 0.349020 0.337255 0.321569
64 0 -7 0.349020 0.337255 0.321569
64 1 -7 0.349020 0.337255 0.321569
49 1 -8 0.349020 0.337255 0.321569
49 2 -8 0.349020 0.337255 0.321569
50 1 -8 0.349020 0.337255 0.321569
50 2 -8 0.349020 0.337255 0.321569
51 1 -8 0.349020 0.337255 0.321569
51 2 -8 0.349020 0.337255 0.321569
52 1 -8 0.349020 0.337255 0.321569
52 2 -8 0.349020 0.337255 0.321569
53 1 -8 0.349020 0.337255 0.321569
53 2 -8 0.349020 0.337255 0.321569
54 1 -8 0.349020 0.337255 0.321569
54 2 -8 0.349020 0.337255 0.321569
55 1 -8 0.349020 0.337255 0.321569
55 2 -8 0.349020 0.337255 0.321569
56 1 -8 0.349020 0.337255 0.321569
56 2 -8 0.349020 0.337255 0.321569
57 1 -8 0.349020 0.337255 0.321569
57 2 -8 0.349020 0.337255 0.321569
58 1 -8 0.349020 0.337255 0.321569
58 2 -8 0.349020 0.337255 0.321569
59 1 -8 0.349020 0.337255 0.321569
59 2 -8 0.349020 0.337255 0.321569
60 1 -8 0.349020 0.337255 0.321569
60 2 -8 0.349020 0.337255 0.321569
61 1 -8 0.349020 0.337255 0.321569
61 2 -8 0.349020 0.337255 0.321569
62 1 -8 0.349020 0.337255 0.321569
62 2 -8 0.349020 0.337255 0.321569
63 1 -8 0.349020 0.337255 0.321569
63 2 -8 0.349020 0.337255 0.321569
64 1 -8 0.349020 0.337255 0.321569
64 2 -8 0.349020 0.337255 0.321569
49 2 -9 0.349020 0.337255 0.321569
49 3 -9 0.349020 0.337255 0.321569
50 2 -9 0.349020 0.337255 0.321569
50 3 -9 0.349020 0.337255 0.321569
51 2 -9 0.349020 0.337255 0.321569
51 3 -9 0.349020 0.337255 0.321569
52 2 -9 0.349020 0.337255 0.321569
52 3 -9 0.349020 0.337255 0.321569
53 2 -9 0.349020 0.337255 0.321569
53 3 -9 0.349020 0.337255 0.321569
54 2 -9 0.349020 0.337255 0.321569
54 3 -9 0.349020 0.337255 0.321569
55 2 -9 0.349020 0.337255 0.321569
55 3 -9 0.349020 0.337255 0.321569
56 2 -9 0.349020 0.337255 0.321569
56 3 -9 0.349020 0.337255 0.321569
57 2 -9 0.349020 0.337255 0.321569
57 3 -9 0.349020 0.337255 0.321569
58 2 -9 0.349020 0.337255 0.321569
58 3 -9 0.349020 0.337255 0.321569
59 2 -9 0.349020 0.337255 0.321569
59 3 -9 0.349020 0.337255 0.321569
60 2 -9 0.349020 0.337255 0.321569
60 3 -9 0.349020 0.337255 0.321569
61 2 -9 0.349020 0.337255 0.321569
61 3 -9 0.349020 0.337255 0.321569
62 2 -9 0.349020 0.337255 0.321569
62 3 -9 0.349020 0.337255 0.321569
63 2 -9 0.349020 0.337255 0.321569
63 3 -9 0.349020 0.337255 0.321569
64 2 -9 0.349020 0.337255 0.321569
64 3 -9 0.349020 0.337255 0.321569
49 4 -7 0.349020 0.337255 0.321569
49 4 -8 0.349020 0.337255 0.321569
50 4 -7 0.349020 0.337255 0.321569
50 4 -8 0.349020 0.337255 0.321569
51 4 -7 0.349020 0.337255 0.321569
51 4 -8 0.349020 0.337255 0.321569
52 4 -7 0.349020 0.337255 0.321569
52 4 -8 0.349020 0.337255 0.321569
53 4 -7 0.349020 0.337255 0.321569
53 4 -8 0.349020 0.337255 0.321569
54 4 -7 0.349020 0.337255 0.321569
54 4 -8 0.349020 0.337255 0.321569
55 4 -7 0.349020 0.337255 0.321569
55 4 -8 0.349020 0.337255 0.321569
56 4 -7 0.349020 0.337255 0.321569
56 4 -8 0.349020 0.337255 0.321569
57 4 -7 0.349020 0.337255 0.321569
57 4 -8 0.349020 0.337255 0.321569
58 4 -7 0.349020 0.337255 0.321569
58 4 -8 0.349020 0.337255 0.321569
59 4 -7 0.349020 0.337255 0.321569
59 4 -8 0.349020 0.337255 0.321569
60 4 -7 0.349020 0.337255 0.321569
60 4 -8 0.349020 0.337255 0.321569
61 4 -7 0.349020 0.337255 0.321569
61 4 -8 0.349020 0.337255 0.321569
62 4 -7 0.349020 0.337255 0.321569
62 4 -8 0.349020 0.337255 0.321569
63 4 -7 0.349020 0.337255 0.321569
63 4 -8 0.349020 0.337255 0.321569
64 4 -7 0.349020 0.337255 0.321569
64 4 -8 0.349020 0.337255 0.321569
49 4 -9 0.349020 0.337255 0.321569
50 4 -9 0.349020 0.337255 0.321569
51 4 -9 0.349020 0.337255 0.321569
52 4 -9 0.349020 0.337255 0.321569
53 4 -9 0.349020 0.337255 0.321569
54 4 -9 0.349020 0.337255 0.321569
55 4 -9 0.349020 0.337255 0.321569
56 4 -9 0.349020 0.337255 0.321569
57 4 -9 0.349020 0.337255 0.321569
58 4 -9 0.349020 0.337255 0.321569
59 4 -9 0.349020 0.337255 0.321569
60 4 -9 0.349020 0.337255 0.321569
61 4 -9 0.349020 0.337255 0.321569
62 4 -9 0.349020 0.337255 0.321569
63 4 -9 0.349020 0.337255 0.321569
64 4 -9 0.349020 0.337255 0.321569
49 5 -7 0.349020 0.337255 0.321569
49 5 -6 0.349020 0.337255 0.321569
50 5 -7 0.349020 0.337255 0.321569
50 5 -6 0.349020 0.337255 0.321569
51 5 -7 0.349020 0.337255 0.321569
51 5 -6 0.349020 0.337255 0.321569
52 5 -7 0.349020 0.337255 0.321569
52 5 -6 0.349020 0.337255 0.321569
53 5 -7 0.349020 0.337255 0.321569
53 5 -6 0.349020 0.337255 0.321569
54 5 -7 0.349020 0.337255 0.321569
54 5 -6 0.349020 0.337255 0.321569
55 5 -7 0.349020 0.337255 0.321569
55 5 -6 0.349020 0.337255 0.321569
56 5 -7 0.349020 0.337255 0.321569
56 5 -6 0.349020 0.337255 0.321569
57 5 -7 0.349020 0.337255 0.321569
57 5 -6 0.349020 0.337255 0.321569
58 5 -7 0.349020 0.337255 0.321569
58 5 -6 0.349020 0.337255 0.321569
59 5 -7 0.349020 0.337255 0.321569
59 5 -6 0.349020 0.337255 0.321569
60 5 -7 0.349020 0.337255 0.321569
60 5 -6 0.349020 0.337255 0.321569
61 5 -7 0.349020 0.337255 0.321569
61 5 -6 0.349020 0.337255 0.321569
62 5 -7 0.349020 0.337255 0.321569
62 5 -6 0.349020 0.337255 0.321569
63 5 -7 0.349020 0.337255 0.321569
63 5 -6 0.349020 0.337255 0.321569
64 5 -7 0.349020 0.337255 0.321569
64 5 -6 0.349020 0.337255 0.321569
49 6 0 0.349020 0.337255 0.321569
49 6 -1 0.349020 0.337255 0.321569
50 6 0 0.349020 0.337255 0.321569
50 6 -1 0.349020 0.337255 0.321569
51 6 0 0.349020 0.337255 0.321569
51 6 -1 0.349020 0.337255 0.321569
52 6 0 0.349020 0.337255 0.321569
52 6 -1 0.349020 0.337255 0.321569
53 6 0 0.349020 0.337255 0.321569
53 6 -1 0.349020 0.337255 0.321569
54 6 0 0.349020 0.337255 0.321569
54 6 -1 0.349020 0.337255 0.321569
55 6 0 0.349020 0.337255 0.321569
55 6 -1 0.349020 0.337255 0.321569
56 6 0 0.349020 0.337255 0.321569
56 6 -1 0.349020 0.337255 0.321569
57 6 0 0.349020 0.337255 0.321569
57 6 -1 0.349020 0.337255 0.321569
58 6 0 0.349020 0.337255 0.321569
58 6 -1 0.349020 0.337255 0.321569
59 6 0 0.349020 0.337255 0.321569
59 6 -1 0.349020 0.337255 0.321569
60 6 0 0.349020 0.337255 0.321569
60 6 -1 0.349020 0.337255 0.321569
61 6 0 1.000000 1.000000 1.000000
61 6 -1 1.000000 1.000000 1.000000
60 6 -1 1.000000 1.000000 1.000000
60 6 0 1.000000 1.000000 1.000000
62 6 0 1.000000 1.000000 1.000000
62 6 -1 1.000000 1.000000 1.000000
63 6 0 1.000000 1.000000 1.000000
63 6 -1 1.000000 1.000000 1.000000
64 6 0 1.000000 1.000000 1.000000
64 6 -1 1.000000 1.000000 1.000000
49 6 -2 0.349020 0.337255 0.321569
50 6 -2 0.349020 0.337255 0.321569
51 6 -2 0.349020 0.337255 0.321569
52 6 -2 0.349020 0.337255 0.321569
53 6 -2 0.349020 0.337255 0.321569
54 6 -2 0.349020 0.337255 0.321569
55 6 -2 0.349020 0.337255 0.321569
56 6 -2 0.349020 0.337255 0.321569
57 6 -2 0.349020 0.337255 0.321569
58 6 -2 0.349020 0.337255 0.321569
59 6 -2 0.349020 0.337255 0.321569
60 6 -2 0.349020 0.337255 0.321569
61 6 -2 1.000000 1.000000 1.000000
60 6 -2 1.000000 1.000000 1.000000
62 6 -2 1.000000 1.000000 1.000000
63 6 -2 1.000000 1.000000 1.000000
64 6 -2 1.000000 1.000000 1.000000
49 6 -3 0.349020 0.337255 0.321569
50 6 -3 0.349020 0.337255 0.321569
51 6 -3 0.349020 0.337255 0.321569
52 6 -3 0.349020 0.337255 0.321569
53 6 -3 0.349020 0.337255 0.321569
54 6 -3 0.349020 0.337255 0.321569
55 6 -3 0.349020 0.337255 0.321569
56 6 -3 0.349020 0.337255 0.321569
57 6 -3 0.349020 0.337255 0.321569
58 6 -3 0.349020 0.337255 0.321569
59 6 -3 0.349020 0.337255 0.321569
60 6 -3 0.349020 0.337255 0.321569
61 6 -2 0.349020 0.337255 0.321569
61 6 -3 0.349020 0.337255 0.321569
62 6 -3 1.000000 1.000000 1.000000
61 6 -3 1.000000 1.000000 1.000000
63 6 -3 1.000000 1.000000 1.000000
64 6 -3 1.000000 1.000000 1.000000
49 6 -4 0.349020 0.337255 0.321569
50 6 -4 0.349020 0.337255 0.321569
51 6 -4 0.349020 0.337255 0.321569
52 6 -4 0.349020 0.337255 0.321569
53 6 -4 0.349020 0.337255 0.321569
54 6 -4 0.349020 0.337255 0.321569
55 6 -4 0.349020 0.337255 0.321569
56 6 -4 0.349020 0.337255 0.321569
57 6 -4 0.349020 0.337255 0.321569
58 6 -4 0.349020 0.337255 0.321569
59 6 -4 0.349020 0.337255 0.321569
60 6 -4 0.349020 0.337255 0.321569
61 6 -4 0.349020 0.337255 0.321569
62 6 -4 1.000000 1.000000 1.000000
61 6 -4 1.000000 1.000000 1.000000
63 6 -4 1.000000 1.000000 1.000000
64 6 -4 1.000000 1.000000 1.000000
49 6 -5 0.349020 0.337255 0.321569
50 6 -5 0.349020 0.337255 0.321569
51 6 -5 0.349020 0.337255 0.321569
52 6 -5 0.349020 0.337255 0.321569
53 6 -5 0.349020 0.337255 0.321569
54 6 -5 0.349020 0.337255 0.321569
55 6 -5 0.349020 0.337255 0.321569
56 6 -5 0.349020 0.337255 0.321569
57 6 -5 0.349020 0.337255 0.321569
58 6 -5 0.349020 0.337255 0.321569
59 6 -5 0.349020 0.337255 0.321569
60 6 -5 0.349020 0.337255 0.321569
61 6 -5 0.349020 0.337255 0.321569
62 6 -4 0.349020 0.337255 0.321569
62 6 -5 0.349020 0.337255 0.321569
63 6 -4 0.349020 0.337255 0.321569
63 6 -5 0.349020 0.337255 0.321569
64 6 -4 0.349020 0.337255 0.321569
64 6 -5 0.349020 0.337255 0.321569
49 6 -6 0.349020 0.337255 0.321569
50 6 -6 0.349020 0.337255 0.321569
51 6 -6 0.349020 0.337255 0.321569
52 6 -6 0.349020 0.337255 0.321569
53 6 -6 0.349020 0.337255 0.321569
54 6 -6 0.349020 0.337255 0.321569
55 6 -6 0.349020 0.337255 0.321569
56 6 -6 0.349020 0.337255 0.321569
57 6 -6 0.349020 0.337255 0.321569
58 6 -6 0.349020 0.337255 0.321569
59 6 -6 0.349020 0.337255 0.321569
60 6 -6 0.349020 0.337255 0.321569
61 6 -6 0.349020 0.337255 0.321569
62 6 -6 0.349020 0.337255 0.321569
63 6 -6 0.349020 0.337255 0.321569
64 6 -6 0.349020 0.337255 0.321569
65 0 -1 0.349020 0.337255 0.321569
65 0 0 0.349020 0.337255 0.321569
66 0 -1 0.349020 0.337255 0.321569
66 0 0 0.349020 0.337255 0.321569
67 0 -1 0.349020 0.337255 0.321569
67 0 0 0.349020 0.337255 0.321569
68 0 -1 0.349020 0.337255 0.321569
68 0 0 0.349020 0.337255 0.321569
69 0 -1 0.349020 0.337255 0.321569
69 0 0 0.349020 0.337255 0.321569
70 0 -1 0.349020 0.337255 0.321569
70 0 0 0.349020 0.337255 0.321569
71 0 -1 0.349020 0.337255 0.321569
71 0 0 0.349020 0.337255 0.321569
72 0 -1 0.349020 0.337255 0.321569
72 0 0 0.349020 0.337255 0.321569
73 0 -1 0.349020 0.337255 0.321569
73 0 0 0.349020 0.337255 0.321569
74 0 -1 0.349020 0.337255 0.321569
74 0 0 0.349020 0.337255 0.321569
75 0 -1 0.349020 0.337255 0.321569
75 0 0 0.349020 0.337255 0.321569
76 0 -1 0.349020 0.337255 0.321569
76 0 0 0.349020 0.337255 0.321569
77 0 -1 0.349020 0.337255 0.321569
77 0 0 0.349020 0.337255 0.321569
78 0 -1 0.349020 0.337255 0.321569
78 0 0 0.349020 0.337255 0.321569
78 1 -1 0.349020 0.337255 0.321569
78 1 0 0.349020 0.337255 0.321569
65 0 -2 0.349020 0.337255 0.321569
66 0 -2 0.349020 0.337255 0.321569
67 0 -2 0.349020 0.337255 0.321569
68 0 -2 0.349020 0.337255 0.321569
69 0 -2 0.349020 0.337255 0.321569
70 0 -2 0.349020 0.337255 0.321569
71 0 -2 0.349020 0.337255 0.321569
72 0 -2 0.349020 0.337255 0.321569
73 0 -2 0.349020 0.337255 0.321569
74 0 -2 0.349020 0.337255 0.321569
75 0 -2 0.349020 0.337255 0.321569
76 0 -2 0.349020 0.337255 0.321569
77 0 -2 0.349020 0.337255 0.321569
78 0 -2 0.349020 0.337255 0.321569
78 1 -2 0.349020 0.337255 0.321569
65 0 -3 0.349020 0.337255 0.321569
66 0 -3 0.349020 0.337255 0.321569
67 0 -3 0.349020 0.337255 0.321569
68 0 -3 0.349020 0.337255 0.321569
69 0 -3 0.349020 0.337255 0.321569
70 0 -3 0.349020 0.337255 0.321569
71 0 -3 0.349020 0.337255 0.321569
72 0 -3 0.349020 0.337255 0.321569
73 0 -3 0.349020 0.337255 0.321569
74 0 -3 0.349020 0.337255 0.321569
75 0 -3 0.349020 0.337255 0.321569
76 0 -3 0.349020 0.337255 0.321569
77 0 -3 0.349020 0.337255 0.321569
78 0 -3 0.349020 0.337255 0.321569
78 1 -3 0.349020 0.337255 0.321569
65 0 -4 0.349020 0.337255 0.321569
66 0 -4 0.349020 0.337255 0.321569
67 0 -4 0.349020 0.337255 0.321569
68 0 -4 0.349020 0.337255 0.321569
69 0 -4 0.349020 0.337255 0.321569
70 0 -4 0.349020 0.337255 0.321569
71 0 -4 0.349020 0.337255 0.321569
72 0 -4 0.349020 0.337255 0.321569
73 0 -4 0.349020 0.337255 0.321569
74 0 -4 0.349020 0.337255 0.321569
75 0 -4 0.349020 0.337255 0.321569
76 0 -4 0.349020 0.337255 0.321569
77 0 -4 0.349020 0.337255 0.321569
78 0 -4 0.349020 0.337255 0.321569
78 1 -4 0.349020 0.337255 0.321569
65 0 -5 0.349020 0.337255 0.321569
66 0 -5 0.349020 0.337255 0.321569
67 0 -5 0.349020 0.337255 0.321569
68 0 -5 0.349020 0.337255 0.321569
69 0 -5 0.349020 0.337255 0.321569
70 0 -5 0.349020 0.337255 0.321569
71 0 -5 0.349020 0.337255 0.321569
72 0 -5 0.349020 0.337255 0.321569
73 0 -5 0.349020 0.337255 0.321569
74 0 -5 0.349020 0.337255 0.321569
75 0 -5 0.349020 0.337255 0.321569
76 0 -5 0.349020 0.337255 0.321569
77 0 -5 0.349020 0.337255 0.321569
78 0 -5 0.349020 0.337255 0.321569
78 1 -5 0.349020 0.337255 0.321569
65 0 -6 0.349020 0.337255 0.321569
66 0 -6 0.349020 0.337255 0.321569
67 0 -6 0.349020 0.337255 0.321569
68 0 -6 0.349020 0.337255 0.321569
69 0 -6 0.349020 0.337255 0.321569
70 0 -6 0.349020 0.337255 0.321569
71 0 -6 0.349020 0.337255 0.321569
72 0 -6 0.349020 0.337255 0.321569
73 0 -6 0.349020 0.337255 0.321569
74 0 -6 0.349020 0.337255 0.321569
75 0 -6 0.349020 0.337255 0.321569
76 0 -6 0.349020 0.337255 0.321569
77 0 -6 0.349020 0.337255 0.321569
78 0 -6 0.349020 0.337255 0.321569
78 1 -6 0.349020 0.337255 0.321569
65 0 -7 0.349020 0.337255 0.321569
65 1 -7 0.349020 0.337255 0.321569
66 0 -7 0.349020 0.337255 0.321569
66 1 -7 0.349020 0.337255 0.321569
67 0 -7 0.349020 0.337255 0.321569
67 1 -7 0.349020 0.337255 0.321569
68 0 -7 0.349020 0.337255 0.321569
68 1 -7 0.349020 0.337255 0.321569
69 0 -7 0.349020 0.337255 0.321569
69 1 -7 0.349020 0.337255 0.321569
70 0 -7 0.349020 0.337255 0.321569
70 1 -7 0.349020 0.337255 0.321569
71 0 -7 0.349020 0.337255 0.321569
71 1 -7 0.349020 0.337255 0.321569
72 0 -7 0.349020 0.337255 0.321569
72 1 -7 0.349020 0.337255 0.321569
73 0 -7 0.349020 0.337255 0.321569
73 1 -7 0.349020 0.337255 0.321569
74 0 -7 0.349020 0.337255 0.321569
74 1 -7 0.349020 0.337255 0.321569
75 0 -7 0.349020 0.337255 0.321569
75 1 -7 0.349020 0.337255 0.321569
76 0 -7 0.349020 0.337255 0.321569
76 1 -7 0.349020 0.337255 0.321569
77 0 -7 0.349020 0.337255 0.321569
77 1 -7 0.349020 0.337255 0.321569
78 0 -7 0.349020 0.337255 0.321569
78 1 -7 0.349020 0.337255 0.321569
79 1 -1 0.349020 0.337255 0.321569
79 1 0 0.349020 0.337255 0.321569
79 2 -1 0.349020 0.337255 0.321569
79 2 0 0.349020 0.337255 0.321569
79 1 -2 0.349020 0.337255 0.321569
79 2 -2 0.349020 0.337255 0.321569
79 1 -3 0.349020 0.337255 0.321569
79 2 -3 0.349020 0.337255 0.321569
79 1 -4 0.349020 0.337255 0.321569
79 2 -4 0.349020 0.337255 0.321569
79 1 -5 0.349020 0.337255 0.321569
79 2 -5 0.349020 0.337255 0.321569
79 1 -6 0.349020 0.337255 0.321569
79 2 -6 0.349020 0.337255 0.321569
79 1 -7 0.349020 0.337255 0.321569
79 2 -7 0.349020 0.337255 0.321569
65 1 -8 0.349020 0.337255 0.321569
65 2 -8 0.349020 0.337255 0.321569
66 1 -8 0.349020 0.337255 0.321569
66 2 -8 0.349020 0.337255 0.321569
67 1 -8 0.349020 0.337255 0.321569
67 2 -8 0.349020 0.337255 0.321569
68 1 -8 0.349020 0.337255 0.321569
68 2 -8 0.349020 0.337255 0.321569
69 1 -8 0.349020 0.337255 0.321569
69 2 -8 0.349020 0.337255 0.321569
70 1 -8 0.349020 0.337255 0.321569
70 2 -8 0.349020 0.337255 0.321569
71 1 -8 0.349020 0.337255 0.321569
71 2 -8 0.349020 0.337255 0.321569
72 1 -8 0.349020 0.337255 0.321569
72 2 -8 0.349020 0.337255 0.321569
73 1 -8 0.349020 0.337255 0.321569
73 2 -8 0.349020 0.337255 0.321569
74 1 -8 0.349020 0.337255 0.321569
74 2 -8 0.349020 0.337255 0.321569
75 1 -8 0.349020 0.337255 0.321569
75 2 -8 0.349020 0.337255 0.321569
76 1 -8 0.349020 0.337255 0.321569
76 2 -8 0.349020 0.337255 0.321569
77 1 -8 0.349020 0.337255 0.321569
77 2 -8 0.349020 0.337255 0.321569
78 1 -8 0.349020 0.337255 0.321569
78 2 -8 0.349020 0.337255 0.321569
79 1 -8 0.349020 0.337255 0.321569
79 2 -8 0.349020 0.337255 0.321569
80 2 -1 0.349020 0.337255 0.321569
80 2 0 0.349020 0.337255 0.321569
80 3 -1 0.349020 0.337255 0.321569
80 3 0 0.349020 0.337255 0.321569
80 2 -2 0.349020 0.337255 0.321569
80 3 -2 0.349020 0.337255 0.321569
80 2 -3 0.349020 0.337255 0.321569
80 3 -3 0.349020 0.337255 0.321569
80 2 -4 0.349020 0.337255 0.321569
80 3 -4 0.349020 0.337255 0.321569
80 2 -5 0.349020 0.337255 0.321569
80 3 -5 0.349020 0.337255 0.321569
80 2 -6 0.349020 0.337255 0.321569
80 3 -6 0.349020 0.337255 0.321569
80 2 -7 0.349020 0.337255 0.321569
80 3 -7 0.349020 0.337255 0.321569
80 2 -8 0.349020 0.337255 0.321569
80 3 -8 0.349020 0.337255 0.321569
65 2 -9 0.349020 0.337255 0.321569
65 3 -9 0.349020 0.337255 0.321569
66 2 -9 0.349020 0.337255 0.321569
66 3 -9 0.349020 0.337255 0.321569
67 2 -9 0.349020 0.337255 0.321569
67 3 -9 0.349020 0.337255 0.321569
68 2 -9 0.349020 0.337255 0.321569
68 3 -9 0.349020 0.337255 0.321569
69 2 -9 0.349020 0.337255 0.321569
69 3 -9 0.349020 0.337255 0.321569
70 2 -9 0.349020 0.337255 0.321569
70 3 -9 0.349020 0.337255 0.321569
71 2 -9 0.349020 0.337255 0.321569
71 3 -9 0.349020 0.337255 0.321569
72 2 -9 0.349020 0.337255 0.321569
72 3 -9 0.349020 0.337255 0.321569
73 2 -9 0.349020 0.337255 0.321569
73 3 -9 0.349020 0.337255 0.321569
74 2 -9 0.349020 0.337255 0.321569
74 3 -9 0.349020 0.337255 0.321569
75 2 -9 0.349020 0.337255 0.321569
75 3 -9 0.349020 0.337255 0.321569
76 2 -9 0.349020 0.337255 0.321569
76 3 -9 0.349020 0.337255 0.321569
77 2 -9 0.349020 0.337255 0.321569
77 3 -9 0.349020 0.337255 0.321569
78 2 -9 0.349020 0.337255 0.321569
78 3 -9 0.349020 0.337255 0.321569
79 2 -9 0.349020 0.337255 0.321569
79 3 -9 0.349020 0.337255 0.321569
80 2 -9 0.349020 0.337255 0.321569
80 3 -9 0.349020 0.337255 0.321569
78 4 0 0.349020 0.337255 0.321569
78 4 -1 0.349020 0.337255 0.321569
77 4 -1 0.349020 0.337255 0.321569
77 4 0 0.349020 0.337255 0.321569
79 4 0 0.349020 0.337255 0.321569
79 4 -1 0.349020 0.337255 0.321569
80 4 0 0.349020 0.337255 0.321569
80 4 -1 0.349020 0.337255 0.321569
78 4 -2 0.349020 0.337255 0.321569
77 4 -2 0.349020 0.337255 0.321569
79 4 -2 0.349020 0.337255 0.321569
80 4 -2 0.349020 0.337255 0.321569
78 4 -3 0.349020 0.337255 0.321569
77 4 -3 0.349020 0.337255 0.321569
79 4 -3 0.349020 0.337255 0.321569
80 4 -3 0.349020 0.337255 0.321569
78 4 -4 0.349020 0.337255 0.321569
77 4 -4 0.349020 0.337255 0.321569
79 4 -4 0.349020 0.337255 0.321569
80 4 -4 0.349020 0.337255 0.321569
78 4 -5 0.349020 0.337255 0.321569
77 4 -5 0.349020 0.337255 0.321569
79 4 -5 0.349020 0.337255 0.321569
80 4 -5 0.349020 0.337255 0.321569
78 4 -6 0.349020 0.337255 0.321569
77 4 -6 0.349020 0.337255 0.321569
79 4 -6 0.349020 0.337255 0.321569
80 4 -6 0.349020 0.337255 0.321569
78 4 -7 0.349020 0.337255 0.321569
77 4 -7 0.349020 0.337255 0.321569
79 4 -7 0.349020 0.337255 0.321569
80 4 -7 0.349020 0.337255 0.321569
65 4 -7 0.349020 0.337255 0.321569
65 4 -8 0.349020 0.337255 0.321569
66 4 -7 0.349020 0.337255 0.321569
66 4 -8 0.349020 0.337255 0.321569
67 4 -7 0.349020 0.337255 0.321569
67 4 -8 0.349020 0.337255 0.321569
68 4 -7 0.349020 0.337255 0.321569
68 4 -8 0.349020 0.337255 0.321569
69 4 -7 0.349020 0.337255 0.321569
69 4 -8 0.349020 0.337255 0.321569
70 4 -7 0.349020 0.337255 0.321569
70 4 -8 0.349020 0.337255 0.321569
71 4 -7 0.349020 0.337255 0.321569
71 4 -8 0.349020 0.337255 0.321569
72 4 -7 0.349020 0.337255 0.321569
72 4 -8 0.349020 0.337255 0.321569
73 4 -7 0.349020 0.337255 0.321569
73 4 -8 0.349020 0.337255 0.321569
74 4 -7 0.349020 0.337255 0.321569
74 4 -8 0.349020 0.337255 0.321569
75 4 -7 0.349020 0.337255 0.321569
75 4 -8 0.349020 0.337255 0.321569
76 4 -7 0.349020 0.337255 0.321569
76 4 -8 0.349020 0.337255 0.321569
77 4 -8 0.349020 0.337255 0.321569
78 4 -8 0.349020 0.337255 0.321569
79 4 -8 0.349020 0.337255 0.321569
80 4 -8 0.349020 0.337255 0.321569
65 4 -9 0.349020 0.337255 0.321569
66 4 -9 0.349020 0.337255 0.321569
67 4 -9 0.349020 0.337255 0.321569
68 4 -9 0.349020 0.337255 0.321569
69 4 -9 0.349020 0.337255 0.321569
70 4 -9 0.349020 0.337255 0.321569
71 4 -9 0.349020 0.337255 0.321569
72 4 -9 0.349020 0.337255 0.321569
73 4 -9 0.349020 0.337255 0.321569
74 4 -9 0.349020 0.337255 0.321569
75 4 -9 0.349020 0.337255 0.321569
76 4 -9 0.349020 0.337255 0.321569
77 4 -9 0.349020 0.337255 0.321569
78 4 -9 0.349020 0.337255 0.321569
79 4 -9 0.349020 0.337255 0.321569
80 4 -9 0.349020 0.337255 0.321569
75 5 0 0.349020 0.337255 0.321569
75 5 -1 0.349020 0.337255 0.321569
74 5 -1 0.349020 0.337255 0.321569
74 5 0 0.349020 0.337255 0.321569
76 5 0 0.349020 0.337255 0.321569
76 5 -1 0.349020 0.337255 0.321569
77 5 0 0.349020 0.337255 0.321569
77 5 -1 0.349020 0.337255 0.321569
75 5 -2 0.349020 0.337255 0.321569
74 5 -2 0.349020 0.337255 0.321569
76 5 -2 0.349020 0.337255 0.321569
77 5 -2 0.349020 0.337255 0.321569
75 5 -3 0.349020 0.337255 0.321569
74 5 -3 0.349020 0.337255 0.321569
76 5 -3 0.349020 0.337255 0.321569
77 5 -3 0.349020 0.337255 0.321569
75 5 -4 0.349020 0.337255 0.321569
74 5 -4 0.349020 0.337255 0.321569
76 5 -4 0.349020 0.337255 0.321569
77 5 -4 0.349020 0.337255 0.321569
75 5 -5 0.349020 0.337255 0.321569
74 5 -5 0.349020 0.337255 0.321569
76 5 -5 0.349020 0.337255 0.321569
77 5 -5 0.349020 0.337255 0.321569
75 5 -6 0.349020 0.337255 0.321569
74 5 -6 0.349020 0.337255 0.321569
76 5 -6 0.349020 0.337255 0.321569
77 5 -6 0.349020 0.337255 0.321569
65 5 -7 0.349020 0.337255 0.321569
65 5 -6 0.349020 0.337255 0.321569
66 5 -7 0.349020 0.337255 0.321569
66 5 -6 0.349020 0.337255 0.321569
67 5 -7 0.349020 0.337255 0.321569
67 5 -6 0.349020 0.337255 0.321569
68 5 -7 0.349020 0.337255 0.321569
68 5 -6 0.349020 0.337255 0.321569
69 5 -7 0.349020 0.337255 0.321569
69 5 -6 0.349020 0.337255 0.321569
70 5 -7 0.349020 0.337255 0.321569
70 5 -6 0.349020 0.337255 0.321569
71 5 -7 0.349020 0.337255 0.321569
71 5 -6 0.349020 0.337255 0.321569
72 5 -7 0.349020 0.337255 0.321569
72 5 -6 0.349020 0.337255 0.321569
73 5 -7 0.349020 0.337255 0.321569
73 5 -6 0.349020 0.337255 0.321569
74 5 -7 0.349020 0.337255 0.321569
75 5 -7 0.349020 0.337255 0.321569
76 5 -7 0.349020 0.337255 0.321569
77 5 -7 0.349020 0.337255 0.321569
65 6 0 1.000000 1.000000 1.000000
65 6 -1 1.000000 1.000000 1.000000
66 6 0 1.000000 1.000000 1.000000
66 6 -1 1.000000 1.000000 1.000000
67 6 0 1.000000 1.000000 1.000000
67 6 -1 1.000000 1.000000 1.000000
68 6 0 1.000000 1.000000 1.000000
68 6 -1 1.000000 1.000000 1.000000
69 6 0 0.349020 0.337255 0.321569
69 6 -1 0.349020 0.337255 0.321569
68 6 -1 0.349020 0.337255 0.321569
68 6 0 0.349020 0.337255 0.321569
70 6 0 0.349020 0.337255 0.321569
70 6 -1 0.349020 0.337255 0.321569
71 6 0 1.000000 1.000000 1.000000
71 6 -1 1.000000 1.000000 1.000000
70 6 -1 1.000000 1.000000 1.000000
70 6 0 1.000000 1.000000 1.000000
72 6 0 1.000000 1.000000 1.000000
72 6 -1 1.000000 1.000000 1.000000
73 6 0 0.349020 0.337255 0.321569
73 6 -1 0.349020 0.337255 0.321569
72 6 -1 0.349020 0.337255 0.321569
72 6 0 0.349020 0.337255 0.321569
74 6 0 0.349020 0.337255 0.321569
74 6 -1 0.349020 0.337255 0.321569
65 6 -2 1.000000 1.000000 1.000000
66 6 -2 1.000000 1.000000 1.000000
67 6 -2 1.000000 1.000000 1.000000
68 6 -2 1.000000 1.000000 1.000000
69 6 -1 1.000000 1.000000 1.000000
69 6 -2 1.000000 1.000000 1.000000
70 6 -2 1.000000 1.000000 1.000000
71 6 -2 1.000000 1.000000 1.000000
72 6 -2 1.000000 1.000000 1.000000
73 6 -2 0.349020 0.337255 0.321569
72 6 -2 0.349020 0.337255 0.321569
74 6 -2 0.349020 0.337255 0.321569
65 6 -3 1.000000 1.000000 1.000000
66 6 -3 1.000000 1.000000 1.000000
67 6 -3 1.000000 1.000000 1.000000
68 6 -3 1.000000 1.000000 1.000000
69 6 -3 1.000000 1.000000 1.000000
70 6 -3 1.000000 1.000000 1.000000
71 6 -3 1.000000 1.000000 1.000000
72 6 -3 1.000000 1.000000 1.000000
73 6 -3 0.349020 0.337255 0.321569
72 6 -3 0.349020 0.337255 0.321569
74 6 -3 0.349020 0.337255 0.321569
65 6 -4 1.000000 1.000000 1.000000
66 6 -4 1.000000 1.000000 1.000000
67 6 -4 1.000000 1.000000 1.000000
68 6 -4 1.000000 1.000000 1.000000
69 6 -4 1.000000 1.000000 1.000000
70 6 -4 1.000000 1.000000 1.000000
71 6 -4 1.000000 1.000000 1.000000
72 6 -4 0.349020 0.337255 0.321569
71 6 -4 0.349020 0.337255 0.321569
71 6 -3 0.349020 0.337255 0.321569
73 6 -4 0.349020 0.337255 0.321569
74 6 -4 0.349020 0.337255 0.321569
65 6 -4 0.349020 0.337255 0.321569
65 6 -5 0.349020 0.337255 0.321569
66 6 -4 0.349020 0.337255 0.321569
66 6 -5 0.349020 0.337255 0.321569
67 6 -4 0.349020 0.337255 0.321569
67 6 -5 0.349020 0.337255 0.321569
68 6 -4 0.349020 0.337255 0.321569
68 6 -5 0.349020 0.337255 0.321569
69 6 -4 0.349020 0.337255 0.321569
69 6 -5 0.349020 0.337255 0.321569
70 6 -4 0.349020 0.337255 0.321569
70 6 -5 0.349020 0.337255 0.321569
71 6 -5 0.349020 0.337255 0.321569
72 6 -5 0.349020 0.337255 0.321569
73 6 -5 0.349020 0.337255 0.321569
74 6 -5 0.349020 0.337255 0.321569
65 6 -6 0.349020 0.337255 0.321569
66 6 -6 0.349020 0.337255 0.321569
67 6 -6 0.349020 0.337255 0.321569
68 6 -6 0.349020 0.337255 0.321569
69 6 -6 0.349020 0.337255 0.321569
70 6 -6 0.349020 0.337255 0.321569
71 6 -6 0.349020 0.337255 0.321569
72 6 -6 0.349020 0.337255 0.321569
73 6 -6 0.349020 0.337255 0.321569
74 6 -6 0.349020 0.337255 0.321569
4 0 1 2 3
4 0 4 5 1
4 0 3 6 4
4 1 7 8 2
4 1 5 9 7
4 7 10 11 8
4 7 9 12 10
4 10 13 14 11
4 10 12 15 13
4 13 16 17 14
4 13 15 18 16
4 16 19 20 17
4 16 18 21 19
4 19 22 23 20
4 19 21 24 22
4 22 25 26 23
4 22 24 27 25
4 25 28 29 26
4 25 27 30 28
4 28 31 32 29
4 28 30 33 31
4 31 34 35 32
4 31 33 36 34
4 34 37 38 35
4 34 36 39 37
4 37 40 41 38
4 37 39 42 40
4 40 43 44 41
4 40 42 45 43
4 4 46 47 5
4 4 6 48 46
4 5 47 49 9
4 9 49 50 12
4 12 50 51 15
4 15 51 52 18
4 18 52 53 21
4 21 53 54 24
4 24 54 55 27
4 27 55 56 30
4 30 56 57 33
4 33 57 58 36
4 36 58 59 39
4 39 59 60 42
4 42 60 61 45
4 46 62 63 47
4 46 48 64 62
4 47 63 65 49
4 49 65 66 50
4 50 66 67 51
4 51 67 68 52
4 52 68 69 53
4 53 69 70 54
4 54 70 71 55
4 55 71 72 56
4 56 72 73 57
4 57 73 74 58
4 58 74 75 59
4 59 75 76 60
4 60 76 77 61
4 62 78 79 63
4 62 64 80 78
4 63 79 81 65
4 65 81 82 66
4 66 82 83 67
4 67 83 84 68
4 68 84 85 69
4 69 85 86 70
4 70 86 87 71
4 71 87 88 72
4 72 88 89 73
4 73 89 90 74
4 74 90 91 75
4 75 91 92 76
4 76 92 93 77
4 78 94 95 79
4 78 80 96 94
4 79 95 97 81
4 81 97 98 82
4 82 98 99 83
4 83 99 100 84
4 84 100 101 85
4 85 101 102 86
4 86 102 103 87
4 87 103 104 88
4 88 104 105 89
4 89 105 106 90
4 90 106 107 91
4 91 107 108 92
4 92 108 109 93
4 94 110 111 95
4 94 96 112 110
4 95 111 113 97
4 97 113 114 98
4 98 114 115 99
4 99 115 116 100
4 100 116 117 101
4 101 117 118 102
4 102 118 119 103
4 103 119 120 104
4 104 120 121 105
4 105 121 122 106
4 106 122 123 107
4 107 123 124 108
4 108 124 125 109
4 110 126 127 111
4 110 112 128 126
4 111 127 129 113
4 113 129 130 114
4 114 130 131 115
4 115 131 132 116
4 116 132 133 117
4 117 133 134 118
4 118 134 135 119
4 119 135 136 120
4 120 136 137 121
4 121 137 138 122
4 122 138 139 123
4 123 139 140 124
4 124 140 141 125
4 126 142 143 127
4 126 128 144 142
4 127 143 145 129
4 129 145 146 130
4 130 146 147 131
4 131 147 148 132
4 132 148 149 133
4 133 149 150 134
4 134 150 151 135
4 135 151 152 136
4 136 152 153 137
4 137 153 154 138
4 138 154 155 139
4 139 155 156 140
4 140 156 157 141
4 142 158 159 143
4 142 144 160 158
4 143 159 161 145
4 145 161 162 146
4 146 162 163 147
4 147 163 164 148
4 148 164 165 149
4 149 165 166 150
4 150 166 167 151
4 151 167 168 152
4 152 168 169 153
4 153 169 170 154
4 154 170 171 155
4 155 171 172 156
4 156 172 173 157
4 158 174 175 159
4 158 160 176 174
4 159 175 177 161
4 161 177 178 162
4 162 178 179 163
4 163 179 180 164
4 164 180 181 165
4 165 181 182 166
4 166 182 183 167
4 167 183 184 168
4 168 184 185 169
4 169 185 186 170
4 170 186 187 171
4 171 187 188 172
4 172 188 189 173
4 174 190 191 175
4 174 176 192 190
4 175 191 193 177
4 177 193 194 178
4 178 194 195 179
4 179 195 196 180
4 180 196 197 181
4 181 197 198 182
4 182 198 199 183
4 183 199 200 184
4 184 200 201 185
4 185 201 202 186
4 186 202 203 187
4 187 203 204 188
4 188 204 205 189
4 190 206 207 191
4 190 192 208 206
4 191 207 209 193
4 193 209 210 194
4 194 210 211 195
4 195 211 212 196
4 196 212 213 197
4 197 213 214 198
4 198 214 215 199
4 199 215 216 200
4 200 216 217 201
4 201 217 218 202
4 202 218 219 203
4 203 219 220 204
4 204 220 221 205
4 206 222 223 207
4 206 208 224 222
4 207 223 225 209
4 209 225 226 210
4 210 226 227 211
4 211 227 228 212
4 212 228 229 213
4 213 229 230 214
4 214 230 231 215
4 215 231 232 216
4 216 232 233 217
4 217 233 234 218
4 218 234 235 219
4 219 235 236 220
4 220 236 237 221
4 222 238 239 223
4 222 224 240 238
4 223 239 241 225
4 225 241 242 226
4 226 242 243 227
4 227 243 244 228
4 228 244 245 229
4 229 245 246 230
4 230 246 247 231
4 231 247 248 232
4 232 248 249 233
4 233 249 250 234
4 234 250 251 235
4 235 251 252 236
4 236 252 253 237
4 254 255 256 257
4 254 258 3 255
4 254 257 259 258
4 255 260 261 256
4 255 3 2 260
4 260 262 263 261
4 260 2 8 262
4 262 264 265 263
4 262 8 11 264
4 264 266 267 265
4 264 11 14 266
4 266 268 269 267
4 266 14 17 268
4 268 270 271 269
4 268 17 20 270
4 270 272 273 271
4 270 20 23 272
4 272 274 275 273
4 272 23 26 274
4 274 276 277 275
4 274 26 29 276
4 276 278 279 277
4 276 29 32 278
4 278 280 281 279
4 278 32 35 280
4 280 282 283 281
4 280 35 38 282
4 282 284 285 283
4 282 38 41 284
4 284 286 287 285
4 284 41 44 286
4 258 288 6 3
4 258 259 289 288
4 288 290 48 6
4 288 289 291 290
4 290 292 64 48
4 290 291 293 292
4 292 294 80 64
4 292 293 295 294
4 294 296 96 80
4 294 295 297 296
4 296 298 112 96
4 296 297 299 298
4 298 300 128 112
4 298 299 301 300
4 300 302 144 128
4 300 301 303 302
4 302 304 160 144
4 302 303 305 304
4 304 306 176 160
4 304 305 307 306
4 306 308 192 176
4 306 307 309 308
4 308 310 208 192
4 308 309 311 310
4 310 312 224 208
4 310 311 313 312
4 312 314 240 224
4 312 313 315 314
4 316 317 318 319
4 316 320 257 317
4 316 319 321 320
4 317 322 323 318
4 317 257 256 322
4 322 324 325 323
4 322 256 261 324
4 324 326 327 325
4 324 261 263 326
4 326 328 329 327
4 326 263 265 328
4 328 330 331 329
4 328 265 267 330
4 330 332 333 331
4 330 267 269 332
4 332 334 335 333
4 332 269 271 334
4 334 336 337 335
4 334 271 273 336
4 336 338 339 337
4 336 273 275 338
4 338 340 341 339
4 338 275 277 340
4 340 342 343 341
4 340 277 279 342
4 342 344 345 343
4 342 279 281 344
4 344 346 347 345
4 344 281 283 346
4 346 348 349 347
4 346 283 285 348
4 348 350 351 349
4 348 285 287 350
4 320 352 259 257
4 320 321 353 352
4 352 354 289 259
4 352 353 355 354
4 354 356 291 289
4 354 355 357 356
4 356 358 293 291
4 356 357 359 358
4 358 360 295 293
4 358 359 361 360
4 360 362 297 295
4 360 361 363 362
4 362 364 299 297
4 362 363 365 364
4 364 366 301 299
4 364 365 367 366
4 366 368 303 301
4 366 367 369 368
4 368 370 305 303
4 368 369 371 370
4 370 372 307 305
4 370 371 373 372
4 372 374 309 307
4 372 373 375 374
4 374 376 311 309
4 374 375 377 376
4 376 378 313 311
4 376 377 379 378
4 378 380 315 313
4 378 379 381 380
4 319 318 382 383
4 382 384 385 383
4 319 383 385 321
4 318 323 386 382
4 386 387 384 382
4 323 325 388 386
4 388 389 387 386
4 325 327 390 388
4 390 391 389 388
4 327 329 392 390
4 392 393 391 390
4 329 331 394 392
4 394 395 393 392
4 331 333 396 394
4 396 397 395 394
4 333 335 398 396
4 398 399 397 396
4 335 337 400 398
4 400 401 399 398
4 337 339 402 400
4 402 403 401 400
4 339 341 404 402
4 404 405 403 402
4 341 343 406 404
4 406 407 405 404
4 343 345 408 406
4 408 409 407 406
4 345 347 410 408
4 410 411 409 408
4 347 349 412 410
4 412 413 411 410
4 349 351 414 412
4 414 415 413 412
4 384 416 417 385
4 321 385 417 353
4 387 418 416 384
4 389 419 418 387
4 391 420 419 389
4 393 421 420 391
4 395 422 421 393
4 397 423 422 395
4 399 424 423 397
4 401 425 424 399
4 403 426 425 401
4 405 427 426 403
4 407 428 427 405
4 409 429 428 407
4 411 430 429 409
4 413 431 430 411
4 415 432 431 413
4 353 417 433 355
4 355 433 434 357
4 357 434 435 359
4 359 435 436 361
4 361 436 437 363
4 363 437 438 365
4 365 438 439 367
4 367 439 440 369
4 369 440 441 371
4 371 441 442 373
4 373 442 443 375
4 375 443 444 377
4 377 444 445 379
4 379 445 446 381
4 417 416 447 448
4 447 449 450 448
4 417 448 450 433
4 416 418 451 447
4 451 452 449 447
4 418 419 453 451
4 453 454 452 451
4 419 420 455 453
4 455 456 454 453
4 420 421 457 455
4 457 458 456 455
4 421 422 459 457
4 459 460 458 457
4 422 423 461 459
4 461 462 460 459
4 423 424 463 461
4 463 464 462 461
4 424 425 465 463
4 465 466 464 463
4 425 426 467 465
4 467 468 466 465
4 426 427 469 467
4 469 470 468 467
4 427 428 471 469
4 471 472 470 469
4 428 429 473 471
4 473 474 472 471
4 429 430 475 473
4 475 476 474 473
4 430 431 477 475
4 477 478 476 475
4 431 432 479 477
4 479 480 478 477
4 449 481 482 450
4 433 450 482 434
4 481 483 484 482
4 434 482 484 435
4 483 485 486 484
4 435 484 486 436
4 485 487 488 486
4 436 486 488 437
4 487 489 490 488
4 437 488 490 438
4 489 491 492 490
4 438 490 492 439
4 491 493 494 492
4 439 492 494 440
4 493 495 496 494
4 440 494 496 441
4 495 497 498 496
4 441 496 498 442
4 497 499 500 498
4 442 498 500 443
4 499 501 502 500
4 443 500 502 444
4 501 503 504 502
4 444 502 504 445
4 503 505 506 504
4 445 504 506 446
4 449 452 507 508
4 507 509 510 508
4 449 508 510 481
4 452 454 511 507
4 511 512 509 507
4 454 456 513 511
4 513 514 512 511
4 456 458 515 513
4 515 516 514 513
4 458 460 517 515
4 517 518 516 515
4 460 462 519 517
4 519 520 518 517
4 462 464 521 519
4 521 522 520 519
4 464 466 523 521
4 523 524 522 521
4 466 468 525 523
4 525 526 524 523
4 468 470 527 525
4 527 528 526 525
4 470 472 529 527
4 529 530 528 527
4 472 474 531 529
4 531 532 530 529
4 474 476 533 531
4 533 534 532 531
4 476 478 535 533
4 535 536 534 533
4 478 480 537 535
4 537 538 536 535
4 509 539 540 510
4 481 510 540 483
4 512 541 539 509
4 514 542 541 512
4 539 543 544 540
4 483 540 544 485
4 541 545 543 539
4 542 546 545 541
4 547 548 546 542
4 549 550 548 547
4 551 552 550 549
4 553 554 552 551
4 555 556 554 553
4 557 558 556 555
4 559 560 558 557
4 561 562 560 559
4 563 564 562 561
4 565 566 564 563
4 567 568 566 565
4 569 570 568 567
4 543 571 572 544
4 485 544 572 487
4 545 573 571 543
4 546 574 573 545
4 548 575 574 546
4 550 576 575 548
4 552 577 576 550
4 554 578 577 552
4 556 579 578 554
4 558 580 579 556
4 560 581 580 558
4 562 582 581 560
4 564 583 582 562
4 566 584 583 564
4 568 585 584 566
4 570 586 585 568
4 571 587 588 572
4 487 572 588 489
4 573 589 587 571
4 574 590 589 573
4 575 591 590 574
4 576 592 591 575
4 577 593 592 576
4 578 594 593 577
4 579 595 594 578
4 580 596 595 579
4 581 597 596 580
4 582 598 597 581
4 583 599 598 582
4 584 600 599 583
4 585 601 600 584
4 586 602 601 585
4 587 603 604 588
4 489 588 604 491
4 589 605 603 587
4 590 606 605 589
4 591 607 606 590
4 592 608 607 591
4 593 609 608 592
4 594 610 609 593
4 595 611 610 594
4 596 612 611 595
4 597 613 612 596
4 598 614 613 597
4 599 615 614 598
4 600 616 615 599
4 601 617 616 600
4 602 618 617 601
4 603 619 620 604
4 491 604 620 493
4 605 621 619 603
4 606 622 621 605
4 607 623 622 606
4 608 624 623 607
4 609 625 624 608
4 610 626 625 609
4 611 627 626 610
4 612 628 627 611
4 613 629 628 612
4 614 630 629 613
4 615 631 630 614
4 616 632 631 615
4 617 633 632 616
4 618 634 633 617
4 619 635 636 620
4 493 620 636 495
4 621 637 635 619
4 622 638 637 621
4 623 639 638 622
4 624 640 639 623
4 625 641 640 624
4 626 642 641 625
4 627 643 642 626
4 628 644 643 627
4 629 645 644 628
4 630 646 645 629
4 631 647 646 630
4 632 648 647 631
4 633 649 648 632
4 634 650 649 633
4 635 651 652 636
4 495 636 652 497
4 637 653 651 635
4 638 654 653 637
4 639 655 654 638
4 640 656 655 639
4 641 657 656 640
4 642 658 657 641
4 643 659 658 642
4 644 660 659 643
4 645 661 660 644
4 646 662 661 645
4 647 663 662 646
4 648 664 663 647
4 649 665 664 648
4 650 666 665 649
4 651 667 668 652
4 497 652 668 499
4 653 669 667 651
4 654 670 669 653
4 655 671 670 654
4 656 672 671 655
4 657 673 672 656
4 658 674 673 657
4 659 675 674 658
4 660 676 675 659
4 661 677 676 660
4 662 678 677 661
4 663 679 678 662
4 664 680 679 663
4 665 681 680 664
4 666 682 681 665
4 667 683 684 668
4 499 668 684 501
4 669 685 683 667
4 670 686 685 669
4 671 687 686 670
4 672 688 687 671
4 673 689 688 672
4 674 690 689 673
4 675 691 690 674
4 676 692 691 675
4 677 693 692 676
4 678 694 693 677
4 679 695 694 678
4 680 696 695 679
4 681 697 696 680
4 682 698 697 681
4 683 699 700 684
4 501 684 700 503
4 685 701 699 683
4 686 702 701 685
4 687 703 702 686
4 688 704 703 687
4 689 705 704 688
4 690 706 705 689
4 691 707 706 690
4 692 708 707 691
4 693 709 708 692
4 694 710 709 693
4 695 711 710 694
4 696 712 711 695
4 697 713 712 696
4 698 714 713 697
4 699 715 716 700
4 503 700 716 505
4 701 717 715 699
4 702 718 717 701
4 703 719 718 702
4 704 720 719 703
4 705 721 720 704
4 706 722 721 705
4 707 723 722 706
4 708 724 723 707
4 709 725 724 708
4 710 726 725 709
4 711 727 726 710
4 712 728 727 711
4 713 729 728 712
4 714 730 729 713
4 731 732 733 734
4 735 736 737 738
4 731 734 737 736
4 732 739 740 733
4 741 735 738 742
4 739 743 744 740
4 745 741 742 746
4 743 747 748 744
4 749 745 746 750
4 747 751 752 748
4 753 749 750 754
4 751 755 756 752
4 757 753 754 758
4 755 759 760 756
4 761 757 758 762
4 759 763 764 760
4 765 761 762 766
4 763 767 768 764
4 769 765 766 770
4 767 771 772 768
4 773 769 770 774
4 771 775 776 772
4 777 773 774 778
4 775 779 780 776
4 781 777 778 782
4 783 734 784 785
4 737 786 787 788
4 783 786 737 734
4 783 785 787 786
4 734 733 789 784
4 738 737 788 790
4 733 740 791 789
4 742 738 790 792
4 740 744 793 791
4 746 742 792 794
4 744 748 795 793
4 750 746 794 796
4 748 752 797 795
4 754 750 796 798
4 752 756 799 797
4 758 754 798 800
4 756 760 801 799
4 762 758 800 802
4 760 764 803 801
4 766 762 802 804
4 764 768 805 803
4 770 766 804 806
4 768 772 807 805
4 774 770 806 808
4 772 776 809 807
4 778 774 808 810
4 776 780 811 809
4 782 778 810 812
4 785 784 813 814
4 788 787 815 816
4 785 814 815 787
4 784 789 817 813
4 790 788 816 818
4 789 791 819 817
4 792 790 818 820
4 791 793 821 819
4 794 792 820 822
4 793 795 823 821
4 796 794 822 824
4 795 797 825 823
4 798 796 824 826
4 797 799 827 825
4 800 798 826 828
4 799 801 829 827
4 802 800 828 830
4 801 803 831 829
4 804 802 830 832
4 803 805 833 831
4 806 804 832 834
4 805 807 835 833
4 808 806 834 836
4 807 809 837 835
4 810 808 836 838
4 809 811 839 837
4 812 810 838 840
4 841 814 842 843
4 815 844 845 846
4 841 844 815 814
4 841 843 845 844
4 814 813 847 842
4 816 815 846 848
4 813 817 849 847
4 818 816 848 850
4 817 819 851 849
4 820 818 850 852
4 819 821 853 851
4 822 820 852 854
4 821 823 855 853
4 824 822 854 856
4 823 825 857 855
4 826 824 856 858
4 825 827 859 857
4 828 826 858 860
4 827 829 861 859
4 830 828 860 862
4 829 831 863 861
4 832 830 862 864
4 831 833 865 863
4 834 832 864 866
4 833 835 867 865
4 836 834 866 868
4 835 837 869 867
4 838 836 868 870
4 837 839 871 869
4 840 838 870 872
4 843 842 873 874
4 846 845 875 876
4 843 874 875 845
4 842 847 877 873
4 848 846 876 878
4 847 849 879 877
4 850 848 878 880
4 849 851 881 879
4 852 850 880 882
4 851 853 883 881
4 854 852 882 884
4 853 855 885 883
4 856 854 884 886
4 855 857 887 885
4 858 856 886 888
4 857 859 889 887
4 860 858 888 890
4 859 861 891 889
4 862 860 890 892
4 861 863 893 891
4 864 862 892 894
4 863 865 895 893
4 866 864 894 896
4 865 867 897 895
4 868 866 896 898
4 867 869 899 897
4 870 868 898 900
4 869 871 901 899
4 872 870 900 902
4 874 873 903 904
4 876 875 905 906
4 903 906 905 904
4 874 904 905 875
4 873 877 907 903
4 878 876 906 908
4 907 908 906 903
4 877 879 909 907
4 880 878 908 910
4 909 910 908 907
4 879 881 911 909
4 882 880 910 912
4 911 912 910 909
4 881 883 913 911
4 884 882 912 914
4 913 914 912 911
4 883 885 915 913
4 886 884 914 916
4 915 916 914 913
4 885 887 917 915
4 888 886 916 918
4 917 918 916 915
4 887 889 919 917
4 890 888 918 920
4 919 920 918 917
4 889 891 921 919
4 892 890 920 922
4 921 922 920 919
4 891 893 923 921
4 894 892 922 924
4 923 924 922 921
4 893 895 925 923
4 896 894 924 926
4 925 926 924 923
4 895 897 927 925
4 898 896 926 928
4 927 928 926 925
4 897 899 929 927
4 900 898 928 930
4 929 930 928 927
4 899 901 931 929
4 902 900 930 932
4 931 932 930 929
4 43 933 934 44
4 43 45 935 933
4 933 936 937 934
4 933 935 938 936
4 936 939 940 937
4 936 938 941 939
4 939 942 943 940
4 939 941 944 942
4 942 945 946 943
4 942 944 947 945
4 945 948 949 946
4 945 947 950 948
4 948 951 952 949
4 948 950 953 951
4 951 954 955 952
4 951 953 956 954
4 954 957 958 955
4 954 956 959 957
4 957 960 961 958
4 957 959 962 960
4 960 963 964 961
4 960 962 965 963
4 963 966 967 964
4 963 965 968 966
4 966 969 970 967
4 966 968 971 969
4 969 972 973 970
4 969 971 974 972
4 972 975 976 973
4 972 974 977 975
4 975 978 979 976
4 975 977 980 978
4 45 61 981 935
4 935 981 982 938
4 938 982 983 941
4 941 983 984 944
4 944 984 985 947
4 947 985 986 950
4 950 986 987 953
4 953 987 988 956
4 956 988 989 959
4 959 989 990 962
4 962 990 991 965
4 965 991 992 968
4 968 992 993 971
4 971 993 994 974
4 974 994 995 977
4 977 995 996 980
4 61 77 997 981
4 981 997 998 982
4 982 998 999 983
4 983 999 1000 984
4 984 1000 1001 985
4 985 1001 1002 986
4 986 1002 1003 987
4 987 1003 1004 988
4 988 1004 1005 989
4 989 1005 1006 990
4 990 1006 1007 991
4 991 1007 1008 992
4 992 1008 1009 993
4 993 1009 1010 994
4 994 1010 1011 995
4 995 1011 1012 996
4 77 93 1013 997
4 997 1013 1014 998
4 998 1014 1015 999
4 999 1015 1016 1000
4 1000 1016 1017 1001
4 1001 1017 1018 1002
4 1002 1018 1019 1003
4 1003 1019 1020 1004
4 1004 1020 1021 1005
4 1005 1021 1022 1006
4 1006 1022 1023 1007
4 1007 1023 1024 1008
4 1008 1024 1025 1009
4 1009 1025 1026 1010
4 1010 1026 1027 1011
4 1011 1027 1028 1012
4 93 109 1029 1013
4 1013 1029 1030 1014
4 1014 1030 1031 1015
4 1015 1031 1032 1016
4 1016 1032 1033 1017
4 1017 1033 1034 1018
4 1018 1034 1035 1019
4 1019 1035 1036 1020
4 1020 1036 1037 1021
4 1021 1037 1038 1022
4 1022 1038 1039 1023
4 1023 1039 1040 1024
4 1024 1040 1041 1025
4 1025 1041 1042 1026
4 1026 1042 1043 1027
4 1027 1043 1044 1028
4 109 125 1045 1029
4 1029 1045 1046 1030
4 1030 1046 1047 1031
4 1031 1047 1048 1032
4 1032 1048 1049 1033
4 1033 1049 1050 1034
4 1034 1050 1051 1035
4 1035 1051 1052 1036
4 1036 1052 1053 1037
4 1037 1053 1054 1038
4 1038 1054 1055 1039
4 1039 1055 1056 1040
4 1040 1056 1057 1041
4 1041 1057 1058 1042
4 1042 1058 1059 1043
4 1043 1059 1060 1044
4 125 141 1061 1045
4 1045 1061 1062 1046
4 1046 1062 1063 1047
4 1047 1063 1064 1048
4 1048 1064 1065 1049
4 1049 1065 1066 1050
4 1050 1066 1067 1051
4 1051 1067 1068 1052
4 1052 1068 1069 1053
4 1053 1069 1070 1054
4 1054 1070 1071 1055
4 1055 1071 1072 1056
4 1056 1072 1073 1057
4 1057 1073 1074 1058
4 1058 1074 1075 1059
4 1059 1075 1076 1060
4 141 157 1077 1061
4 1061 1077 1078 1062
4 1062 1078 1079 1063
4 1063 1079 1080 1064
4 1064 1080 1081 1065
4 1065 1081 1082 1066
4 1066 1082 1083 1067
4 1067 1083 1084 1068
4 1068 1084 1085 1069
4 1069 1085 1086 1070
4 1070 1086 1087 1071
4 1071 1087 1088 1072
4 1072 1088 1089 1073
4 1073 1089 1090 1074
4 1074 1090 1091 1075
4 1075 1091 1092 1076
4 157 173 1093 1077
4 1077 1093 1094 1078
4 1078 1094 1095 1079
4 1079 1095 1096 1080
4 1080 1096 1097 1081
4 1081 1097 1098 1082
4 1082 1098 1099 1083
4 1083 1099 1100 1084
4 1084 1100 1101 1085
4 1085 1101 1102 1086
4 1086 1102 1103 1087
4 1087 1103 1104 1088
4 1088 1104 1105 1089
4 1089 1105 1106 1090
4 1090 1106 1107 1091
4 1091 1107 1108 1092
4 173 189 1109 1093
4 1093 1109 1110 1094
4 1094 1110 1111 1095
4 1095 1111 1112 1096
4 1096 1112 1113 1097
4 1097 1113 1114 1098
4 1098 1114 1115 1099
4 1099 1115 1116 1100
4 1100 1116 1117 1101
4 1101 1117 1118 1102
4 1102 1118 1119 1103
4 1103 1119 1120 1104
4 1104 1120 1121 1105
4 1105 1121 1122 1106
4 1106 1122 1123 1107
4 1107 1123 1124 1108
4 189 205 1125 1109
4 1109 1125 1126 1110
4 1110 1126 1127 1111
4 1111 1127 1128 1112
4 1112 1128 1129 1113
4 1113 1129 1130 1114
4 1114 1130 1131 1115
4 1115 1131 1132 1116
4 1116 1132 1133 1117
4 1117 1133 1134 1118
4 1118 1134 1135 1119
4 1119 1135 1136 1120
4 1120 1136 1137 1121
4 1121 1137 1138 1122
4 1122 1138 1139 1123
4 1123 1139 1140 1124
4 205 221 1141 1125
4 1125 1141 1142 1126
4 1126 1142 1143 1127
4 1127 1143 1144 1128
4 1128 1144 1145 1129
4 1129 1145 1146 1130
4 1130 1146 1147 1131
4 1131 1147 1148 1132
4 1132 1148 1149 1133
4 1133 1149 1150 1134
4 1134 1150 1151 1135
4 1135 1151 1152 1136
4 1136 1152 1153 1137
4 1137 1153 1154 1138
4 1138 1154 1155 1139
4 1139 1155 1156 1140
4 221 237 1157 1141
4 1141 1157 1158 1142
4 1142 1158 1159 1143
4 1143 1159 1160 1144
4 1144 1160 1161 1145
4 1145 1161 1162 1146
4 1146 1162 1163 1147
4 1147 1163 1164 1148
4 1148 1164 1165 1149
4 1149 1165 1166 1150
4 1150 1166 1167 1151
4 1151 1167 1168 1152
4 1152 1168 1169 1153
4 1153 1169 1170 1154
4 1154 1170 1171 1155
4 1155 1171 1172 1156
4 237 253 1173 1157
4 1157 1173 1174 1158
4 1158 1174 1175 1159
4 1159 1175 1176 1160
4 1160 1176 1177 1161
4 1161 1177 1178 1162
4 1162 1178 1179 1163
4 1163 1179 1180 1164
4 1164 1180 1181 1165
4 1165 1181 1182 1166
4 1166 1182 1183 1167
4 1167 1183 1184 1168
4 1168 1184 1185 1169
4 1169 1185 1186 1170
4 1170 1186 1187 1171
4 1171 1187 1188 1172
4 286 1189 1190 287
4 286 1191 934 1189
4 1189 1192 1193 1190
4 1189 934 937 1192
4 1192 1194 1195 1193
4 1192 937 940 1194
4 1194 1196 1197 1195
4 1194 940 943 1196
4 1196 1198 1199 1197
4 1196 943 946 1198
4 1198 1200 1201 1199
4 1198 946 949 1200
4 1200 1202 1203 1201
4 1200 949 952 1202
4 1202 1204 1205 1203
4 1202 952 955 1204
4 1204 1206 1207 1205
4 1204 955 958 1206
4 1206 1208 1209 1207
4 1206 958 961 1208
4 1208 1210 1211 1209
4 1208 961 964 1210
4 1210 1212 1213 1211
4 1210 964 967 1212
4 1212 1214 1215 1213
4 1212 967 970 1214
4 1214 1216 1217 1215
4 1214 970 973 1216
4 1216 1218 1219 1217
4 1216 973 976 1218
4 1218 1220 1221 1219
4 1218 976 979 1220
4 350 1222 1223 351
4 350 287 1190 1222
4 1222 1224 1225 1223
4 1222 1190 1193 1224
4 1224 1226 1227 1225
4 1224 1193 1195 1226
4 1226 1228 1229 1227
4 1226 1195 1197 1228
4 1228 1230 1231 1229
4 1228 1197 1199 1230
4 1230 1232 1233 1231
4 1230 1199 1201 1232
4 1232 1234 1235 1233
4 1232 1201 1203 1234
4 1234 1236 1237 1235
4 1234 1203 1205 1236
4 1236 1238 1239 1237
4 1236 1205 1207 1238
4 1238 1240 1241 1239
4 1238 1207 1209 1240
4 1240 1242 1243 1241
4 1240 1209 1211 1242
4 1242 1244 1245 1243
4 1242 1211 1213 1244
4 1244 1246 1247 1245
4 1244 1213 1215 1246
4 1246 1248 1249 1247
4 1246 1215 1217 1248
4 1248 1250 1251 1249
4 1248 1217 1219 1250
4 1250 1252 1253 1251
4 1250 1219 1221 1252
4 351 1223 1254 414
4 1254 1255 415 414
4 1223 1225 1256 1254
4 1256 1257 1255 1254
4 1225 1227 1258 1256
4 1258 1259 1257 1256
4 1227 1229 1260 1258
4 1260 1261 1259 1258
4 1229 1231 1262 1260
4 1262 1263 1261 1260
4 1231 1233 1264 1262
4 1264 1265 1263 1262
4 1233 1235 1266 1264
4 1266 1267 1265 1264
4 1235 1237 1268 1266
4 1268 1269 1267 1266
4 1237 1239 1270 1268
4 1270 1271 1269 1268
4 1239 1241 1272 1270
4 1272 1273 1271 1270
4 1241 1243 1274 1272
4 1274 1275 1273 1272
4 1243 1245 1276 1274
4 1276 1277 1275 1274
4 1245 1247 1278 1276
4 1278 1279 1277 1276
4 1247 1249 1280 1278
4 1280 1281 1279 1278
4 1249 1251 1282 1280
4 1282 1283 1281 1280
4 1251 1253 1284 1282
4 1284 1285 1283 1282
4 1255 1286 432 415
4 1257 1287 1286 1255
4 1259 1288 1287 1257
4 1261 1289 1288 1259
4 1263 1290 1289 1261
4 1265 1291 1290 1263
4 1267 1292 1291 1265
4 1269 1293 1292 1267
4 1271 1294 1293 1269
4 1273 1295 1294 1271
4 1275 1296 1295 1273
4 1277 1297 1296 1275
4 1279 1298 1297 1277
4 1281 1299 1298 1279
4 1283 1300 1299 1281
4 1285 1301 1300 1283
4 432 1286 1302 479
4 1302 1303 480 479
4 1286 1287 1304 1302
4 1304 1305 1303 1302
4 1287 1288 1306 1304
4 1306 1307 1305 1304
4 1288 1289 1308 1306
4 1308 1309 1307 1306
4 1289 1290 1310 1308
4 1310 1311 1309 1308
4 1290 1291 1312 1310
4 1312 1313 1311 1310
4 1291 1292 1314 1312
4 1314 1315 1313 1312
4 1292 1293 1316 1314
4 1316 1317 1315 1314
4 1293 1294 1318 1316
4 1318 1319 1317 1316
4 1294 1295 1320 1318
4 1320 1321 1319 1318
4 1295 1296 1322 1320
4 1322 1323 1321 1320
4 1296 1297 1324 1322
4 1324 1325 1323 1322
4 1297 1298 1326 1324
4 1326 1327 1325 1324
4 1298 1299 1328 1326
4 1328 1329 1327 1326
4 1299 1300 1330 1328
4 1330 1331 1329 1328
4 1300 1301 1332 1330
4 1332 1333 1331 1330
4 480 1303 1334 537
4 1334 1335 538 537
4 1303 1305 1336 1334
4 1336 1337 1335 1334
4 1305 1307 1338 1336
4 1338 1339 1337 1336
4 1307 1309 1340 1338
4 1340 1341 1339 1338
4 1309 1311 1342 1340
4 1342 1343 1341 1340
4 1311 1313 1344 1342
4 1344 1345 1343 1342
4 1313 1315 1346 1344
4 1346 1347 1345 1344
4 1315 1317 1348 1346
4 1348 1349 1347 1346
4 1317 1319 1350 1348
4 1350 1351 1349 1348
4 1319 1321 1352 1350
4 1352 1353 1351 1350
4 1321 1323 1354 1352
4 1354 1355 1353 1352
4 1323 1325 1356 1354
4 1356 1357 1355 1354
4 1325 1327 1358 1356
4 1358 1359 1357 1356
4 1327 1329 1360 1358
4 1360 1361 1359 1358
4 1329 1331 1362 1360
4 1362 1363 1361 1360
4 1331 1333 1364 1362
4 1364 1365 1363 1362
4 1349 1366 1367 1347
4 1351 1368 1366 1349
4 1353 1369 1368 1351
4 1355 1370 1369 1353
4 1357 1371 1370 1355
4 1359 1372 1371 1357
4 1361 1373 1372 1359
4 1363 1374 1373 1361
4 1365 1375 1374 1363
4 1376 1377 570 569
4 1378 1379 1377 1376
4 1380 1381 1379 1378
4 1382 1383 1381 1380
4 1384 1385 1383 1382
4 1386 1387 1385 1384
4 1367 1388 1387 1386
4 1366 1389 1388 1367
4 1368 1390 1389 1366
4 1369 1391 1390 1368
4 1370 1392 1391 1369
4 1371 1393 1392 1370
4 1372 1394 1393 1371
4 1373 1395 1394 1372
4 1374 1396 1395 1373
4 1375 1397 1396 1374
4 1377 1398 586 570
4 1379 1399 1398 1377
4 1381 1400 1399 1379
4 1383 1401 1400 1381
4 1385 1402 1401 1383
4 1387 1403 1402 1385
4 1388 1404 1403 1387
4 1389 1405 1404 1388
4 1390 1406 1405 1389
4 1391 1407 1406 1390
4 1392 1408 1407 1391
4 1393 1409 1408 1392
4 1394 1410 1409 1393
4 1395 1411 1410 1394
4 1396 1412 1411 1395
4 1397 1413 1412 1396
4 1398 1414 602 586
4 1399 1415 1414 1398
4 1400 1416 1415 1399
4 1401 1417 1416 1400
4 1402 1418 1417 1401
4 1403 1419 1418 1402
4 1404 1420 1419 1403
4 1405 1421 1420 1404
4 1406 1422 1421 1405
4 1407 1423 1422 1406
4 1408 1424 1423 1407
4 1409 1425 1424 1408
4 1410 1426 1425 1409
4 1411 1427 1426 1410
4 1412 1428 1427 1411
4 1413 1429 1428 1412
4 1414 1430 618 602
4 1415 1431 1430 1414
4 1416 1432 1431 1415
4 1417 1433 1432 1416
4 1418 1434 1433 1417
4 1419 1435 1434 1418
4 1420 1436 1435 1419
4 1421 1437 1436 1420
4 1422 1438 1437 1421
4 1423 1439 1438 1422
4 1424 1440 1439 1423
4 1425 1441 1440 1424
4 1426 1442 1441 1425
4 1427 1443 1442 1426
4 1428 1444 1443 1427
4 1429 1445 1444 1428
4 1430 1446 634 618
4 1431 1447 1446 1430
4 1432 1448 1447 1431
4 1433 1449 1448 1432
4 1434 1450 1449 1433
4 1435 1451 1450 1434
4 1436 1452 1451 1435
4 1437 1453 1452 1436
4 1438 1454 1453 1437
4 1439 1455 1454 1438
4 1440 1456 1455 1439
4 1441 1457 1456 1440
4 1442 1458 1457 1441
4 1443 1459 1458 1442
4 1444 1460 1459 1443
4 1445 1461 1460 1444
4 1446 1462 650 634
4 1447 1463 1462 1446
4 1448 1464 1463 1447
4 1449 1465 1464 1448
4 1450 1466 1465 1449
4 1451 1467 1466 1450
4 1452 1468 1467 1451
4 1453 1469 1468 1452
4 1454 1470 1469 1453
4 1455 1471 1470 1454
4 1456 1472 1471 1455
4 1457 1473 1472 1456
4 1458 1474 1473 1457
4 1459 1475 1474 1458
4 1460 1476 1475 1459
4 1461 1477 1476 1460
4 1462 1478 666 650
4 1463 1479 1478 1462
4 1464 1480 1479 1463
4 1465 1481 1480 1464
4 1466 1482 1481 1465
4 1467 1483 1482 1466
4 1468 1484 1483 1467
4 1469 1485 1484 1468
4 1470 1486 1485 1469
4 1471 1487 1486 1470
4 1472 1488 1487 1471
4 1473 1489 1488 1472
4 1474 1490 1489 1473
4 1475 1491 1490 1474
4 1476 1492 1491 1475
4 1477 1493 1492 1476
4 1478 1494 682 666
4 1479 1495 1494 1478
4 1480 1496 1495 1479
4 1481 1497 1496 1480
4 1482 1498 1497 1481
4 1483 1499 1498 1482
4 1484 1500 1499 1483
4 1485 1501 1500 1484
4 1486 1502 1501 1485
4 1487 1503 1502 1486
4 1488 1504 1503 1487
4 1489 1505 1504 1488
4 1490 1506 1505 1489
4 1491 1507 1506 1490
4 1492 1508 1507 1491
4 1493 1509 1508 1492
4 1494 1510 698 682
4 1495 1511 1510 1494
4 1496 1512 1511 1495
4 1497 1513 1512 1496
4 1498 1514 1513 1497
4 1499 1515 1514 1498
4 1500 1516 1515 1499
4 1501 1517 1516 1500
4 1502 1518 1517 1501
4 1503 1519 1518 1502
4 1504 1520 1519 1503
4 1505 1521 1520 1504
4 1506 1522 1521 1505
4 1507 1523 1522 1506
4 1508 1524 1523 1507
4 1509 1525 1524 1508
4 1510 1526 714 698
4 1511 1527 1526 1510
4 1512 1528 1527 1511
4 1513 1529 1528 1512
4 1514 1530 1529 1513
4 1515 1531 1530 1514
4 1516 1532 1531 1515
4 1517 1533 1532 1516
4 1518 1534 1533 1517
4 1519 1535 1534 1518
4 1520 1536 1535 1519
4 1521 1537 1536 1520
4 1522 1538 1537 1521
4 1523 1539 1538 1522
4 1524 1540 1539 1523
4 1525 1541 1540 1524
4 1526 1542 730 714
4 1527 1543 1542 1526
4 1528 1544 1543 1527
4 1529 1545 1544 1528
4 1530 1546 1545 1529
4 1531 1547 1546 1530
4 1532 1548 1547 1531
4 1533 1549 1548 1532
4 1534 1550 1549 1533
4 1535 1551 1550 1534
4 1536 1552 1551 1535
4 1537 1553 1552 1536
4 1538 1554 1553 1537
4 1539 1555 1554 1538
4 1540 1556 1555 1539
4 1541 1557 1556 1540
4 779 1558 1559 780
4 1560 781 782 1561
4 1558 1562 1563 1559
4 1564 1560 1561 1565
4 1562 1566 1567 1563
4 1568 1564 1565 1569
4 1566 1570 1571 1567
4 1572 1568 1569 1573
4 1570 1574 1575 1571
4 1576 1572 1573 1577
4 1574 1578 1579 1575
4 1580 1576 1577 1581
4 1578 1582 1583 1579
4 1584 1580 1581 1585
4 1582 1584 1585 1583
4 780 1559 1586 811
4 1561 782 812 1587
4 1559 1563 1588 1586
4 1565 1561 1587 1589
4 1588 1589 1587 1586
4 1563 1567 1590 1588
4 1569 1565 1589 1591
4 1590 1591 1589 1588
4 1567 1571 1592 1590
4 1573 1569 1591 1593
4 1592 1593 1591 1590
4 1571 1575 1594 1592
4 1577 1573 1593 1595
4 1575 1579 1596 1594
4 1581 1577 1595 1597
4 1579 1583 1598 1596
4 1585 1581 1597 1599
4 1583 1585 1599 1598
4 811 1586 1600 839
4 1587 812 840 1601
4 1586 1587 1601 1600
4 1592 1594 1602 1603
4 1595 1593 1604 1605
4 1592 1603 1604 1593
4 1594 1596 1606 1602
4 1597 1595 1605 1607
4 1596 1598 1608 1606
4 1599 1597 1607 1609
4 1598 1610 1611 1608
4 1612 1599 1609 1613
4 1598 1599 1612 1610
4 1610 1614 1615 1611
4 1616 1612 1613 1617
4 1610 1612 1616 1614
4 1614 1618 1619 1615
4 1620 1616 1617 1621
4 1614 1616 1620 1618
4 1618 1620 1621 1619
4 839 1600 1622 871
4 1601 840 872 1623
4 1600 1601 1623 1622
4 1603 1602 1624 1625
4 1605 1604 1626 1627
4 1603 1625 1626 1604
4 1602 1606 1628 1624
4 1607 1605 1627 1629
4 1606 1608 1630 1628
4 1609 1607 1629 1631
4 1608 1611 1632 1630
4 1613 1609 1631 1633
4 1611 1615 1634 1632
4 1617 1613 1633 1635
4 1615 1619 1636 1634
4 1621 1617 1635 1637
4 1619 1621 1637 1636
4 871 1622 1638 901
4 1623 872 902 1639
4 1622 1623 1639 1638
4 1625 1624 1640 1641
4 1627 1626 1642 1643
4 1625 1641 1642 1626
4 1624 1628 1644 1640
4 1629 1627 1643 1645
4 1628 1630 1646 1644
4 1631 1629 1645 1647
4 1630 1632 1648 1646
4 1633 1631 1647 1649
4 1632 1634 1650 1648
4 1635 1633 1649 1651
4 1634 1636 1652 1650
4 1637 1635 1651 1653
4 1636 1654 1655 1652
4 1656 1637 1653 1657
4 1636 1637 1656 1654
4 1654 1656 1657 1655
4 901 1638 1658 931
4 1639 902 932 1659
4 1658 1659 932 931
4 1638 1660 1661 1658
4 1662 1639 1659 1663
4 1638 1639 1662 1660
4 1661 1663 1659 1658
4 1660 1664 1665 1661
4 1666 1662 1663 1667
4 1660 1662 1666 1664
4 1665 1667 1663 1661
4 1664 1641 1668 1665
4 1642 1666 1667 1669
4 1664 1666 1642 1641
4 1668 1669 1667 1665
4 1641 1640 1670 1668
4 1643 1642 1669 1671
4 1670 1671 1669 1668
4 1640 1644 1672 1670
4 1645 1643 1671 1673
4 1672 1673 1671 1670
4 1644 1646 1674 1672
4 1647 1645 1673 1675
4 1674 1675 1673 1672
4 1646 1648 1676 1674
4 1649 1647 1675 1677
4 1676 1677 1675 1674
4 1648 1650 1678 1676
4 1651 1649 1677 1679
4 1678 1679 1677 1676
4 1650 1652 1680 1678
4 1653 1651 1679 1681
4 1680 1681 1679 1678
4 1652 1655 1682 1680
4 1657 1653 1681 1683
4 1682 1683 1681 1680
4 1655 1657 1683 1682
4 978 1684 1685 979
4 978 980 1686 1684
4 1684 1687 1688 1685
4 1684 1686 1689 1687
4 1687 1690 1691 1688
4 1687 1689 1692 1690
4 1690 1693 1694 1691
4 1690 1692 1695 1693
4 1693 1696 1697 1694
4 1693 1695 1698 1696
4 1696 1699 1700 1697
4 1696 1698 1701 1699
4 1699 1702 1703 1700
4 1699 1701 1704 1702
4 1702 1705 1706 1703
4 1702 1704 1707 1705
4 1705 1708 1709 1706
4 1705 1707 1710 1708
4 1708 1711 1712 1709
4 1708 1710 1713 1711
4 1711 1714 1715 1712
4 1711 1713 1716 1714
4 1714 1717 1718 1715
4 1714 1716 1719 1717
4 1717 1720 1721 1718
4 1717 1719 1722 1720
4 1720 1723 1724 1721
4 1720 1722 1725 1723
4 1723 1726 1727 1724
4 1723 1725 1728 1726
4 1726 1729 1730 1727
4 1726 1728 1731 1729
4 980 996 1732 1686
4 1686 1732 1733 1689
4 1689 1733 1734 1692
4 1692 1734 1735 1695
4 1695 1735 1736 1698
4 1698 1736 1737 1701
4 1701 1737 1738 1704
4 1704 1738 1739 1707
4 1707 1739 1740 1710
4 1710 1740 1741 1713
4 1713 1741 1742 1716
4 1716 1742 1743 1719
4 1719 1743 1744 1722
4 1722 1744 1745 1725
4 1725 1745 1746 1728
4 1728 1746 1747 1731
4 996 1012 1748 1732
4 1732 1748 1749 1733
4 1733 1749 1750 1734
4 1734 1750 1751 1735
4 1735 1751 1752 1736
4 1736 1752 1753 1737
4 1737 1753 1754 1738
4 1738 1754 1755 1739
4 1739 1755 1756 1740
4 1740 1756 1757 1741
4 1741 1757 1758 1742
4 1742 1758 1759 1743
4 1743 1759 1760 1744
4 1744 1760 1761 1745
4 1745 1761 1762 1746
4 1746 1762 1763 1747
4 1012 1028 1764 1748
4 1748 1764 1765 1749
4 1749 1765 1766 1750
4 1750 1766 1767 1751
4 1751 1767 1768 1752
4 1752 1768 1769 1753
4 1753 1769 1770 1754
4 1754 1770 1771 1755
4 1755 1771 1772 1756
4 1756 1772 1773 1757
4 1757 1773 1774 1758
4 1758 1774 1775 1759
4 1759 1775 1776 1760
4 1760 1776 1777 1761
4 1761 1777 1778 1762
4 1762 1778 1779 1763
4 1028 1044 1780 1764
4 1764 1780 1781 1765
4 1765 1781 1782 1766
4 1766 1782 1783 1767
4 1767 1783 1784 1768
4 1768 1784 1785 1769
4 1769 1785 1786 1770
4 1770 1786 1787 1771
4 1771 1787 1788 1772
4 1772 1788 1789 1773
4 1773 1789 1790 1774
4 1774 1790 1791 1775
4 1775 1791 1792 1776
4 1776 1792 1793 1777
4 1777 1793 1794 1778
4 1778 1794 1795 1779
4 1044 1060 1796 1780
4 1780 1796 1797 1781
4 1781 1797 1798 1782
4 1782 1798 1799 1783
4 1783 1799 1800 1784
4 1784 1800 1801 1785
4 1785 1801 1802 1786
4 1786 1802 1803 1787
4 1787 1803 1804 1788
4 1788 1804 1805 1789
4 1789 1805 1806 1790
4 1790 1806 1807 1791
4 1791 1807 1808 1792
4 1792 1808 1809 1793
4 1793 1809 1810 1794
4 1794 1810 1811 1795
4 1060 1076 1812 1796
4 1796 1812 1813 1797
4 1797 1813 1814 1798
4 1798 1814 1815 1799
4 1799 1815 1816 1800
4 1800 1816 1817 1801
4 1801 1817 1818 1802
4 1802 1818 1819 1803
4 1803 1819 1820 1804
4 1804 1820 1821 1805
4 1805 1821 1822 1806
4 1806 1822 1823 1807
4 1807 1823 1824 1808
4 1808 1824 1825 1809
4 1809 1825 1826 1810
4 1810 1826 1827 1811
4 1076 1092 1828 1812
4 1812 1828 1829 1813
4 1813 1829 1830 1814
4 1814 1830 1831 1815
4 1815 1831 1832 1816
4 1816 1832 1833 1817
4 1817 1833 1834 1818
4 1818 1834 1835 1819
4 1819 1835 1836 1820
4 1820 1836 1837 1821
4 1821 1837 1838 1822
4 1822 1838 1839 1823
4 1823 1839 1840 1824
4 1824 1840 1841 1825
4 1825 1841 1842 1826
4 1826 1842 1843 1827
4 1092 1108 1844 1828
4 1828 1844 1845 1829
4 1829 1845 1846 1830
4 1830 1846 1847 1831
4 1831 1847 1848 1832
4 1832 1848 1849 1833
4 1833 1849 1850 1834
4 1834 1850 1851 1835
4 1835 1851 1852 1836
4 1836 1852 1853 1837
4 1837 1853 1854 1838
4 1838 1854 1855 1839
4 1839 1855 1856 1840
4 1840 1856 1857 1841
4 1841 1857 1858 1842
4 1842 1858 1859 1843
4 1108 1124 1860 1844
4 1844 1860 1861 1845
4 1845 1861 1862 1846
4 1846 1862 1863 1847
4 1847 1863 1864 1848
4 1848 1864 1865 1849
4 1849 1865 1866 1850
4 1850 1866 1867 1851
4 1851 1867 1868 1852
4 1852 1868 1869 1853
4 1853 1869 1870 1854
4 1854 1870 1871 1855
4 1855 1871 1872 1856
4 1856 1872 1873 1857
4 1857 1873 1874 1858
4 1858 1874 1875 1859
4 1124 1140 1876 1860
4 1860 1876 1877 1861
4 1861 1877 1878 1862
4 1862 1878 1879 1863
4 1863 1879 1880 1864
4 1864 1880 1881 1865
4 1865 1881 1882 1866
4 1866 1882 1883 1867
4 1867 1883 1884 1868
4 1868 1884 1885 1869
4 1869 1885 1886 1870
4 1870 1886 1887 1871
4 1871 1887 1888 1872
4 1872 1888 1889 1873
4 1873 1889 1890 1874
4 1874 1890 1891 1875
4 1140 1156 1892 1876
4 1876 1892 1893 1877
4 1877 1893 1894 1878
4 1878 1894 1895 1879
4 1879 1895 1896 1880
4 1880 1896 1897 1881
4 1881 1897 1898 1882
4 1882 1898 1899 1883
4 1883 1899 1900 1884
4 1884 1900 1901 1885
4 1885 1901 1902 1886
4 1886 1902 1903 1887
4 1887 1903 1904 1888
4 1888 1904 1905 1889
4 1889 1905 1906 1890
4 1890 1906 1907 1891
4 1156 1172 1908 1892
4 1892 1908 1909 1893
4 1893 1909 1910 1894
4 1894 1910 1911 1895
4 1895 1911 1912 1896
4 1896 1912 1913 1897
4 1897 1913 1914 1898
4 1898 1914 1915 1899
4 1899 1915 1916 1900
4 1900 1916 1917 1901
4 1901 1917 1918 1902
4 1902 1918 1919 1903
4 1903 1919 1920 1904
4 1904 1920 1921 1905
4 1905 1921 1922 1906
4 1906 1922 1923 1907
4 1172 1188 1924 1908
4 1908 1924 1925 1909
4 1909 1925 1926 1910
4 1910 1926 1927 1911
4 1911 1927 1928 1912
4 1912 1928 1929 1913
4 1913 1929 1930 1914
4 1914 1930 1931 1915
4 1915 1931 1932 1916
4 1916 1932 1933 1917
4 1917 1933 1934 1918
4 1918 1934 1935 1919
4 1919 1935 1936 1920
4 1920 1936 1937 1921
4 1921 1937 1938 1922
4 1922 1938 1939 1923
4 1220 1940 1941 1221
4 1220 979 1685 1940
4 1940 1942 1943 1941
4 1940 1685 1688 1942
4 1942 1944 1945 1943
4 1942 1688 1691 1944
4 1944 1946 1947 1945
4 1944 1691 1694 1946
4 1946 1948 1949 1947
4 1946 1694 1697 1948
4 1948 1950 1951 1949
4 1948 1697 1700 1950
4 1950 1952 1953 1951
4 1950 1700 1703 1952
4 1952 1954 1955 1953
4 1952 1703 1706 1954
4 1954 1956 1957 1955
4 1954 1706 1709 1956
4 1956 1958 1959 1957
4 1956 1709 1712 1958
4 1958 1960 1961 1959
4 1958 1712 1715 1960
4 1960 1962 1963 1961
4 1960 1715 1718 1962
4 1962 1964 1965 1963
4 1962 1718 1721 1964
4 1964 1966 1967 1965
4 1964 1721 1724 1966
4 1966 1968 1969 1967
4 1966 1724 1727 1968
4 1968 1970 1971 1969
4 1968 1727 1730 1970
4 1252 1972 1973 1253
4 1252 1221 1941 1972
4 1972 1974 1975 1973
4 1972 1941 1943 1974
4 1974 1976 1977 1975
4 1974 1943 1945 1976
4 1976 1978 1979 1977
4 1976 1945 1947 1978
4 1978 1980 1981 1979
4 1978 1947 1949 1980
4 1980 1982 1983 1981
4 1980 1949 1951 1982
4 1982 1984 1985 1983
4 1982 1951 1953 1984
4 1984 1986 1987 1985
4 1984 1953 1955 1986
4 1986 1988 1989 1987
4 1986 1955 1957 1988
4 1988 1990 1991 1989
4 1988 1957 1959 1990
4 1990 1992 1993 1991
4 1990 1959 1961 1992
4 1992 1994 1995 1993
4 1992 1961 1963 1994
4 1994 1996 1997 1995
4 1994 1963 1965 1996
4 1996 1998 1999 1997
4 1996 1965 1967 1998
4 1998 2000 2001 1999
4 1998 1967 1969 2000
4 2000 2002 2003 2001
4 2000 1969 1971 2002
4 1253 1973 2004 1284
4 2004 2005 1285 1284
4 1973 1975 2006 2004
4 2006 2007 2005 2004
4 1975 1977 2008 2006
4 2008 2009 2007 2006
4 1977 1979 2010 2008
4 2010 2011 2009 2008
4 1979 1981 2012 2010
4 2012 2013 2011 2010
4 1981 1983 2014 2012
4 2014 2015 2013 2012
4 1983 1985 2016 2014
4 2016 2017 2015 2014
4 1985 1987 2018 2016
4 2018 2019 2017 2016
4 1987 1989 2020 2018
4 2020 2021 2019 2018
4 1989 1991 2022 2020
4 2022 2023 2021 2020
4 1991 1993 2024 2022
4 2024 2025 2023 2022
4 1993 1995 2026 2024
4 2026 2027 2025 2024
4 1995 1997 2028 2026
4 2028 2029 2027 2026
4 1997 1999 2030 2028
4 2030 2031 2029 2028
4 1999 2001 2032 2030
4 2032 2033 2031 2030
4 2001 2003 2034 2032
4 2034 2035 2033 2032
4 2005 2036 1301 1285
4 2007 2037 2036 2005
4 2009 2038 2037 2007
4 2011 2039 2038 2009
4 2013 2040 2039 2011
4 2015 2041 2040 2013
4 2017 2042 2041 2015
4 2019 2043 2042 2017
4 2021 2044 2043 2019
4 2023 2045 2044 2021
4 2025 2046 2045 2023
4 2027 2047 2046 2025
4 2029 2048 2047 2027
4 2031 2049 2048 2029
4 2033 2050 2049 2031
4 2035 2051 2050 2033
4 1301 2036 2052 1332
4 2052 2053 1333 1332
4 2036 2037 2054 2052
4 2054 2055 2053 2052
4 2037 2038 2056 2054
4 2056 2057 2055 2054
4 2038 2039 2058 2056
4 2058 2059 2057 2056
4 2039 2040 2060 2058
4 2060 2061 2059 2058
4 2040 2041 2062 2060
4 2062 2063 2061 2060
4 2041 2042 2064 2062
4 2064 2065 2063 2062
4 2042 2043 2066 2064
4 2066 2067 2065 2064
4 2043 2044 2068 2066
4 2068 2069 2067 2066
4 2044 2045 2070 2068
4 2070 2071 2069 2068
4 2045 2046 2072 2070
4 2072 2073 2071 2070
4 2046 2047 2074 2072
4 2074 2075 2073 2072
4 2047 2048 2076 2074
4 2076 2077 2075 2074
4 2048 2049 2078 2076
4 2078 2079 2077 2076
4 2049 2050 2080 2078
4 2080 2081 2079 2078
4 2050 2051 2082 2080
4 2082 2083 2081 2080
4 1333 2053 2084 1364
4 2084 2085 1365 1364
4 2053 2055 2086 2084
4 2086 2087 2085 2084
4 2055 2057 2088 2086
4 2088 2089 2087 2086
4 2057 2059 2090 2088
4 2090 2091 2089 2088
4 2059 2061 2092 2090
4 2092 2093 2091 2090
4 2061 2063 2094 2092
4 2094 2095 2093 2092
4 2063 2065 2096 2094
4 2096 2097 2095 2094
4 2065 2067 2098 2096
4 2098 2099 2097 2096
4 2067 2069 2100 2098
4 2100 2101 2099 2098
4 2069 2071 2102 2100
4 2102 2103 2101 2100
4 2071 2073 2104 2102
4 2104 2105 2103 2102
4 2073 2075 2106 2104
4 2106 2107 2105 2104
4 2075 2077 2108 2106
4 2108 2109 2107 2106
4 2077 2079 2110 2108
4 2110 2111 2109 2108
4 2079 2081 2112 2110
4 2112 2113 2111 2110
4 2081 2083 2114 2112
4 2114 2115 2113 2112
4 2085 2116 1375 1365
4 2087 2117 2116 2085
4 2089 2118 2117 2087
4 2091 2119 2118 2089
4 2093 2120 2119 2091
4 2095 2121 2120 2093
4 2097 2122 2121 2095
4 2099 2123 2122 2097
4 2101 2124 2123 2099
4 2103 2125 2124 2101
4 2105 2126 2125 2103
4 2107 2127 2126 2105
4 2109 2128 2127 2107
4 2111 2129 2128 2109
4 2113 2130 2129 2111
4 2115 2131 2130 2113
4 2116 2132 1397 1375
4 2117 2133 2132 2116
4 2118 2134 2133 2117
4 2119 2135 2134 2118
4 2120 2136 2135 2119
4 2121 2137 2136 2120
4 2122 2138 2137 2121
4 2123 2139 2138 2122
4 2124 2140 2139 2123
4 2125 2141 2140 2124
4 2126 2142 2141 2125
4 2127 2143 2142 2126
4 2128 2144 2143 2127
4 2129 2145 2144 2128
4 2130 2146 2145 2129
4 2131 2147 2146 2130
4 2132 2148 1413 1397
4 2133 2149 2148 2132
4 2134 2150 2149 2133
4 2135 2151 2150 2134
4 2136 2152 2151 2135
4 2137 2153 2152 2136
4 2138 2154 2153 2137
4 2139 2155 2154 2138
4 2140 2156 2155 2139
4 2141 2157 2156 2140
4 2142 2158 2157 2141
4 2143 2159 2158 2142
4 2144 2160 2159 2143
4 2145 2161 2160 2144
4 2146 2162 2161 2145
4 2147 2163 2162 2146
4 2148 2164 1429 1413
4 2149 2165 2164 2148
4 2150 2166 2165 2149
4 2151 2167 2166 2150
4 2152 2168 2167 2151
4 2153 2169 2168 2152
4 2154 2170 2169 2153
4 2155 2171 2170 2154
4 2156 2172 2171 2155
4 2157 2173 2172 2156
4 2158 2174 2173 2157
4 2159 2175 2174 2158
4 2160 2176 2175 2159
4 2161 2177 2176 2160
4 2162 2178 2177 2161
4 2163 2179 2178 2162
4 2164 2180 1445 1429
4 2165 2181 2180 2164
4 2166 2182 2181 2165
4 2167 2183 2182 2166
4 2168 2184 2183 2167
4 2169 2185 2184 2168
4 2170 2186 2185 2169
4 2171 2187 2186 2170
4 2172 2188 2187 2171
4 2173 2189 2188 2172
4 2174 2190 2189 2173
4 2175 2191 2190 2174
4 2176 2192 2191 2175
4 2177 2193 2192 2176
4 2178 2194 2193 2177
4 2179 2195 2194 2178
4 2180 2196 1461 1445
4 2181 2197 2196 2180
4 2182 2198 2197 2181
4 2183 2199 2198 2182
4 2184 2200 2199 2183
4 2185 2201 2200 2184
4 2186 2202 2201 2185
4 2187 2203 2202 2186
4 2188 2204 2203 2187
4 2189 2205 2204 2188
4 2190 2206 2205 2189
4 2191 2207 2206 2190
4 2192 2208 2207 2191
4 2193 2209 2208 2192
4 2194 2210 2209 2193
4 2195 2211 2210 2194
4 2196 2212 1477 1461
4 2197 2213 2212 2196
4 2198 2214 2213 2197
4 2199 2215 2214 2198
4 2200 2216 2215 2199
4 2201 2217 2216 2200
4 2202 2218 2217 2201
4 2203 2219 2218 2202
4 2204 2220 2219 2203
4 2205 2221 2220 2204
4 2206 2222 2221 2205
4 2207 2223 2222 2206
4 2208 2224 2223 2207
4 2209 2225 2224 2208
4 2210 2226 2225 2209
4 2211 2227 2226 2210
4 2212 2228 1493 1477
4 2213 2229 2228 2212
4 2214 2230 2229 2213
4 2215 2231 2230 2214
4 2216 2232 2231 2215
4 2217 2233 2232 2216
4 2218 2234 2233 2217
4 2219 2235 2234 2218
4 2220 2236 2235 2219
4 2221 2237 2236 2220
4 2222 2238 2237 2221
4 2223 2239 2238 2222
4 2224 2240 2239 2223
4 2225 2241 2240 2224
4 2226 2242 2241 2225
4 2227 2243 2242 2226
4 2228 2244 1509 1493
4 2229 2245 2244 2228
4 2230 2246 2245 2229
4 2231 2247 2246 2230
4 2232 2248 2247 2231
4 2233 2249 2248 2232
4 2234 2250 2249 2233
4 2235 2251 2250 2234
4 2236 2252 2251 2235
4 2237 2253 2252 2236
4 2238 2254 2253 2237
4 2239 2255 2254 2238
4 2240 2256 2255 2239
4 2241 2257 2256 2240
4 2242 2258 2257 2241
4 2243 2259 2258 2242
4 2244 2260 1525 1509
4 2245 2261 2260 2244
4 2246 2262 2261 2245
4 2247 2263 2262 2246
4 2248 2264 2263 2247
4 2249 2265 2264 2248
4 2250 2266 2265 2249
4 2251 2267 2266 2250
4 2252 2268 2267 2251
4 2253 2269 2268 2252
4 2254 2270 2269 2253
4 2255 2271 2270 2254
4 2256 2272 2271 2255
4 2257 2273 2272 2256
4 2258 2274 2273 2257
4 2259 2275 2274 2258
4 2260 2276 1541 1525
4 2261 2277 2276 2260
4 2262 2278 2277 2261
4 2263 2279 2278 2262
4 2264 2280 2279 2263
4 2265 2281 2280 2264
4 2266 2282 2281 2265
4 2267 2283 2282 2266
4 2268 2284 2283 2267
4 2269 2285 2284 2268
4 2270 2286 2285 2269
4 2271 2287 2286 2270
4 2272 2288 2287 2271
4 2273 2289 2288 2272
4 2274 2290 2289 2273
4 2275 2291 2290 2274
4 2276 2292 1557 1541
4 2277 2293 2292 2276
4 2278 2294 2293 2277
4 2279 2295 2294 2278
4 2280 2296 2295 2279
4 2281 2297 2296 2280
4 2282 2298 2297 2281
4 2283 2299 2298 2282
4 2284 2300 2299 2283
4 2285 2301 2300 2284
4 2286 2302 2301 2285
4 2287 2303 2302 2286
4 2288 2304 2303 2287
4 2289 2305 2304 2288
4 2290 2306 2305 2289
4 2291 2307 2306 2290
4 1729 2308 2309 1730
4 1729 1731 2310 2308
4 2308 2311 2312 2309
4 2308 2310 2313 2311
4 2311 2314 2315 2312
4 2311 2313 2316 2314
4 2314 2317 2318 2315
4 2314 2316 2319 2317
4 2317 2320 2321 2318
4 2317 2319 2322 2320
4 2320 2323 2324 2321
4 2320 2322 2325 2323
4 2323 2326 2327 2324
4 2323 2325 2328 2326
4 2326 2329 2330 2327
4 2326 2328 2331 2329
4 2329 2332 2333 2330
4 2329 2331 2334 2332
4 2332 2335 2336 2333
4 2332 2334 2337 2335
4 2335 2338 2339 2336
4 2335 2337 2340 2338
4 2338 2341 2342 2339
4 2338 2340 2343 2341
4 2341 2344 2345 2342
4 2341 2343 2346 2344
4 2344 2347 2348 2345
4 2344 2346 2349 2347
4 2347 2350 2351 2348
4 2347 2349 2352 2350
4 2350 2353 2354 2351
4 2350 2352 2355 2353
4 1731 1747 2356 2310
4 2310 2356 2357 2313
4 2313 2357 2358 2316
4 2316 2358 2359 2319
4 2319 2359 2360 2322
4 2322 2360 2361 2325
4 2325 2361 2362 2328
4 2328 2362 2363 2331
4 2331 2363 2364 2334
4 2334 2364 2365 2337
4 2337 2365 2366 2340
4 2340 2366 2367 2343
4 2343 2367 2368 2346
4 2346 2368 2369 2349
4 2349 2369 2370 2352
4 2352 2370 2371 2355
4 1747 1763 2372 2356
4 2356 2372 2373 2357
4 2357 2373 2374 2358
4 2358 2374 2375 2359
4 2359 2375 2376 2360
4 2360 2376 2377 2361
4 2361 2377 2378 2362
4 2362 2378 2379 2363
4 2363 2379 2380 2364
4 2364 2380 2381 2365
4 2365 2381 2382 2366
4 2366 2382 2383 2367
4 2367 2383 2384 2368
4 2368 2384 2385 2369
4 2369 2385 2386 2370
4 2370 2386 2387 2371
4 1763 1779 2388 2372
4 2372 2388 2389 2373
4 2373 2389 2390 2374
4 2374 2390 2391 2375
4 2375 2391 2392 2376
4 2376 2392 2393 2377
4 2377 2393 2394 2378
4 2378 2394 2395 2379
4 2379 2395 2396 2380
4 2380 2396 2397 2381
4 2381 2397 2398 2382
4 2382 2398 2399 2383
4 2383 2399 2400 2384
4 2384 2400 2401 2385
4 2385 2401 2402 2386
4 2386 2402 2403 2387
4 1779 1795 2404 2388
4 2388 2404 2405 2389
4 2389 2405 2406 2390
4 2390 2406 2407 2391
4 2391 2407 2408 2392
4 2392 2408 2409 2393
4 2393 2409 2410 2394
4 2394 2410 2411 2395
4 2395 2411 2412 2396
4 2396 2412 2413 2397
4 2397 2413 2414 2398
4 2398 2414 2415 2399
4 2399 2415 2416 2400
4 2400 2416 2417 2401
4 2401 2417 2418 2402
4 2402 2418 2419 2403
4 1795 1811 2420 2404
4 2404 2420 2421 2405
4 2405 2421 2422 2406
4 2406 2422 2423 2407
4 2407 2423 2424 2408
4 2408 2424 2425 2409
4 2409 2425 2426 2410
4 2410 2426 2427 2411
4 2411 2427 2428 2412
4 2412 2428 2429 2413
4 2413 2429 2430 2414
4 2414 2430 2431 2415
4 2415 2431 2432 2416
4 2416 2432 2433 2417
4 2417 2433 2434 2418
4 2418 2434 2435 2419
4 1811 1827 2436 2420
4 2420 2436 2437 2421
4 2421 2437 2438 2422
4 2422 2438 2439 2423
4 2423 2439 2440 2424
4 2424 2440 2441 2425
4 2425 2441 2442 2426
4 2426 2442 2443 2427
4 2427 2443 2444 2428
4 2428 2444 2445 2429
4 2429 2445 2446 2430
4 2430 2446 2447 2431
4 2431 2447 2448 2432
4 2432 2448 2449 2433
4 2433 2449 2450 2434
4 2434 2450 2451 2435
4 1827 1843 2452 2436
4 2436 2452 2453 2437
4 2437 2453 2454 2438
4 2438 2454 2455 2439
4 2439 2455 2456 2440
4 2440 2456 2457 2441
4 2441 2457 2458 2442
4 2442 2458 2459 2443
4 2443 2459 2460 2444
4 2444 2460 2461 2445
4 2445 2461 2462 2446
4 2446 2462 2463 2447
4 2447 2463 2464 2448
4 2448 2464 2465 2449
4 2449 2465 2466 2450
4 2450 2466 2467 2451
4 1843 1859 2468 2452
4 2452 2468 2469 2453
4 2453 2469 2470 2454
4 2454 2470 2471 2455
4 2455 2471 2472 2456
4 2456 2472 2473 2457
4 2457 2473 2474 2458
4 2458 2474 2475 2459
4 2459 2475 2476 2460
4 2460 2476 2477 2461
4 2461 2477 2478 2462
4 2462 2478 2479 2463
4 2463 2479 2480 2464
4 2464 2480 2481 2465
4 2465 2481 2482 2466
4 2466 2482 2483 2467
4 1859 1875 2484 2468
4 2468 2484 2485 2469
4 2469 2485 2486 2470
4 2470 2486 2487 2471
4 2471 2487 2488 2472
4 2472 2488 2489 2473
4 2473 2489 2490 2474
4 2474 2490 2491 2475
4 2475 2491 2492 2476
4 2476 2492 2493 2477
4 2477 2493 2494 2478
4 2478 2494 2495 2479
4 2479 2495 2496 2480
4 2480 2496 2497 2481
4 2481 2497 2498 2482
4 2482 2498 2499 2483
4 1875 1891 2500 2484
4 2484 2500 2501 2485
4 2485 2501 2502 2486
4 2486 2502 2503 2487
4 2487 2503 2504 2488
4 2488 2504 2505 2489
4 2489 2505 2506 2490
4 2490 2506 2507 2491
4 2491 2507 2508 2492
4 2492 2508 2509 2493
4 2493 2509 2510 2494
4 2494 2510 2511 2495
4 2495 2511 2512 2496
4 2496 2512 2513 2497
4 2497 2513 2514 2498
4 2498 2514 2515 2499
4 1891 1907 2516 2500
4 2500 2516 2517 2501
4 2501 2517 2518 2502
4 2502 2518 2519 2503
4 2503 2519 2520 2504
4 2504 2520 2521 2505
4 2505 2521 2522 2506
4 2506 2522 2523 2507
4 2507 2523 2524 2508
4 2508 2524 2525 2509
4 2509 2525 2526 2510
4 2510 2526 2527 2511
4 2511 2527 2528 2512
4 2512 2528 2529 2513
4 2513 2529 2530 2514
4 2514 2530 2531 2515
4 1907 1923 2532 2516
4 2516 2532 2533 2517
4 2517 2533 2534 2518
4 2518 2534 2535 2519
4 2519 2535 2536 2520
4 2520 2536 2537 2521
4 2521 2537 2538 2522
4 2522 2538 2539 2523
4 2523 2539 2540 2524
4 2524 2540 2541 2525
4 2525 2541 2542 2526
4 2526 2542 2543 2527
4 2527 2543 2544 2528
4 2528 2544 2545 2529
4 2529 2545 2546 2530
4 2530 2546 2547 2531
4 1923 1939 2548 2532
4 2532 2548 2549 2533
4 2533 2549 2550 2534
4 2534 2550 2551 2535
4 2535 2551 2552 2536
4 2536 2552 2553 2537
4 2537 2553 2554 2538
4 2538 2554 2555 2539
4 2539 2555 2556 2540
4 2540 2556 2557 2541
4 2541 2557 2558 2542
4 2542 2558 2559 2543
4 2543 2559 2560 2544
4 2544 2560 2561 2545
4 2545 2561 2562 2546
4 2546 2562 2563 2547
4 1970 2564 2565 1971
4 1970 1730 2309 2564
4 2564 2566 2567 2565
4 2564 2309 2312 2566
4 2566 2568 2569 2567
4 2566 2312 2315 2568
4 2568 2570 2571 2569
4 2568 2315 2318 2570
4 2570 2572 2573 2571
4 2570 2318 2321 2572
4 2572 2574 2575 2573
4 2572 2321 2324 2574
4 2574 2576 2577 2575
4 2574 2324 2327 2576
4 2576 2578 2579 2577
4 2576 2327 2330 2578
4 2578 2580 2581 2579
4 2578 2330 2333 2580
4 2580 2582 2583 2581
4 2580 2333 2336 2582
4 2582 2584 2585 2583
4 2582 2336 2339 2584
4 2584 2586 2587 2585
4 2584 2339 2342 2586
4 2586 2588 2589 2587
4 2586 2342 2345 2588
4 2588 2590 2591 2589
4 2588 2345 2348 2590
4 2590 2592 2593 2591
4 2590 2348 2351 2592
4 2592 2594 2595 2593
4 2592 2351 2354 2594
4 2002 2596 2597 2003
4 2002 1971 2565 2596
4 2596 2598 2599 2597
4 2596 2565 2567 2598
4 2598 2600 2601 2599
4 2598 2567 2569 2600
4 2600 2602 2603 2601
4 2600 2569 2571 2602
4 2602 2604 2605 2603
4 2602 2571 2573 2604
4 2604 2606 2607 2605
4 2604 2573 2575 2606
4 2606 2608 2609 2607
4 2606 2575 2577 2608
4 2608 2610 2611 2609
4 2608 2577 2579 2610
4 2610 2612 2613 2611
4 2610 2579 2581 2612
4 2612 2614 2615 2613
4 2612 2581 2583 2614
4 2614 2616 2617 2615
4 2614 2583 2585 2616
4 2616 2618 2619 2617
4 2616 2585 2587 2618
4 2618 2620 2621 2619
4 2618 2587 2589 2620
4 2620 2622 2623 2621
4 2620 2589 2591 2622
4 2622 2624 2625 2623
4 2622 2591 2593 2624
4 2624 2626 2627 2625
4 2624 2593 2595 2626
4 2003 2597 2628 2034
4 2628 2629 2035 2034
4 2597 2599 2630 2628
4 2630 2631 2629 2628
4 2599 2601 2632 2630
4 2632 2633 2631 2630
4 2601 2603 2634 2632
4 2634 2635 2633 2632
4 2603 2605 2636 2634
4 2636 2637 2635 2634
4 2605 2607 2638 2636
4 2638 2639 2637 2636
4 2607 2609 2640 2638
4 2640 2641 2639 2638
4 2609 2611 2642 2640
4 2642 2643 2641 2640
4 2611 2613 2644 2642
4 2644 2645 2643 2642
4 2613 2615 2646 2644
4 2646 2647 2645 2644
4 2615 2617 2648 2646
4 2648 2649 2647 2646
4 2617 2619 2650 2648
4 2650 2651 2649 2648
4 2619 2621 2652 2650
4 2652 2653 2651 2650
4 2621 2623 2654 2652
4 2654 2655 2653 2652
4 2623 2625 2656 2654
4 2656 2657 2655 2654
4 2625 2627 2658 2656
4 2658 2659 2657 2656
4 2629 2660 2051 2035
4 2631 2661 2660 2629
4 2633 2662 2661 2631
4 2635 2663 2662 2633
4 2637 2664 2663 2635
4 2639 2665 2664 2637
4 2641 2666 2665 2639
4 2643 2667 2666 2641
4 2645 2668 2667 2643
4 2647 2669 2668 2645
4 2649 2670 2669 2647
4 2651 2671 2670 2649
4 2653 2672 2671 2651
4 2655 2673 2672 2653
4 2657 2674 2673 2655
4 2659 2675 2674 2657
4 2051 2660 2676 2082
4 2676 2677 2083 2082
4 2660 2661 2678 2676
4 2678 2679 2677 2676
4 2661 2662 2680 2678
4 2680 2681 2679 2678
4 2662 2663 2682 2680
4 2682 2683 2681 2680
4 2663 2664 2684 2682
4 2684 2685 2683 2682
4 2664 2665 2686 2684
4 2686 2687 2685 2684
4 2665 2666 2688 2686
4 2688 2689 2687 2686
4 2666 2667 2690 2688
4 2690 2691 2689 2688
4 2667 2668 2692 2690
4 2692 2693 2691 2690
4 2668 2669 2694 2692
4 2694 2695 2693 2692
4 2669 2670 2696 2694
4 2696 2697 2695 2694
4 2670 2671 2698 2696
4 2698 2699 2697 2696
4 2671 2672 2700 2698
4 2700 2701 2699 2698
4 2672 2673 2702 2700
4 2702 2703 2701 2700
4 2673 2674 2704 2702
4 2704 2705 2703 2702
4 2674 2675 2706 2704
4 2706 2707 2705 2704
4 2083 2677 2708 2114
4 2708 2709 2115 2114
4 2677 2679 2710 2708
4 2710 2711 2709 2708
4 2679 2681 2712 2710
4 2712 2713 2711 2710
4 2681 2683 2714 2712
4 2714 2715 2713 2712
4 2683 2685 2716 2714
4 2716 2717 2715 2714
4 2685 2687 2718 2716
4 2718 2719 2717 2716
4 2687 2689 2720 2718
4 2720 2721 2719 2718
4 2689 2691 2722 2720
4 2722 2723 2721 2720
4 2691 2693 2724 2722
4 2724 2725 2723 2722
4 2693 2695 2726 2724
4 2726 2727 2725 2724
4 2695 2697 2728 2726
4 2728 2729 2727 2726
4 2697 2699 2730 2728
4 2730 2731 2729 2728
4 2699 2701 2732 2730
4 2732 2733 2731 2730
4 2701 2703 2734 2732
4 2734 2735 2733 2732
4 2703 2705 2736 2734
4 2736 2737 2735 2734
4 2705 2707 2738 2736
4 2738 2739 2737 2736
4 2709 2740 2131 2115
4 2711 2741 2740 2709
4 2713 2742 2741 2711
4 2715 2743 2742 2713
4 2717 2744 2743 2715
4 2719 2745 2744 2717
4 2721 2746 2745 2719
4 2723 2747 2746 2721
4 2725 2748 2747 2723
4 2727 2749 2748 2725
4 2729 2750 2749 2727
4 2731 2751 2750 2729
4 2733 2752 2751 2731
4 2735 2753 2752 2733
4 2737 2754 2753 2735
4 2739 2755 2754 2737
4 2740 2756 2147 2131
4 2741 2757 2756 2740
4 2742 2758 2757 2741
4 2743 2759 2758 2742
4 2744 2760 2759 2743
4 2745 2761 2760 2744
4 2746 2762 2761 2745
4 2747 2763 2762 2746
4 2748 2764 2763 2747
4 2749 2765 2764 2748
4 2750 2766 2765 2749
4 2751 2767 2766 2750
4 2752 2768 2767 2751
4 2753 2769 2768 2752
4 2754 2770 2769 2753
4 2755 2771 2770 2754
4 2756 2772 2163 2147
4 2757 2773 2772 2756
4 2758 2774 2773 2757
4 2759 2775 2774 2758
4 2760 2776 2775 2759
4 2761 2777 2776 2760
4 2762 2778 2777 2761
4 2763 2779 2778 2762
4 2764 2780 2779 2763
4 2765 2781 2780 2764
4 2766 2782 2781 2765
4 2767 2783 2782 2766
4 2768 2784 2783 2767
4 2769 2785 2784 2768
4 2770 2786 2785 2769
4 2771 2787 2786 2770
4 2772 2788 2179 2163
4 2773 2789 2788 2772
4 2774 2790 2789 2773
4 2775 2791 2790 2774
4 2776 2792 2791 2775
4 2777 2793 2792 2776
4 2778 2794 2793 2777
4 2779 2795 2794 2778
4 2780 2796 2795 2779
4 2781 2797 2796 2780
4 2782 2798 2797 2781
4 2783 2799 2798 2782
4 2784 2800 2799 2783
4 2785 2801 2800 2784
4 2786 2802 2801 2785
4 2787 2803 2802 2786
4 2788 2804 2195 2179
4 2789 2805 2804 2788
4 2790 2806 2805 2789
4 2791 2807 2806 2790
4 2792 2808 2807 2791
4 2793 2809 2808 2792
4 2794 2810 2809 2793
4 2795 2811 2810 2794
4 2796 2812 2811 2795
4 2797 2813 2812 2796
4 2798 2814 2813 2797
4 2799 2815 2814 2798
4 2800 2816 2815 2799
4 2801 2817 2816 2800
4 2802 2818 2817 2801
4 2803 2819 2818 2802
4 2804 2820 2211 2195
4 2805 2821 2820 2804
4 2806 2822 2821 2805
4 2807 2823 2822 2806
4 2808 2824 2823 2807
4 2809 2825 2824 2808
4 2810 2826 2825 2809
4 2811 2827 2826 2810
4 2812 2828 2827 2811
4 2813 2829 2828 2812
4 2814 2830 2829 2813
4 2815 2831 2830 2814
4 2816 2832 2831 2815
4 2817 2833 2832 2816
4 2818 2834 2833 2817
4 2819 2835 2834 2818
4 2820 2836 2227 2211
4 2821 2837 2836 2820
4 2822 2838 2837 2821
4 2823 2839 2838 2822
4 2824 2840 2839 2823
4 2825 2841 2840 2824
4 2826 2842 2841 2825
4 2827 2843 2842 2826
4 2828 2844 2843 2827
4 2829 2845 2844 2828
4 2830 2846 2845 2829
4 2831 2847 2846 2830
4 2832 2848 2847 2831
4 2833 2849 2848 2832
4 2834 2850 2849 2833
4 2835 2851 2850 2834
4 2836 2852 2243 2227
4 2837 2853 2852 2836
4 2838 2854 2853 2837
4 2839 2855 2854 2838
4 2840 2856 2855 2839
4 2841 2857 2856 2840
4 2842 2858 2857 2841
4 2843 2859 2858 2842
4 2844 2860 2859 2843
4 2845 2861 2860 2844
4 2846 2862 2861 2845
4 2847 2863 2862 2846
4 2848 2864 2863 2847
4 2849 2865 2864 2848
4 2850 2866 2865 2849
4 2851 2867 2866 2850
4 2852 2868 2259 2243
4 2853 2869 2868 2852
4 2854 2870 2869 2853
4 2855 2871 2870 2854
4 2856 2872 2871 2855
4 2857 2873 2872 2856
4 2858 2874 2873 2857
4 2859 2875 2874 2858
4 2860 2876 2875 2859
4 2861 2877 2876 2860
4 2862 2878 2877 2861
4 2863 2879 2878 2862
4 2864 2880 2879 2863
4 2865 2881 2880 2864
4 2866 2882 2881 2865
4 2867 2883 2882 2866
4 2868 2884 2275 2259
4 2869 2885 2884 2868
4 2870 2886 2885 2869
4 2871 2887 2886 2870
4 2872 2888 2887 2871
4 2873 2889 2888 2872
4 2874 2890 2889 2873
4 2875 2891 2890 2874
4 2876 2892 2891 2875
4 2877 2893 2892 2876
4 2878 2894 2893 2877
4 2879 2895 2894 2878
4 2880 2896 2895 2879
4 2881 2897 2896 2880
4 2882 2898 2897 2881
4 2883 2899 2898 2882
4 2884 2900 2291 2275
4 2885 2901 2900 2884
4 2886 2902 2901 2885
4 2887 2903 2902 2886
4 2888 2904 2903 2887
4 2889 2905 2904 2888
4 2890 2906 2905 2889
4 2891 2907 2906 2890
4 2892 2908 2907 2891
4 2893 2909 2908 2892
4 2894 2910 2909 2893
4 2895 2911 2910 2894
4 2896 2912 2911 2895
4 2897 2913 2912 2896
4 2898 2914 2913 2897
4 2899 2915 2914 2898
4 2900 2916 2307 2291
4 2901 2917 2916 2900
4 2902 2918 2917 2901
4 2903 2919 2918 2902
4 2904 2920 2919 2903
4 2905 2921 2920 2904
4 2906 2922 2921 2905
4 2907 2923 2922 2906
4 2908 2924 2923 2907
4 2909 2925 2924 2908
4 2910 2926 2925 2909
4 2911 2927 2926 2910
4 2912 2928 2927 2911
4 2913 2929 2928 2912
4 2914 2930 2929 2913
4 2915 2931 2930 2914
4 2353 2932 2933 2354
4 2353 2355 2934 2932
4 2932 2935 2936 2933
4 2932 2934 2937 2935
4 2935 2938 2939 2936
4 2935 2937 2940 2938
4 2938 2941 2942 2939
4 2938 2940 2943 2941
4 2941 2944 2945 2942
4 2941 2943 2946 2944
4 2944 2947 2948 2945
4 2944 2946 2949 2947
4 2947 2950 2951 2948
4 2947 2949 2952 2950
4 2950 2953 2954 2951
4 2950 2952 2955 2953
4 2953 2956 2957 2954
4 2953 2955 2958 2956
4 2956 2959 2960 2957
4 2956 2958 2961 2959
4 2959 2962 2963 2960
4 2959 2961 2964 2962
4 2962 2965 2966 2963
4 2962 2964 2967 2965
4 2965 2968 2969 2966
4 2965 2967 2970 2968
4 2968 2971 2972 2969
4 2968 2970 2973 2971
4 2971 2974 2975 2972
4 2971 2973 2976 2974
4 2974 2977 2978 2975
4 2974 2976 2979 2977
4 2355 2371 2980 2934
4 2934 2980 2981 2937
4 2937 2981 2982 2940
4 2940 2982 2983 2943
4 2943 2983 2984 2946
4 2946 2984 2985 2949
4 2949 2985 2986 2952
4 2952 2986 2987 2955
4 2955 2987 2988 2958
4 2958 2988 2989 2961
4 2961 2989 2990 2964
4 2964 2990 2991 2967
4 2967 2991 2992 2970
4 2970 2992 2993 2973
4 2973 2993 2994 2976
4 2976 2994 2995 2979
4 2371 2387 2996 2980
4 2980 2996 2997 2981
4 2981 2997 2998 2982
4 2982 2998 2999 2983
4 2983 2999 3000 2984
4 2984 3000 3001 2985
4 2985 3001 3002 2986
4 2986 3002 3003 2987
4 2987 3003 3004 2988
4 2988 3004 3005 2989
4 2989 3005 3006 2990
4 2990 3006 3007 2991
4 2991 3007 3008 2992
4 2992 3008 3009 2993
4 2993 3009 3010 2994
4 2994 3010 3011 2995
4 2387 2403 3012 2996
4 2996 3012 3013 2997
4 2997 3013 3014 2998
4 2998 3014 3015 2999
4 2999 3015 3016 3000
4 3000 3016 3017 3001
4 3001 3017 3018 3002
4 3002 3018 3019 3003
4 3003 3019 3020 3004
4 3004 3020 3021 3005
4 3005 3021 3022 3006
4 3006 3022 3023 3007
4 3007 3023 3024 3008
4 3008 3024 3025 3009
4 3009 3025 3026 3010
4 3010 3026 3027 3011
4 2403 2419 3028 3012
4 3012 3028 3029 3013
4 3013 3029 3030 3014
4 3014 3030 3031 3015
4 3015 3031 3032 3016
4 3016 3032 3033 3017
4 3017 3033 3034 3018
4 3018 3034 3035 3019
4 3019 3035 3036 3020
4 3020 3036 3037 3021
4 3021 3037 3038 3022
4 3022 3038 3039 3023
4 3023 3039 3040 3024
4 3024 3040 3041 3025
4 3025 3041 3042 3026
4 3026 3042 3043 3027
4 2419 2435 3044 3028
4 3028 3044 3045 3029
4 3029 3045 3046 3030
4 3030 3046 3047 3031
4 3031 3047 3048 3032
4 3032 3048 3049 3033
4 3033 3049 3050 3034
4 3034 3050 3051 3035
4 3035 3051 3052 3036
4 3036 3052 3053 3037
4 3037 3053 3054 3038
4 3038 3054 3055 3039
4 3039 3055 3056 3040
4 3040 3056 3057 3041
4 3041 3057 3058 3042
4 3042 3058 3059 3043
4 2435 2451 3060 3044
4 3044 3060 3061 3045
4 3045 3061 3062 3046
4 3046 3062 3063 3047
4 3047 3063 3064 3048
4 3048 3064 3065 3049
4 3049 3065 3066 3050
4 3050 3066 3067 3051
4 3051 3067 3068 3052
4 3052 3068 3069 3053
4 3053 3069 3070 3054
4 3054 3070 3071 3055
4 3055 3071 3072 3056
4 3056 3072 3073 3057
4 3057 3073 3074 3058
4 3058 3074 3075 3059
4 2451 2467 3076 3060
4 3060 3076 3077 3061
4 3061 3077 3078 3062
4 3062 3078 3079 3063
4 3063 3079 3080 3064
4 3064 3080 3081 3065
4 3065 3081 3082 3066
4 3066 3082 3083 3067
4 3067 3083 3084 3068
4 3068 3084 3085 3069
4 3069 3085 3086 3070
4 3070 3086 3087 3071
4 3071 3087 3088 3072
4 3072 3088 3089 3073
4 3073 3089 3090 3074
4 3074 3090 3091 3075
4 2467 2483 3092 3076
4 3076 3092 3093 3077
4 3077 3093 3094 3078
4 3078 3094 3095 3079
4 3079 3095 3096 3080
4 3080 3096 3097 3081
4 3081 3097 3098 3082
4 3082 3098 3099 3083
4 3083 3099 3100 3084
4 3084 3100 3101 3085
4 3085 3101 3102 3086
4 3086 3102 3103 3087
4 3087 3103 3104 3088
4 3088 3104 3105 3089
4 3089 3105 3106 3090
4 3090 3106 3107 3091
4 2483 2499 3108 3092
4 3092 3108 3109 3093
4 3093 3109 3110 3094
4 3094 3110 3111 3095
4 3095 3111 3112 3096
4 3096 3112 3113 3097
4 3097 3113 3114 3098
4 3098 3114 3115 3099
4 3099 3115 3116 3100
4 3100 3116 3117 3101
4 3101 3117 3118 3102
4 3102 3118 3119 3103
4 3103 3119 3120 3104
4 3104 3120 3121 3105
4 3105 3121 3122 3106
4 3106 3122 3123 3107
4 2499 2515 3124 3108
4 3108 3124 3125 3109
4 3109 3125 3126 3110
4 3110 3126 3127 3111
4 3111 3127 3128 3112
4 3112 3128 3129 3113
4 3113 3129 3130 3114
4 3114 3130 3131 3115
4 3115 3131 3132 3116
4 3116 3132 3133 3117
4 3117 3133 3134 3118
4 3118 3134 3135 3119
4 3119 3135 3136 3120
4 3120 3136 3137 3121
4 3121 3137 3138 3122
4 3122 3138 3139 3123
4 2515 2531 3140 3124
4 3124 3140 3141 3125
4 3125 3141 3142 3126
4 3126 3142 3143 3127
4 3127 3143 3144 3128
4 3128 3144 3145 3129
4 3129 3145 3146 3130
4 3130 3146 3147 3131
4 3131 3147 3148 3132
4 3132 3148 3149 3133
4 3133 3149 3150 3134
4 3134 3150 3151 3135
4 3135 3151 3152 3136
4 3136 3152 3153 3137
4 3137 3153 3154 3138
4 3138 3154 3155 3139
4 2531 2547 3156 3140
4 3140 3156 3157 3141
4 3141 3157 3158 3142
4 3142 3158 3159 3143
4 3143 3159 3160 3144
4 3144 3160 3161 3145
4 3145 3161 3162 3146
4 3146 3162 3163 3147
4 3147 3163 3164 3148
4 3148 3164 3165 3149
4 3149 3165 3166 3150
4 3150 3166 3167 3151
4 3151 3167 3168 3152
4 3152 3168 3169 3153
4 3153 3169 3170 3154
4 3154 3170 3171 3155
4 2547 2563 3172 3156
4 3156 3172 3173 3157
4 3157 3173 3174 3158
4 3158 3174 3175 3159
4 3159 3175 3176 3160
4 3160 3176 3177 3161
4 3161 3177 3178 3162
4 3162 3178 3179 3163
4 3163 3179 3180 3164
4 3164 3180 3181 3165
4 3165 3181 3182 3166
4 3166 3182 3183 3167
4 3167 3183 3184 3168
4 3168 3184 3185 3169
4 3169 3185 3186 3170
4 3170 3186 3187 3171
4 2594 3188 3189 2595
4 2594 2354 2933 3188
4 3188 3190 3191 3189
4 3188 2933 2936 3190
4 3190 3192 3193 3191
4 3190 2936 2939 3192
4 3192 3194 3195 3193
4 3192 2939 2942 3194
4 3194 3196 3197 3195
4 3194 2942 2945 3196
4 3196 3198 3199 3197
4 3196 2945 2948 3198
4 3198 3200 3201 3199
4 3198 2948 2951 3200
4 3200 3202 3203 3201
4 3200 2951 2954 3202
4 3202 3204 3205 3203
4 3202 2954 2957 3204
4 3204 3206 3207 3205
4 3204 2957 2960 3206
4 3206 3208 3209 3207
4 3206 2960 2963 3208
4 3208 3210 3211 3209
4 3208 2963 2966 3210
4 3210 3212 3213 3211
4 3210 2966 2969 3212
4 3212 3214 3215 3213
4 3212 2969 2972 3214
4 3214 3216 3217 3215
4 3214 2972 2975 3216
4 3216 3218 3219 3217
4 3216 2975 2978 3218
4 2626 3220 3221 2627
4 2626 2595 3189 3220
4 3220 3222 3223 3221
4 3220 3189 3191 3222
4 3222 3224 3225 3223
4 3222 3191 3193 3224
4 3224 3226 3227 3225
4 3224 3193 3195 3226
4 3226 3228 3229 3227
4 3226 3195 3197 3228
4 3228 3230 3231 3229
4 3228 3197 3199 3230
4 3230 3232 3233 3231
4 3230 3199 3201 3232
4 3232 3234 3235 3233
4 3232 3201 3203 3234
4 3234 3236 3237 3235
4 3234 3203 3205 3236
4 3236 3238 3239 3237
4 3236 3205 3207 3238
4 3238 3240 3241 3239
4 3238 3207 3209 3240
4 3240 3242 3243 3241
4 3240 3209 3211 3242
4 3242 3244 3245 3243
4 3242 3211 3213 3244
4 3244 3246 3247 3245
4 3244 3213 3215 3246
4 3246 3248 3249 3247
4 3246 3215 3217 3248
4 3248 3250 3251 3249
4 3248 3217 3219 3250
4 2627 3221 3252 2658
4 3252 3253 2659 2658
4 3221 3223 3254 3252
4 3254 3255 3253 3252
4 3223 3225 3256 3254
4 3256 3257 3255 3254
4 3225 3227 3258 3256
4 3258 3259 3257 3256
4 3227 3229 3260 3258
4 3260 3261 3259 3258
4 3229 3231 3262 3260
4 3262 3263 3261 3260
4 3231 3233 3264 3262
4 3264 3265 3263 3262
4 3233 3235 3266 3264
4 3266 3267 3265 3264
4 3235 3237 3268 3266
4 3268 3269 3267 3266
4 3237 3239 3270 3268
4 3270 3271 3269 3268
4 3239 3241 3272 3270
4 3272 3273 3271 3270
4 3241 3243 3274 3272
4 3274 3275 3273 3272
4 3243 3245 3276 3274
4 3276 3277 3275 3274
4 3245 3247 3278 3276
4 3278 3279 3277 3276
4 3247 3249 3280 3278
4 3280 3281 3279 3278
4 3249 3251 3282 3280
4 3282 3283 3281 3280
4 3253 3284 2675 2659
4 3255 3285 3284 3253
4 3257 3286 3285 3255
4 3259 3287 3286 3257
4 3261 3288 3287 3259
4 3263 3289 3288 3261
4 3265 3290 3289 3263
4 3267 3291 3290 3265
4 3269 3292 3291 3267
4 3271 3293 3292 3269
4 3273 3294 3293 3271
4 3275 3295 3294 3273
4 3277 3296 3295 3275
4 3279 3297 3296 3277
4 3281 3298 3297 3279
4 3283 3299 3298 3281
4 2675 3284 3300 2706
4 3300 3301 2707 2706
4 3284 3285 3302 3300
4 3302 3303 3301 3300
4 3285 3286 3304 3302
4 3304 3305 3303 3302
4 3286 3287 3306 3304
4 3306 3307 3305 3304
4 3287 3288 3308 3306
4 3308 3309 3307 3306
4 3288 3289 3310 3308
4 3310 3311 3309 3308
4 3289 3290 3312 3310
4 3312 3313 3311 3310
4 3290 3291 3314 3312
4 3314 3315 3313 3312
4 3291 3292 3316 3314
4 3316 3317 3315 3314
4 3292 3293 3318 3316
4 3318 3319 3317 3316
4 3293 3294 3320 3318
4 3320 3321 3319 3318
4 3294 3295 3322 3320
4 3322 3323 3321 3320
4 3295 3296 3324 3322
4 3324 3325 3323 3322
4 3296 3297 3326 3324
4 3326 3327 3325 3324
4 3297 3298 3328 3326
4 3328 3329 3327 3326
4 3298 3299 3330 3328
4 3330 3331 3329 3328
4 2707 3301 3332 2738
4 3332 3333 2739 2738
4 3301 3303 3334 3332
4 3334 3335 3333 3332
4 3303 3305 3336 3334
4 3336 3337 3335 3334
4 3305 3307 3338 3336
4 3338 3339 3337 3336
4 3307 3309 3340 3338
4 3340 3341 3339 3338
4 3309 3311 3342 3340
4 3342 3343 3341 3340
4 3311 3313 3344 3342
4 3344 3345 3343 3342
4 3313 3315 3346 3344
4 3346 3347 3345 3344
4 3315 3317 3348 3346
4 3348 3349 3347 3346
4 3317 3319 3350 3348
4 3350 3351 3349 3348
4 3319 3321 3352 3350
4 3352 3353 3351 3350
4 3321 3323 3354 3352
4 3354 3355 3353 3352
4 3323 3325 3356 3354
4 3356 3357 3355 3354
4 3325 3327 3358 3356
4 3358 3359 3357 3356
4 3327 3329 3360 3358
4 3360 3361 3359 3358
4 3329 3331 3362 3360
4 3362 3363 3361 3360
4 3333 3364 2755 2739
4 3335 3365 3364 3333
4 3337 3366 3365 3335
4 3339 3367 3366 3337
4 3341 3368 3367 3339
4 3343 3369 3368 3341
4 3345 3370 3369 3343
4 3347 3371 3370 3345
4 3349 3372 3371 3347
4 3351 3373 3372 3349
4 3353 3374 3373 3351
4 3355 3375 3374 3353
4 3357 3376 3375 3355
4 3359 3377 3376 3357
4 3361 3378 3377 3359
4 3363 3379 3378 3361
4 3364 3380 2771 2755
4 3365 3381 3380 3364
4 3366 3382 3381 3365
4 3367 3383 3382 3366
4 3368 3384 3383 3367
4 3369 3385 3384 3368
4 3370 3386 3385 3369
4 3371 3387 3386 3370
4 3372 3388 3387 3371
4 3373 3389 3388 3372
4 3374 3390 3389 3373
4 3375 3391 3390 3374
4 3376 3392 3391 3375
4 3393 3394 3395 3396
4 3397 3398 3394 3393
4 3399 3400 3398 3397
4 3380 3401 2787 2771
4 3381 3402 3401 3380
4 3382 3403 3402 3381
4 3383 3404 3403 3382
4 3384 3405 3404 3383
4 3385 3406 3405 3384
4 3386 3407 3406 3385
4 3387 3408 3407 3386
4 3388 3409 3408 3387
4 3389 3410 3409 3388
4 3390 3411 3410 3389
4 3391 3412 3411 3390
4 3395 3413 3414 3415
4 3394 3416 3413 3395
4 3398 3417 3416 3394
4 3400 3418 3417 3398
4 3401 3419 2803 2787
4 3402 3420 3419 3401
4 3403 3421 3420 3402
4 3404 3422 3421 3403
4 3405 3423 3422 3404
4 3406 3424 3423 3405
4 3407 3425 3424 3406
4 3408 3426 3425 3407
4 3409 3427 3426 3408
4 3410 3428 3427 3409
4 3411 3429 3428 3410
4 3412 3430 3429 3411
4 3413 3431 3432 3414
4 3416 3433 3431 3413
4 3417 3434 3433 3416
4 3418 3435 3434 3417
4 3419 3436 2819 2803
4 3420 3437 3436 3419
4 3421 3438 3437 3420
4 3422 3439 3438 3421
4 3423 3440 3439 3422
4 3424 3441 3440 3423
4 3425 3442 3441 3424
4 3426 3443 3442 3425
4 3427 3444 3443 3426
4 3428 3445 3444 3427
4 3429 3446 3445 3428
4 3430 3447 3446 3429
4 3431 3448 3449 3432
4 3433 3450 3448 3431
4 3434 3451 3450 3433
4 3435 3452 3451 3434
4 3436 3453 2835 2819
4 3437 3454 3453 3436
4 3438 3455 3454 3437
4 3439 3456 3455 3438
4 3440 3457 3456 3439
4 3441 3458 3457 3440
4 3442 3459 3458 3441
4 3443 3460 3459 3442
4 3444 3461 3460 3443
4 3445 3462 3461 3444
4 3446 3463 3462 3445
4 3447 3464 3463 3446
4 3448 3465 3466 3449
4 3450 3467 3465 3448
4 3451 3468 3467 3450
4 3452 3469 3468 3451
4 3453 3470 2851 2835
4 3454 3471 3470 3453
4 3455 3472 3471 3454
4 3456 3473 3472 3455
4 3457 3474 3473 3456
4 3458 3475 3474 3457
4 3459 3476 3475 3458
4 3460 3477 3476 3459
4 3461 3478 3477 3460
4 3462 3479 3478 3461
4 3463 3480 3479 3462
4 3464 3481 3480 3463
4 3465 3482 3483 3466
4 3467 3484 3482 3465
4 3468 3485 3484 3467
4 3469 3486 3485 3468
4 3470 3487 2867 2851
4 3471 3488 3487 3470
4 3472 3489 3488 3471
4 3473 3490 3489 3472
4 3474 3491 3490 3473
4 3475 3492 3491 3474
4 3476 3493 3492 3475
4 3477 3494 3493 3476
4 3478 3495 3494 3477
4 3479 3496 3495 3478
4 3480 3497 3496 3479
4 3481 3498 3497 3480
4 3482 3499 3500 3483
4 3484 3501 3499 3482
4 3485 3502 3501 3484
4 3486 3503 3502 3485
4 3487 3504 2883 2867
4 3488 3505 3504 3487
4 3489 3506 3505 3488
4 3490 3507 3506 3489
4 3491 3508 3507 3490
4 3492 3509 3508 3491
4 3493 3510 3509 3492
4 3494 3511 3510 3493
4 3495 3512 3511 3494
4 3496 3513 3512 3495
4 3497 3514 3513 3496
4 3498 3515 3514 3497
4 3499 3516 3517 3500
4 3501 3518 3516 3499
4 3502 3519 3518 3501
4 3503 3520 3519 3502
4 3504 3521 2899 2883
4 3505 3522 3521 3504
4 3506 3523 3522 3505
4 3507 3524 3523 3506
4 3508 3525 3524 3507
4 3509 3526 3525 3508
4 3510 3527 3526 3509
4 3511 3528 3527 3510
4 3512 3529 3528 3511
4 3513 3530 3529 3512
4 3514 3531 3530 3513
4 3515 3532 3531 3514
4 3516 3533 3534 3517
4 3518 3535 3533 3516
4 3519 3536 3535 3518
4 3520 3537 3536 3519
4 3521 3538 2915 2899
4 3522 3539 3538 3521
4 3523 3540 3539 3522
4 3524 3541 3540 3523
4 3525 3542 3541 3524
4 3526 3543 3542 3525
4 3527 3544 3543 3526
4 3528 3545 3544 3527
4 3529 3546 3545 3528
4 3530 3547 3546 3529
4 3531 3548 3547 3530
4 3532 3549 3548 3531
4 3533 3550 3551 3534
4 3535 3552 3550 3533
4 3536 3553 3552 3535
4 3537 3554 3553 3536
4 3538 3555 2931 2915
4 3539 3556 3555 3538
4 3540 3557 3556 3539
4 3541 3558 3557 3540
4 3542 3559 3558 3541
4 3543 3560 3559 3542
4 3544 3561 3560 3543
4 3545 3562 3561 3544
4 3546 3563 3562 3545
4 3547 3564 3563 3546
4 3548 3565 3564 3547
4 3549 3566 3565 3548
4 3550 3567 3568 3551
4 3552 3569 3567 3550
4 3553 3570 3569 3552
4 3554 3571 3570 3553
4 2977 3572 3573 2978
4 2977 2979 3574 3572
4 3572 3575 3576 3573
4 3572 3574 3577 3575
4 3575 3578 3579 3576
4 3575 3577 3580 3578
4 3578 3581 3582 3579
4 3578 3580 3583 3581
4 3581 3584 3585 3582
4 3581 3583 3586 3584
4 3584 3587 3588 3585
4 3584 3586 3589 3587
4 3587 3590 3591 3588
4 3587 3589 3592 3590
4 3590 3593 3594 3591
4 3590 3592 3595 3593
4 3593 3596 3597 3594
4 3593 3595 3598 3596
4 3596 3599 3600 3597
4 3596 3598 3601 3599
4 3599 3602 3603 3600
4 3599 3601 3604 3602
4 3602 3605 3606 3603
4 3602 3604 3607 3605
4 3605 3608 3609 3606
4 3605 3607 3610 3608
4 3608 3611 3612 3609
4 3608 3610 3613 3611
4 3611 3613 3614 3612
4 2979 2995 3615 3574
4 3574 3615 3616 3577
4 3577 3616 3617 3580
4 3580 3617 3618 3583
4 3583 3618 3619 3586
4 3586 3619 3620 3589
4 3589 3620 3621 3592
4 3592 3621 3622 3595
4 3595 3622 3623 3598
4 3598 3623 3624 3601
4 3601 3624 3625 3604
4 3604 3625 3626 3607
4 3607 3626 3627 3610
4 3610 3627 3628 3613
4 3613 3628 3629 3614
4 2995 3011 3630 3615
4 3615 3630 3631 3616
4 3616 3631 3632 3617
4 3617 3632 3633 3618
4 3618 3633 3634 3619
4 3619 3634 3635 3620
4 3620 3635 3636 3621
4 3621 3636 3637 3622
4 3622 3637 3638 3623
4 3623 3638 3639 3624
4 3624 3639 3640 3625
4 3625 3640 3641 3626
4 3626 3641 3642 3627
4 3627 3642 3643 3628
4 3628 3643 3644 3629
4 3011 3027 3645 3630
4 3630 3645 3646 3631
4 3631 3646 3647 3632
4 3632 3647 3648 3633
4 3633 3648 3649 3634
4 3634 3649 3650 3635
4 3635 3650 3651 3636
4 3636 3651 3652 3637
4 3637 3652 3653 3638
4 3638 3653 3654 3639
4 3639 3654 3655 3640
4 3640 3655 3656 3641
4 3641 3656 3657 3642
4 3642 3657 3658 3643
4 3643 3658 3659 3644
4 3027 3043 3660 3645
4 3645 3660 3661 3646
4 3646 3661 3662 3647
4 3647 3662 3663 3648
4 3648 3663 3664 3649
4 3649 3664 3665 3650
4 3650 3665 3666 3651
4 3651 3666 3667 3652
4 3652 3667 3668 3653
4 3653 3668 3669 3654
4 3654 3669 3670 3655
4 3655 3670 3671 3656
4 3656 3671 3672 3657
4 3657 3672 3673 3658
4 3658 3673 3674 3659
4 3043 3059 3675 3660
4 3660 3675 3676 3661
4 3661 3676 3677 3662
4 3662 3677 3678 3663
4 3663 3678 3679 3664
4 3664 3679 3680 3665
4 3665 3680 3681 3666
4 3666 3681 3682 3667
4 3667 3682 3683 3668
4 3668 3683 3684 3669
4 3669 3684 3685 3670
4 3670 3685 3686 3671
4 3671 3686 3687 3672
4 3672 3687 3688 3673
4 3673 3688 3689 3674
4 3059 3075 3690 3675
4 3675 3690 3691 3676
4 3676 3691 3692 3677
4 3677 3692 3693 3678
4 3678 3693 3694 3679
4 3679 3694 3695 3680
4 3680 3695 3696 3681
4 3681 3696 3697 3682
4 3682 3697 3698 3683
4 3683 3698 3699 3684
4 3684 3699 3700 3685
4 3685 3700 3701 3686
4 3686 3701 3702 3687
4 3687 3702 3703 3688
4 3688 3703 3704 3689
4 3075 3091 3705 3690
4 3690 3705 3706 3691
4 3691 3706 3707 3692
4 3692 3707 3708 3693
4 3693 3708 3709 3694
4 3694 3709 3710 3695
4 3695 3710 3711 3696
4 3696 3711 3712 3697
4 3697 3712 3713 3698
4 3698 3713 3714 3699
4 3699 3714 3715 3700
4 3700 3715 3716 3701
4 3701 3716 3717 3702
4 3702 3717 3718 3703
4 3703 3718 3719 3704
4 3091 3107 3720 3705
4 3705 3720 3721 3706
4 3706 3721 3722 3707
4 3707 3722 3723 3708
4 3708 3723 3724 3709
4 3709 3724 3725 3710
4 3710 3725 3726 3711
4 3711 3726 3727 3712
4 3712 3727 3728 3713
4 3713 3728 3729 3714
4 3714 3729 3730 3715
4 3715 3730 3731 3716
4 3716 3731 3732 3717
4 3717 3732 3733 3718
4 3718 3733 3734 3719
4 3107 3123 3735 3720
4 3720 3735 3736 3721
4 3721 3736 3737 3722
4 3722 3737 3738 3723
4 3723 3738 3739 3724
4 3724 3739 3740 3725
4 3725 3740 3741 3726
4 3726 3741 3742 3727
4 3727 3742 3743 3728
4 3728 3743 3744 3729
4 3729 3744 3745 3730
4 3730 3745 3746 3731
4 3731 3746 3747 3732
4 3732 3747 3748 3733
4 3733 3748 3749 3734
4 3123 3139 3750 3735
4 3735 3750 3751 3736
4 3736 3751 3752 3737
4 3737 3752 3753 3738
4 3738 3753 3754 3739
4 3739 3754 3755 3740
4 3740 3755 3756 3741
4 3741 3756 3757 3742
4 3742 3757 3758 3743
4 3743 3758 3759 3744
4 3744 3759 3760 3745
4 3745 3760 3761 3746
4 3746 3761 3762 3747
4 3747 3762 3763 3748
4 3748 3763 3764 3749
4 3139 3155 3765 3750
4 3750 3765 3766 3751
4 3751 3766 3767 3752
4 3752 3767 3768 3753
4 3753 3768 3769 3754
4 3754 3769 3770 3755
4 3755 3770 3771 3756
4 3756 3771 3772 3757
4 3757 3772 3773 3758
4 3758 3773 3774 3759
4 3759 3774 3775 3760
4 3760 3775 3776 3761
4 3761 3776 3777 3762
4 3762 3777 3778 3763
4 3763 3778 3779 3764
4 3155 3171 3780 3765
4 3765 3780 3781 3766
4 3766 3781 3782 3767
4 3767 3782 3783 3768
4 3768 3783 3784 3769
4 3769 3784 3785 3770
4 3770 3785 3786 3771
4 3771 3786 3787 3772
4 3772 3787 3788 3773
4 3773 3788 3789 3774
4 3774 3789 3790 3775
4 3775 3790 3791 3776
4 3776 3791 3792 3777
4 3777 3792 3793 3778
4 3778 3793 3794 3779
4 3171 3187 3795 3780
4 3780 3795 3796 3781
4 3781 3796 3797 3782
4 3782 3797 3798 3783
4 3783 3798 3799 3784
4 3784 3799 3800 3785
4 3785 3800 3801 3786
4 3786 3801 3802 3787
4 3787 3802 3803 3788
4 3788 3803 3804 3789
4 3789 3804 3805 3790
4 3790 3805 3806 3791
4 3791 3806 3807 3792
4 3792 3807 3808 3793
4 3793 3808 3809 3794
4 3218 3810 3811 3219
4 3218 2978 3573 3810
4 3810 3812 3813 3811
4 3810 3573 3576 3812
4 3812 3814 3815 3813
4 3812 3576 3579 3814
4 3814 3816 3817 3815
4 3814 3579 3582 3816
4 3816 3818 3819 3817
4 3816 3582 3585 3818
4 3818 3820 3821 3819
4 3818 3585 3588 3820
4 3820 3822 3823 3821
4 3820 3588 3591 3822
4 3822 3824 3825 3823
4 3822 3591 3594 3824
4 3824 3826 3827 3825
4 3824 3594 3597 3826
4 3826 3828 3829 3827
4 3826 3597 3600 3828
4 3828 3830 3831 3829
4 3828 3600 3603 3830
4 3830 3832 3833 3831
4 3830 3603 3606 3832
4 3832 3834 3835 3833
4 3832 3606 3609 3834
4 3834 3836 3837 3835
4 3834 3609 3612 3836
4 3836 3838 3839 3837
4 3836 3612 3840 3838
4 3838 3840 3841 3839
4 3612 3614 3842 3840
4 3840 3842 3843 3841
4 3614 3629 3844 3842
4 3842 3844 3845 3843
4 3629 3644 3846 3844
4 3844 3846 3847 3845
4 3644 3659 3848 3846
4 3846 3848 3849 3847
4 3659 3674 3850 3848
4 3848 3850 3851 3849
4 3674 3689 3852 3850
4 3850 3852 3853 3851
4 3689 3704 3854 3852
4 3852 3854 3855 3853
4 3704 3719 3856 3854
4 3854 3856 3857 3855
4 3719 3734 3858 3856
4 3856 3858 3859 3857
4 3734 3749 3860 3858
4 3858 3860 3861 3859
4 3749 3764 3862 3860
4 3860 3862 3863 3861
4 3764 3779 3864 3862
4 3862 3864 3865 3863
4 3779 3794 3866 3864
4 3864 3866 3867 3865
4 3794 3809 3868 3866
4 3866 3868 3869 3867
4 3250 3870 3871 3251
4 3250 3219 3811 3870
4 3870 3872 3873 3871
4 3870 3811 3813 3872
4 3872 3874 3875 3873
4 3872 3813 3815 3874
4 3874 3876 3877 3875
4 3874 3815 3817 3876
4 3876 3878 3879 3877
4 3876 3817 3819 3878
4 3878 3880 3881 3879
4 3878 3819 3821 3880
4 3880 3882 3883 3881
4 3880 3821 3823 3882
4 3882 3884 3885 3883
4 3882 3823 3825 3884
4 3884 3886 3887 3885
4 3884 3825 3827 3886
4 3886 3888 3889 3887
4 3886 3827 3829 3888
4 3888 3890 3891 3889
4 3888 3829 3831 3890
4 3890 3892 3893 3891
4 3890 3831 3833 3892
4 3892 3894 3895 3893
4 3892 3833 3835 3894
4 3894 3896 3897 3895
4 3894 3835 3837 3896
4 3896 3898 3899 3897
4 3896 3837 3839 3898
4 3898 3900 3901 3899
4 3898 3839 3902 3900
4 3900 3902 3903 3901
4 3839 3841 3904 3902
4 3902 3904 3905 3903
4 3841 3843 3906 3904
4 3904 3906 3907 3905
4 3843 3845 3908 3906
4 3906 3908 3909 3907
4 3845 3847 3910 3908
4 3908 3910 3911 3909
4 3847 3849 3912 3910
4 3910 3912 3913 3911
4 3849 3851 3914 3912
4 3912 3914 3915 3913
4 3851 3853 3916 3914
4 3914 3916 3917 3915
4 3853 3855 3918 3916
4 3916 3918 3919 3917
4 3855 3857 3920 3918
4 3918 3920 3921 3919
4 3857 3859 3922 3920
4 3920 3922 3923 3921
4 3859 3861 3924 3922
4 3922 3924 3925 3923
4 3861 3863 3926 3924
4 3924 3926 3927 3925
4 3863 3865 3928 3926
4 3926 3928 3929 3927
4 3865 3867 3930 3928
4 3928 3930 3931 3929
4 3867 3869 3932 3930
4 3930 3932 3933 3931
4 3251 3871 3934 3282
4 3934 3935 3283 3282
4 3871 3873 3936 3934
4 3936 3937 3935 3934
4 3873 3875 3938 3936
4 3938 3939 3937 3936
4 3875 3877 3940 3938
4 3940 3941 3939 3938
4 3877 3879 3942 3940
4 3942 3943 3941 3940
4 3879 3881 3944 3942
4 3944 3945 3943 3942
4 3881 3883 3946 3944
4 3946 3947 3945 3944
4 3883 3885 3948 3946
4 3948 3949 3947 3946
4 3885 3887 3950 3948
4 3950 3951 3949 3948
4 3887 3889 3952 3950
4 3952 3953 3951 3950
4 3889 3891 3954 3952
4 3954 3955 3953 3952
4 3891 3893 3956 3954
4 3956 3957 3955 3954
4 3893 3895 3958 3956
4 3958 3959 3957 3956
4 3895 3897 3960 3958
4 3960 3961 3959 3958
4 3897 3899 3962 3960
4 3962 3963 3961 3960
4 3899 3901 3964 3962
4 3964 3965 3963 3962
4 3901 3903 3965 3964
4 3935 3966 3299 3283
4 3937 3967 3966 3935
4 3939 3968 3967 3937
4 3941 3969 3968 3939
4 3943 3970 3969 3941
4 3945 3971 3970 3943
4 3947 3972 3971 3945
4 3949 3973 3972 3947
4 3951 3974 3973 3949
4 3953 3975 3974 3951
4 3955 3976 3975 3953
4 3957 3977 3976 3955
4 3959 3978 3977 3957
4 3961 3979 3978 3959
4 3963 3980 3979 3961
4 3965 3981 3980 3963
4 3903 3905 3981 3965
4 3979 3982 3983 3978
4 3980 3984 3982 3979
4 3981 3985 3984 3980
4 3905 3907 3985 3981
4 3982 3986 3987 3983
4 3984 3988 3986 3982
4 3985 3989 3988 3984
4 3907 3909 3989 3985
4 3986 3990 3991 3987
4 3988 3992 3990 3986
4 3989 3993 3992 3988
4 3909 3911 3993 3989
4 3990 3994 3995 3991
4 3992 3996 3994 3990
4 3993 3997 3996 3992
4 3911 3913 3997 3993
4 3994 3998 3999 3995
4 3996 4000 3998 3994
4 3997 4001 4000 3996
4 3913 3915 4001 3997
4 3998 4002 4003 3999
4 4000 4004 4002 3998
4 4001 4005 4004 4000
4 3915 3917 4005 4001
4 4002 4006 4007 4003
4 4004 4008 4006 4002
4 4005 4009 4008 4004
4 3917 3919 4009 4005
4 4006 4010 4011 4007
4 4008 4012 4010 4006
4 4009 4013 4012 4008
4 3919 3921 4013 4009
4 4010 4014 4015 4011
4 4012 4016 4014 4010
4 4013 4017 4016 4012
4 3921 3923 4017 4013
4 4014 4018 4019 4015
4 4016 4020 4018 4014
4 4017 4021 4020 4016
4 3923 3925 4021 4017
4 4018 4022 4023 4019
4 4020 4024 4022 4018
4 4021 4025 4024 4020
4 3925 3927 4025 4021
4 4022 4026 4027 4023
4 4024 4028 4026 4022
4 4025 4029 4028 4024
4 3927 3929 4029 4025
4 4026 4030 4031 4027
4 4028 4032 4030 4026
4 4029 4033 4032 4028
4 3929 3931 4033 4029
4 4030 4034 4035 4031
4 4032 4036 4034 4030
4 4033 4037 4036 4032
4 3931 3933 4037 4033
4 3299 3966 4038 3330
4 4038 4039 3331 3330
4 3966 3967 4040 4038
4 4040 4041 4039 4038
4 3967 3968 4042 4040
4 4042 4043 4041 4040
4 3968 3969 4044 4042
4 4044 4045 4043 4042
4 3969 3970 4046 4044
4 4046 4047 4045 4044
4 3970 3971 4048 4046
4 4048 4049 4047 4046
4 3971 3972 4050 4048
4 4050 4051 4049 4048
4 3972 3973 4052 4050
4 4052 4053 4051 4050
4 3973 3974 4054 4052
4 4054 4055 4053 4052
4 3974 3975 4056 4054
4 4056 4057 4055 4054
4 3975 3976 4058 4056
4 4058 4059 4057 4056
4 3976 3977 4060 4058
4 4060 4061 4059 4058
4 3977 3978 4062 4060
4 4062 4063 4061 4060
4 3978 3983 4063 4062
4 4059 4064 4065 4057
4 4061 4066 4064 4059
4 4063 4067 4066 4061
4 3983 3987 4067 4063
4 4064 4068 4069 4065
4 4066 4070 4068 4064
4 4067 4071 4070 4066
4 3987 3991 4071 4067
4 4068 4072 4073 4069
4 4070 4074 4072 4068
4 4071 4075 4074 4070
4 3991 3995 4075 4071
4 4072 4076 4077 4073
4 4074 4078 4076 4072
4 4075 4079 4078 4074
4 3995 3999 4079 4075
4 4076 4080 4081 4077
4 4078 4082 4080 4076
4 4079 4083 4082 4078
4 3999 4003 4083 4079
4 4080 4084 4085 4081
4 4082 4086 4084 4080
4 4083 4087 4086 4082
4 4003 4007 4087 4083
4 4084 4088 4089 4085
4 4086 4090 4088 4084
4 4087 4091 4090 4086
4 4007 4011 4091 4087
4 4088 4092 4093 4089
4 4090 4094 4092 4088
4 4091 4095 4094 4090
4 4011 4015 4095 4091
4 4092 4096 4097 4093
4 4094 4098 4096 4092
4 4095 4099 4098 4094
4 4015 4019 4099 4095
4 4096 4100 4101 4097
4 4098 4102 4100 4096
4 4099 4103 4102 4098
4 4019 4023 4103 4099
4 4100 4104 4105 4101
4 4102 4106 4104 4100
4 4103 4107 4106 4102
4 4023 4027 4107 4103
4 4104 4108 4109 4105
4 4106 4110 4108 4104
4 4107 4111 4110 4106
4 4027 4031 4111 4107
4 4108 4112 4113 4109
4 4110 4114 4112 4108
4 4111 4115 4114 4110
4 4031 4035 4115 4111
4 3331 4039 4116 3362
4 4116 4117 3363 3362
4 4039 4041 4118 4116
4 4118 4119 4117 4116
4 4041 4043 4120 4118
4 4120 4121 4119 4118
4 4043 4045 4122 4120
4 4122 4123 4121 4120
4 4045 4047 4124 4122
4 4124 4125 4123 4122
4 4047 4049 4126 4124
4 4126 4127 4125 4124
4 4049 4051 4128 4126
4 4128 4129 4127 4126
4 4051 4053 4130 4128
4 4130 4131 4129 4128
4 4053 4055 4132 4130
4 4132 4133 4131 4130
4 4055 4057 4134 4132
4 4134 4135 4133 4132
4 4057 4065 4135 4134
4 4117 4136 3379 3363
4 4119 4137 4136 4117
4 4121 4138 4137 4119
4 4123 4139 4138 4121
4 4125 4140 4139 4123
4 4127 4141 4140 4125
4 4129 4142 4141 4127
4 4131 4143 4142 4129
4 4133 4144 4143 4131
4 4135 4145 4144 4133
4 4065 4069 4145 4135
4 4146 4147 3400 3399
4 4148 4149 4147 4146
4 4150 4151 4149 4148
4 4152 4153 4151 4150
4 4154 4155 4153 4152
4 4156 4157 4155 4154
4 4158 4159 4157 4156
4 4143 4160 4161 4142
4 4144 4162 4160 4143
4 4145 4163 4162 4144
4 4069 4073 4163 4145
4 4147 4164 3418 3400
4 4149 4165 4164 4147
4 4151 4166 4165 4149
4 4153 4167 4166 4151
4 4155 4168 4167 4153
4 4157 4169 4168 4155
4 4159 4170 4169 4157
4 4171 4172 4170 4159
4 4162 4173 4174 4160
4 4163 4175 4173 4162
4 4073 4077 4175 4163
4 4164 4176 3435 3418
4 4165 4177 4176 4164
4 4166 4178 4177 4165
4 4167 4179 4178 4166
4 4168 4180 4179 4167
4 4169 4181 4180 4168
4 4170 4182 4181 4169
4 4172 4183 4182 4170
4 4173 4184 4185 4174
4 4175 4186 4184 4173
4 4077 4081 4186 4175
4 4176 4187 3452 3435
4 4177 4188 4187 4176
4 4178 4189 4188 4177
4 4179 4190 4189 4178
4 4191 4192 4193 4194
4 4195 4196 4192 4191
4 4182 4197 4198 4181
4 4183 4199 4197 4182
4 4184 4200 4201 4185
4 4186 4202 4200 4184
4 4081 4085 4202 4186
4 4187 4203 3469 3452
4 4188 4204 4203 4187
4 4189 4205 4204 4188
4 4193 4206 4207 4208
4 4192 4209 4206 4193
4 4196 4210 4209 4192
4 4197 4211 4212 4198
4 4199 4213 4211 4197
4 4200 4214 4215 4201
4 4202 4216 4214 4200
4 4085 4089 4216 4202
4 4203 4217 3486 3469
4 4204 4218 4217 4203
4 4205 4219 4218 4204
4 4206 4220 4221 4207
4 4209 4222 4220 4206
4 4210 4223 4222 4209
4 4211 4224 4225 4212
4 4213 4226 4224 4211
4 4214 4227 4228 4215
4 4216 4229 4227 4214
4 4089 4093 4229 4216
4 4217 4230 3503 3486
4 4218 4231 4230 4217
4 4219 4232 4231 4218
4 4220 4233 4234 4221
4 4222 4235 4233 4220
4 4223 4236 4235 4222
4 4224 4237 4238 4225
4 4226 4239 4237 4224
4 4227 4240 4241 4228
4 4229 4242 4240 4227
4 4093 4097 4242 4229
4 4230 4243 3520 3503
4 4231 4244 4243 4230
4 4232 4245 4244 4231
4 4233 4246 4247 4234
4 4235 4248 4246 4233
4 4236 4249 4248 4235
4 4237 4250 4251 4238
4 4239 4252 4250 4237
4 4240 4253 4254 4241
4 4242 4255 4253 4240
4 4097 4101 4255 4242
4 4243 4256 3537 3520
4 4244 4257 4256 4243
4 4245 4258 4257 4244
4 4246 4259 4260 4247
4 4248 4261 4259 4246
4 4249 4262 4261 4248
4 4250 4263 4264 4251
4 4252 4265 4263 4250
4 4253 4266 4267 4254
4 4255 4268 4266 4253
4 4101 4105 4268 4255
4 4256 4269 3554 3537
4 4257 4270 4269 4256
4 4258 4271 4270 4257
4 4259 4272 4273 4260
4 4261 4274 4272 4259
4 4262 4275 4274 4261
4 4263 4276 4277 4264
4 4265 4278 4276 4263
4 4266 4279 4280 4267
4 4268 4281 4279 4266
4 4105 4109 4281 4268
4 4269 4282 3571 3554
4 4270 4283 4282 4269
4 4271 4284 4283 4270
4 4272 4285 4286 4273
4 4274 4287 4285 4272
4 4275 4288 4287 4274
4 4276 4289 4290 4277
4 4278 4291 4289 4276
4 4279 4292 4293 4280
4 4281 4294 4292 4279
4 4109 4113 4294 4281
4 4295 4296 4297 4298
4 4295 4299 4300 4296
4 4298 4297 4301 4302
4 4302 4301 4303 4304
4 4304 4303 4305 4306
4 4306 4305 4307 4308
4 4308 4307 4309 4310
4 4310 4309 4311 4312
4 4312 4311 4313 4314
4 4314 4313 4315 4316
4 4316 4315 4317 4318
4 4318 4317 4319 4320
4 4320 4319 4321 4322
4 4322 4321 4323 4324
4 4324 4323 4325 4326
4 4296 4327 4328 4297
4 4296 4300 4329 4327
4 4297 4328 4330 4301
4 4301 4330 4331 4303
4 4303 4331 4332 4305
4 4305 4332 4333 4307
4 4307 4333 4334 4309
4 4309 4334 4335 4311
4 4311 4335 4336 4313
4 4313 4336 4337 4315
4 4315 4337 4338 4317
4 4317 4338 4339 4319
4 4319 4339 4340 4321
4 4321 4340 4341 4323
4 4323 4341 4342 4325
4 4327 4343 4344 4328
4 4327 4329 4345 4343
4 4328 4344 4346 4330
4 4330 4346 4347 4331
4 4331 4347 4348 4332
4 4332 4348 4349 4333
4 4333 4349 4350 4334
4 4334 4350 4351 4335
4 4335 4351 4352 4336
4 4336 4352 4353 4337
4 4337 4353 4354 4338
4 4338 4354 4355 4339
4 4339 4355 4356 4340
4 4340 4356 4357 4341
4 4341 4357 4358 4342
4 4343 4359 4360 4344
4 4343 4345 4361 4359
4 4344 4360 4362 4346
4 4346 4362 4363 4347
4 4347 4363 4364 4348
4 4348 4364 4365 4349
4 4349 4365 4366 4350
4 4350 4366 4367 4351
4 4351 4367 4368 4352
4 4352 4368 4369 4353
4 4353 4369 4370 4354
4 4354 4370 4371 4355
4 4355 4371 4372 4356
4 4356 4372 4373 4357
4 4357 4373 4374 4358
4 4359 4375 4376 4360
4 4359 4361 4377 4375
4 4360 4376 4378 4362
4 4362 4378 4379 4363
4 4363 4379 4380 4364
4 4364 4380 4381 4365
4 4365 4381 4382 4366
4 4366 4382 4383 4367
4 4367 4383 4384 4368
4 4368 4384 4385 4369
4 4369 4385 4386 4370
4 4370 4386 4387 4371
4 4371 4387 4388 4372
4 4372 4388 4389 4373
4 4373 4389 4390 4374
4 4375 4391 4392 4376
4 4375 4377 4393 4391
4 4376 4392 4394 4378
4 4378 4394 4395 4379
4 4379 4395 4396 4380
4 4380 4396 4397 4381
4 4381 4397 4398 4382
4 4382 4398 4399 4383
4 4383 4399 4400 4384
4 4384 4400 4401 4385
4 4385 4401 4402 4386
4 4386 4402 4403 4387
4 4387 4403 4404 4388
4 4388 4404 4405 4389
4 4389 4405 4406 4390
4 4407 4408 4409 4410
4 4391 4408 4407 4392
4 4391 4393 4409 4408
4 4411 4407 4410 4412
4 4392 4407 4411 4394
4 4413 4411 4412 4414
4 4394 4411 4413 4395
4 4415 4413 4414 4416
4 4395 4413 4415 4396
4 4417 4415 4416 4418
4 4396 4415 4417 4397
4 4419 4417 4418 4420
4 4397 4417 4419 4398
4 4421 4419 4420 4422
4 4398 4419 4421 4399
4 4423 4421 4422 4424
4 4399 4421 4423 4400
4 4425 4423 4424 4426
4 4400 4423 4425 4401
4 4427 4425 4426 4428
4 4401 4425 4427 4402
4 4429 4427 4428 4430
4 4402 4427 4429 4403
4 4431 4429 4430 4432
4 4403 4429 4431 4404
4 4433 4431 4432 4434
4 4404 4431 4433 4405
4 4435 4433 4434 4436
4 4405 4433 4435 4406
4 4437 4438 4300 4299
4 4437 4439 4440 4438
4 4438 4441 4329 4300
4 4438 4440 4442 4441
4 4441 4443 4345 4329
4 4441 4442 4444 4443
4 4443 4445 4361 4345
4 4443 4444 4446 4445
4 4445 4447 4377 4361
4 4445 4446 4448 4447
4 4447 4449 4393 4377
4 4447 4448 4450 4449
4 4449 4451 4409 4393
4 4449 4450 4452 4451
4 4453 4454 4455 4456
4 4451 4454 4453 4409
4 4451 4452 4455 4454
4 4457 4453 4456 4458
4 4409 4453 4457 4410
4 4459 4457 4458 4460
4 4410 4457 4459 4412
4 4461 4459 4460 4462
4 4412 4459 4461 4414
4 4463 4461 4462 4464
4 4414 4461 4463 4416
4 4465 4463 4464 4466
4 4416 4463 4465 4418
4 4467 4465 4466 4468
4 4418 4465 4467 4420
4 4469 4467 4468 4470
4 4420 4467 4469 4422
4 4471 4469 4470 4472
4 4422 4469 4471 4424
4 4473 4471 4472 4474
4 4424 4471 4473 4426
4 4475 4473 4474 4476
4 4426 4473 4475 4428
4 4477 4475 4476 4478
4 4428 4475 4477 4430
4 4479 4477 4478 4480
4 4430 4477 4479 4432
4 4481 4479 4480 4482
4 4432 4479 4481 4434
4 4483 4481 4482 4484
4 4434 4481 4483 4436
4 4485 4486 4440 4439
4 4485 4487 4488 4486
4 4486 4489 4442 4440
4 4486 4488 4490 4489
4 4489 4491 4444 4442
4 4489 4490 4492 4491
4 4491 4493 4446 4444
4 4491 4492 4494 4493
4 4493 4495 4448 4446
4 4493 4494 4496 4495
4 4495 4497 4450 4448
4 4495 4496 4498 4497
4 4497 4499 4452 4450
4 4497 4498 4500 4499
4 4499 4501 4455 4452
4 4499 4500 4502 4501
4 4503 4504 4505 4506
4 4501 4504 4503 4455
4 4501 4502 4505 4504
4 4507 4503 4506 4508
4 4455 4503 4507 4456
4 4509 4507 4508 4510
4 4456 4507 4509 4458
4 4511 4509 4510 4512
4 4458 4509 4511 4460
4 4513 4511 4512 4514
4 4460 4511 4513 4462
4 4515 4513 4514 4516
4 4462 4513 4515 4464
4 4517 4515 4516 4518
4 4464 4515 4517 4466
4 4519 4517 4518 4520
4 4466 4517 4519 4468
4 4521 4519 4520 4522
4 4468 4519 4521 4470
4 4523 4521 4522 4524
4 4470 4521 4523 4472
4 4525 4523 4524 4526
4 4472 4523 4525 4474
4 4527 4525 4526 4528
4 4474 4525 4527 4476
4 4529 4527 4528 4530
4 4476 4527 4529 4478
4 4531 4529 4530 4532
4 4478 4529 4531 4480
4 4533 4531 4532 4534
4 4480 4531 4533 4482
4 4535 4533 4534 4536
4 4482 4533 4535 4484
4 4487 4537 4538 4488
4 4488 4538 4539 4490
4 4490 4539 4540 4492
4 4492 4540 4541 4494
4 4494 4541 4542 4496
4 4496 4542 4543 4498
4 4498 4543 4544 4500
4 4545 4546 4547 4544
4 4500 4544 4547 4502
4 4548 4549 4546 4545
4 4550 4551 4549 4548
4 4552 4553 4551 4550
4 4554 4555 4553 4552
4 4556 4557 4555 4554
4 4558 4559 4557 4556
4 4560 4561 4559 4558
4 4562 4563 4561 4560
4 4564 4565 4563 4562
4 4566 4567 4565 4564
4 4568 4569 4567 4566
4 4570 4571 4569 4568
4 4572 4573 4571 4570
4 4574 4575 4573 4572
4 4576 4577 4575 4574
4 4506 4505 4578 4579
4 4546 4579 4578 4547
4 4502 4547 4578 4505
4 4508 4506 4579 4580
4 4549 4580 4579 4546
4 4510 4508 4580 4581
4 4551 4581 4580 4549
4 4512 4510 4581 4582
4 4553 4582 4581 4551
4 4514 4512 4582 4583
4 4555 4583 4582 4553
4 4516 4514 4583 4584
4 4557 4584 4583 4555
4 4518 4516 4584 4585
4 4559 4585 4584 4557
4 4520 4518 4585 4586
4 4561 4586 4585 4559
4 4522 4520 4586 4587
4 4563 4587 4586 4561
4 4524 4522 4587 4588
4 4565 4588 4587 4563
4 4526 4524 4588 4589
4 4567 4589 4588 4565
4 4528 4526 4589 4590
4 4569 4590 4589 4567
4 4530 4528 4590 4591
4 4571 4591 4590 4569
4 4532 4530 4591 4592
4 4573 4592 4591 4571
4 4534 4532 4592 4593
4 4575 4593 4592 4573
4 4536 4534 4593 4594
4 4577 4594 4593 4575
4 4595 4596 4597 4598
4 4537 4598 4597 4538
4 4596 4599 4600 4597
4 4538 4597 4600 4539
4 4599 4601 4602 4600
4 4539 4600 4602 4540
4 4601 4603 4604 4602
4 4540 4602 4604 4541
4 4603 4605 4606 4604
4 4541 4604 4606 4542
4 4605 4607 4608 4606
4 4542 4606 4608 4543
4 4545 4544 4609 4610
4 4607 4610 4609 4608
4 4543 4608 4609 4544
4 4548 4545 4610 4611
4 4612 4611 4610 4607
4 4550 4548 4611 4613
4 4614 4613 4611 4612
4 4552 4550 4613 4615
4 4616 4615 4613 4614
4 4554 4552 4615 4617
4 4618 4617 4615 4616
4 4556 4554 4617 4619
4 4620 4619 4617 4618
4 4558 4556 4619 4621
4 4622 4621 4619 4620
4 4560 4558 4621 4623
4 4624 4623 4621 4622
4 4562 4560 4623 4625
4 4626 4625 4623 4624
4 4564 4562 4625 4627
4 4628 4627 4625 4626
4 4566 4564 4627 4629
4 4630 4629 4627 4628
4 4568 4566 4629 4631
4 4632 4631 4629 4630
4 4570 4568 4631 4633
4 4634 4633 4631 4632
4 4572 4570 4633 4635
4 4636 4635 4633 4634
4 4574 4572 4635 4637
4 4638 4637 4635 4636
4 4576 4574 4637 4639
4 4640 4639 4637 4638
4 4641 4642 4643 4644
4 4595 4644 4643 4596
4 4645 4646 4642 4641
4 4647 4648 4646 4645
4 4649 4650 4648 4647
4 4651 4652 4650 4649
4 4653 4654 4652 4651
4 4655 4656 4654 4653
4 4657 4658 4656 4655
4 4659 4660 4658 4657
4 4661 4662 4660 4659
4 4663 4664 4662 4661
4 4665 4666 4664 4663
4 4667 4668 4666 4665
4 4669 4670 4668 4667
4 4671 4672 4670 4669
4 4642 4673 4674 4643
4 4596 4643 4674 4599
4 4646 4675 4673 4642
4 4648 4676 4675 4646
4 4650 4677 4676 4648
4 4652 4678 4677 4650
4 4654 4679 4678 4652
4 4656 4680 4679 4654
4 4658 4681 4680 4656
4 4660 4682 4681 4658
4 4662 4683 4682 4660
4 4664 4684 4683 4662
4 4666 4685 4684 4664
4 4668 4686 4685 4666
4 4670 4687 4686 4668
4 4672 4688 4687 4670
4 4673 4689 4690 4674
4 4599 4674 4690 4601
4 4675 4691 4689 4673
4 4676 4692 4691 4675
4 4677 4693 4692 4676
4 4678 4694 4693 4677
4 4679 4695 4694 4678
4 4680 4696 4695 4679
4 4681 4697 4696 4680
4 4682 4698 4697 4681
4 4683 4699 4698 4682
4 4684 4700 4699 4683
4 4685 4701 4700 4684
4 4686 4702 4701 4685
4 4687 4703 4702 4686
4 4688 4704 4703 4687
4 4689 4705 4706 4690
4 4601 4690 4706 4603
4 4691 4707 4705 4689
4 4692 4708 4707 4691
4 4693 4709 4708 4692
4 4694 4710 4709 4693
4 4695 4711 4710 4694
4 4696 4712 4711 4695
4 4697 4713 4712 4696
4 4698 4714 4713 4697
4 4699 4715 4714 4698
4 4700 4716 4715 4699
4 4701 4717 4716 4700
4 4702 4718 4717 4701
4 4703 4719 4718 4702
4 4704 4720 4719 4703
4 4705 4721 4722 4706
4 4603 4706 4722 4605
4 4707 4723 4721 4705
4 4708 4724 4723 4707
4 4612 4607 4725 4726
4 4721 4726 4725 4722
4 4605 4722 4725 4607
4 4614 4612 4726 4727
4 4723 4727 4726 4721
4 4616 4614 4727 4728
4 4724 4728 4727 4723
4 4618 4616 4728 4729
4 4730 4729 4728 4724
4 4620 4618 4729 4731
4 4732 4731 4729 4730
4 4622 4620 4731 4733
4 4734 4733 4731 4732
4 4624 4622 4733 4735
4 4736 4735 4733 4734
4 4626 4624 4735 4737
4 4738 4737 4735 4736
4 4628 4626 4737 4739
4 4740 4739 4737 4738
4 4630 4628 4739 4741
4 4742 4741 4739 4740
4 4632 4630 4741 4743
4 4744 4743 4741 4742
4 4634 4632 4743 4745
4 4746 4745 4743 4744
4 4636 4634 4745 4747
4 4748 4747 4745 4746
4 4638 4636 4747 4749
4 4750 4749 4747 4748
4 4640 4638 4749 4751
4 4752 4751 4749 4750
4 4753 4754 4755 4756
4 4757 4758 4759 4760
4 4753 4756 4759 4758
4 4754 4761 4762 4755
4 4763 4757 4760 4764
4 4761 4765 4766 4762
4 4767 4763 4764 4768
4 4765 4769 4770 4766
4 4771 4767 4768 4772
4 4769 4773 4774 4770
4 4775 4771 4772 4776
4 4773 4777 4778 4774
4 4779 4775 4776 4780
4 4777 4781 4782 4778
4 4783 4779 4780 4784
4 4781 4785 4786 4782
4 4787 4783 4784 4788
4 4785 4789 4790 4786
4 4791 4787 4788 4792
4 4789 4793 4794 4790
4 4795 4791 4792 4796
4 4793 4797 4798 4794
4 4799 4795 4796 4800
4 4797 4801 4802 4798
4 4803 4799 4800 4804
4 4805 4756 4806 4807
4 4759 4808 4809 4810
4 4805 4808 4759 4756
4 4805 4807 4809 4808
4 4756 4755 4811 4806
4 4760 4759 4810 4812
4 4755 4762 4813 4811
4 4764 4760 4812 4814
4 4762 4766 4815 4813
4 4768 4764 4814 4816
4 4766 4770 4817 4815
4 4772 4768 4816 4818
4 4770 4774 4819 4817
4 4776 4772 4818 4820
4 4774 4778 4821 4819
4 4780 4776 4820 4822
4 4778 4782 4823 4821
4 4784 4780 4822 4824
4 4782 4786 4825 4823
4 4788 4784 4824 4826
4 4786 4790 4827 4825
4 4792 4788 4826 4828
4 4790 4794 4829 4827
4 4796 4792 4828 4830
4 4794 4798 4831 4829
4 4800 4796 4830 4832
4 4798 4802 4833 4831
4 4804 4800 4832 4834
4 4807 4806 4835 4836
4 4810 4809 4837 4838
4 4807 4836 4837 4809
4 4806 4811 4839 4835
4 4812 4810 4838 4840
4 4811 4813 4841 4839
4 4814 4812 4840 4842
4 4813 4815 4843 4841
4 4816 4814 4842 4844
4 4815 4817 4845 4843
4 4818 4816 4844 4846
4 4817 4819 4847 4845
4 4820 4818 4846 4848
4 4819 4821 4849 4847
4 4822 4820 4848 4850
4 4821 4823 4851 4849
4 4824 4822 4850 4852
4 4823 4825 4853 4851
4 4826 4824 4852 4854
4 4825 4827 4855 4853
4 4828 4826 4854 4856
4 4827 4829 4857 4855
4 4830 4828 4856 4858
4 4829 4831 4859 4857
4 4832 4830 4858 4860
4 4831 4833 4861 4859
4 4834 4832 4860 4862
4 4863 4836 4864 4865
4 4837 4866 4867 4868
4 4863 4866 4837 4836
4 4863 4865 4867 4866
4 4836 4835 4869 4864
4 4838 4837 4868 4870
4 4835 4839 4871 4869
4 4840 4838 4870 4872
4 4839 4841 4873 4871
4 4842 4840 4872 4874
4 4841 4843 4875 4873
4 4844 4842 4874 4876
4 4843 4845 4877 4875
4 4846 4844 4876 4878
4 4845 4847 4879 4877
4 4848 4846 4878 4880
4 4847 4849 4881 4879
4 4850 4848 4880 4882
4 4849 4851 4883 4881
4 4852 4850 4882 4884
4 4851 4853 4885 4883
4 4854 4852 4884 4886
4 4853 4855 4887 4885
4 4856 4854 4886 4888
4 4855 4857 4889 4887
4 4858 4856 4888 4890
4 4857 4859 4891 4889
4 4860 4858 4890 4892
4 4859 4861 4893 4891
4 4862 4860 4892 4894
4 4865 4864 4895 4896
4 4868 4867 4897 4898
4 4865 4896 4897 4867
4 4864 4869 4899 4895
4 4870 4868 4898 4900
4 4869 4871 4901 4899
4 4872 4870 4900 4902
4 4871 4873 4903 4901
4 4874 4872 4902 4904
4 4873 4875 4905 4903
4 4876 4874 4904 4906
4 4875 4877 4907 4905
4 4878 4876 4906 4908
4 4877 4879 4909 4907
4 4880 4878 4908 4910
4 4879 4881 4911 4909
4 4882 4880 4910 4912
4 4881 4883 4913 4911
4 4884 4882 4912 4914
4 4883 4885 4915 4913
4 4886 4884 4914 4916
4 4885 4887 4917 4915
4 4888 4886 4916 4918
4 4887 4889 4919 4917
4 4890 4888 4918 4920
4 4889 4891 4921 4919
4 4892 4890 4920 4922
4 4891 4893 4923 4921
4 4894 4892 4922 4924
4 4896 4895 4925 4926
4 4898 4897 4927 4928
4 4925 4928 4927 4926
4 4896 4926 4927 4897
4 4895 4899 4929 4925
4 4900 4898 4928 4930
4 4929 4930 4928 4925
4 4899 4901 4931 4929
4 4902 4900 4930 4932
4 4931 4932 4930 4929
4 4901 4903 4933 4931
4 4904 4902 4932 4934
4 4933 4934 4932 4931
4 4903 4905 4935 4933
4 4906 4904 4934 4936
4 4935 4936 4934 4933
4 4905 4907 4937 4935
4 4908 4906 4936 4938
4 4937 4938 4936 4935
4 4907 4909 4939 4937
4 4910 4908 4938 4940
4 4939 4940 4938 4937
4 4909 4911 4941 4939
4 4912 4910 4940 4942
4 4941 4942 4940 4939
4 4911 4913 4943 4941
4 4914 4912 4942 4944
4 4943 4944 4942 4941
4 4913 4915 4945 4943
4 4916 4914 4944 4946
4 4945 4946 4944 4943
4 4915 4917 4947 4945
4 4918 4916 4946 4948
4 4947 4948 4946 4945
4 4917 4919 4949 4947
4 4920 4918 4948 4950
4 4949 4950 4948 4947
4 4919 4921 4951 4949
4 4922 4920 4950 4952
4 4951 4952 4950 4949
4 4921 4923 4953 4951
4 4924 4922 4952 4954
4 4953 4954 4952 4951
4 4326 4325 4955 4956
4 4956 4955 4957 4958
4 4958 4957 4959 4960
4 4960 4959 4961 4962
4 4962 4961 4963 4964
4 4964 4963 4965 4966
4 4966 4965 4967 4968
4 4968 4967 4969 4970
4 4970 4969 4971 4972
4 4972 4971 4973 4974
4 4974 4973 4975 4976
4 4976 4975 4977 4978
4 4978 4977 4979 4980
4 4980 4979 4981 4982
4 4982 4981 4983 4984
4 4984 4983 4985 4986
4 4325 4342 4987 4955
4 4955 4987 4988 4957
4 4957 4988 4989 4959
4 4959 4989 4990 4961
4 4961 4990 4991 4963
4 4963 4991 4992 4965
4 4965 4992 4993 4967
4 4967 4993 4994 4969
4 4969 4994 4995 4971
4 4971 4995 4996 4973
4 4973 4996 4997 4975
4 4975 4997 4998 4977
4 4977 4998 4999 4979
4 4979 4999 5000 4981
4 4981 5000 5001 4983
4 4983 5001 5002 4985
4 4342 4358 5003 4987
4 4987 5003 5004 4988
4 4988 5004 5005 4989
4 4989 5005 5006 4990
4 4990 5006 5007 4991
4 4991 5007 5008 4992
4 4992 5008 5009 4993
4 4993 5009 5010 4994
4 4994 5010 5011 4995
4 4995 5011 5012 4996
4 4996 5012 5013 4997
4 4997 5013 5014 4998
4 4998 5014 5015 4999
4 4999 5015 5016 5000
4 5000 5016 5017 5001
4 5001 5017 5018 5002
4 4358 4374 5019 5003
4 5003 5019 5020 5004
4 5004 5020 5021 5005
4 5005 5021 5022 5006
4 5006 5022 5023 5007
4 5007 5023 5024 5008
4 5008 5024 5025 5009
4 5009 5025 5026 5010
4 5010 5026 5027 5011
4 5011 5027 5028 5012
4 5012 5028 5029 5013
4 5013 5029 5030 5014
4 5014 5030 5031 5015
4 5015 5031 5032 5016
4 5016 5032 5033 5017
4 5017 5033 5034 5018
4 4374 4390 5035 5019
4 5019 5035 5036 5020
4 5020 5036 5037 5021
4 5021 5037 5038 5022
4 5022 5038 5039 5023
4 5023 5039 5040 5024
4 5024 5040 5041 5025
4 5025 5041 5042 5026
4 5026 5042 5043 5027
4 5027 5043 5044 5028
4 5028 5044 5045 5029
4 5029 5045 5046 5030
4 5030 5046 5047 5031
4 5031 5047 5048 5032
4 5032 5048 5049 5033
4 5033 5049 5050 5034
4 4390 4406 5051 5035
4 5035 5051 5052 5036
4 5036 5052 5053 5037
4 5037 5053 5054 5038
4 5038 5054 5055 5039
4 5039 5055 5056 5040
4 5040 5056 5057 5041
4 5041 5057 5058 5042
4 5042 5058 5059 5043
4 5043 5059 5060 5044
4 5044 5060 5061 5045
4 5045 5061 5062 5046
4 5046 5062 5063 5047
4 5047 5063 5064 5048
4 5048 5064 5065 5049
4 5049 5065 5066 5050
4 5067 4435 4436 5068
4 4406 4435 5067 5051
4 5069 5067 5068 5070
4 5051 5067 5069 5052
4 5071 5069 5070 5072
4 5052 5069 5071 5053
4 5073 5071 5072 5074
4 5053 5071 5073 5054
4 5075 5073 5074 5076
4 5054 5073 5075 5055
4 5077 5075 5076 5078
4 5055 5075 5077 5056
4 5079 5077 5078 5080
4 5056 5077 5079 5057
4 5081 5079 5080 5082
4 5057 5079 5081 5058
4 5083 5081 5082 5084
4 5058 5081 5083 5059
4 5085 5083 5084 5086
4 5059 5083 5085 5060
4 5087 5085 5086 5088
4 5060 5085 5087 5061
4 5089 5087 5088 5090
4 5061 5087 5089 5062
4 5091 5089 5090 5092
4 5062 5089 5091 5063
4 5093 5091 5092 5094
4 5063 5091 5093 5064
4 5095 5093 5094 5096
4 5064 5093 5095 5065
4 5097 5095 5096 5098
4 5065 5095 5097 5066
4 5099 4483 4484 5100
4 4436 4483 5099 5068
4 5101 5099 5100 5102
4 5068 5099 5101 5070
4 5103 5101 5102 5104
4 5070 5101 5103 5072
4 5105 5103 5104 5106
4 5072 5103 5105 5074
4 5107 5105 5106 5108
4 5074 5105 5107 5076
4 5109 5107 5108 5110
4 5076 5107 5109 5078
4 5111 5109 5110 5112
4 5078 5109 5111 5080
4 5113 5111 5112 5114
4 5080 5111 5113 5082
4 5115 5113 5114 5116
4 5082 5113 5115 5084
4 5117 5115 5116 5118
4 5084 5115 5117 5086
4 5119 5117 5118 5120
4 5086 5117 5119 5088
4 5121 5119 5120 5122
4 5088 5119 5121 5090
4 5123 5121 5122 5124
4 5090 5121 5123 5092
4 5125 5123 5124 5126
4 5092 5123 5125 5094
4 5127 5125 5126 5128
4 5094 5125 5127 5096
4 5129 5127 5128 5130
4 5096 5127 5129 5098
4 5131 4535 4536 5132
4 4484 4535 5131 5100
4 5133 5131 5132 5134
4 5100 5131 5133 5102
4 5135 5133 5134 5136
4 5102 5133 5135 5104
4 5137 5135 5136 5138
4 5104 5135 5137 5106
4 5139 5137 5138 5140
4 5106 5137 5139 5108
4 5141 5139 5140 5142
4 5108 5139 5141 5110
4 5143 5141 5142 5144
4 5110 5141 5143 5112
4 5145 5143 5144 5146
4 5112 5143 5145 5114
4 5147 5145 5146 5148
4 5114 5145 5147 5116
4 5149 5147 5148 5150
4 5116 5147 5149 5118
4 5151 5149 5150 5152
4 5118 5149 5151 5120
4 5153 5151 5152 5154
4 5120 5151 5153 5122
4 5155 5153 5154 5156
4 5122 5153 5155 5124
4 5157 5155 5156 5158
4 5124 5155 5157 5126
4 5159 5157 5158 5160
4 5126 5157 5159 5128
4 5161 5159 5160 5162
4 5128 5159 5161 5130
4 5163 5164 4577 4576
4 5165 5166 5164 5163
4 5167 5168 5166 5165
4 5169 5170 5168 5167
4 5171 5172 5170 5169
4 5173 5174 5172 5171
4 5175 5176 5174 5173
4 5177 5178 5176 5175
4 5179 5180 5178 5177
4 5181 5182 5180 5179
4 5183 5184 5182 5181
4 5185 5186 5184 5183
4 5187 5188 5186 5185
4 5189 5190 5188 5187
4 5191 5192 5190 5189
4 5193 5194 5192 5191
4 5132 4536 4594 5195
4 5164 5195 4594 4577
4 5134 5132 5195 5196
4 5166 5196 5195 5164
4 5136 5134 5196 5197
4 5168 5197 5196 5166
4 5138 5136 5197 5198
4 5170 5198 5197 5168
4 5140 5138 5198 5199
4 5172 5199 5198 5170
4 5142 5140 5199 5200
4 5174 5200 5199 5172
4 5144 5142 5200 5201
4 5176 5201 5200 5174
4 5146 5144 5201 5202
4 5178 5202 5201 5176
4 5148 5146 5202 5203
4 5180 5203 5202 5178
4 5150 5148 5203 5204
4 5182 5204 5203 5180
4 5152 5150 5204 5205
4 5184 5205 5204 5182
4 5154 5152 5205 5206
4 5186 5206 5205 5184
4 5156 5154 5206 5207
4 5188 5207 5206 5186
4 5158 5156 5207 5208
4 5190 5208 5207 5188
4 5160 5158 5208 5209
4 5192 5209 5208 5190
4 5162 5160 5209 5210
4 5194 5210 5209 5192
4 5163 4576 4639 5211
4 5212 5211 4639 4640
4 5165 5163 5211 5213
4 5214 5213 5211 5212
4 5167 5165 5213 5215
4 5216 5215 5213 5214
4 5169 5167 5215 5217
4 5218 5217 5215 5216
4 5171 5169 5217 5219
4 5220 5219 5217 5218
4 5173 5171 5219 5221
4 5222 5221 5219 5220
4 5175 5173 5221 5223
4 5224 5223 5221 5222
4 5177 5175 5223 5225
4 5226 5225 5223 5224
4 5179 5177 5225 5227
4 5228 5227 5225 5226
4 5181 5179 5227 5229
4 5230 5229 5227 5228
4 5183 5181 5229 5231
4 5232 5231 5229 5230
4 5185 5183 5231 5233
4 5234 5233 5231 5232
4 5187 5185 5233 5235
4 5236 5235 5233 5234
4 5189 5187 5235 5237
4 5238 5237 5235 5236
4 5191 5189 5237 5239
4 5240 5239 5237 5238
4 5193 5191 5239 5241
4 5242 5241 5239 5240
4 5243 5244 4672 4671
4 5245 5246 5244 5243
4 5247 5248 5246 5245
4 5249 5250 5248 5247
4 5251 5252 5250 5249
4 5253 5254 5252 5251
4 5255 5256 5254 5253
4 5257 5258 5256 5255
4 5259 5260 5258 5257
4 5261 5262 5260 5259
4 5263 5264 5262 5261
4 5265 5266 5264 5263
4 5267 5268 5266 5265
4 5269 5270 5268 5267
4 5271 5272 5270 5269
4 5273 5274 5272 5271
4 5244 5275 4688 4672
4 5246 5276 5275 5244
4 5248 5277 5276 5246
4 5250 5278 5277 5248
4 5252 5279 5278 5250
4 5254 5280 5279 5252
4 5256 5281 5280 5254
4 5258 5282 5281 5256
4 5260 5283 5282 5258
4 5262 5284 5283 5260
4 5264 5285 5284 5262
4 5266 5286 5285 5264
4 5268 5287 5286 5266
4 5270 5288 5287 5268
4 5272 5289 5288 5270
4 5274 5290 5289 5272
4 5275 5291 4704 4688
4 5276 5292 5291 5275
4 5277 5293 5292 5276
4 5278 5294 5293 5277
4 5279 5295 5294 5278
4 5280 5296 5295 5279
4 5281 5297 5296 5280
4 5282 5298 5297 5281
4 5283 5299 5298 5282
4 5284 5300 5299 5283
4 5285 5301 5300 5284
4 5286 5302 5301 5285
4 5287 5303 5302 5286
4 5288 5304 5303 5287
4 5289 5305 5304 5288
4 5290 5306 5305 5289
4 5291 5307 4720 4704
4 5292 5308 5307 5291
4 5293 5309 5308 5292
4 5294 5310 5309 5293
4 5295 5311 5310 5294
4 5296 5312 5311 5295
4 5297 5313 5312 5296
4 5298 5314 5313 5297
4 5299 5315 5314 5298
4 5300 5316 5315 5299
4 5301 5317 5316 5300
4 5302 5318 5317 5301
4 5303 5319 5318 5302
4 5304 5320 5319 5303
4 5305 5321 5320 5304
4 5306 5322 5321 5305
4 5314 5323 5324 5313
4 5315 5325 5323 5314
4 5316 5326 5325 5315
4 5317 5327 5326 5316
4 5318 5328 5327 5317
4 5319 5329 5328 5318
4 5320 5330 5329 5319
4 5321 5331 5330 5320
4 5322 5332 5331 5321
4 5212 4640 4751 5333
4 5334 5333 4751 4752
4 5214 5212 5333 5335
4 5336 5335 5333 5334
4 5216 5214 5335 5337
4 5338 5337 5335 5336
4 5218 5216 5337 5339
4 5340 5339 5337 5338
4 5220 5218 5339 5341
4 5342 5341 5339 5340
4 5222 5220 5341 5343
4 5344 5343 5341 5342
4 5224 5222 5343 5345
4 5324 5345 5343 5344
4 5226 5224 5345 5346
4 5323 5346 5345 5324
4 5228 5226 5346 5347
4 5325 5347 5346 5323
4 5230 5228 5347 5348
4 5326 5348 5347 5325
4 5232 5230 5348 5349
4 5327 5349 5348 5326
4 5234 5232 5349 5350
4 5328 5350 5349 5327
4 5236 5234 5350 5351
4 5329 5351 5350 5328
4 5238 5236 5351 5352
4 5330 5352 5351 5329
4 5240 5238 5352 5353
4 5331 5353 5352 5330
4 5242 5240 5353 5354
4 5332 5354 5353 5331
4 4801 5355 5356 4802
4 5357 4803 4804 5358
4 5355 5359 5360 5356
4 5361 5357 5358 5362
4 5359 5363 5364 5360
4 5365 5361 5362 5366
4 5363 5367 5368 5364
4 5369 5365 5366 5370
4 5367 5371 5372 5368
4 5373 5369 5370 5374
4 5371 5375 5376 5372
4 5377 5373 5374 5378
4 5375 5379 5380 5376
4 5381 5377 5378 5382
4 5379 5381 5382 5380
4 4802 5356 5383 4833
4 5358 4804 4834 5384
4 5356 5360 5385 5383
4 5362 5358 5384 5386
4 5385 5386 5384 5383
4 5360 5364 5387 5385
4 5366 5362 5386 5388
4 5387 5388 5386 5385
4 5364 5368 5389 5387
4 5370 5366 5388 5390
4 5389 5390 5388 5387
4 5368 5372 5391 5389
4 5374 5370 5390 5392
4 5372 5376 5393 5391
4 5378 5374 5392 5394
4 5376 5380 5395 5393
4 5382 5378 5394 5396
4 5380 5382 5396 5395
4 4833 5383 5397 4861
4 5384 4834 4862 5398
4 5383 5384 5398 5397
4 5389 5391 5399 5400
4 5392 5390 5401 5402
4 5389 5400 5401 5390
4 5391 5393 5403 5399
4 5394 5392 5402 5404
4 5393 5395 5405 5403
4 5396 5394 5404 5406
4 5395 5407 5408 5405
4 5409 5396 5406 5410
4 5395 5396 5409 5407
4 5407 5411 5412 5408
4 5413 5409 5410 5414
4 5407 5409 5413 5411
4 5411 5415 5416 5412
4 5417 5413 5414 5418
4 5411 5413 5417 5415
4 5415 5417 5418 5416
4 4861 5397 5419 4893
4 5398 4862 4894 5420
4 5397 5398 5420 5419
4 5400 5399 5421 5422
4 5402 5401 5423 5424
4 5400 5422 5423 5401
4 5399 5403 5425 5421
4 5404 5402 5424 5426
4 5403 5405 5427 5425
4 5406 5404 5426 5428
4 5405 5408 5429 5427
4 5410 5406 5428 5430
4 5408 5412 5431 5429
4 5414 5410 5430 5432
4 5412 5416 5433 5431
4 5418 5414 5432 5434
4 5416 5418 5434 5433
4 4893 5419 5435 4923
4 5420 4894 4924 5436
4 5419 5420 5436 5435
4 5422 5421 5437 5438
4 5424 5423 5439 5440
4 5422 5438 5439 5423
4 5421 5425 5441 5437
4 5426 5424 5440 5442
4 5425 5427 5443 5441
4 5428 5426 5442 5444
4 5427 5429 5445 5443
4 5430 5428 5444 5446
4 5429 5431 5447 5445
4 5432 5430 5446 5448
4 5431 5433 5449 5447
4 5434 5432 5448 5450
4 5433 5451 5452 5449
4 5453 5434 5450 5454
4 5433 5434 5453 5451
4 5451 5453 5454 5452
4 4923 5435 5455 4953
4 5436 4924 4954 5456
4 5455 5456 4954 4953
4 5435 5457 5458 5455
4 5459 5436 5456 5460
4 5435 5436 5459 5457
4 5458 5460 5456 5455
4 5457 5461 5462 5458
4 5463 5459 5460 5464
4 5457 5459 5463 5461
4 5462 5464 5460 5458
4 5461 5438 5465 5462
4 5439 5463 5464 5466
4 5461 5463 5439 5438
4 5465 5466 5464 5462
4 5438 5437 5467 5465
4 5440 5439 5466 5468
4 5467 5468 5466 5465
4 5437 5441 5469 5467
4 5442 5440 5468 5470
4 5469 5470 5468 5467
4 5441 5443 5471 5469
4 5444 5442 5470 5472
4 5471 5472 5470 5469
4 5443 5445 5473 5471
4 5446 5444 5472 5474
4 5473 5474 5472 5471
4 5445 5447 5475 5473
4 5448 5446 5474 5476
4 5475 5476 5474 5473
4 5447 5449 5477 5475
4 5450 5448 5476 5478
4 5477 5478 5476 5475
4 5449 5452 5479 5477
4 5454 5450 5478 5480
4 5479 5480 5478 5477
4 5452 5454 5480 5479
4 4986 4985 5481 5482
4 5482 5481 5483 5484
4 5484 5483 5485 5486
4 5486 5485 5487 5488
4 5488 5487 5489 5490
4 5490 5489 5491 5492
4 5492 5491 5493 5494
4 5494 5493 5495 5496
4 5496 5495 5497 5498
4 5498 5497 5499 5500
4 5500 5499 5501 5502
4 5502 5501 5503 5504
4 5504 5503 5505 5506
4 5506 5505 5507 5508
4 5508 5507 5509 5510
4 5510 5509 5511 5512
4 4985 5002 5513 5481
4 5481 5513 5514 5483
4 5483 5514 5515 5485
4 5485 5515 5516 5487
4 5487 5516 5517 5489
4 5489 5517 5518 5491
4 5491 5518 5519 5493
4 5493 5519 5520 5495
4 5495 5520 5521 5497
4 5497 5521 5522 5499
4 5499 5522 5523 5501
4 5501 5523 5524 5503
4 5503 5524 5525 5505
4 5505 5525 5526 5507
4 5507 5526 5527 5509
4 5509 5527 5528 5511
4 5002 5018 5529 5513
4 5513 5529 5530 5514
4 5514 5530 5531 5515
4 5515 5531 5532 5516
4 5516 5532 5533 5517
4 5517 5533 5534 5518
4 5518 5534 5535 5519
4 5519 5535 5536 5520
4 5520 5536 5537 5521
4 5521 5537 5538 5522
4 5522 5538 5539 5523
4 5523 5539 5540 5524
4 5524 5540 5541 5525
4 5525 5541 5542 5526
4 5526 5542 5543 5527
4 5527 5543 5544 5528
4 5018 5034 5545 5529
4 5529 5545 5546 5530
4 5530 5546 5547 5531
4 5531 5547 5548 5532
4 5532 5548 5549 5533
4 5533 5549 5550 5534
4 5534 5550 5551 5535
4 5535 5551 5552 5536
4 5536 5552 5553 5537
4 5537 5553 5554 5538
4 5538 5554 5555 5539
4 5539 5555 5556 5540
4 5540 5556 5557 5541
4 5541 5557 5558 5542
4 5542 5558 5559 5543
4 5543 5559 5560 5544
4 5034 5050 5561 5545
4 5545 5561 5562 5546
4 5546 5562 5563 5547
4 5547 5563 5564 5548
4 5548 5564 5565 5549
4 5549 5565 5566 5550
4 5550 5566 5567 5551
4 5551 5567 5568 5552
4 5552 5568 5569 5553
4 5553 5569 5570 5554
4 5554 5570 5571 5555
4 5555 5571 5572 5556
4 5556 5572 5573 5557
4 5557 5573 5574 5558
4 5558 5574 5575 5559
4 5559 5575 5576 5560
4 5050 5066 5577 5561
4 5561 5577 5578 5562
4 5562 5578 5579 5563
4 5563 5579 5580 5564
4 5564 5580 5581 5565
4 5565 5581 5582 5566
4 5566 5582 5583 5567
4 5567 5583 5584 5568
4 5568 5584 5585 5569
4 5569 5585 5586 5570
4 5570 5586 5587 5571
4 5571 5587 5588 5572
4 5572 5588 5589 5573
4 5573 5589 5590 5574
4 5574 5590 5591 5575
4 5575 5591 5592 5576
4 5593 5097 5098 5594
4 5066 5097 5593 5577
4 5595 5593 5594 5596
4 5577 5593 5595 5578
4 5597 5595 5596 5598
4 5578 5595 5597 5579
4 5599 5597 5598 5600
4 5579 5597 5599 5580
4 5601 5599 5600 5602
4 5580 5599 5601 5581
4 5603 5601 5602 5604
4 5581 5601 5603 5582
4 5605 5603 5604 5606
4 5582 5603 5605 5583
4 5607 5605 5606 5608
4 5583 5605 5607 5584
4 5609 5607 5608 5610
4 5584 5607 5609 5585
4 5611 5609 5610 5612
4 5585 5609 5611 5586
4 5613 5611 5612 5614
4 5586 5611 5613 5587
4 5615 5613 5614 5616
4 5587 5613 5615 5588
4 5617 5615 5616 5618
4 5588 5615 5617 5589
4 5619 5617 5618 5620
4 5589 5617 5619 5590
4 5621 5619 5620 5622
4 5590 5619 5621 5591
4 5623 5621 5622 5624
4 5591 5621 5623 5592
4 5625 5129 5130 5626
4 5098 5129 5625 5594
4 5627 5625 5626 5628
4 5594 5625 5627 5596
4 5629 5627 5628 5630
4 5596 5627 5629 5598
4 5631 5629 5630 5632
4 5598 5629 5631 5600
4 5633 5631 5632 5634
4 5600 5631 5633 5602
4 5635 5633 5634 5636
4 5602 5633 5635 5604
4 5637 5635 5636 5638
4 5604 5635 5637 5606
4 5639 5637 5638 5640
4 5606 5637 5639 5608
4 5641 5639 5640 5642
4 5608 5639 5641 5610
4 5643 5641 5642 5644
4 5610 5641 5643 5612
4 5645 5643 5644 5646
4 5612 5643 5645 5614
4 5647 5645 5646 5648
4 5614 5645 5647 5616
4 5649 5647 5648 5650
4 5616 5647 5649 5618
4 5651 5649 5650 5652
4 5618 5649 5651 5620
4 5653 5651 5652 5654
4 5620 5651 5653 5622
4 5655 5653 5654 5656
4 5622 5653 5655 5624
4 5657 5161 5162 5658
4 5130 5161 5657 5626
4 5659 5657 5658 5660
4 5626 5657 5659 5628
4 5661 5659 5660 5662
4 5628 5659 5661 5630
4 5663 5661 5662 5664
4 5630 5661 5663 5632
4 5665 5663 5664 5666
4 5632 5663 5665 5634
4 5667 5665 5666 5668
4 5634 5665 5667 5636
4 5669 5667 5668 5670
4 5636 5667 5669 5638
4 5671 5669 5670 5672
4 5638 5669 5671 5640
4 5673 5671 5672 5674
4 5640 5671 5673 5642
4 5675 5673 5674 5676
4 5642 5673 5675 5644
4 5677 5675 5676 5678
4 5644 5675 5677 5646
4 5679 5677 5678 5680
4 5646 5677 5679 5648
4 5681 5679 5680 5682
4 5648 5679 5681 5650
4 5683 5681 5682 5684
4 5650 5681 5683 5652
4 5685 5683 5684 5686
4 5652 5683 5685 5654
4 5687 5685 5686 5688
4 5654 5685 5687 5656
4 5689 5690 5194 5193
4 5691 5692 5690 5689
4 5693 5694 5692 5691
4 5695 5696 5694 5693
4 5697 5698 5696 5695
4 5699 5700 5698 5697
4 5701 5702 5700 5699
4 5703 5704 5702 5701
4 5705 5706 5704 5703
4 5707 5708 5706 5705
4 5709 5710 5708 5707
4 5711 5712 5710 5709
4 5713 5714 5712 5711
4 5715 5716 5714 5713
4 5717 5718 5716 5715
4 5719 5720 5718 5717
4 5658 5162 5210 5721
4 5690 5721 5210 5194
4 5660 5658 5721 5722
4 5692 5722 5721 5690
4 5662 5660 5722 5723
4 5694 5723 5722 5692
4 5664 5662 5723 5724
4 5696 5724 5723 5694
4 5666 5664 5724 5725
4 5698 5725 5724 5696
4 5668 5666 5725 5726
4 5700 5726 5725 5698
4 5670 5668 5726 5727
4 5702 5727 5726 5700
4 5672 5670 5727 5728
4 5704 5728 5727 5702
4 5674 5672 5728 5729
4 5706 5729 5728 5704
4 5676 5674 5729 5730
4 5708 5730 5729 5706
4 5678 5676 5730 5731
4 5710 5731 5730 5708
4 5680 5678 5731 5732
4 5712 5732 5731 5710
4 5682 5680 5732 5733
4 5714 5733 5732 5712
4 5684 5682 5733 5734
4 5716 5734 5733 5714
4 5686 5684 5734 5735
4 5718 5735 5734 5716
4 5688 5686 5735 5736
4 5720 5736 5735 5718
4 5689 5193 5241 5737
4 5738 5737 5241 5242
4 5691 5689 5737 5739
4 5740 5739 5737 5738
4 5693 5691 5739 5741
4 5742 5741 5739 5740
4 5695 5693 5741 5743
4 5744 5743 5741 5742
4 5697 5695 5743 5745
4 5746 5745 5743 5744
4 5699 5697 5745 5747
4 5748 5747 5745 5746
4 5701 5699 5747 5749
4 5750 5749 5747 5748
4 5703 5701 5749 5751
4 5752 5751 5749 5750
4 5705 5703 5751 5753
4 5754 5753 5751 5752
4 5707 5705 5753 5755
4 5756 5755 5753 5754
4 5709 5707 5755 5757
4 5758 5757 5755 5756
4 5711 5709 5757 5759
4 5760 5759 5757 5758
4 5713 5711 5759 5761
4 5762 5761 5759 5760
4 5715 5713 5761 5763
4 5764 5763 5761 5762
4 5717 5715 5763 5765
4 5766 5765 5763 5764
4 5719 5717 5765 5767
4 5768 5767 5765 5766
4 5769 5770 5274 5273
4 5771 5772 5770 5769
4 5773 5774 5772 5771
4 5775 5776 5774 5773
4 5777 5778 5776 5775
4 5779 5780 5778 5777
4 5781 5782 5780 5779
4 5783 5784 5782 5781
4 5785 5786 5784 5783
4 5787 5788 5786 5785
4 5789 5790 5788 5787
4 5791 5792 5790 5789
4 5793 5794 5792 5791
4 5795 5796 5794 5793
4 5797 5798 5796 5795
4 5799 5800 5798 5797
4 5770 5801 5290 5274
4 5772 5802 5801 5770
4 5774 5803 5802 5772
4 5776 5804 5803 5774
4 5778 5805 5804 5776
4 5780 5806 5805 5778
4 5782 5807 5806 5780
4 5784 5808 5807 5782
4 5786 5809 5808 5784
4 5788 5810 5809 5786
4 5790 5811 5810 5788
4 5792 5812 5811 5790
4 5794 5813 5812 5792
4 5796 5814 5813 5794
4 5798 5815 5814 5796
4 5800 5816 5815 5798
4 5801 5817 5306 5290
4 5802 5818 5817 5801
4 5803 5819 5818 5802
4 5804 5820 5819 5803
4 5805 5821 5820 5804
4 5806 5822 5821 5805
4 5807 5823 5822 5806
4 5808 5824 5823 5807
4 5809 5825 5824 5808
4 5810 5826 5825 5809
4 5811 5827 5826 5810
4 5812 5828 5827 5811
4 5813 5829 5828 5812
4 5814 5830 5829 5813
4 5815 5831 5830 5814
4 5816 5832 5831 5815
4 5817 5833 5322 5306
4 5818 5834 5833 5817
4 5819 5835 5834 5818
4 5820 5836 5835 5819
4 5821 5837 5836 5820
4 5822 5838 5837 5821
4 5823 5839 5838 5822
4 5824 5840 5839 5823
4 5825 5841 5840 5824
4 5826 5842 5841 5825
4 5827 5843 5842 5826
4 5828 5844 5843 5827
4 5829 5845 5844 5828
4 5830 5846 5845 5829
4 5831 5847 5846 5830
4 5832 5848 5847 5831
4 5833 5849 5332 5322
4 5834 5850 5849 5833
4 5835 5851 5850 5834
4 5836 5852 5851 5835
4 5837 5853 5852 5836
4 5838 5854 5853 5837
4 5839 5855 5854 5838
4 5840 5856 5855 5839
4 5841 5857 5856 5840
4 5842 5858 5857 5841
4 5843 5859 5858 5842
4 5844 5860 5859 5843
4 5845 5861 5860 5844
4 5846 5862 5861 5845
4 5847 5863 5862 5846
4 5848 5864 5863 5847
4 5738 5242 5354 5865
4 5849 5865 5354 5332
4 5740 5738 5865 5866
4 5850 5866 5865 5849
4 5742 5740 5866 5867
4 5851 5867 5866 5850
4 5744 5742 5867 5868
4 5852 5868 5867 5851
4 5746 5744 5868 5869
4 5853 5869 5868 5852
4 5748 5746 5869 5870
4 5854 5870 5869 5853
4 5750 5748 5870 5871
4 5855 5871 5870 5854
4 5752 5750 5871 5872
4 5856 5872 5871 5855
4 5754 5752 5872 5873
4 5857 5873 5872 5856
4 5756 5754 5873 5874
4 5858 5874 5873 5857
4 5758 5756 5874 5875
4 5859 5875 5874 5858
4 5760 5758 5875 5876
4 5860 5876 5875 5859
4 5762 5760 5876 5877
4 5861 5877 5876 5860
4 5764 5762 5877 5878
4 5862 5878 5877 5861
4 5766 5764 5878 5879
4 5863 5879 5878 5862
4 5768 5766 5879 5880
4 5864 5880 5879 5863
4 5512 5511 5881 5882
4 5882 5881 5883 5884
4 5884 5883 5885 5886
4 5886 5885 5887 5888
4 5888 5887 5889 5890
4 5890 5889 5891 5892
4 5892 5891 5893 5894
4 5894 5893 5895 5896
4 5896 5895 5897 5898
4 5898 5897 5899 5900
4 5900 5899 5901 5902
4 5902 5901 5903 5904
4 5904 5903 5905 5906
4 5906 5905 5907 5908
4 5908 5907 5909 5910
4 5910 5909 5911 5912
4 5511 5528 5913 5881
4 5881 5913 5914 5883
4 5883 5914 5915 5885
4 5885 5915 5916 5887
4 5887 5916 5917 5889
4 5889 5917 5918 5891
4 5891 5918 5919 5893
4 5893 5919 5920 5895
4 5895 5920 5921 5897
4 5897 5921 5922 5899
4 5899 5922 5923 5901
4 5901 5923 5924 5903
4 5903 5924 5925 5905
4 5905 5925 5926 5907
4 5907 5926 5927 5909
4 5909 5927 5928 5911
4 5528 5544 5929 5913
4 5913 5929 5930 5914
4 5914 5930 5931 5915
4 5915 5931 5932 5916
4 5916 5932 5933 5917
4 5917 5933 5934 5918
4 5918 5934 5935 5919
4 5919 5935 5936 5920
4 5920 5936 5937 5921
4 5921 5937 5938 5922
4 5922 5938 5939 5923
4 5923 5939 5940 5924
4 5924 5940 5941 5925
4 5925 5941 5942 5926
4 5926 5942 5943 5927
4 5927 5943 5944 5928
4 5544 5560 5945 5929
4 5929 5945 5946 5930
4 5930 5946 5947 5931
4 5931 5947 5948 5932
4 5932 5948 5949 5933
4 5933 5949 5950 5934
4 5934 5950 5951 5935
4 5935 5951 5952 5936
4 5936 5952 5953 5937
4 5937 5953 5954 5938
4 5938 5954 5955 5939
4 5939 5955 5956 5940
4 5940 5956 5957 5941
4 5941 5957 5958 5942
4 5942 5958 5959 5943
4 5943 5959 5960 5944
4 5560 5576 5961 5945
4 5945 5961 5962 5946
4 5946 5962 5963 5947
4 5947 5963 5964 5948
4 5948 5964 5965 5949
4 5949 5965 5966 5950
4 5950 5966 5967 5951
4 5951 5967 5968 5952
4 5952 5968 5969 5953
4 5953 5969 5970 5954
4 5954 5970 5971 5955
4 5955 5971 5972 5956
4 5956 5972 5973 5957
4 5957 5973 5974 5958
4 5958 5974 5975 5959
4 5959 5975 5976 5960
4 5576 5592 5977 5961
4 5961 5977 5978 5962
4 5962 5978 5979 5963
4 5963 5979 5980 5964
4 5964 5980 5981 5965
4 5965 5981 5982 5966
4 5966 5982 5983 5967
4 5967 5983 5984 5968
4 5968 5984 5985 5969
4 5969 5985 5986 5970
4 5970 5986 5987 5971
4 5971 5987 5988 5972
4 5972 5988 5989 5973
4 5973 5989 5990 5974
4 5974 5990 5991 5975
4 5975 5991 5992 5976
4 5993 5623 5624 5994
4 5592 5623 5993 5977
4 5995 5993 5994 5996
4 5977 5993 5995 5978
4 5997 5995 5996 5998
4 5978 5995 5997 5979
4 5999 5997 5998 6000
4 5979 5997 5999 5980
4 6001 5999 6000 6002
4 5980 5999 6001 5981
4 6003 6001 6002 6004
4 5981 6001 6003 5982
4 6005 6003 6004 6006
4 5982 6003 6005 5983
4 6007 6005 6006 6008
4 5983 6005 6007 5984
4 6009 6007 6008 6010
4 5984 6007 6009 5985
4 6011 6009 6010 6012
4 5985 6009 6011 5986
4 6013 6011 6012 6014
4 5986 6011 6013 5987
4 6015 6013 6014 6016
4 5987 6013 6015 5988
4 6017 6015 6016 6018
4 5988 6015 6017 5989
4 6019 6017 6018 6020
4 5989 6017 6019 5990
4 6021 6019 6020 6022
4 5990 6019 6021 5991
4 6023 6021 6022 6024
4 5991 6021 6023 5992
4 6025 5655 5656 6026
4 5624 5655 6025 5994
4 6027 6025 6026 6028
4 5994 6025 6027 5996
4 6029 6027 6028 6030
4 5996 6027 6029 5998
4 6031 6029 6030 6032
4 5998 6029 6031 6000
4 6033 6031 6032 6034
4 6000 6031 6033 6002
4 6035 6033 6034 6036
4 6002 6033 6035 6004
4 6037 6035 6036 6038
4 6004 6035 6037 6006
4 6039 6037 6038 6040
4 6006 6037 6039 6008
4 6041 6039 6040 6042
4 6008 6039 6041 6010
4 6043 6041 6042 6044
4 6010 6041 6043 6012
4 6045 6043 6044 6046
4 6012 6043 6045 6014
4 6047 6045 6046 6048
4 6014 6045 6047 6016
4 6049 6047 6048 6050
4 6016 6047 6049 6018
4 6051 6049 6050 6052
4 6018 6049 6051 6020
4 6053 6051 6052 6054
4 6020 6051 6053 6022
4 6055 6053 6054 6056
4 6022 6053 6055 6024
4 6057 5687 5688 6058
4 5656 5687 6057 6026
4 6059 6057 6058 6060
4 6026 6057 6059 6028
4 6061 6059 6060 6062
4 6028 6059 6061 6030
4 6063 6061 6062 6064
4 6030 6061 6063 6032
4 6065 6063 6064 6066
4 6032 6063 6065 6034
4 6067 6065 6066 6068
4 6034 6065 6067 6036
4 6069 6067 6068 6070
4 6036 6067 6069 6038
4 6071 6069 6070 6072
4 6038 6069 6071 6040
4 6073 6071 6072 6074
4 6040 6071 6073 6042
4 6075 6073 6074 6076
4 6042 6073 6075 6044
4 6077 6075 6076 6078
4 6044 6075 6077 6046
4 6079 6077 6078 6080
4 6046 6077 6079 6048
4 6081 6079 6080 6082
4 6048 6079 6081 6050
4 6083 6081 6082 6084
4 6050 6081 6083 6052
4 6085 6083 6084 6086
4 6052 6083 6085 6054
4 6087 6085 6086 6088
4 6054 6085 6087 6056
4 6089 6090 5720 5719
4 6091 6092 6090 6089
4 6093 6094 6092 6091
4 6095 6096 6094 6093
4 6097 6098 6096 6095
4 6099 6100 6098 6097
4 6101 6102 6100 6099
4 6103 6104 6102 6101
4 6105 6106 6104 6103
4 6107 6108 6106 6105
4 6109 6110 6108 6107
4 6111 6112 6110 6109
4 6113 6114 6112 6111
4 6115 6116 6114 6113
4 6117 6118 6116 6115
4 6119 6120 6118 6117
4 6058 5688 5736 6121
4 6090 6121 5736 5720
4 6060 6058 6121 6122
4 6092 6122 6121 6090
4 6062 6060 6122 6123
4 6094 6123 6122 6092
4 6064 6062 6123 6124
4 6096 6124 6123 6094
4 6066 6064 6124 6125
4 6098 6125 6124 6096
4 6068 6066 6125 6126
4 6100 6126 6125 6098
4 6070 6068 6126 6127
4 6102 6127 6126 6100
4 6072 6070 6127 6128
4 6104 6128 6127 6102
4 6074 6072 6128 6129
4 6106 6129 6128 6104
4 6076 6074 6129 6130
4 6108 6130 6129 6106
4 6078 6076 6130 6131
4 6110 6131 6130 6108
4 6080 6078 6131 6132
4 6112 6132 6131 6110
4 6082 6080 6132 6133
4 6114 6133 6132 6112
4 6084 6082 6133 6134
4 6116 6134 6133 6114
4 6086 6084 6134 6135
4 6118 6135 6134 6116
4 6088 6086 6135 6136
4 6120 6136 6135 6118
4 6089 5719 5767 6137
4 6138 6137 5767 5768
4 6091 6089 6137 6139
4 6140 6139 6137 6138
4 6093 6091 6139 6141
4 6142 6141 6139 6140
4 6095 6093 6141 6143
4 6144 6143 6141 6142
4 6097 6095 6143 6145
4 6146 6145 6143 6144
4 6099 6097 6145 6147
4 6148 6147 6145 6146
4 6101 6099 6147 6149
4 6150 6149 6147 6148
4 6103 6101 6149 6151
4 6152 6151 6149 6150
4 6105 6103 6151 6153
4 6154 6153 6151 6152
4 6107 6105 6153 6155
4 6156 6155 6153 6154
4 6109 6107 6155 6157
4 6158 6157 6155 6156
4 6111 6109 6157 6159
4 6160 6159 6157 6158
4 6113 6111 6159 6161
4 6162 6161 6159 6160
4 6115 6113 6161 6163
4 6164 6163 6161 6162
4 6117 6115 6163 6165
4 6166 6165 6163 6164
4 6119 6117 6165 6167
4 6168 6167 6165 6166
4 6169 6170 5800 5799
4 6171 6172 6170 6169
4 6173 6174 6172 6171
4 6175 6176 6174 6173
4 6177 6178 6176 6175
4 6179 6180 6178 6177
4 6181 6182 6180 6179
4 6183 6184 6182 6181
4 6185 6186 6184 6183
4 6187 6188 6186 6185
4 6189 6190 6188 6187
4 6191 6192 6190 6189
4 6193 6194 6192 6191
4 6195 6196 6194 6193
4 6197 6198 6196 6195
4 6199 6200 6198 6197
4 6170 6201 5816 5800
4 6172 6202 6201 6170
4 6174 6203 6202 6172
4 6176 6204 6203 6174
4 6178 6205 6204 6176
4 6180 6206 6205 6178
4 6182 6207 6206 6180
4 6184 6208 6207 6182
4 6186 6209 6208 6184
4 6188 6210 6209 6186
4 6190 6211 6210 6188
4 6192 6212 6211 6190
4 6194 6213 6212 6192
4 6196 6214 6213 6194
4 6198 6215 6214 6196
4 6200 6216 6215 6198
4 6201 6217 5832 5816
4 6202 6218 6217 6201
4 6203 6219 6218 6202
4 6204 6220 6219 6203
4 6205 6221 6220 6204
4 6206 6222 6221 6205
4 6207 6223 6222 6206
4 6208 6224 6223 6207
4 6209 6225 6224 6208
4 6210 6226 6225 6209
4 6211 6227 6226 6210
4 6212 6228 6227 6211
4 6213 6229 6228 6212
4 6214 6230 6229 6213
4 6215 6231 6230 6214
4 6216 6232 6231 6215
4 6217 6233 5848 5832
4 6218 6234 6233 6217
4 6219 6235 6234 6218
4 6220 6236 6235 6219
4 6221 6237 6236 6220
4 6222 6238 6237 6221
4 6223 6239 6238 6222
4 6224 6240 6239 6223
4 6225 6241 6240 6224
4 6226 6242 6241 6225
4 6227 6243 6242 6226
4 6228 6244 6243 6227
4 6229 6245 6244 6228
4 6230 6246 6245 6229
4 6231 6247 6246 6230
4 6232 6248 6247 6231
4 6233 6249 5864 5848
4 6234 6250 6249 6233
4 6235 6251 6250 6234
4 6236 6252 6251 6235
4 6237 6253 6252 6236
4 6238 6254 6253 6237
4 6239 6255 6254 6238
4 6240 6256 6255 6239
4 6241 6257 6256 6240
4 6242 6258 6257 6241
4 6243 6259 6258 6242
4 6244 6260 6259 6243
4 6245 6261 6260 6244
4 6246 6262 6261 6245
4 6247 6263 6262 6246
4 6248 6264 6263 6247
4 6138 5768 5880 6265
4 6249 6265 5880 5864
4 6140 6138 6265 6266
4 6250 6266 6265 6249
4 6142 6140 6266 6267
4 6251 6267 6266 6250
4 6144 6142 6267 6268
4 6252 6268 6267 6251
4 6146 6144 6268 6269
4 6253 6269 6268 6252
4 6148 6146 6269 6270
4 6254 6270 6269 6253
4 6150 6148 6270 6271
4 6255 6271 6270 6254
4 6152 6150 6271 6272
4 6256 6272 6271 6255
4 6154 6152 6272 6273
4 6257 6273 6272 6256
4 6156 6154 6273 6274
4 6258 6274 6273 6257
4 6158 6156 6274 6275
4 6259 6275 6274 6258
4 6160 6158 6275 6276
4 6260 6276 6275 6259
4 6162 6160 6276 6277
4 6261 6277 6276 6260
4 6164 6162 6277 6278
4 6262 6278 6277 6261
4 6166 6164 6278 6279
4 6263 6279 6278 6262
4 6168 6166 6279 6280
4 6264 6280 6279 6263
4 5912 5911 6281 6282
4 6282 6281 6283 6284
4 6284 6283 6285 6286
4 6286 6285 6287 6288
4 6288 6287 6289 6290
4 6290 6289 6291 6292
4 6292 6291 6293 6294
4 6294 6293 6295 6296
4 6296 6295 6297 6298
4 6298 6297 6299 6300
4 6300 6299 6301 6302
4 6302 6301 6303 6304
4 6304 6303 6305 6306
4 6306 6305 6307 6308
4 6308 6307 6309 6310
4 6310 6309 6311 6312
4 5911 5928 6313 6281
4 6281 6313 6314 6283
4 6283 6314 6315 6285
4 6285 6315 6316 6287
4 6287 6316 6317 6289
4 6289 6317 6318 6291
4 6291 6318 6319 6293
4 6293 6319 6320 6295
4 6295 6320 6321 6297
4 6297 6321 6322 6299
4 6299 6322 6323 6301
4 6301 6323 6324 6303
4 6303 6324 6325 6305
4 6305 6325 6326 6307
4 6307 6326 6327 6309
4 6309 6327 6328 6311
4 5928 5944 6329 6313
4 6313 6329 6330 6314
4 6314 6330 6331 6315
4 6315 6331 6332 6316
4 6316 6332 6333 6317
4 6317 6333 6334 6318
4 6318 6334 6335 6319
4 6319 6335 6336 6320
4 6320 6336 6337 6321
4 6321 6337 6338 6322
4 6322 6338 6339 6323
4 6323 6339 6340 6324
4 6324 6340 6341 6325
4 6325 6341 6342 6326
4 6326 6342 6343 6327
4 6327 6343 6344 6328
4 5944 5960 6345 6329
4 6329 6345 6346 6330
4 6330 6346 6347 6331
4 6331 6347 6348 6332
4 6332 6348 6349 6333
4 6333 6349 6350 6334
4 6334 6350 6351 6335
4 6335 6351 6352 6336
4 6336 6352 6353 6337
4 6337 6353 6354 6338
4 6338 6354 6355 6339
4 6339 6355 6356 6340
4 6340 6356 6357 6341
4 6341 6357 6358 6342
4 6342 6358 6359 6343
4 6343 6359 6360 6344
4 5960 5976 6361 6345
4 6345 6361 6362 6346
4 6346 6362 6363 6347
4 6347 6363 6364 6348
4 6348 6364 6365 6349
4 6349 6365 6366 6350
4 6350 6366 6367 6351
4 6351 6367 6368 6352
4 6352 6368 6369 6353
4 6353 6369 6370 6354
4 6354 6370 6371 6355
4 6355 6371 6372 6356
4 6356 6372 6373 6357
4 6357 6373 6374 6358
4 6358 6374 6375 6359
4 6359 6375 6376 6360
4 5976 5992 6377 6361
4 6361 6377 6378 6362
4 6362 6378 6379 6363
4 6363 6379 6380 6364
4 6364 6380 6381 6365
4 6365 6381 6382 6366
4 6366 6382 6383 6367
4 6367 6383 6384 6368
4 6368 6384 6385 6369
4 6369 6385 6386 6370
4 6370 6386 6387 6371
4 6371 6387 6388 6372
4 6372 6388 6389 6373
4 6373 6389 6390 6374
4 6374 6390 6391 6375
4 6375 6391 6392 6376
4 6393 6023 6024 6394
4 5992 6023 6393 6377
4 6395 6393 6394 6396
4 6377 6393 6395 6378
4 6397 6395 6396 6398
4 6378 6395 6397 6379
4 6399 6397 6398 6400
4 6379 6397 6399 6380
4 6401 6399 6400 6402
4 6380 6399 6401 6381
4 6403 6401 6402 6404
4 6381 6401 6403 6382
4 6405 6403 6404 6406
4 6382 6403 6405 6383
4 6407 6405 6406 6408
4 6383 6405 6407 6384
4 6409 6407 6408 6410
4 6384 6407 6409 6385
4 6411 6409 6410 6412
4 6385 6409 6411 6386
4 6413 6411 6412 6414
4 6386 6411 6413 6387
4 6415 6413 6414 6416
4 6387 6413 6415 6388
4 6417 6415 6416 6418
4 6388 6415 6417 6389
4 6419 6417 6418 6420
4 6389 6417 6419 6390
4 6421 6419 6420 6422
4 6390 6419 6421 6391
4 6423 6421 6422 6424
4 6391 6421 6423 6392
4 6425 6055 6056 6426
4 6024 6055 6425 6394
4 6427 6425 6426 6428
4 6394 6425 6427 6396
4 6429 6427 6428 6430
4 6396 6427 6429 6398
4 6431 6429 6430 6432
4 6398 6429 6431 6400
4 6433 6431 6432 6434
4 6400 6431 6433 6402
4 6435 6433 6434 6436
4 6402 6433 6435 6404
4 6437 6435 6436 6438
4 6404 6435 6437 6406
4 6439 6437 6438 6440
4 6406 6437 6439 6408
4 6441 6439 6440 6442
4 6408 6439 6441 6410
4 6443 6441 6442 6444
4 6410 6441 6443 6412
4 6445 6443 6444 6446
4 6412 6443 6445 6414
4 6447 6445 6446 6448
4 6414 6445 6447 6416
4 6449 6447 6448 6450
4 6416 6447 6449 6418
4 6451 6449 6450 6452
4 6418 6449 6451 6420
4 6453 6451 6452 6454
4 6420 6451 6453 6422
4 6455 6453 6454 6456
4 6422 6453 6455 6424
4 6457 6087 6088 6458
4 6056 6087 6457 6426
4 6459 6457 6458 6460
4 6426 6457 6459 6428
4 6461 6459 6460 6462
4 6428 6459 6461 6430
4 6463 6461 6462 6464
4 6430 6461 6463 6432
4 6465 6463 6464 6466
4 6432 6463 6465 6434
4 6467 6465 6466 6468
4 6434 6465 6467 6436
4 6469 6467 6468 6470
4 6436 6467 6469 6438
4 6471 6469 6470 6472
4 6438 6469 6471 6440
4 6473 6471 6472 6474
4 6440 6471 6473 6442
4 6475 6473 6474 6476
4 6442 6473 6475 6444
4 6477 6475 6476 6478
4 6444 6475 6477 6446
4 6479 6477 6478 6480
4 6446 6477 6479 6448
4 6481 6479 6480 6482
4 6448 6479 6481 6450
4 6483 6481 6482 6484
4 6450 6481 6483 6452
4 6485 6483 6484 6486
4 6452 6483 6485 6454
4 6487 6485 6486 6488
4 6454 6485 6487 6456
4 6489 6490 6120 6119
4 6491 6492 6490 6489
4 6493 6494 6492 6491
4 6495 6496 6494 6493
4 6497 6498 6496 6495
4 6499 6500 6498 6497
4 6501 6502 6500 6499
4 6503 6504 6502 6501
4 6505 6506 6504 6503
4 6507 6508 6506 6505
4 6509 6510 6508 6507
4 6511 6512 6510 6509
4 6513 6514 6512 6511
4 6515 6516 6514 6513
4 6517 6518 6516 6515
4 6519 6520 6518 6517
4 6458 6088 6136 6521
4 6490 6521 6136 6120
4 6460 6458 6521 6522
4 6492 6522 6521 6490
4 6462 6460 6522 6523
4 6494 6523 6522 6492
4 6464 6462 6523 6524
4 6496 6524 6523 6494
4 6466 6464 6524 6525
4 6498 6525 6524 6496
4 6468 6466 6525 6526
4 6500 6526 6525 6498
4 6470 6468 6526 6527
4 6502 6527 6526 6500
4 6472 6470 6527 6528
4 6504 6528 6527 6502
4 6474 6472 6528 6529
4 6506 6529 6528 6504
4 6476 6474 6529 6530
4 6508 6530 6529 6506
4 6478 6476 6530 6531
4 6510 6531 6530 6508
4 6480 6478 6531 6532
4 6512 6532 6531 6510
4 6482 6480 6532 6533
4 6514 6533 6532 6512
4 6484 6482 6533 6534
4 6516 6534 6533 6514
4 6486 6484 6534 6535
4 6518 6535 6534 6516
4 6488 6486 6535 6536
4 6520 6536 6535 6518
4 6489 6119 6167 6537
4 6538 6537 6167 6168
4 6491 6489 6537 6539
4 6540 6539 6537 6538
4 6493 6491 6539 6541
4 6542 6541 6539 6540
4 6495 6493 6541 6543
4 6544 6543 6541 6542
4 6497 6495 6543 6545
4 6546 6545 6543 6544
4 6499 6497 6545 6547
4 6548 6547 6545 6546
4 6501 6499 6547 6549
4 6550 6549 6547 6548
4 6503 6501 6549 6551
4 6552 6551 6549 6550
4 6505 6503 6551 6553
4 6554 6553 6551 6552
4 6507 6505 6553 6555
4 6556 6555 6553 6554
4 6509 6507 6555 6557
4 6558 6557 6555 6556
4 6511 6509 6557 6559
4 6560 6559 6557 6558
4 6513 6511 6559 6561
4 6562 6561 6559 6560
4 6515 6513 6561 6563
4 6564 6563 6561 6562
4 6517 6515 6563 6565
4 6566 6565 6563 6564
4 6519 6517 6565 6567
4 6568 6567 6565 6566
4 6569 6570 6200 6199
4 6571 6572 6570 6569
4 6573 6574 6572 6571
4 6575 6576 6574 6573
4 6577 6578 6576 6575
4 6579 6580 6578 6577
4 6581 6582 6580 6579
4 6583 6584 6582 6581
4 6585 6586 6584 6583
4 6587 6588 6586 6585
4 6589 6590 6588 6587
4 6591 6592 6590 6589
4 6593 6594 6595 6596
4 6597 6598 6594 6593
4 6599 6600 6598 6597
4 6601 6602 6600 6599
4 6570 6603 6216 6200
4 6572 6604 6603 6570
4 6574 6605 6604 6572
4 6576 6606 6605 6574
4 6578 6607 6606 6576
4 6580 6608 6607 6578
4 6582 6609 6608 6580
4 6584 6610 6609 6582
4 6586 6611 6610 6584
4 6588 6612 6611 6586
4 6590 6613 6612 6588
4 6592 6614 6613 6590
4 6594 6615 6616 6595
4 6598 6617 6615 6594
4 6600 6618 6617 6598
4 6602 6619 6618 6600
4 6603 6620 6232 6216
4 6604 6621 6620 6603
4 6605 6622 6621 6604
4 6606 6623 6622 6605
4 6607 6624 6623 6606
4 6608 6625 6624 6607
4 6609 6626 6625 6608
4 6610 6627 6626 6609
4 6611 6628 6627 6610
4 6612 6629 6628 6611
4 6613 6630 6629 6612
4 6614 6631 6630 6613
4 6632 6633 6631 6614
4 6617 6634 6635 6615
4 6618 6636 6634 6617
4 6619 6637 6636 6618
4 6620 6638 6248 6232
4 6621 6639 6638 6620
4 6622 6640 6639 6621
4 6623 6641 6640 6622
4 6624 6642 6641 6623
4 6625 6643 6642 6624
4 6626 6644 6643 6625
4 6627 6645 6644 6626
4 6628 6646 6645 6627
4 6629 6647 6646 6628
4 6630 6648 6647 6629
4 6631 6649 6648 6630
4 6633 6650 6649 6631
4 6634 6651 6652 6635
4 6636 6653 6651 6634
4 6637 6654 6653 6636
4 6638 6655 6264 6248
4 6639 6656 6655 6638
4 6640 6657 6656 6639
4 6641 6658 6657 6640
4 6642 6659 6658 6641
4 6643 6660 6659 6642
4 6644 6661 6660 6643
4 6645 6662 6661 6644
4 6646 6663 6662 6645
4 6647 6664 6663 6646
4 6648 6665 6664 6647
4 6649 6666 6665 6648
4 6650 6667 6666 6649
4 6668 6669 6667 6650
4 6670 6671 6669 6668
4 6672 6673 6671 6670
4 6538 6168 6280 6674
4 6655 6674 6280 6264
4 6540 6538 6674 6675
4 6656 6675 6674 6655
4 6542 6540 6675 6676
4 6657 6676 6675 6656
4 6544 6542 6676 6677
4 6658 6677 6676 6657
4 6546 6544 6677 6678
4 6659 6678 6677 6658
4 6548 6546 6678 6679
4 6660 6679 6678 6659
4 6550 6548 6679 6680
4 6661 6680 6679 6660
4 6552 6550 6680 6681
4 6662 6681 6680 6661
4 6554 6552 6681 6682
4 6663 6682 6681 6662
4 6556 6554 6682 6683
4 6664 6683 6682 6663
4 6558 6556 6683 6684
4 6665 6684 6683 6664
4 6560 6558 6684 6685
4 6666 6685 6684 6665
4 6562 6560 6685 6686
4 6667 6686 6685 6666
4 6564 6562 6686 6687
4 6669 6687 6686 6667
4 6566 6564 6687 6688
4 6671 6688 6687 6669
4 6568 6566 6688 6689
4 6673 6689 6688 6671
4 6312 6311 6690 6691
4 6691 6690 6692 6693
4 6693 6692 6694 6695
4 6695 6694 6696 6697
4 6697 6696 6698 6699
4 6699 6698 6700 6701
4 6701 6700 6702 6703
4 6703 6702 6704 6705
4 6705 6704 6706 6707
4 6707 6706 6708 6709
4 6709 6708 6710 6711
4 6711 6710 6712 6713
4 6713 6712 6714 6715
4 6715 6714 6716 6717
4 6717 6716 6718 6719
4 6311 6328 6720 6690
4 6690 6720 6721 6692
4 6692 6721 6722 6694
4 6694 6722 6723 6696
4 6696 6723 6724 6698
4 6698 6724 6725 6700
4 6700 6725 6726 6702
4 6702 6726 6727 6704
4 6704 6727 6728 6706
4 6706 6728 6729 6708
4 6708 6729 6730 6710
4 6710 6730 6731 6712
4 6712 6731 6732 6714
4 6714 6732 6733 6716
4 6716 6733 6734 6718
4 6328 6344 6735 6720
4 6720 6735 6736 6721
4 6721 6736 6737 6722
4 6722 6737 6738 6723
4 6723 6738 6739 6724
4 6724 6739 6740 6725
4 6725 6740 6741 6726
4 6726 6741 6742 6727
4 6727 6742 6743 6728
4 6728 6743 6744 6729
4 6729 6744 6745 6730
4 6730 6745 6746 6731
4 6731 6746 6747 6732
4 6732 6747 6748 6733
4 6733 6748 6749 6734
4 6344 6360 6750 6735
4 6735 6750 6751 6736
4 6736 6751 6752 6737
4 6737 6752 6753 6738
4 6738 6753 6754 6739
4 6739 6754 6755 6740
4 6740 6755 6756 6741
4 6741 6756 6757 6742
4 6742 6757 6758 6743
4 6743 6758 6759 6744
4 6744 6759 6760 6745
4 6745 6760 6761 6746
4 6746 6761 6762 6747
4 6747 6762 6763 6748
4 6748 6763 6764 6749
4 6360 6376 6765 6750
4 6750 6765 6766 6751
4 6751 6766 6767 6752
4 6752 6767 6768 6753
4 6753 6768 6769 6754
4 6754 6769 6770 6755
4 6755 6770 6771 6756
4 6756 6771 6772 6757
4 6757 6772 6773 6758
4 6758 6773 6774 6759
4 6759 6774 6775 6760
4 6760 6775 6776 6761
4 6761 6776 6777 6762
4 6762 6777 6778 6763
4 6763 6778 6779 6764
4 6376 6392 6780 6765
4 6765 6780 6781 6766
4 6766 6781 6782 6767
4 6767 6782 6783 6768
4 6768 6783 6784 6769
4 6769 6784 6785 6770
4 6770 6785 6786 6771
4 6771 6786 6787 6772
4 6772 6787 6788 6773
4 6773 6788 6789 6774
4 6774 6789 6790 6775
4 6775 6790 6791 6776
4 6776 6791 6792 6777
4 6777 6792 6793 6778
4 6778 6793 6794 6779
4 6795 6423 6424 6796
4 6392 6423 6795 6780
4 6797 6795 6796 6798
4 6780 6795 6797 6781
4 6799 6797 6798 6800
4 6781 6797 6799 6782
4 6801 6799 6800 6802
4 6782 6799 6801 6783
4 6803 6801 6802 6804
4 6783 6801 6803 6784
4 6805 6803 6804 6806
4 6784 6803 6805 6785
4 6807 6805 6806 6808
4 6785 6805 6807 6786
4 6809 6807 6808 6810
4 6786 6807 6809 6787
4 6811 6809 6810 6812
4 6787 6809 6811 6788
4 6813 6811 6812 6814
4 6788 6811 6813 6789
4 6815 6813 6814 6816
4 6789 6813 6815 6790
4 6817 6815 6816 6818
4 6790 6815 6817 6791
4 6819 6817 6818 6820
4 6791 6817 6819 6792
4 6821 6819 6820 6822
4 6792 6819 6821 6793
4 6793 6821 6822 6794
4 6719 6718 6823 6824
4 6824 6823 6825 6826
4 6718 6734 6827 6823
4 6823 6827 6828 6825
4 6734 6749 6829 6827
4 6827 6829 6830 6828
4 6749 6764 6831 6829
4 6829 6831 6832 6830
4 6764 6779 6833 6831
4 6831 6833 6834 6832
4 6779 6794 6835 6833
4 6833 6835 6836 6834
4 6794 6822 6837 6835
4 6835 6837 6838 6836
4 6839 6455 6456 6840
4 6424 6455 6839 6796
4 6841 6839 6840 6842
4 6796 6839 6841 6798
4 6843 6841 6842 6844
4 6798 6841 6843 6800
4 6845 6843 6844 6846
4 6800 6843 6845 6802
4 6847 6845 6846 6848
4 6802 6845 6847 6804
4 6849 6847 6848 6850
4 6804 6847 6849 6806
4 6851 6849 6850 6852
4 6806 6849 6851 6808
4 6853 6851 6852 6854
4 6808 6851 6853 6810
4 6855 6853 6854 6856
4 6810 6853 6855 6812
4 6857 6855 6856 6858
4 6812 6855 6857 6814
4 6859 6857 6858 6860
4 6814 6857 6859 6816
4 6861 6859 6860 6862
4 6816 6859 6861 6818
4 6863 6861 6862 6864
4 6818 6861 6863 6820
4 6865 6863 6864 6866
4 6820 6863 6865 6822
4 6867 6865 6866 6868
4 6822 6865 6867 6837
4 6837 6867 6868 6838
4 6826 6825 6869 6870
4 6870 6869 6871 6872
4 6825 6828 6873 6869
4 6869 6873 6874 6871
4 6828 6830 6875 6873
4 6873 6875 6876 6874
4 6830 6832 6877 6875
4 6875 6877 6878 6876
4 6832 6834 6879 6877
4 6877 6879 6880 6878
4 6834 6836 6881 6879
4 6879 6881 6882 6880
4 6836 6838 6883 6881
4 6881 6883 6884 6882
4 6838 6868 6885 6883
4 6883 6885 6886 6884
4 6887 6487 6488 6888
4 6456 6487 6887 6840
4 6889 6887 6888 6890
4 6840 6887 6889 6842
4 6891 6889 6890 6892
4 6842 6889 6891 6844
4 6893 6891 6892 6894
4 6844 6891 6893 6846
4 6895 6893 6894 6896
4 6846 6893 6895 6848
4 6897 6895 6896 6898
4 6848 6895 6897 6850
4 6899 6897 6898 6900
4 6850 6897 6899 6852
4 6901 6899 6900 6902
4 6852 6899 6901 6854
4 6903 6901 6902 6904
4 6854 6901 6903 6856
4 6905 6903 6904 6906
4 6856 6903 6905 6858
4 6907 6905 6906 6908
4 6858 6905 6907 6860
4 6909 6907 6908 6910
4 6860 6907 6909 6862
4 6911 6909 6910 6912
4 6862 6909 6911 6864
4 6913 6911 6912 6914
4 6864 6911 6913 6866
4 6915 6913 6914 6916
4 6866 6913 6915 6868
4 6917 6915 6916 6918
4 6868 6915 6917 6885
4 6885 6917 6918 6886
4 6919 6920 6921 6922
4 6923 6924 6920 6919
4 6925 6926 6924 6923
4 6872 6871 6926 6925
4 6920 6927 6928 6921
4 6924 6929 6927 6920
4 6926 6930 6929 6924
4 6871 6874 6930 6926
4 6927 6931 6932 6928
4 6929 6933 6931 6927
4 6930 6934 6933 6929
4 6874 6876 6934 6930
4 6931 6935 6936 6932
4 6933 6937 6935 6931
4 6934 6938 6937 6933
4 6876 6878 6938 6934
4 6935 6939 6940 6936
4 6937 6941 6939 6935
4 6938 6942 6941 6937
4 6878 6880 6942 6938
4 6939 6943 6944 6940
4 6941 6945 6943 6939
4 6942 6946 6945 6941
4 6880 6882 6946 6942
4 6943 6947 6948 6944
4 6945 6949 6947 6943
4 6946 6950 6949 6945
4 6882 6884 6950 6946
4 6951 6952 6520 6519
4 6953 6954 6952 6951
4 6955 6956 6954 6953
4 6957 6958 6956 6955
4 6959 6960 6958 6957
4 6961 6962 6960 6959
4 6963 6964 6962 6961
4 6965 6966 6964 6963
4 6967 6968 6966 6965
4 6969 6970 6968 6967
4 6971 6972 6970 6969
4 6973 6974 6972 6971
4 6948 6975 6974 6973
4 6947 6976 6975 6948
4 6949 6977 6976 6947
4 6950 6978 6977 6949
4 6884 6886 6978 6950
4 6888 6488 6536 6979
4 6952 6979 6536 6520
4 6890 6888 6979 6980
4 6954 6980 6979 6952
4 6892 6890 6980 6981
4 6956 6981 6980 6954
4 6894 6892 6981 6982
4 6958 6982 6981 6956
4 6896 6894 6982 6983
4 6960 6983 6982 6958
4 6898 6896 6983 6984
4 6962 6984 6983 6960
4 6900 6898 6984 6985
4 6964 6985 6984 6962
4 6902 6900 6985 6986
4 6966 6986 6985 6964
4 6904 6902 6986 6987
4 6968 6987 6986 6966
4 6906 6904 6987 6988
4 6970 6988 6987 6968
4 6908 6906 6988 6989
4 6972 6989 6988 6970
4 6910 6908 6989 6990
4 6974 6990 6989 6972
4 6912 6910 6990 6991
4 6975 6991 6990 6974
4 6914 6912 6991 6992
4 6976 6992 6991 6975
4 6916 6914 6992 6993
4 6977 6993 6992 6976
4 6918 6916 6993 6994
4 6978 6994 6993 6977
4 6886 6918 6994 6978
4 6995 6996 6997 6998
4 6999 7000 6996 6995
4 7001 7002 7000 6999
4 6922 6921 7002 7001
4 6996 7003 7004 6997
4 7000 7005 7003 6996
4 7002 7006 7005 7000
4 6921 6928 7006 7002
4 7003 7007 7008 7004
4 7005 7009 7007 7003
4 7006 7010 7009 7005
4 6928 6932 7010 7006
4 7007 7011 7012 7008
4 7009 7013 7011 7007
4 7010 7014 7013 7009
4 6932 6936 7014 7010
4 7011 7015 7016 7012
4 7013 7017 7015 7011
4 7014 7018 7017 7013
4 6936 6940 7018 7014
4 7015 7019 7020 7016
4 7017 7021 7019 7015
4 7018 7022 7021 7017
4 6940 6944 7022 7018
4 6951 6519 6567 7023
4 7024 7023 6567 6568
4 6953 6951 7023 7025
4 7026 7025 7023 7024
4 6955 6953 7025 7027
4 7028 7027 7025 7026
4 6957 6955 7027 7029
4 7030 7029 7027 7028
4 6959 6957 7029 7031
4 7032 7031 7029 7030
4 6961 6959 7031 7033
4 7034 7033 7031 7032
4 6963 6961 7033 7035
4 7036 7035 7033 7034
4 6965 6963 7035 7037
4 7038 7037 7035 7036
4 6967 6965 7037 7039
4 7040 7039 7037 7038
4 6969 6967 7039 7041
4 7020 7041 7039 7040
4 6971 6969 7041 7042
4 7019 7042 7041 7020
4 6973 6971 7042 7043
4 7021 7043 7042 7019
4 6948 6973 7043 7044
4 7022 7044 7043 7021
4 6944 6948 7044 7022
4 7045 7046 6602 6601
4 7047 7048 7046 7045
4 7049 7050 7048 7047
4 7051 7052 7050 7049
4 7053 7054 7055 7056
4 7057 7058 7054 7053
4 7059 7060 7061 7062
4 7063 7064 7060 7059
4 7065 7066 7067 7068
4 7069 7070 7066 7065
4 6998 6997 7070 7069
4 7046 7071 6619 6602
4 7048 7072 7071 7046
4 7050 7073 7072 7048
4 7052 7074 7073 7050
4 7075 7076 7074 7052
4 7061 7077 7076 7075
4 7060 7078 7077 7061
4 7064 7079 7078 7060
4 7066 7080 7081 7067
4 7070 7082 7080 7066
4 6997 7004 7082 7070
4 7071 7083 6637 6619
4 7072 7084 7083 7071
4 7073 7085 7084 7072
4 7074 7086 7085 7073
4 7076 7087 7086 7074
4 7077 7088 7087 7076
4 7078 7089 7088 7077
4 7079 7090 7089 7078
4 7080 7091 7092 7081
4 7082 7093 7091 7080
4 7004 7008 7093 7082
4 7083 7094 6654 6637
4 7084 7095 7094 7083
4 7085 7096 7095 7084
4 7086 7097 7096 7085
4 7087 7098 7097 7086
4 7088 7099 7098 7087
4 7089 7100 7099 7088
4 7092 7101 7102 7103
4 7091 7104 7101 7092
4 7093 7105 7104 7091
4 7008 7012 7105 7093
4 7106 7107 6673 6672
4 7108 7109 7107 7106
4 7110 7111 7109 7108
4 7112 7113 7111 7110
4 7114 7115 7113 7112
4 7116 7117 7115 7114
4 7102 7118 7117 7116
4 7101 7119 7118 7102
4 7104 7120 7119 7101
4 7105 7121 7120 7104
4 7012 7016 7121 7105
4 7024 6568 6689 7122
4 7107 7122 6689 6673
4 7026 7024 7122 7123
4 7109 7123 7122 7107
4 7028 7026 7123 7124
4 7111 7124 7123 7109
4 7030 7028 7124 7125
4 7113 7125 7124 7111
4 7032 7030 7125 7126
4 7115 7126 7125 7113
4 7034 7032 7126 7127
4 7117 7127 7126 7115
4 7036 7034 7127 7128
4 7118 7128 7127 7117
4 7038 7036 7128 7129
4 7119 7129 7128 7118
4 7040 7038 7129 7130
4 7120 7130 7129 7119
4 7020 7040 7130 7131
4 7121 7131 7130 7120
4 7016 7020 7131 7121
